merged,created_at,lifetime,main_team_member,first_pull,commits
False,2011-05-20 21:28:44,lengthy,False,True,1 commit
False,2011-06-16 22:37:49,lengthy,False,True,1 commit
True,2011-07-12 00:07:15,very short,False,True,many commits
True,2011-07-12 16:06:50,very short,False,False,some commits
True,2011-07-27 08:19:20,lengthy,False,True,1 commit
False,2011-09-04 11:33:28,lengthy,False,True,some commits
True,2011-09-18 19:40:54,short,False,False,1 commit
True,2011-10-06 13:48:14,very short,True,False,some commits
True,2011-10-06 16:05:31,lengthy,True,True,many commits
True,2011-10-12 20:33:54,lengthy,False,True,many commits
False,2011-10-21 08:25:34,medium,False,True,1 commit
True,2011-10-21 14:16:31,short,False,True,1 commit
True,2011-10-23 17:32:21,short,True,False,1 commit
True,2011-10-25 11:37:11,very short,False,False,some commits
True,2011-10-26 12:28:29,very short,False,False,some commits
True,2011-10-29 17:13:22,short,True,False,many commits
True,2011-11-03 09:52:42,very short,True,False,1 commit
True,2011-11-09 07:01:03,very short,True,False,some commits
True,2011-11-10 11:08:31,very short,False,True,some commits
True,2011-11-11 08:31:27,very short,False,False,1 commit
False,2011-11-12 15:49:06,short,False,True,1 commit
True,2011-11-14 10:29:53,short,False,True,some commits
True,2011-11-15 12:53:09,very short,True,False,1 commit
False,2011-11-17 07:15:57,lengthy,True,False,many commits
True,2011-11-21 14:22:19,very short,True,False,1 commit
True,2011-11-24 13:39:31,very short,True,False,some commits
False,2011-12-01 16:33:35,medium,False,True,some commits
True,2011-12-14 11:09:58,very short,True,False,some commits
True,2011-12-16 10:27:16,medium,False,False,some commits
True,2011-12-18 21:04:53,very short,True,False,1 commit
True,2011-12-23 10:39:10,medium,True,False,some commits
True,2011-12-23 23:04:08,short,True,False,many commits
True,2011-12-27 21:15:01,very short,True,False,some commits
True,2011-12-31 16:38:11,lengthy,True,True,many commits
True,2012-01-02 06:59:56,lengthy,False,True,many commits
True,2012-01-18 23:32:39,medium,False,False,many commits
False,2012-01-19 19:21:57,very short,False,True,many commits
True,2012-01-20 13:19:04,very short,True,False,many commits
True,2012-01-24 08:11:12,very short,True,False,some commits
True,2012-01-24 20:26:16,very short,True,False,1 commit
True,2012-01-25 15:29:13,very short,False,False,1 commit
True,2012-01-25 16:14:17,very short,True,False,some commits
False,2012-01-26 17:15:20,lengthy,False,True,many commits
False,2012-01-28 17:00:27,lengthy,False,True,1 commit
True,2012-01-28 17:18:06,lengthy,False,False,1 commit
True,2012-02-06 14:20:11,lengthy,False,True,many commits
True,2012-02-10 09:37:19,medium,True,False,many commits
True,2012-02-10 15:10:21,short,True,False,1 commit
True,2012-02-13 07:44:45,very short,True,False,some commits
True,2012-02-13 16:47:27,very short,True,False,1 commit
True,2012-02-20 18:35:58,very short,True,False,1 commit
True,2012-02-20 20:04:28,very short,True,False,some commits
True,2012-02-21 14:39:15,very short,True,False,1 commit
True,2012-02-21 15:44:25,very short,True,False,1 commit
True,2012-02-21 19:35:23,very short,False,True,1 commit
True,2012-02-21 21:00:17,very short,False,False,some commits
False,2012-02-23 14:41:20,very short,False,True,1 commit
True,2012-02-25 05:25:34,very short,False,False,1 commit
True,2012-02-25 21:45:10,short,True,False,some commits
True,2012-02-27 09:28:49,very short,True,False,1 commit
True,2012-02-28 03:04:02,very short,True,False,1 commit
True,2012-02-28 14:54:22,very short,True,False,1 commit
True,2012-02-29 18:52:18,very short,False,False,1 commit
True,2012-03-06 00:58:56,lengthy,False,True,1 commit
False,2012-03-06 15:24:06,lengthy,False,True,1 commit
True,2012-03-07 23:38:16,medium,False,False,1 commit
False,2012-03-20 15:58:13,short,False,True,1 commit
False,2012-03-23 13:40:58,lengthy,True,True,many commits
True,2012-03-23 16:05:57,medium,False,False,many commits
False,2012-03-27 21:31:10,lengthy,False,False,many commits
True,2012-03-28 05:58:19,medium,False,True,many commits
True,2012-03-30 14:05:45,lengthy,False,True,1 commit
True,2012-04-02 09:29:36,lengthy,True,False,many commits
False,2012-04-02 12:26:44,very short,True,False,some commits
True,2012-04-03 10:20:54,short,True,False,some commits
False,2012-04-06 22:43:57,medium,True,False,many commits
True,2012-04-17 11:22:51,medium,True,False,many commits
True,2012-04-20 12:19:04,short,False,False,1 commit
True,2012-04-20 12:33:38,medium,False,False,some commits
False,2012-04-20 13:15:40,short,False,True,1 commit
True,2012-04-23 08:30:39,very short,False,False,1 commit
True,2012-04-23 18:26:09,very short,False,False,many commits
True,2012-04-24 06:03:34,very short,True,False,1 commit
True,2012-04-24 10:13:34,very short,False,False,many commits
True,2012-04-24 14:39:18,short,True,False,1 commit
True,2012-04-25 07:07:51,very short,False,False,some commits
False,2012-04-28 21:54:33,lengthy,False,True,some commits
True,2012-05-02 21:16:57,medium,True,False,some commits
True,2012-05-03 13:45:59,very short,False,False,many commits
True,2012-05-07 12:22:45,medium,True,False,some commits
True,2012-05-08 21:38:50,short,True,False,1 commit
True,2012-05-09 23:08:52,very short,True,False,some commits
False,2012-05-10 20:10:21,lengthy,True,False,some commits
True,2012-05-11 19:44:24,very short,True,False,some commits
True,2012-05-14 05:08:09,very short,True,False,some commits
True,2012-05-15 10:17:10,lengthy,True,False,1 commit
True,2012-05-15 13:45:50,very short,True,False,many commits
True,2012-05-16 21:55:57,lengthy,False,True,many commits
True,2012-05-17 21:01:41,medium,False,True,1 commit
True,2012-05-17 23:34:49,lengthy,False,False,many commits
False,2012-05-22 09:10:53,medium,False,False,some commits
True,2012-05-24 20:27:18,very short,True,False,1 commit
True,2012-05-24 23:16:45,lengthy,False,True,many commits
True,2012-05-25 13:17:54,very short,True,False,1 commit
True,2012-05-25 15:33:54,short,True,False,many commits
False,2012-05-27 20:44:33,lengthy,False,True,some commits
True,2012-05-28 09:07:23,very short,True,False,many commits
True,2012-05-28 09:24:23,very short,True,False,some commits
True,2012-05-28 15:57:10,very short,True,False,1 commit
False,2012-05-28 19:24:53,lengthy,False,False,1 commit
True,2012-05-29 00:40:10,medium,False,False,1 commit
True,2012-05-31 07:54:50,very short,True,False,1 commit
True,2012-05-31 12:49:28,very short,True,False,some commits
True,2012-05-31 21:25:33,lengthy,False,False,many commits
False,2012-06-01 00:35:24,lengthy,False,True,1 commit
False,2012-06-01 00:40:38,lengthy,False,False,1 commit
True,2012-06-01 08:04:50,very short,True,False,some commits
True,2012-06-01 09:42:15,short,True,False,1 commit
True,2012-06-07 08:55:01,very short,True,False,some commits
True,2012-06-07 21:57:50,very short,True,False,1 commit
False,2012-06-09 23:07:34,lengthy,False,False,some commits
False,2012-06-12 11:50:54,medium,True,False,some commits
True,2012-06-12 13:16:36,very short,False,True,1 commit
True,2012-06-13 18:58:15,medium,False,True,1 commit
True,2012-06-14 13:53:26,lengthy,True,False,many commits
False,2012-06-14 23:16:25,medium,False,True,some commits
True,2012-06-20 17:11:33,very short,False,False,some commits
True,2012-06-26 07:30:28,medium,False,False,many commits
True,2012-06-26 08:44:32,lengthy,True,False,some commits
True,2012-06-27 23:16:34,medium,False,True,some commits
False,2012-06-29 16:59:38,very short,False,False,1 commit
True,2012-07-02 11:42:09,short,False,False,some commits
True,2012-07-03 21:04:54,very short,False,True,1 commit
True,2012-07-16 07:18:55,medium,True,False,many commits
True,2012-07-20 21:38:01,very short,False,False,1 commit
True,2012-07-23 15:28:13,very short,True,False,1 commit
True,2012-07-23 22:36:52,medium,False,True,1 commit
True,2012-07-23 22:39:37,medium,False,False,some commits
True,2012-07-23 23:13:30,medium,False,False,1 commit
False,2012-08-02 10:40:27,lengthy,False,True,many commits
True,2012-08-06 13:06:30,very short,True,False,some commits
False,2012-08-06 14:33:02,medium,False,False,1 commit
True,2012-08-08 19:49:17,very short,False,True,1 commit
True,2012-08-11 20:09:30,short,True,False,1 commit
True,2012-08-18 08:26:47,short,False,False,1 commit
True,2012-08-20 19:53:48,medium,False,False,1 commit
True,2012-08-21 07:06:16,very short,False,False,1 commit
True,2012-08-22 16:57:32,very short,False,False,1 commit
True,2012-08-25 10:06:12,medium,False,False,some commits
True,2012-08-29 11:39:22,very short,False,False,some commits
True,2012-08-30 20:41:58,medium,False,False,some commits
False,2012-09-02 09:02:36,lengthy,True,False,1 commit
False,2012-09-03 10:33:06,lengthy,True,False,some commits
False,2012-09-03 20:51:27,lengthy,True,False,some commits
True,2012-09-06 08:26:21,very short,True,False,1 commit
False,2012-09-06 13:56:18,lengthy,True,False,some commits
True,2012-09-07 11:43:32,lengthy,False,True,many commits
False,2012-09-07 13:54:35,lengthy,True,False,many commits
True,2012-09-18 11:16:02,very short,True,False,1 commit
True,2012-09-19 21:56:42,short,True,False,1 commit
True,2012-09-24 13:38:36,very short,True,False,1 commit
True,2012-09-24 13:42:04,short,True,False,1 commit
True,2012-09-24 19:13:53,very short,False,False,1 commit
True,2012-09-24 22:34:13,very short,False,False,some commits
True,2012-09-25 14:17:20,medium,True,False,many commits
True,2012-09-26 05:18:55,very short,True,False,some commits
True,2012-09-27 10:08:34,very short,True,False,1 commit
True,2012-09-27 11:22:28,short,True,False,some commits
True,2012-09-27 21:31:58,very short,False,True,1 commit
True,2012-09-28 06:49:05,very short,True,False,some commits
True,2012-09-28 19:08:42,short,False,False,1 commit
True,2012-09-28 19:30:51,short,False,False,1 commit
True,2012-09-28 20:03:01,short,False,False,1 commit
True,2012-10-02 08:07:31,very short,True,False,some commits
True,2012-10-02 09:42:32,very short,True,False,1 commit
True,2012-10-02 15:10:12,very short,True,False,1 commit
False,2012-10-02 18:28:20,short,False,False,1 commit
True,2012-10-03 11:32:36,very short,True,False,1 commit
True,2012-10-03 12:23:17,very short,True,False,1 commit
True,2012-10-04 09:42:26,very short,True,False,some commits
False,2012-10-05 19:16:19,short,False,True,some commits
True,2012-10-06 21:58:01,very short,True,False,1 commit
True,2012-10-07 00:04:45,lengthy,False,True,many commits
True,2012-10-07 19:48:27,very short,False,False,1 commit
True,2012-10-08 14:46:47,very short,True,False,1 commit
False,2012-10-08 17:33:49,lengthy,False,False,1 commit
True,2012-10-10 16:00:57,very short,False,False,some commits
True,2012-10-10 18:39:43,medium,True,False,some commits
True,2012-10-15 13:16:51,very short,True,False,some commits
True,2012-10-15 20:08:18,very short,True,False,1 commit
True,2012-10-16 08:55:57,very short,True,False,1 commit
True,2012-10-16 10:07:59,very short,True,False,some commits
True,2012-10-16 15:07:52,very short,True,False,1 commit
False,2012-10-18 00:31:20,very short,False,True,some commits
True,2012-10-18 13:37:03,lengthy,True,False,1 commit
True,2012-10-29 15:36:58,lengthy,True,False,many commits
True,2012-10-31 12:26:14,medium,False,False,many commits
False,2012-11-02 19:16:35,medium,True,False,1 commit
True,2012-11-05 23:49:39,very short,True,False,1 commit
True,2012-11-09 11:46:24,medium,True,False,some commits
False,2012-11-10 22:10:11,lengthy,True,False,some commits
True,2012-11-13 06:54:27,lengthy,False,False,some commits
True,2012-11-14 12:45:54,very short,True,False,1 commit
True,2012-11-16 02:36:07,medium,False,False,some commits
True,2012-11-23 07:58:45,medium,False,False,1 commit
True,2012-11-24 17:24:40,short,True,False,1 commit
True,2012-11-26 14:58:30,very short,True,False,many commits
True,2012-12-01 23:47:42,lengthy,False,True,many commits
True,2012-12-05 14:29:22,short,True,False,1 commit
True,2012-12-06 14:47:15,medium,True,False,1 commit
False,2012-12-07 15:34:43,short,True,False,some commits
False,2012-12-07 19:56:45,short,True,False,some commits
True,2012-12-10 13:04:07,very short,True,False,1 commit
True,2012-12-12 13:43:49,short,True,False,1 commit
True,2012-12-14 17:10:05,very short,True,False,1 commit
True,2012-12-17 04:04:53,short,False,True,1 commit
True,2012-12-19 09:08:39,short,True,False,1 commit
True,2012-12-20 09:58:53,very short,True,False,1 commit
False,2012-12-23 21:02:44,lengthy,False,False,1 commit
True,2012-12-28 15:07:18,lengthy,False,True,some commits
True,2012-12-28 16:25:57,lengthy,False,False,some commits
True,2013-01-08 13:11:58,very short,True,False,1 commit
True,2013-01-09 16:47:38,very short,False,False,1 commit
True,2013-01-10 12:49:31,lengthy,False,False,some commits
True,2013-01-10 18:14:04,short,False,True,1 commit
True,2013-01-11 09:13:45,very short,False,False,1 commit
True,2013-01-16 14:24:04,medium,False,False,many commits
True,2013-01-18 14:04:20,very short,True,False,1 commit
True,2013-01-19 16:53:01,medium,True,False,1 commit
True,2013-01-21 20:17:26,short,False,True,1 commit
True,2013-01-22 14:15:47,very short,True,False,1 commit
False,2013-01-22 20:25:53,short,False,False,many commits
True,2013-01-24 09:11:59,very short,True,False,1 commit
True,2013-01-24 14:09:38,medium,False,False,some commits
True,2013-01-24 14:19:25,medium,False,False,1 commit
True,2013-01-25 09:08:36,very short,False,False,1 commit
True,2013-01-25 10:20:52,medium,True,False,1 commit
False,2013-01-28 21:45:40,very short,True,False,1 commit
True,2013-01-29 15:11:57,medium,False,False,1 commit
True,2013-01-29 20:40:09,short,False,False,1 commit
True,2013-01-29 22:37:17,short,False,False,1 commit
True,2013-01-31 12:30:17,lengthy,True,False,many commits
True,2013-02-06 12:25:49,lengthy,False,False,many commits
True,2013-02-10 23:26:37,very short,True,False,1 commit
True,2013-02-13 02:35:13,very short,True,False,1 commit
True,2013-02-18 09:33:43,short,False,True,1 commit
True,2013-02-22 11:52:13,medium,False,False,some commits
True,2013-02-22 13:53:29,short,True,False,1 commit
True,2013-02-24 12:55:15,very short,False,False,1 commit
True,2013-02-26 16:42:26,very short,False,False,1 commit
True,2013-02-28 11:28:53,medium,False,True,some commits
True,2013-03-06 07:41:37,very short,True,False,1 commit
True,2013-03-07 12:53:40,medium,True,False,some commits
True,2013-03-13 10:55:45,short,True,False,some commits
True,2013-03-14 13:24:49,very short,False,False,1 commit
True,2013-03-14 18:43:32,very short,True,False,1 commit
True,2013-03-27 14:56:28,medium,False,False,many commits
False,2013-03-29 18:23:06,lengthy,False,False,some commits
True,2013-04-02 13:31:26,medium,False,False,some commits
True,2013-04-03 14:12:26,medium,False,False,1 commit
True,2013-04-04 12:52:25,short,True,False,1 commit
True,2013-04-05 20:40:25,medium,True,False,1 commit
True,2013-04-07 19:39:55,very short,False,False,many commits
True,2013-04-09 12:44:20,medium,False,False,many commits
True,2013-04-10 12:10:32,short,True,False,some commits
True,2013-04-15 13:16:04,very short,False,True,1 commit
True,2013-04-19 00:40:36,very short,True,False,1 commit
True,2013-04-19 00:40:46,very short,True,False,1 commit
True,2013-04-21 04:01:53,lengthy,True,False,1 commit
True,2013-04-21 21:33:23,very short,False,True,1 commit
True,2013-04-25 21:10:08,lengthy,False,False,some commits
True,2013-04-26 20:08:02,medium,False,False,many commits
True,2013-04-29 10:17:22,very short,True,False,1 commit
True,2013-05-01 21:39:55,short,False,True,1 commit
True,2013-05-02 15:04:00,very short,False,False,some commits
True,2013-05-04 21:43:13,medium,False,False,1 commit
True,2013-05-06 15:19:22,medium,True,False,some commits
True,2013-05-08 07:54:50,short,True,False,1 commit
False,2013-05-10 01:08:13,lengthy,False,True,1 commit
False,2013-05-10 08:26:16,medium,True,False,1 commit
True,2013-05-13 05:48:14,very short,True,False,1 commit
True,2013-05-21 08:57:56,very short,True,False,1 commit
False,2013-05-30 19:25:35,lengthy,True,False,1 commit
True,2013-06-03 13:13:32,lengthy,True,False,1 commit
True,2013-06-07 23:43:06,lengthy,True,False,1 commit
True,2013-06-12 03:01:04,lengthy,False,True,1 commit
True,2013-06-14 12:56:33,medium,True,False,some commits
True,2013-06-14 23:26:37,medium,True,False,1 commit
True,2013-06-15 13:50:31,medium,True,False,1 commit
False,2013-06-15 18:34:14,medium,True,False,some commits
True,2013-06-17 15:33:27,short,False,True,1 commit
True,2013-06-19 01:09:24,short,True,False,1 commit
True,2013-06-19 01:15:00,short,True,False,1 commit
True,2013-06-19 13:02:52,very short,True,False,1 commit
True,2013-06-19 22:06:34,very short,True,False,1 commit
True,2013-06-24 18:33:17,very short,True,False,1 commit
True,2013-06-25 12:06:09,short,True,False,1 commit
True,2013-06-25 20:10:41,very short,True,False,1 commit
True,2013-06-26 14:11:19,very short,True,False,some commits
True,2013-06-26 17:24:38,medium,True,False,1 commit
True,2013-06-26 21:36:48,medium,True,False,1 commit
True,2013-06-27 13:34:25,medium,True,False,some commits
True,2013-06-27 14:47:43,medium,True,False,1 commit
False,2013-06-27 22:51:15,lengthy,True,False,1 commit
True,2013-07-01 09:02:21,medium,True,False,1 commit
True,2013-07-01 10:53:27,medium,True,False,1 commit
True,2013-07-01 11:32:17,medium,True,False,1 commit
True,2013-07-01 12:01:09,medium,True,False,1 commit
True,2013-07-01 13:23:25,short,True,False,1 commit
True,2013-07-01 13:50:12,short,True,False,1 commit
True,2013-07-01 13:58:52,medium,True,False,1 commit
True,2013-07-01 14:04:43,short,True,False,1 commit
True,2013-07-01 15:18:31,short,True,False,1 commit
True,2013-07-01 18:03:11,short,True,False,1 commit
True,2013-07-02 10:28:31,short,True,False,1 commit
True,2013-07-02 10:29:22,short,True,False,1 commit
True,2013-07-03 07:48:03,medium,True,False,1 commit
True,2013-07-03 15:14:32,short,False,True,1 commit
True,2013-07-04 09:40:49,medium,True,False,1 commit
True,2013-07-04 10:04:17,medium,True,False,1 commit
True,2013-07-04 11:26:47,medium,True,False,1 commit
True,2013-07-04 13:27:38,short,True,False,1 commit
True,2013-07-04 14:26:15,short,True,False,1 commit
True,2013-07-04 15:30:03,very short,True,False,1 commit
True,2013-07-05 10:51:03,short,True,False,some commits
True,2013-07-08 07:31:16,very short,True,False,1 commit
True,2013-07-08 10:12:47,very short,True,False,some commits
True,2013-07-09 09:03:09,very short,True,False,1 commit
False,2013-07-09 10:03:29,lengthy,True,False,1 commit
True,2013-07-15 15:17:17,lengthy,False,False,1 commit
True,2013-07-26 20:35:49,lengthy,False,True,1 commit
True,2013-07-29 07:08:37,medium,False,True,1 commit
True,2013-07-30 13:07:17,lengthy,False,True,1 commit
True,2013-07-30 18:24:32,lengthy,False,False,1 commit
True,2013-08-12 16:05:05,medium,False,True,1 commit
True,2013-08-15 11:07:57,short,False,False,1 commit
True,2013-08-20 08:45:29,medium,False,True,some commits
True,2013-08-22 23:44:55,medium,False,False,1 commit
False,2013-08-24 02:55:53,lengthy,False,True,many commits
True,2013-09-02 16:33:27,lengthy,True,True,1 commit
False,2013-09-03 04:34:52,very short,False,True,some commits
True,2013-09-05 14:46:08,lengthy,True,False,some commits
False,2013-09-08 12:30:19,short,False,True,some commits
True,2013-09-10 12:51:55,very short,False,False,1 commit
True,2013-09-11 20:00:08,very short,False,False,1 commit
True,2013-09-12 09:31:01,lengthy,False,False,1 commit
True,2013-09-12 20:18:32,lengthy,False,True,1 commit
True,2013-09-17 10:11:13,short,True,False,1 commit
True,2013-09-18 12:55:50,medium,True,False,1 commit
True,2013-09-26 07:18:45,medium,True,False,1 commit
True,2013-10-02 13:14:49,lengthy,True,False,some commits
True,2013-10-03 08:11:31,medium,True,False,1 commit
True,2013-10-07 10:56:33,medium,True,False,1 commit
True,2013-10-09 11:18:46,medium,True,False,1 commit
True,2013-10-10 09:15:38,medium,True,False,1 commit
True,2013-10-15 07:06:38,short,True,False,1 commit
True,2013-10-16 15:35:39,medium,False,False,1 commit
True,2013-10-17 12:16:30,very short,False,False,1 commit
True,2013-10-17 12:24:27,very short,False,False,1 commit
True,2013-10-18 06:47:16,lengthy,False,True,1 commit
True,2013-10-21 13:34:49,very short,False,False,1 commit
True,2013-10-22 07:12:35,very short,False,False,1 commit
True,2013-10-22 15:22:08,very short,False,False,1 commit
True,2013-10-22 15:22:34,very short,False,False,1 commit
True,2013-10-22 16:47:36,very short,False,False,1 commit
True,2013-10-22 16:48:48,very short,False,False,1 commit
True,2013-10-23 10:20:32,medium,True,False,1 commit
True,2013-10-23 15:58:18,short,False,True,1 commit
True,2013-11-01 15:36:07,short,False,True,1 commit
True,2013-11-05 14:33:20,lengthy,True,False,1 commit
True,2013-11-07 09:49:32,medium,True,False,1 commit
True,2013-11-11 14:44:59,very short,False,False,1 commit
True,2013-11-14 11:36:36,medium,True,False,1 commit
True,2013-11-14 11:37:00,medium,True,False,1 commit
True,2013-11-21 11:35:34,medium,True,False,1 commit
True,2013-11-21 11:59:26,very short,True,False,1 commit
True,2013-11-23 01:13:51,medium,True,False,1 commit
False,2013-11-23 01:45:13,lengthy,False,False,many commits
True,2013-11-23 09:25:58,medium,False,False,1 commit
True,2013-11-25 02:14:35,lengthy,True,False,1 commit
True,2013-11-26 08:12:21,short,True,False,1 commit
True,2013-11-28 08:08:53,medium,True,False,1 commit
True,2013-11-28 09:54:38,medium,True,False,some commits
True,2013-11-29 17:25:15,lengthy,False,True,1 commit
False,2013-12-03 16:25:25,lengthy,True,False,1 commit
True,2013-12-05 09:49:37,medium,True,False,1 commit
True,2013-12-05 10:25:46,lengthy,True,False,1 commit
False,2013-12-06 02:36:51,lengthy,True,False,1 commit
True,2013-12-08 21:54:52,short,False,True,1 commit
True,2013-12-11 05:26:48,lengthy,False,False,1 commit
True,2013-12-11 14:16:11,lengthy,True,False,1 commit
True,2013-12-12 15:17:47,very short,True,False,1 commit
True,2013-12-12 19:54:39,medium,False,True,some commits
True,2013-12-13 10:00:54,short,True,False,1 commit
True,2013-12-17 17:21:12,lengthy,False,False,1 commit
True,2013-12-17 17:27:41,lengthy,False,False,1 commit
True,2013-12-19 00:17:41,lengthy,False,True,1 commit
True,2013-12-23 11:15:50,lengthy,False,False,1 commit
True,2014-01-03 04:43:54,lengthy,False,True,1 commit
True,2014-01-07 14:22:01,medium,False,True,1 commit
False,2014-01-07 16:17:45,lengthy,False,True,many commits
True,2014-01-09 12:13:41,medium,True,False,1 commit
True,2014-01-09 22:40:38,medium,False,False,1 commit
True,2014-01-14 16:47:02,short,True,False,1 commit
True,2014-01-16 13:24:39,very short,False,False,1 commit
True,2014-01-16 13:44:14,lengthy,True,False,1 commit
True,2014-01-16 20:03:18,very short,True,False,1 commit
True,2014-01-16 21:07:46,very short,True,False,1 commit
True,2014-01-17 12:23:38,medium,True,False,1 commit
True,2014-01-19 16:47:53,very short,True,False,1 commit
True,2014-01-20 08:34:42,very short,True,False,1 commit
True,2014-01-20 10:55:03,very short,True,False,1 commit
True,2014-01-20 11:42:50,very short,True,False,1 commit
True,2014-01-20 18:40:20,medium,False,False,1 commit
True,2014-01-23 07:36:15,short,True,False,1 commit
True,2014-01-23 09:44:00,short,True,False,1 commit
True,2014-01-23 12:13:12,very short,True,False,1 commit
True,2014-01-24 11:24:53,medium,True,False,1 commit
True,2014-01-24 15:18:22,medium,False,False,1 commit
True,2014-01-25 07:36:25,medium,True,False,1 commit
False,2014-01-27 10:21:13,lengthy,False,True,many commits
True,2014-01-29 14:25:55,medium,True,False,some commits
False,2014-01-30 14:45:19,lengthy,True,False,some commits
True,2014-01-31 10:48:55,short,True,False,1 commit
True,2014-01-31 20:15:55,lengthy,False,True,1 commit
True,2014-02-03 02:50:47,medium,False,True,1 commit
False,2014-02-05 15:49:32,medium,True,False,1 commit
True,2014-02-05 16:44:29,medium,True,False,1 commit
True,2014-02-06 07:57:44,medium,True,False,1 commit
True,2014-02-07 08:17:05,medium,True,False,1 commit
True,2014-02-07 09:15:31,medium,False,False,1 commit
True,2014-02-08 03:35:05,medium,False,False,1 commit
True,2014-02-08 23:46:26,medium,False,True,1 commit
True,2014-02-11 14:03:44,lengthy,True,False,1 commit
True,2014-02-13 07:57:07,very short,False,False,1 commit
True,2014-02-14 12:50:59,very short,True,False,some commits
True,2014-02-14 14:29:32,lengthy,False,True,1 commit
True,2014-02-15 02:31:15,medium,False,False,1 commit
False,2014-02-16 05:43:27,lengthy,False,True,many commits
True,2014-02-19 10:38:22,very short,True,False,1 commit
True,2014-02-19 10:45:29,very short,True,False,1 commit
True,2014-02-19 23:47:04,medium,True,False,1 commit
True,2014-02-21 11:55:18,medium,True,False,many commits
True,2014-02-24 09:46:38,short,True,False,1 commit
False,2014-02-26 20:08:49,short,False,True,1 commit
False,2014-02-27 14:04:58,medium,True,False,1 commit
False,2014-02-27 22:24:52,lengthy,False,False,1 commit
False,2014-02-27 22:25:51,lengthy,False,False,1 commit
False,2014-02-28 06:51:56,medium,False,True,1 commit
False,2014-02-28 07:06:59,medium,True,False,1 commit
False,2014-02-28 09:16:16,medium,True,False,1 commit
False,2014-02-28 09:16:34,medium,True,False,1 commit
True,2014-02-28 13:13:14,lengthy,True,False,1 commit
False,2014-02-28 13:56:06,medium,True,False,1 commit
False,2014-02-28 14:22:09,medium,True,False,1 commit
False,2014-03-02 02:26:14,medium,True,False,1 commit
True,2014-03-03 11:00:43,short,True,False,1 commit
True,2014-03-03 14:12:33,very short,True,False,1 commit
True,2014-03-04 15:14:15,very short,True,False,some commits
True,2014-03-04 16:39:03,very short,True,False,some commits
True,2014-03-09 11:37:14,medium,False,True,1 commit
False,2014-03-09 14:47:23,very short,False,False,many commits
False,2014-03-18 10:55:08,very short,False,True,1 commit
True,2014-03-22 09:45:52,lengthy,True,False,1 commit
True,2014-03-24 18:43:03,medium,False,False,1 commit
True,2014-03-25 14:11:50,lengthy,True,False,1 commit
False,2014-03-27 15:02:45,medium,False,False,some commits
True,2014-04-04 04:43:30,lengthy,True,False,1 commit
True,2014-04-11 07:40:39,medium,False,False,1 commit
False,2014-04-16 06:43:44,medium,True,False,1 commit
True,2014-04-16 14:15:33,very short,False,True,1 commit
False,2014-04-22 15:26:31,short,True,False,1 commit
True,2014-04-25 14:03:06,short,True,False,1 commit
True,2014-05-02 13:39:20,lengthy,True,False,1 commit
True,2014-05-06 14:24:12,lengthy,True,False,1 commit
True,2014-05-07 08:35:37,very short,True,False,1 commit
True,2014-05-10 21:00:01,very short,False,True,1 commit
True,2014-05-12 09:55:48,short,True,False,1 commit
True,2014-05-15 16:12:01,medium,False,True,1 commit
False,2014-05-18 20:31:14,lengthy,True,False,many commits
True,2014-05-19 10:21:57,medium,False,True,1 commit
False,2014-05-19 12:20:01,very short,False,True,1 commit
False,2014-05-20 08:03:23,very short,True,False,1 commit
False,2014-05-20 09:14:40,very short,True,False,1 commit
False,2014-05-21 06:45:47,lengthy,False,True,1 commit
True,2014-05-21 15:20:40,medium,True,False,1 commit
False,2014-05-28 16:17:08,lengthy,True,False,some commits
True,2014-05-30 11:35:20,very short,False,True,1 commit
False,2014-05-30 16:04:37,lengthy,True,False,some commits
False,2014-06-02 09:22:42,very short,True,False,1 commit
False,2014-06-04 15:15:46,medium,True,False,1 commit
True,2014-06-04 15:45:28,medium,True,False,some commits
True,2014-06-04 18:52:16,very short,False,True,1 commit
False,2014-06-04 19:08:14,lengthy,False,True,many commits
True,2014-06-05 17:43:48,lengthy,False,True,1 commit
True,2014-06-05 21:08:33,lengthy,False,True,1 commit
True,2014-06-05 22:15:49,lengthy,False,False,1 commit
False,2014-06-10 09:44:15,lengthy,False,True,1 commit
False,2014-06-10 12:10:16,very short,True,False,1 commit
False,2014-06-11 08:11:48,short,True,False,many commits
False,2014-06-12 08:28:03,medium,False,True,1 commit
False,2014-06-12 13:59:44,medium,True,False,1 commit
False,2014-06-12 16:43:27,medium,True,False,many commits
False,2014-06-13 13:47:30,short,True,False,some commits
True,2014-06-21 10:31:30,short,False,False,1 commit
True,2014-06-21 12:37:55,lengthy,False,True,1 commit
True,2014-06-24 11:33:28,short,True,False,1 commit
False,2014-06-24 11:40:54,short,True,False,1 commit
False,2014-06-25 15:05:08,very short,True,False,1 commit
False,2014-06-25 21:37:33,very short,True,False,some commits
True,2014-07-02 02:55:52,medium,False,True,1 commit
True,2014-07-02 08:49:19,lengthy,False,True,1 commit
True,2014-07-03 01:06:54,short,False,True,1 commit
False,2014-07-05 08:39:33,lengthy,True,False,1 commit
True,2014-07-06 21:31:39,very short,False,True,1 commit
False,2014-07-07 13:47:34,lengthy,False,True,1 commit
False,2014-07-09 12:06:10,very short,False,False,1 commit
False,2014-07-10 08:40:54,very short,False,False,1 commit
False,2014-07-10 09:22:09,very short,True,False,1 commit
False,2014-07-10 11:25:35,medium,False,False,1 commit
False,2014-07-10 14:45:19,lengthy,False,False,1 commit
False,2014-07-12 10:38:37,lengthy,False,True,1 commit
False,2014-07-13 09:24:46,very short,False,False,1 commit
True,2014-07-16 09:25:00,lengthy,False,False,1 commit
True,2014-07-17 15:52:58,lengthy,True,False,many commits
False,2014-07-18 04:01:35,lengthy,False,False,1 commit
True,2014-07-18 15:24:56,lengthy,True,False,1 commit
False,2014-07-18 15:28:09,lengthy,True,False,1 commit
False,2014-07-18 23:20:15,lengthy,False,True,1 commit
False,2014-07-18 23:20:29,lengthy,False,False,1 commit
True,2014-07-19 18:40:45,medium,True,False,1 commit
True,2014-07-21 13:20:06,medium,True,False,1 commit
False,2014-07-22 15:49:29,lengthy,True,False,some commits
False,2014-07-28 11:22:38,very short,True,False,1 commit
False,2014-07-28 12:21:22,lengthy,False,True,many commits
False,2014-07-28 14:43:43,lengthy,False,True,1 commit
False,2014-07-30 08:24:46,medium,False,True,1 commit
False,2014-08-05 08:46:14,very short,True,False,1 commit
False,2014-08-06 08:39:13,very short,False,True,1 commit
False,2014-08-09 12:56:57,short,False,True,1 commit
False,2014-08-13 20:53:22,very short,False,True,1 commit
False,2014-08-14 15:10:36,medium,True,False,1 commit
True,2014-08-16 18:47:56,short,False,False,1 commit
False,2014-08-19 15:53:02,short,False,True,1 commit
False,2014-08-20 08:26:37,very short,False,True,1 commit
False,2014-08-20 16:28:51,very short,False,False,1 commit
False,2014-08-21 10:06:28,very short,True,False,1 commit
False,2014-08-21 11:02:08,very short,True,False,1 commit
False,2014-08-21 14:31:06,lengthy,True,False,many commits
False,2014-08-22 07:55:32,very short,True,False,1 commit
False,2014-08-22 08:05:10,very short,True,False,1 commit
False,2014-08-22 09:37:33,short,False,False,1 commit
False,2014-08-22 09:51:47,very short,False,False,1 commit
False,2014-08-22 12:49:21,lengthy,False,False,1 commit
False,2014-08-22 15:32:43,medium,False,False,1 commit
False,2014-08-23 05:45:28,medium,False,False,1 commit
False,2014-08-23 16:52:06,medium,True,False,1 commit
True,2014-08-28 16:45:49,very short,False,True,1 commit
False,2014-08-28 17:15:27,medium,True,False,1 commit
False,2014-09-01 11:14:34,very short,True,False,some commits
True,2014-09-03 07:51:26,lengthy,False,True,1 commit
True,2014-09-08 15:57:43,very short,True,False,some commits
True,2014-09-09 06:26:29,very short,True,False,1 commit
True,2014-09-09 09:57:22,medium,False,True,1 commit
True,2014-09-10 16:24:08,very short,True,False,some commits
True,2014-09-11 18:34:37,very short,True,False,1 commit
True,2014-09-12 09:48:03,very short,True,False,1 commit
True,2014-09-12 10:05:04,very short,True,False,1 commit
True,2014-09-15 00:20:21,short,True,False,1 commit
True,2014-09-15 10:13:36,very short,True,False,1 commit
False,2014-09-16 10:34:56,medium,True,False,1 commit
True,2014-09-17 14:52:37,very short,True,False,many commits
False,2014-09-18 09:19:03,medium,True,False,some commits
False,2014-09-19 12:46:51,medium,True,False,1 commit
False,2014-09-23 16:12:29,short,True,False,some commits
True,2014-09-24 09:07:58,short,True,False,some commits
False,2014-09-24 15:40:00,short,True,False,some commits
True,2014-09-26 06:54:28,lengthy,False,True,1 commit
False,2014-09-26 09:08:51,medium,True,False,1 commit
False,2014-09-26 10:26:07,lengthy,True,False,some commits
False,2014-09-29 11:09:55,medium,True,False,1 commit
False,2014-09-29 18:15:10,lengthy,False,False,1 commit
False,2014-09-30 07:10:11,short,True,False,1 commit
False,2014-09-30 19:50:57,short,True,True,1 commit
False,2014-10-01 14:11:48,lengthy,False,False,1 commit
False,2014-10-01 15:18:18,short,True,False,1 commit
False,2014-10-03 10:46:30,medium,True,False,many commits
False,2014-10-03 12:24:01,short,True,False,1 commit
False,2014-10-06 09:23:16,short,True,False,1 commit
False,2014-10-06 15:33:23,medium,True,False,1 commit
False,2014-10-09 09:20:02,very short,True,False,1 commit
False,2014-10-09 16:39:35,very short,True,False,some commits
False,2014-10-13 10:05:29,very short,True,False,1 commit
False,2014-10-13 11:37:40,very short,True,False,1 commit
False,2014-10-13 16:24:12,very short,True,False,some commits
False,2014-10-13 16:35:25,medium,True,False,1 commit
False,2014-10-15 12:58:34,medium,True,False,many commits
True,2014-10-15 15:26:05,lengthy,True,False,1 commit
True,2014-10-15 23:35:52,short,False,True,1 commit
True,2014-10-16 03:13:06,medium,False,True,1 commit
False,2014-10-16 12:16:39,short,True,False,1 commit
False,2014-10-20 13:17:14,short,True,False,1 commit
False,2014-10-20 14:42:54,short,True,False,many commits
False,2014-10-21 08:33:17,very short,True,False,1 commit
False,2014-10-21 19:59:06,medium,False,False,1 commit
False,2014-10-22 18:58:30,short,False,False,many commits
False,2014-10-23 00:34:01,very short,False,True,1 commit
False,2014-10-23 07:25:35,medium,False,True,1 commit
False,2014-10-23 09:18:21,very short,True,False,1 commit
False,2014-10-23 09:20:12,very short,True,False,1 commit
False,2014-10-23 16:08:17,lengthy,False,True,1 commit
False,2014-10-23 18:28:01,medium,False,False,1 commit
False,2014-10-26 06:15:06,medium,False,False,1 commit
False,2014-10-26 06:18:59,short,False,False,1 commit
False,2014-10-27 15:38:27,short,True,False,1 commit
False,2014-10-28 09:51:14,short,True,False,some commits
False,2014-10-28 09:55:00,medium,True,False,1 commit
False,2014-10-28 18:56:31,lengthy,False,True,1 commit
False,2014-10-29 14:23:34,short,True,False,1 commit
False,2014-10-30 02:44:47,medium,False,False,some commits
False,2014-10-30 12:48:29,very short,False,False,1 commit
False,2014-10-30 15:05:00,medium,True,False,1 commit
False,2014-10-30 15:11:48,very short,True,False,1 commit
False,2014-10-30 15:33:35,very short,True,False,1 commit
False,2014-10-30 16:13:48,medium,True,False,some commits
False,2014-10-30 17:14:22,medium,True,False,some commits
False,2014-10-31 13:27:26,medium,True,False,1 commit
False,2014-10-31 13:30:10,lengthy,True,False,many commits
False,2014-11-03 12:53:34,short,True,False,some commits
False,2014-11-03 14:59:46,short,True,False,1 commit
False,2014-11-03 15:25:16,short,True,False,1 commit
False,2014-11-03 15:46:35,very short,True,False,1 commit
False,2014-11-03 19:51:42,very short,True,False,1 commit
False,2014-11-04 07:29:57,very short,False,True,1 commit
False,2014-11-07 17:06:58,medium,True,False,1 commit
False,2014-11-07 23:10:59,medium,True,False,1 commit
True,2014-11-08 13:54:49,lengthy,True,True,some commits
False,2014-11-09 12:50:54,lengthy,False,True,1 commit
False,2014-11-12 13:50:17,lengthy,True,False,many commits
False,2014-11-12 16:25:02,very short,True,False,1 commit
False,2014-11-13 16:46:13,very short,False,False,1 commit
False,2014-11-13 16:47:28,very short,False,False,1 commit
True,2014-11-14 16:44:01,lengthy,True,False,many commits
False,2014-11-17 03:42:08,short,False,False,1 commit
True,2014-11-17 23:23:29,short,True,True,1 commit
True,2014-11-18 03:27:03,lengthy,False,False,some commits
False,2014-11-18 11:15:33,very short,True,False,1 commit
False,2014-11-18 22:21:13,very short,True,False,1 commit
False,2014-11-19 11:58:24,very short,True,False,1 commit
False,2014-11-19 15:02:06,medium,True,False,many commits
False,2014-11-20 15:02:37,very short,True,False,1 commit
False,2014-11-21 00:36:34,lengthy,True,False,1 commit
True,2014-11-21 08:29:19,lengthy,True,False,1 commit
True,2014-11-21 14:27:18,medium,False,True,1 commit
True,2014-11-21 16:02:59,medium,True,True,1 commit
False,2014-11-21 16:38:01,short,False,True,some commits
True,2014-11-25 10:35:54,medium,True,True,1 commit
False,2014-11-25 14:41:15,very short,True,False,1 commit
True,2014-11-26 11:25:10,short,True,False,1 commit
False,2014-11-27 13:20:04,medium,True,False,many commits
False,2014-11-28 08:13:23,medium,True,False,some commits
False,2014-11-28 19:43:54,medium,True,False,1 commit
True,2014-11-29 09:13:18,lengthy,True,False,1 commit
True,2014-11-30 16:02:26,lengthy,True,True,1 commit
False,2014-12-03 09:03:08,very short,True,False,1 commit
False,2014-12-03 10:37:11,very short,True,False,1 commit
False,2014-12-03 10:59:21,very short,True,False,1 commit
False,2014-12-03 12:52:47,very short,True,False,1 commit
False,2014-12-04 15:25:10,lengthy,True,False,1 commit
True,2014-12-06 18:23:14,medium,True,False,1 commit
True,2014-12-08 01:47:45,lengthy,True,False,1 commit
True,2014-12-08 13:43:40,short,False,False,some commits
False,2014-12-08 15:08:19,short,False,False,1 commit
False,2014-12-09 01:36:00,short,True,False,1 commit
False,2014-12-09 10:34:49,medium,True,False,1 commit
True,2014-12-09 11:08:18,very short,True,False,1 commit
False,2014-12-09 18:28:13,short,True,False,1 commit
True,2014-12-10 11:29:30,very short,True,False,1 commit
False,2014-12-10 16:02:22,lengthy,True,False,some commits
False,2014-12-10 23:42:51,medium,True,False,some commits
False,2014-12-12 15:48:10,medium,True,False,1 commit
False,2014-12-14 12:34:25,medium,False,True,some commits
False,2014-12-14 16:39:47,very short,False,True,1 commit
False,2014-12-15 15:30:15,very short,True,False,1 commit
False,2014-12-15 17:48:52,medium,False,False,many commits
False,2014-12-16 15:56:26,very short,True,False,1 commit
False,2014-12-17 14:50:23,short,True,False,many commits
True,2014-12-17 17:31:29,short,True,False,some commits
True,2014-12-18 14:58:55,short,True,False,1 commit
False,2014-12-18 15:00:58,short,True,False,1 commit
False,2014-12-19 13:52:27,very short,True,False,many commits
False,2014-12-19 14:23:49,very short,True,False,1 commit
False,2014-12-22 10:30:28,lengthy,False,False,1 commit
False,2014-12-22 10:37:27,lengthy,False,False,1 commit
True,2014-12-22 15:13:29,lengthy,True,False,some commits
False,2014-12-23 08:01:15,lengthy,False,False,1 commit
False,2014-12-25 10:37:18,short,True,False,1 commit
False,2014-12-29 21:44:20,lengthy,False,True,1 commit
False,2015-01-07 11:18:16,very short,True,False,1 commit
False,2015-01-07 16:30:46,very short,True,False,1 commit
False,2015-01-07 18:12:33,very short,True,False,1 commit
False,2015-01-10 15:01:09,medium,True,False,1 commit
True,2015-01-10 15:06:10,lengthy,False,True,1 commit
True,2015-01-14 00:08:21,very short,True,True,1 commit
False,2015-01-14 05:15:50,short,False,True,1 commit
False,2015-01-14 15:21:12,short,False,True,1 commit
False,2015-01-15 08:38:03,lengthy,True,False,1 commit
False,2015-01-16 15:41:47,very short,True,False,1 commit
False,2015-01-16 18:47:20,lengthy,False,False,1 commit
False,2015-01-16 19:26:05,lengthy,True,False,1 commit
False,2015-01-17 20:00:58,lengthy,False,False,1 commit
False,2015-01-19 04:17:10,short,False,True,1 commit
True,2015-01-19 10:32:20,short,False,False,1 commit
False,2015-01-20 07:37:04,medium,False,True,1 commit
False,2015-01-20 21:46:50,lengthy,False,False,1 commit
False,2015-01-21 05:12:08,very short,True,False,1 commit
True,2015-01-22 17:46:07,medium,True,False,1 commit
False,2015-01-22 18:16:38,medium,False,False,1 commit
False,2015-01-23 15:27:22,medium,True,False,1 commit
False,2015-01-26 16:49:06,lengthy,False,True,some commits
False,2015-01-28 20:48:19,medium,False,True,some commits
False,2015-01-29 08:55:24,very short,True,False,1 commit
False,2015-01-29 10:18:45,very short,True,False,1 commit
False,2015-01-29 12:37:13,medium,False,False,some commits
False,2015-01-30 13:07:05,medium,False,False,some commits
False,2015-02-03 11:42:05,short,False,False,1 commit
True,2015-02-04 12:55:04,medium,True,False,some commits
False,2015-02-06 17:57:39,very short,False,True,1 commit
False,2015-02-06 18:37:16,very short,False,False,1 commit
True,2015-02-09 01:20:33,lengthy,True,False,1 commit
False,2015-02-11 09:18:51,lengthy,True,False,1 commit
False,2015-02-11 18:52:04,short,False,True,1 commit
True,2015-02-11 18:52:49,short,False,False,1 commit
False,2015-02-12 13:37:50,medium,False,False,some commits
False,2015-02-12 15:31:06,medium,True,False,1 commit
False,2015-02-14 17:17:22,lengthy,False,True,1 commit
True,2015-02-15 10:12:10,medium,False,True,1 commit
False,2015-02-17 12:52:07,lengthy,False,True,1 commit
False,2015-02-17 16:14:32,medium,True,False,some commits
False,2015-02-17 21:44:51,lengthy,False,False,1 commit
True,2015-02-19 15:58:29,lengthy,False,False,1 commit
False,2015-02-23 11:48:29,medium,True,False,1 commit
False,2015-02-25 08:33:58,short,True,False,1 commit
False,2015-02-25 18:29:04,lengthy,False,False,1 commit
False,2015-02-26 14:49:03,very short,True,False,some commits
False,2015-02-26 22:11:18,lengthy,True,False,1 commit
False,2015-02-27 12:17:14,very short,True,False,1 commit
True,2015-03-02 13:18:46,short,False,True,1 commit
False,2015-03-05 09:19:52,lengthy,True,False,some commits
False,2015-03-05 09:29:52,very short,False,False,1 commit
False,2015-03-05 18:22:16,very short,True,False,1 commit
False,2015-03-06 10:26:25,medium,True,False,1 commit
False,2015-03-06 11:15:44,very short,False,True,1 commit
False,2015-03-06 13:24:05,medium,True,False,1 commit
False,2015-03-06 18:02:14,lengthy,True,False,1 commit
True,2015-03-08 07:04:50,medium,False,True,1 commit
False,2015-03-12 15:17:06,lengthy,False,True,1 commit
True,2015-03-14 16:56:52,very short,True,False,1 commit
False,2015-03-15 19:24:42,medium,False,True,1 commit
False,2015-03-17 13:46:40,medium,True,False,1 commit
False,2015-03-18 20:32:51,medium,False,True,1 commit
True,2015-03-19 14:01:12,very short,False,True,1 commit
False,2015-03-19 16:22:31,very short,False,True,1 commit
False,2015-03-22 16:15:32,very short,False,True,many commits
False,2015-03-23 10:49:34,medium,True,False,1 commit
False,2015-03-23 15:03:11,lengthy,True,False,1 commit
True,2015-03-24 22:04:44,medium,False,False,some commits
True,2015-03-25 14:31:46,very short,False,True,1 commit
False,2015-03-25 15:00:07,very short,False,True,1 commit
True,2015-03-26 07:50:57,medium,True,False,1 commit
False,2015-03-26 19:39:06,very short,True,False,1 commit
True,2015-03-28 05:46:37,medium,True,False,1 commit
False,2015-03-30 08:56:30,medium,True,False,1 commit
True,2015-03-30 09:02:32,short,True,False,1 commit
False,2015-03-30 10:09:13,lengthy,True,False,1 commit
False,2015-03-30 11:32:27,short,True,False,1 commit
False,2015-03-30 13:27:10,medium,True,False,1 commit
False,2015-03-30 13:59:46,lengthy,True,False,some commits
False,2015-03-30 14:20:09,medium,True,False,1 commit
False,2015-03-30 15:34:24,medium,True,False,1 commit
False,2015-03-30 22:54:35,lengthy,True,True,1 commit
False,2015-03-31 10:21:15,medium,True,False,1 commit
True,2015-04-01 08:51:32,short,True,False,1 commit
True,2015-04-01 10:02:14,medium,True,False,1 commit
False,2015-04-01 10:29:31,lengthy,True,False,1 commit
True,2015-04-01 13:05:29,very short,True,False,1 commit
False,2015-04-02 09:03:12,medium,True,False,1 commit
False,2015-04-02 15:22:59,medium,True,False,many commits
True,2015-04-02 17:26:35,medium,False,True,1 commit
True,2015-04-03 09:41:26,very short,True,False,1 commit
True,2015-04-07 12:38:54,very short,False,False,1 commit
False,2015-04-08 09:12:38,very short,True,False,1 commit
True,2015-04-08 11:45:15,medium,True,False,1 commit
False,2015-04-13 21:54:03,lengthy,True,False,1 commit
False,2015-04-14 10:42:45,very short,True,False,1 commit
True,2015-04-15 07:17:42,medium,True,False,1 commit
False,2015-04-15 15:50:04,medium,True,False,some commits
True,2015-04-17 05:50:49,medium,True,False,1 commit
False,2015-04-17 07:57:49,medium,True,False,1 commit
True,2015-04-17 09:31:40,lengthy,True,False,1 commit
True,2015-04-18 20:57:07,medium,True,False,many commits
False,2015-04-19 06:21:30,short,False,True,1 commit
False,2015-04-20 14:32:13,very short,True,False,1 commit
True,2015-04-21 06:35:52,short,True,False,1 commit
False,2015-04-21 15:25:15,short,True,False,many commits
False,2015-04-22 10:54:55,very short,True,False,1 commit
False,2015-04-22 11:58:15,very short,True,False,1 commit
True,2015-04-22 15:31:02,short,True,False,1 commit
False,2015-04-22 18:38:45,lengthy,False,True,1 commit
False,2015-04-23 15:21:08,very short,True,False,some commits
False,2015-04-23 15:30:30,very short,True,False,some commits
False,2015-04-24 06:29:13,very short,True,False,some commits
False,2015-04-24 08:21:22,lengthy,False,True,1 commit
False,2015-04-24 10:07:38,very short,True,False,1 commit
False,2015-04-24 12:19:59,very short,True,False,1 commit
False,2015-04-24 12:37:01,very short,True,False,1 commit
False,2015-04-24 13:20:08,very short,True,False,many commits
False,2015-04-24 15:44:55,very short,True,False,many commits
False,2015-04-24 21:51:28,very short,False,True,1 commit
False,2015-04-29 11:04:54,short,True,False,some commits
False,2015-04-29 12:16:37,very short,True,False,1 commit
True,2015-04-30 07:28:45,very short,True,False,1 commit
False,2015-05-04 08:19:33,lengthy,True,False,1 commit
True,2015-05-05 14:09:27,lengthy,False,True,1 commit
False,2015-05-05 19:28:07,very short,False,True,some commits
False,2015-05-06 10:56:14,short,True,False,1 commit
True,2015-05-07 10:00:14,lengthy,True,False,1 commit
False,2015-05-07 14:46:51,lengthy,True,False,1 commit
False,2015-05-07 16:08:59,very short,True,False,1 commit
False,2015-05-08 06:09:46,very short,True,False,1 commit
True,2015-05-08 09:29:14,very short,True,False,1 commit
True,2015-05-08 09:37:06,very short,True,False,1 commit
True,2015-05-10 05:33:36,medium,False,True,1 commit
False,2015-05-11 06:49:19,very short,True,False,some commits
True,2015-05-11 11:22:17,very short,True,False,1 commit
False,2015-05-11 21:28:07,lengthy,True,False,many commits
False,2015-05-12 20:12:28,medium,True,False,1 commit
True,2015-05-13 04:36:30,medium,False,True,1 commit
True,2015-05-13 09:05:58,medium,True,False,1 commit
False,2015-05-13 20:15:03,medium,False,True,some commits
True,2015-05-14 03:38:53,medium,True,False,1 commit
False,2015-05-14 03:54:37,medium,True,False,1 commit
False,2015-05-14 06:00:16,medium,False,False,1 commit
True,2015-05-15 08:41:00,medium,True,False,1 commit
True,2015-05-16 19:54:36,medium,False,True,1 commit
False,2015-05-17 14:42:09,short,True,False,1 commit
False,2015-05-18 09:18:29,short,True,False,many commits
False,2015-05-18 09:42:04,medium,True,False,1 commit
True,2015-05-20 07:00:58,very short,True,False,1 commit
False,2015-05-20 16:58:18,medium,False,False,some commits
False,2015-05-20 20:59:21,very short,False,False,1 commit
False,2015-05-21 09:01:25,very short,True,False,some commits
True,2015-05-21 10:51:41,lengthy,True,False,1 commit
False,2015-05-21 10:52:20,lengthy,True,False,1 commit
False,2015-05-21 15:41:02,very short,True,False,1 commit
True,2015-05-21 19:58:59,very short,False,True,1 commit
False,2015-05-22 07:12:34,medium,True,False,1 commit
False,2015-05-22 09:33:14,lengthy,True,False,some commits
True,2015-05-24 02:18:22,short,False,True,1 commit
False,2015-05-24 17:01:17,very short,False,False,1 commit
False,2015-05-25 03:41:06,lengthy,False,False,1 commit
False,2015-05-27 12:31:25,lengthy,True,False,1 commit
False,2015-05-27 12:37:58,lengthy,True,False,1 commit
True,2015-05-27 15:48:30,very short,False,True,1 commit
False,2015-05-27 17:46:10,very short,False,False,1 commit
False,2015-05-28 07:38:07,very short,True,False,1 commit
True,2015-05-29 09:13:22,medium,True,False,some commits
True,2015-05-30 22:52:38,very short,False,True,1 commit
True,2015-05-31 06:04:08,very short,False,False,1 commit
False,2015-06-01 02:06:55,lengthy,False,False,1 commit
False,2015-06-01 07:01:37,short,True,False,1 commit
False,2015-06-01 11:17:51,lengthy,True,False,1 commit
False,2015-06-02 11:49:41,lengthy,True,False,1 commit
False,2015-06-02 12:07:05,very short,True,False,1 commit
True,2015-06-02 15:55:20,short,False,False,1 commit
True,2015-06-03 04:02:27,lengthy,False,False,1 commit
False,2015-06-03 08:53:14,lengthy,False,False,1 commit
True,2015-06-03 18:23:49,lengthy,False,False,1 commit
False,2015-06-04 15:01:39,medium,True,False,1 commit
False,2015-06-04 16:11:08,lengthy,True,False,some commits
False,2015-06-05 10:51:30,medium,True,False,many commits
False,2015-06-05 13:08:10,medium,True,False,1 commit
False,2015-06-05 15:08:22,medium,True,False,some commits
False,2015-06-05 16:28:28,medium,True,False,1 commit
False,2015-06-06 12:15:35,medium,True,False,1 commit
True,2015-06-06 13:17:14,lengthy,False,True,1 commit
False,2015-06-06 14:47:12,medium,True,False,some commits
True,2015-06-06 17:11:41,lengthy,False,True,1 commit
True,2015-06-06 20:31:39,lengthy,False,True,1 commit
False,2015-06-08 03:44:19,short,False,False,1 commit
False,2015-06-08 03:48:29,short,False,False,1 commit
False,2015-06-08 13:05:28,medium,True,False,some commits
False,2015-06-08 13:23:27,medium,True,False,1 commit
False,2015-06-08 13:55:23,medium,True,False,some commits
False,2015-06-09 04:06:56,medium,False,False,1 commit
False,2015-06-09 11:00:15,short,True,False,1 commit
True,2015-06-10 09:25:36,medium,False,True,1 commit
True,2015-06-12 14:29:47,medium,True,False,1 commit
False,2015-06-13 03:30:07,medium,False,False,1 commit
False,2015-06-15 15:06:35,very short,True,False,1 commit
False,2015-06-16 14:04:49,very short,True,False,1 commit
False,2015-06-17 01:56:28,lengthy,False,False,1 commit
False,2015-06-17 11:52:46,very short,True,False,1 commit
True,2015-06-17 13:52:43,lengthy,True,False,1 commit
False,2015-06-18 09:37:55,short,True,False,many commits
False,2015-06-18 13:13:12,medium,True,False,some commits
True,2015-06-18 14:33:41,very short,True,False,1 commit
False,2015-06-18 14:34:14,medium,True,False,some commits
False,2015-06-18 15:19:56,medium,True,False,some commits
False,2015-06-18 15:36:41,medium,False,True,1 commit
True,2015-06-18 17:04:05,very short,True,False,1 commit
False,2015-06-19 14:51:37,short,True,False,some commits
False,2015-06-21 01:37:59,lengthy,True,False,1 commit
False,2015-06-22 07:12:58,very short,True,False,some commits
True,2015-06-22 12:21:24,very short,True,False,1 commit
False,2015-06-23 12:29:19,very short,True,False,1 commit
True,2015-06-23 19:16:44,short,True,False,1 commit
False,2015-06-24 10:50:29,very short,False,False,some commits
False,2015-06-24 15:16:16,very short,False,True,1 commit
False,2015-06-25 11:07:00,medium,True,False,1 commit
True,2015-06-25 12:11:32,medium,True,False,1 commit
False,2015-06-26 12:10:39,very short,True,False,1 commit
True,2015-06-26 13:32:42,very short,True,False,1 commit
True,2015-06-29 18:56:37,very short,True,False,1 commit
False,2015-06-30 03:56:58,lengthy,True,False,1 commit
True,2015-06-30 16:32:08,lengthy,False,False,1 commit
True,2015-06-30 18:54:22,very short,False,True,1 commit
True,2015-07-01 10:20:22,very short,True,False,1 commit
False,2015-07-01 12:51:29,medium,True,False,1 commit
True,2015-07-02 14:57:25,very short,True,False,1 commit
False,2015-07-03 11:02:36,lengthy,False,False,some commits
True,2015-07-06 20:01:51,medium,True,False,1 commit
True,2015-07-08 10:17:13,very short,True,False,1 commit
True,2015-07-08 14:14:07,very short,True,False,1 commit
True,2015-07-09 07:15:51,very short,True,False,many commits
True,2015-07-09 10:35:27,very short,True,False,1 commit
True,2015-07-09 11:01:15,very short,True,False,1 commit
True,2015-07-09 11:38:30,medium,True,False,1 commit
True,2015-07-09 18:06:07,medium,True,False,1 commit
False,2015-07-10 12:04:37,medium,True,False,some commits
True,2015-07-10 17:23:18,medium,True,False,many commits
False,2015-07-12 08:30:20,short,True,False,1 commit
True,2015-07-12 22:05:48,lengthy,True,False,1 commit
True,2015-07-13 13:32:23,short,True,True,some commits
True,2015-07-14 07:37:49,very short,True,False,1 commit
True,2015-07-14 11:01:25,very short,True,False,1 commit
True,2015-07-14 11:12:53,very short,True,False,some commits
True,2015-07-14 14:47:23,very short,True,False,some commits
True,2015-07-14 15:45:33,very short,True,False,many commits
False,2015-07-15 03:20:33,lengthy,True,False,some commits
True,2015-07-15 07:13:22,very short,True,False,1 commit
False,2015-07-15 09:39:02,lengthy,True,False,some commits
True,2015-07-15 10:54:15,lengthy,True,False,1 commit
True,2015-07-16 07:56:18,very short,False,False,1 commit
True,2015-07-16 14:27:02,very short,False,True,1 commit
True,2015-07-17 13:48:14,very short,True,False,many commits
True,2015-07-17 14:05:18,very short,True,False,1 commit
True,2015-07-17 14:21:37,very short,True,False,1 commit
True,2015-07-17 14:25:32,very short,True,False,some commits
True,2015-07-17 15:53:23,short,True,False,some commits
False,2015-07-17 22:52:09,short,True,False,1 commit
False,2015-07-18 11:05:58,lengthy,False,False,many commits
True,2015-07-18 18:45:36,very short,True,False,1 commit
True,2015-07-19 03:17:49,very short,False,True,1 commit
True,2015-07-19 13:26:38,very short,False,True,1 commit
True,2015-07-20 06:07:38,very short,False,False,1 commit
True,2015-07-21 09:58:04,very short,False,True,1 commit
True,2015-07-21 11:50:19,short,True,False,some commits
False,2015-07-21 15:56:19,lengthy,True,False,1 commit
False,2015-07-23 03:06:03,medium,False,True,1 commit
True,2015-07-23 07:18:46,medium,True,False,1 commit
True,2015-07-23 13:18:44,lengthy,True,False,some commits
True,2015-07-23 16:13:07,very short,True,False,some commits
True,2015-07-23 17:17:45,very short,True,False,1 commit
True,2015-07-24 02:01:47,medium,True,False,1 commit
True,2015-07-24 15:14:40,medium,True,False,1 commit
True,2015-07-24 16:18:47,very short,True,False,1 commit
True,2015-07-26 08:31:47,medium,False,True,1 commit
False,2015-07-27 10:01:30,lengthy,True,False,1 commit
True,2015-07-27 14:05:11,very short,False,False,1 commit
False,2015-07-29 15:07:38,very short,False,False,1 commit
True,2015-07-29 16:58:06,very short,False,True,1 commit
True,2015-07-29 18:03:51,very short,False,False,1 commit
True,2015-07-29 22:06:24,medium,False,True,1 commit
False,2015-07-30 02:05:57,lengthy,True,False,1 commit
False,2015-07-31 11:03:04,lengthy,False,False,1 commit
True,2015-08-03 18:13:52,lengthy,False,True,1 commit
False,2015-08-04 00:43:26,medium,False,False,1 commit
False,2015-08-04 04:56:44,medium,False,False,1 commit
False,2015-08-04 05:01:49,very short,False,False,1 commit
False,2015-08-04 08:19:46,lengthy,True,False,1 commit
False,2015-08-04 09:53:35,medium,True,False,1 commit
True,2015-08-06 08:59:08,very short,True,False,1 commit
False,2015-08-07 07:57:31,medium,True,False,1 commit
False,2015-08-07 11:57:20,medium,True,False,many commits
True,2015-08-07 21:00:54,short,True,False,1 commit
False,2015-08-08 17:35:03,short,False,True,1 commit
True,2015-08-09 20:33:06,lengthy,True,True,1 commit
False,2015-08-10 14:49:09,medium,True,False,1 commit
True,2015-08-10 17:21:38,medium,False,True,1 commit
True,2015-08-10 17:41:15,very short,False,False,1 commit
True,2015-08-11 08:12:19,very short,True,False,1 commit
True,2015-08-11 10:03:27,short,False,True,1 commit
False,2015-08-11 12:52:12,medium,True,False,1 commit
False,2015-08-12 10:31:56,short,True,False,1 commit
True,2015-08-12 12:09:07,short,True,False,1 commit
True,2015-08-12 14:17:55,very short,True,False,1 commit
False,2015-08-12 20:26:51,medium,True,False,1 commit
True,2015-08-13 06:13:51,very short,True,False,1 commit
False,2015-08-13 08:15:27,lengthy,True,False,1 commit
True,2015-08-13 13:13:53,very short,True,False,1 commit
True,2015-08-16 04:05:17,short,True,False,1 commit
True,2015-08-17 16:06:57,very short,True,False,1 commit
True,2015-08-17 16:25:57,very short,True,False,1 commit
True,2015-08-17 21:30:46,lengthy,True,True,some commits
True,2015-08-18 12:56:07,very short,True,False,1 commit
False,2015-08-19 13:55:47,lengthy,False,False,some commits
False,2015-08-20 03:30:02,lengthy,True,False,1 commit
True,2015-08-20 15:41:36,medium,True,False,some commits
True,2015-08-21 14:59:32,medium,True,False,1 commit
True,2015-08-22 14:19:12,short,False,False,1 commit
True,2015-08-22 21:45:46,lengthy,True,False,1 commit
True,2015-08-24 04:25:57,medium,True,False,1 commit
True,2015-08-25 09:25:10,very short,True,False,1 commit
True,2015-08-25 12:04:55,very short,True,False,1 commit
False,2015-08-26 01:20:57,medium,False,False,some commits
True,2015-08-26 10:35:31,medium,True,False,1 commit
False,2015-08-26 12:59:14,lengthy,True,False,some commits
True,2015-08-27 21:31:42,medium,False,False,1 commit
True,2015-08-28 06:39:19,medium,True,False,1 commit
True,2015-08-28 16:40:12,lengthy,False,True,1 commit
True,2015-08-31 10:08:58,very short,True,False,some commits
True,2015-08-31 12:24:20,very short,False,True,1 commit
True,2015-08-31 18:02:09,short,True,False,1 commit
True,2015-09-01 06:16:32,very short,True,False,1 commit
True,2015-09-02 07:03:56,very short,False,True,1 commit
True,2015-09-03 07:44:03,very short,True,True,1 commit
True,2015-09-03 09:07:59,very short,True,False,1 commit
False,2015-09-04 23:16:35,lengthy,True,False,1 commit
True,2015-09-08 09:16:41,very short,False,True,1 commit
True,2015-09-08 09:34:21,very short,False,False,1 commit
True,2015-09-08 12:36:33,very short,False,False,1 commit
True,2015-09-08 12:39:40,short,False,False,1 commit
True,2015-09-09 01:59:49,short,False,False,some commits
True,2015-09-09 04:04:58,medium,True,False,1 commit
True,2015-09-09 08:31:01,very short,False,False,1 commit
True,2015-09-09 13:11:48,very short,False,False,1 commit
False,2015-09-10 02:19:19,lengthy,True,False,1 commit
True,2015-09-10 09:13:03,medium,True,False,1 commit
True,2015-09-10 13:36:17,medium,True,False,1 commit
True,2015-09-10 15:03:59,medium,True,False,1 commit
True,2015-09-10 17:55:45,medium,True,False,1 commit
True,2015-09-11 08:34:18,very short,True,False,1 commit
True,2015-09-11 15:02:55,short,True,False,1 commit
True,2015-09-11 16:10:17,short,False,False,1 commit
True,2015-09-11 21:59:00,medium,True,True,1 commit
True,2015-09-14 08:52:01,very short,False,False,1 commit
False,2015-09-15 10:54:12,lengthy,True,False,1 commit
True,2015-09-15 13:02:11,short,False,False,1 commit
False,2015-09-15 14:46:44,short,True,False,1 commit
True,2015-09-16 14:09:32,very short,False,False,1 commit
True,2015-09-16 19:20:42,lengthy,True,False,some commits
True,2015-09-17 14:53:00,very short,False,True,1 commit
False,2015-09-18 14:05:41,medium,True,False,some commits
False,2015-09-21 02:44:06,lengthy,True,False,some commits
True,2015-09-21 13:26:23,medium,False,False,1 commit
True,2015-09-21 13:43:01,medium,False,False,1 commit
False,2015-09-23 03:02:45,lengthy,True,False,some commits
True,2015-09-23 10:00:46,medium,False,False,1 commit
True,2015-09-23 15:43:50,lengthy,False,False,1 commit
True,2015-09-24 14:48:11,lengthy,False,False,1 commit
True,2015-09-28 14:21:38,medium,True,False,1 commit
True,2015-09-29 02:45:41,very short,True,False,1 commit
False,2015-09-29 05:43:24,short,False,False,1 commit
True,2015-09-29 14:36:02,very short,True,False,some commits
True,2015-09-30 12:53:43,very short,True,False,1 commit
True,2015-10-01 09:15:26,short,True,False,1 commit
True,2015-10-02 07:57:35,very short,True,False,1 commit
False,2015-10-02 12:52:37,short,True,False,some commits
False,2015-10-02 13:08:22,very short,True,False,1 commit
True,2015-10-02 19:23:40,very short,False,True,1 commit
False,2015-10-06 09:48:40,very short,True,False,1 commit
False,2015-10-06 12:58:01,very short,True,False,1 commit
False,2015-10-06 15:29:56,very short,True,False,1 commit
True,2015-10-06 18:49:08,lengthy,False,True,1 commit
False,2015-10-06 21:28:44,very short,True,False,1 commit
False,2015-10-07 10:09:58,short,True,False,1 commit
False,2015-10-07 15:38:01,lengthy,True,True,1 commit
True,2015-10-07 21:23:03,very short,False,True,1 commit
True,2015-10-08 10:04:00,very short,True,False,1 commit
False,2015-10-08 14:49:06,lengthy,True,False,many commits
False,2015-10-08 16:25:47,very short,True,False,some commits
True,2015-10-09 12:59:22,lengthy,True,False,1 commit
False,2015-10-09 14:14:08,lengthy,False,True,1 commit
False,2015-10-09 15:06:34,very short,True,False,1 commit
False,2015-10-09 15:46:53,medium,True,False,many commits
False,2015-10-10 00:17:24,lengthy,True,False,1 commit
True,2015-10-10 21:23:37,lengthy,True,False,1 commit
False,2015-10-11 15:39:49,lengthy,True,False,1 commit
False,2015-10-12 04:28:12,lengthy,True,False,1 commit
True,2015-10-12 08:15:52,medium,False,True,1 commit
False,2015-10-13 06:47:32,lengthy,True,False,1 commit
False,2015-10-13 09:48:15,very short,False,True,1 commit
True,2015-10-13 10:12:06,very short,True,True,1 commit
True,2015-10-13 19:28:41,medium,True,False,1 commit
False,2015-10-14 10:02:40,medium,True,False,some commits
True,2015-10-14 12:16:51,very short,True,False,some commits
False,2015-10-14 14:17:25,very short,True,False,1 commit
True,2015-10-15 06:42:17,lengthy,True,False,1 commit
True,2015-10-15 11:43:19,very short,False,True,1 commit
False,2015-10-16 09:47:31,very short,False,False,1 commit
True,2015-10-19 14:08:11,very short,False,False,1 commit
True,2015-10-20 07:29:15,very short,True,False,1 commit
False,2015-10-20 12:02:55,medium,False,False,1 commit
False,2015-10-20 23:52:23,lengthy,True,False,1 commit
False,2015-10-21 09:27:34,lengthy,True,False,1 commit
False,2015-10-21 09:29:34,short,False,False,1 commit
False,2015-10-21 10:32:07,short,True,False,many commits
False,2015-10-21 11:25:49,medium,True,False,1 commit
True,2015-10-21 11:28:12,very short,True,False,1 commit
True,2015-10-21 12:51:15,lengthy,True,False,1 commit
True,2015-10-21 14:16:33,lengthy,True,False,1 commit
False,2015-10-22 13:23:47,medium,False,False,1 commit
False,2015-10-25 02:15:40,lengthy,True,False,1 commit
False,2015-10-25 19:44:08,short,True,False,1 commit
True,2015-10-25 23:23:22,lengthy,True,True,1 commit
False,2015-10-26 09:50:43,very short,True,False,1 commit
False,2015-10-26 15:07:09,short,True,False,1 commit
False,2015-10-26 16:03:22,very short,True,False,1 commit
False,2015-10-26 19:04:04,medium,True,False,1 commit
False,2015-10-27 05:12:37,very short,True,False,1 commit
False,2015-10-27 05:53:48,very short,True,False,1 commit
False,2015-10-27 07:49:36,medium,True,False,1 commit
False,2015-10-27 14:28:46,medium,True,False,1 commit
False,2015-10-28 04:56:32,lengthy,False,False,1 commit
False,2015-10-28 17:53:37,lengthy,False,True,1 commit
True,2015-10-29 17:18:52,lengthy,False,True,1 commit
True,2015-10-30 01:56:55,lengthy,False,True,1 commit
False,2015-10-30 15:07:37,medium,True,False,some commits
False,2015-10-31 02:15:05,medium,True,False,1 commit
False,2015-10-31 23:58:35,very short,True,False,1 commit
False,2015-11-01 12:16:39,very short,True,False,1 commit
False,2015-11-03 09:42:55,very short,True,False,1 commit
False,2015-11-03 13:49:21,very short,True,False,1 commit
False,2015-11-03 15:46:38,very short,True,False,1 commit
False,2015-11-03 18:23:50,very short,True,False,1 commit
False,2015-11-04 10:08:22,very short,True,False,1 commit
True,2015-11-04 14:28:01,very short,True,False,1 commit
False,2015-11-04 16:08:22,very short,False,False,1 commit
False,2015-11-04 17:17:49,medium,True,False,1 commit
True,2015-11-04 18:38:55,lengthy,False,True,1 commit
False,2015-11-06 00:50:42,medium,True,False,1 commit
True,2015-11-06 13:06:27,short,True,False,many commits
False,2015-11-06 16:47:08,short,False,True,1 commit
False,2015-11-08 00:38:12,lengthy,True,False,1 commit
False,2015-11-09 00:31:56,lengthy,True,False,1 commit
False,2015-11-09 08:52:07,medium,True,False,many commits
False,2015-11-09 09:47:08,very short,True,False,1 commit
False,2015-11-09 11:15:16,medium,False,False,1 commit
True,2015-11-09 15:22:36,very short,False,False,1 commit
True,2015-11-09 15:48:42,very short,True,False,1 commit
False,2015-11-10 10:03:12,short,True,False,1 commit
True,2015-11-10 14:24:25,short,False,False,1 commit
True,2015-11-11 08:32:42,very short,True,False,1 commit
True,2015-11-11 10:57:58,very short,False,False,1 commit
True,2015-11-11 17:27:04,short,True,False,1 commit
False,2015-11-13 08:03:16,medium,True,False,1 commit
False,2015-11-13 09:31:46,medium,True,False,1 commit
False,2015-11-13 09:33:29,medium,True,False,1 commit
True,2015-11-14 12:38:54,very short,False,True,1 commit
True,2015-11-14 18:15:06,short,False,False,1 commit
False,2015-11-14 21:45:52,short,True,False,1 commit
False,2015-11-16 13:42:21,short,True,False,some commits
False,2015-11-17 11:29:17,medium,False,False,1 commit
False,2015-11-17 12:20:30,very short,True,False,1 commit
False,2015-11-18 15:15:15,lengthy,False,False,some commits
True,2015-11-18 22:43:21,medium,False,False,1 commit
False,2015-11-19 10:11:05,very short,False,False,1 commit
False,2015-11-19 10:20:48,lengthy,True,False,many commits
False,2015-11-19 16:57:04,very short,False,False,1 commit
True,2015-11-20 16:59:50,short,True,False,1 commit
True,2015-11-20 18:21:30,medium,True,False,1 commit
False,2015-11-21 19:41:13,lengthy,True,False,some commits
False,2015-11-23 08:02:02,very short,False,True,1 commit
True,2015-11-23 12:20:10,very short,False,False,1 commit
True,2015-11-23 15:12:45,very short,True,False,1 commit
True,2015-11-25 12:59:47,very short,False,True,1 commit
True,2015-11-26 14:41:12,very short,True,False,some commits
False,2015-11-28 03:25:54,lengthy,True,False,some commits
False,2015-11-29 15:32:35,lengthy,False,False,many commits
False,2015-11-30 12:40:41,very short,False,False,some commits
True,2015-11-30 14:59:03,very short,True,False,some commits
False,2015-11-30 19:34:08,medium,False,False,some commits
True,2015-12-01 10:31:54,very short,True,False,1 commit
True,2015-12-01 15:14:56,very short,True,False,some commits
False,2015-12-01 17:05:14,very short,True,False,1 commit
True,2015-12-01 22:24:41,short,True,False,many commits
False,2015-12-03 03:59:04,very short,False,False,1 commit
True,2015-12-04 13:27:51,very short,True,False,some commits
False,2015-12-05 20:59:44,lengthy,True,False,1 commit
False,2015-12-05 22:09:47,medium,True,False,1 commit
False,2015-12-05 22:30:49,medium,True,False,some commits
False,2015-12-06 07:07:25,medium,True,False,many commits
False,2015-12-06 18:26:46,lengthy,False,False,1 commit
True,2015-12-07 01:45:17,lengthy,True,True,1 commit
False,2015-12-07 11:43:15,very short,True,False,1 commit
False,2015-12-07 12:33:37,lengthy,True,True,some commits
False,2015-12-07 15:03:38,medium,False,True,some commits
False,2015-12-07 17:51:30,medium,False,False,1 commit
False,2015-12-08 09:49:09,very short,True,False,1 commit
True,2015-12-08 15:43:59,very short,False,False,1 commit
False,2015-12-08 18:11:24,medium,False,False,1 commit
False,2015-12-09 17:17:54,medium,False,True,1 commit
True,2015-12-09 22:19:07,medium,True,False,1 commit
False,2015-12-10 03:07:57,medium,True,False,many commits
True,2015-12-10 10:56:50,medium,False,True,1 commit
False,2015-12-10 22:23:37,lengthy,False,True,1 commit
False,2015-12-11 13:47:15,short,True,False,1 commit
False,2015-12-11 15:16:13,short,True,False,some commits
True,2015-12-12 13:04:01,short,True,False,1 commit
True,2015-12-12 20:22:28,lengthy,False,True,1 commit
False,2015-12-13 16:04:38,very short,True,False,1 commit
False,2015-12-14 04:49:48,very short,True,False,1 commit
False,2015-12-14 11:33:21,very short,True,False,1 commit
False,2015-12-14 11:34:36,medium,True,False,1 commit
False,2015-12-14 22:10:57,short,True,False,1 commit
False,2015-12-15 04:25:49,medium,False,False,1 commit
False,2015-12-15 15:42:32,very short,True,False,1 commit
False,2015-12-15 16:02:26,short,True,False,1 commit
False,2015-12-15 17:19:06,lengthy,False,True,some commits
False,2015-12-15 21:33:53,medium,False,False,1 commit
False,2015-12-16 06:03:20,short,False,True,1 commit
True,2015-12-16 13:04:52,lengthy,True,False,1 commit
False,2015-12-16 14:51:16,short,True,False,some commits
False,2015-12-17 06:27:49,medium,True,False,1 commit
False,2015-12-17 07:08:46,very short,True,False,1 commit
False,2015-12-17 08:41:58,lengthy,True,False,1 commit
False,2015-12-17 09:12:11,medium,True,False,many commits
False,2015-12-17 11:11:14,very short,True,False,1 commit
False,2015-12-18 06:19:00,short,True,False,1 commit
False,2015-12-18 08:06:24,medium,True,False,1 commit
True,2015-12-18 10:15:44,short,True,False,1 commit
True,2015-12-18 10:40:50,short,True,False,1 commit
True,2015-12-18 10:47:29,short,True,False,1 commit
True,2015-12-18 17:23:09,short,True,False,1 commit
True,2015-12-19 14:44:29,lengthy,False,True,many commits
False,2015-12-21 14:36:56,very short,True,False,1 commit
True,2015-12-21 15:01:00,very short,True,False,1 commit
False,2015-12-21 17:10:00,short,True,False,1 commit
True,2015-12-21 19:02:57,lengthy,True,False,some commits
False,2015-12-22 21:11:38,very short,True,False,some commits
False,2015-12-23 11:23:36,lengthy,False,True,some commits
True,2015-12-23 11:55:07,medium,True,False,1 commit
True,2015-12-23 18:22:11,medium,True,False,1 commit
True,2015-12-24 04:11:14,medium,False,False,1 commit
False,2015-12-24 05:47:27,medium,False,False,1 commit
True,2015-12-24 14:24:34,very short,False,True,1 commit
True,2015-12-26 10:42:49,short,True,False,1 commit
True,2015-12-26 20:59:35,lengthy,True,False,some commits
True,2015-12-27 04:58:18,short,False,True,1 commit
False,2015-12-27 21:09:19,very short,True,False,1 commit
True,2015-12-28 13:01:44,very short,False,True,1 commit
True,2015-12-28 13:56:35,very short,False,False,1 commit
False,2015-12-29 03:33:32,very short,True,False,1 commit
False,2015-12-29 05:04:15,very short,False,False,1 commit
True,2015-12-29 13:37:04,medium,True,False,1 commit
False,2015-12-30 11:30:55,lengthy,False,False,many commits
True,2015-12-30 13:48:49,very short,False,False,1 commit
False,2015-12-31 05:04:06,lengthy,True,False,some commits
True,2016-01-01 15:25:49,lengthy,True,False,1 commit
False,2016-01-02 20:03:28,short,True,False,1 commit
True,2016-01-02 22:15:43,lengthy,False,False,1 commit
False,2016-01-03 14:40:00,medium,True,False,many commits
False,2016-01-03 22:09:52,medium,True,False,some commits
False,2016-01-04 16:45:02,very short,True,False,some commits
True,2016-01-05 10:22:09,very short,True,False,1 commit
True,2016-01-05 14:44:53,short,True,False,1 commit
True,2016-01-05 17:18:44,very short,False,True,1 commit
True,2016-01-05 18:44:13,very short,False,False,1 commit
False,2016-01-05 21:38:21,medium,True,False,some commits
False,2016-01-05 22:16:13,medium,False,False,1 commit
False,2016-01-06 04:53:03,medium,True,False,1 commit
False,2016-01-06 12:03:54,short,True,False,1 commit
False,2016-01-06 12:34:40,short,True,False,1 commit
False,2016-01-07 13:20:59,medium,True,False,1 commit
False,2016-01-08 09:28:12,medium,True,False,1 commit
True,2016-01-08 11:11:35,medium,True,False,1 commit
False,2016-01-11 15:22:25,very short,True,False,1 commit
True,2016-01-11 22:33:19,very short,True,False,many commits
False,2016-01-12 09:00:50,very short,False,True,1 commit
True,2016-01-12 09:24:17,short,True,False,some commits
True,2016-01-12 09:54:44,short,True,False,1 commit
False,2016-01-12 11:21:12,short,True,False,1 commit
True,2016-01-12 15:57:20,lengthy,False,False,some commits
True,2016-01-13 10:52:16,very short,True,False,1 commit
True,2016-01-13 23:25:15,medium,False,False,1 commit
True,2016-01-14 07:58:45,medium,True,False,some commits
True,2016-01-14 13:58:19,very short,True,False,some commits
True,2016-01-14 16:18:33,medium,True,False,1 commit
True,2016-01-14 22:24:10,medium,False,False,1 commit
True,2016-01-15 12:19:33,very short,False,False,1 commit
True,2016-01-15 13:53:02,short,True,False,some commits
False,2016-01-15 16:16:04,medium,True,False,some commits
True,2016-01-15 23:19:25,medium,True,False,1 commit
True,2016-01-16 04:22:12,very short,False,False,1 commit
True,2016-01-16 05:02:37,medium,True,False,1 commit
True,2016-01-16 11:23:14,medium,True,False,many commits
True,2016-01-16 19:05:53,short,True,False,many commits
True,2016-01-17 05:13:48,medium,True,False,1 commit
True,2016-01-17 16:20:19,very short,True,False,1 commit
True,2016-01-18 05:15:21,medium,True,False,1 commit
False,2016-01-18 06:14:12,short,False,True,1 commit
True,2016-01-18 08:26:44,very short,False,False,1 commit
True,2016-01-18 12:26:47,short,True,False,1 commit
True,2016-01-18 15:25:26,short,True,False,some commits
True,2016-01-18 16:50:45,very short,True,False,1 commit
True,2016-01-19 10:06:43,very short,True,False,1 commit
True,2016-01-19 13:43:36,very short,True,False,1 commit
False,2016-01-19 13:58:49,lengthy,False,True,some commits
True,2016-01-19 22:46:35,very short,False,False,1 commit
True,2016-01-20 05:20:30,very short,True,False,1 commit
True,2016-01-20 08:08:48,lengthy,True,False,some commits
False,2016-01-20 11:15:35,medium,False,False,1 commit
True,2016-01-20 11:22:25,very short,True,False,1 commit
True,2016-01-20 14:06:16,very short,True,False,1 commit
True,2016-01-21 13:44:53,very short,True,False,some commits
True,2016-01-21 14:49:10,very short,True,False,1 commit
True,2016-01-21 15:20:42,very short,True,False,1 commit
True,2016-01-21 15:58:28,lengthy,True,False,1 commit
False,2016-01-21 17:17:40,medium,True,False,some commits
False,2016-01-22 00:19:20,very short,False,True,1 commit
True,2016-01-22 10:41:27,very short,True,False,1 commit
False,2016-01-22 10:44:58,lengthy,False,True,some commits
True,2016-01-22 11:12:46,very short,True,False,1 commit
False,2016-01-22 14:27:52,short,True,False,1 commit
True,2016-01-22 15:06:18,lengthy,False,True,some commits
True,2016-01-22 18:50:12,very short,False,False,1 commit
True,2016-01-23 13:30:51,short,False,False,1 commit
True,2016-01-23 21:37:03,lengthy,True,False,many commits
True,2016-01-23 22:00:41,medium,False,True,1 commit
True,2016-01-23 22:55:43,lengthy,True,False,1 commit
True,2016-01-24 04:47:11,short,True,False,1 commit
True,2016-01-24 12:49:22,medium,False,False,1 commit
False,2016-01-25 10:49:47,medium,True,False,1 commit
False,2016-01-25 13:06:36,very short,True,False,1 commit
True,2016-01-25 23:27:16,lengthy,False,False,1 commit
False,2016-01-26 05:42:38,lengthy,False,True,1 commit
False,2016-01-26 16:48:52,lengthy,True,False,1 commit
False,2016-01-27 03:52:04,lengthy,False,True,1 commit
False,2016-01-27 05:02:28,lengthy,True,False,1 commit
False,2016-01-27 07:22:55,lengthy,False,False,1 commit
True,2016-01-27 10:50:05,short,False,True,1 commit
False,2016-01-27 13:35:32,medium,True,False,1 commit
False,2016-01-27 15:09:38,lengthy,False,False,1 commit
False,2016-01-28 05:25:04,lengthy,True,False,1 commit
False,2016-01-28 11:11:29,lengthy,True,True,many commits
False,2016-01-28 14:49:11,medium,False,True,1 commit
False,2016-01-28 16:14:04,medium,True,False,some commits
False,2016-01-28 18:44:28,lengthy,True,False,some commits
False,2016-01-28 21:04:34,medium,False,False,1 commit
False,2016-01-29 14:39:59,medium,True,False,1 commit
False,2016-01-30 04:52:46,lengthy,True,False,1 commit
True,2016-01-30 22:10:47,short,False,False,1 commit
False,2016-01-31 21:49:54,very short,True,False,1 commit
True,2016-02-01 10:30:41,very short,True,False,1 commit
False,2016-02-01 11:53:32,short,True,False,1 commit
True,2016-02-01 20:35:29,medium,False,True,1 commit
False,2016-02-02 07:47:46,very short,True,False,1 commit
False,2016-02-02 11:04:25,short,True,False,1 commit
False,2016-02-02 13:06:43,short,True,False,1 commit
True,2016-02-02 17:15:52,medium,False,True,1 commit
True,2016-02-02 18:53:49,medium,True,True,1 commit
False,2016-02-02 23:30:20,short,False,False,1 commit
False,2016-02-03 11:02:40,medium,True,False,1 commit
False,2016-02-03 12:58:39,short,True,False,1 commit
False,2016-02-04 21:14:38,medium,False,False,1 commit
False,2016-02-05 09:12:33,medium,False,True,1 commit
False,2016-02-05 10:49:54,short,True,False,1 commit
False,2016-02-05 16:05:42,short,True,False,1 commit
False,2016-02-06 18:28:47,lengthy,True,False,1 commit
False,2016-02-08 02:17:59,lengthy,False,True,1 commit
False,2016-02-08 17:22:24,short,True,False,1 commit
False,2016-02-08 20:46:14,very short,False,False,1 commit
False,2016-02-09 07:36:20,medium,True,False,1 commit
False,2016-02-09 08:24:04,very short,True,False,1 commit
False,2016-02-09 13:22:23,very short,True,False,1 commit
False,2016-02-09 15:40:39,very short,False,True,some commits
False,2016-02-10 00:54:50,short,False,True,1 commit
False,2016-02-10 08:17:36,very short,True,False,1 commit
False,2016-02-10 08:41:49,short,True,False,1 commit
False,2016-02-10 11:27:03,short,True,False,1 commit
True,2016-02-10 11:46:47,short,True,False,some commits
False,2016-02-10 14:15:17,very short,True,False,1 commit
True,2016-02-10 14:43:48,short,True,False,1 commit
False,2016-02-10 17:23:36,short,True,False,1 commit
False,2016-02-10 17:37:00,lengthy,False,False,1 commit
False,2016-02-11 17:03:38,lengthy,False,True,1 commit
False,2016-02-11 17:39:43,very short,True,False,1 commit
True,2016-02-11 20:23:01,very short,True,False,1 commit
True,2016-02-12 05:00:47,medium,True,False,1 commit
True,2016-02-12 11:52:41,very short,True,False,1 commit
True,2016-02-12 12:35:01,very short,False,False,1 commit
True,2016-02-12 17:38:35,medium,True,False,1 commit
False,2016-02-12 22:25:54,short,False,False,1 commit
True,2016-02-15 09:46:17,very short,True,False,1 commit
True,2016-02-15 10:12:48,very short,False,True,1 commit
True,2016-02-15 14:05:24,very short,True,False,1 commit
True,2016-02-15 15:21:09,very short,False,True,1 commit
False,2016-02-15 17:35:09,lengthy,True,False,some commits
False,2016-02-16 10:58:13,lengthy,True,True,1 commit
False,2016-02-16 17:09:22,very short,True,False,1 commit
False,2016-02-16 17:48:23,very short,True,False,1 commit
True,2016-02-16 20:57:00,medium,False,False,some commits
True,2016-02-17 11:10:52,short,True,False,1 commit
True,2016-02-17 13:03:58,very short,True,False,1 commit
True,2016-02-18 08:32:30,very short,True,False,1 commit
True,2016-02-18 18:36:19,medium,False,False,1 commit
True,2016-02-19 07:44:35,medium,True,False,1 commit
True,2016-02-19 08:21:35,very short,True,False,1 commit
True,2016-02-19 08:56:07,medium,False,True,some commits
True,2016-02-20 20:43:46,medium,True,False,1 commit
False,2016-02-21 11:14:45,lengthy,True,False,1 commit
True,2016-02-21 23:01:59,very short,False,False,1 commit
False,2016-02-22 23:30:25,very short,False,False,1 commit
True,2016-02-23 05:53:09,lengthy,True,False,1 commit
False,2016-02-23 10:30:51,very short,True,False,some commits
True,2016-02-24 03:58:01,lengthy,True,False,1 commit
True,2016-02-24 14:46:53,very short,True,False,some commits
True,2016-02-24 17:53:34,short,True,False,1 commit
True,2016-02-25 06:06:14,very short,False,False,1 commit
True,2016-02-25 07:45:18,lengthy,True,False,1 commit
True,2016-02-25 14:27:51,very short,True,False,1 commit
True,2016-02-25 22:41:16,very short,False,True,1 commit
True,2016-02-25 23:45:20,short,False,True,1 commit
True,2016-02-26 00:52:57,short,False,True,1 commit
True,2016-02-26 05:49:55,medium,False,True,1 commit
True,2016-02-26 13:56:21,lengthy,True,False,some commits
True,2016-02-26 19:52:09,lengthy,True,False,1 commit
True,2016-02-28 11:56:56,short,True,True,1 commit
True,2016-02-28 14:50:50,very short,False,True,1 commit
True,2016-02-28 17:20:38,medium,False,False,1 commit
True,2016-02-28 21:28:34,lengthy,False,False,1 commit
True,2016-02-29 10:29:10,lengthy,False,True,1 commit
True,2016-02-29 12:25:43,lengthy,False,False,1 commit
True,2016-02-29 12:40:51,lengthy,False,False,1 commit
True,2016-02-29 14:29:57,very short,True,False,1 commit
True,2016-02-29 16:53:06,short,False,False,1 commit
True,2016-02-29 18:39:01,short,False,False,1 commit
False,2016-03-01 09:50:07,very short,True,False,1 commit
True,2016-03-01 14:51:25,medium,True,False,1 commit
True,2016-03-01 15:28:50,lengthy,True,False,some commits
True,2016-03-03 11:45:47,medium,True,False,1 commit
True,2016-03-03 14:20:32,short,False,False,1 commit
True,2016-03-06 13:02:05,short,False,False,some commits
True,2016-03-06 20:03:04,very short,True,False,1 commit
True,2016-03-07 19:54:19,very short,False,True,1 commit
True,2016-03-08 09:22:12,very short,True,False,1 commit
True,2016-03-08 11:34:30,very short,True,False,1 commit
True,2016-03-08 18:18:20,very short,False,False,1 commit
False,2016-03-08 19:35:19,medium,True,False,1 commit
True,2016-03-09 12:32:02,very short,True,False,1 commit
True,2016-03-09 12:57:51,very short,True,False,1 commit
True,2016-03-09 17:03:19,short,True,False,1 commit
True,2016-03-09 21:41:32,short,True,False,many commits
True,2016-03-10 02:31:26,lengthy,True,False,1 commit
True,2016-03-10 09:44:34,medium,True,False,1 commit
True,2016-03-10 11:12:50,short,True,False,1 commit
True,2016-03-10 16:52:44,very short,True,False,1 commit
True,2016-03-11 14:05:55,very short,True,False,1 commit
True,2016-03-12 18:04:31,very short,False,True,1 commit
False,2016-03-13 00:46:27,lengthy,True,False,some commits
True,2016-03-15 14:36:16,very short,True,False,1 commit
True,2016-03-15 15:26:46,very short,True,False,1 commit
True,2016-03-15 15:46:42,very short,True,False,1 commit
True,2016-03-15 18:05:06,short,True,False,1 commit
True,2016-03-15 23:00:15,very short,False,True,1 commit
True,2016-03-16 14:36:24,medium,True,False,1 commit
False,2016-03-16 20:34:23,very short,True,False,1 commit
False,2016-03-16 22:07:49,very short,True,False,1 commit
True,2016-03-17 04:17:56,lengthy,False,True,1 commit
True,2016-03-17 07:30:42,medium,True,False,1 commit
True,2016-03-17 09:00:09,medium,True,False,1 commit
True,2016-03-18 11:29:53,medium,True,False,some commits
True,2016-03-18 14:11:17,very short,True,False,1 commit
True,2016-03-18 16:07:19,very short,True,False,1 commit
True,2016-03-18 20:16:25,medium,False,False,1 commit
True,2016-03-18 20:54:26,very short,False,False,1 commit
False,2016-03-19 10:38:56,lengthy,True,False,many commits
True,2016-03-19 13:53:33,short,True,False,1 commit
True,2016-03-19 15:28:32,lengthy,True,False,1 commit
True,2016-03-19 19:09:19,lengthy,True,False,1 commit
True,2016-03-20 12:30:12,lengthy,True,False,1 commit
True,2016-03-20 17:16:19,very short,False,True,some commits
True,2016-03-21 08:41:03,short,False,False,1 commit
True,2016-03-21 13:37:44,very short,True,False,1 commit
True,2016-03-22 07:37:58,very short,True,False,1 commit
False,2016-03-22 13:13:27,very short,True,False,some commits
True,2016-03-22 14:38:25,short,False,False,1 commit
True,2016-03-22 15:08:15,short,False,False,1 commit
True,2016-03-23 02:59:48,lengthy,False,False,1 commit
True,2016-03-24 07:24:20,very short,False,True,1 commit
False,2016-03-24 16:21:44,lengthy,False,True,many commits
False,2016-03-24 21:09:23,lengthy,True,False,1 commit
True,2016-03-24 21:24:33,medium,True,False,1 commit
True,2016-03-25 03:10:45,lengthy,True,False,1 commit
True,2016-03-25 09:13:36,medium,True,False,1 commit
True,2016-03-26 12:28:42,short,False,False,1 commit
True,2016-03-28 20:34:51,very short,False,False,1 commit
False,2016-03-29 13:13:45,short,True,False,1 commit
False,2016-03-29 13:52:25,very short,True,False,1 commit
False,2016-03-29 14:36:14,very short,True,False,1 commit
True,2016-03-29 16:12:13,short,True,False,1 commit
True,2016-03-30 11:27:59,very short,True,False,1 commit
False,2016-03-31 08:43:40,short,True,False,1 commit
True,2016-03-31 12:19:56,medium,False,True,some commits
True,2016-03-31 12:24:19,very short,True,False,1 commit
True,2016-03-31 21:22:46,very short,False,False,1 commit
False,2016-03-31 23:05:26,medium,True,False,some commits
False,2016-04-01 20:50:15,short,True,False,1 commit
True,2016-04-02 09:52:16,medium,False,True,1 commit
False,2016-04-02 21:22:11,short,False,True,1 commit
False,2016-04-03 08:07:53,lengthy,True,False,1 commit
False,2016-04-03 17:56:09,very short,False,False,1 commit
True,2016-04-03 18:11:16,short,False,False,1 commit
False,2016-04-04 06:52:24,very short,True,False,some commits
False,2016-04-04 09:08:44,lengthy,False,True,some commits
False,2016-04-04 13:12:23,very short,True,False,1 commit
True,2016-04-04 14:01:52,short,True,False,1 commit
False,2016-04-04 15:20:56,very short,False,True,some commits
False,2016-04-04 23:03:40,very short,True,False,some commits
False,2016-04-05 12:51:25,very short,True,False,1 commit
False,2016-04-05 13:28:45,very short,True,False,1 commit
True,2016-04-05 15:10:28,lengthy,True,False,1 commit
False,2016-04-06 08:17:25,very short,False,True,1 commit
True,2016-04-06 10:38:29,short,True,False,some commits
True,2016-04-06 18:42:23,short,False,True,1 commit
True,2016-04-07 11:02:49,very short,True,False,1 commit
False,2016-04-08 03:16:38,medium,False,False,1 commit
True,2016-04-08 08:36:19,very short,True,False,1 commit
False,2016-04-08 21:00:13,lengthy,True,False,some commits
False,2016-04-09 10:52:02,short,True,False,1 commit
False,2016-04-09 23:50:01,medium,True,False,1 commit
False,2016-04-10 15:22:46,lengthy,False,True,many commits
False,2016-04-11 02:20:48,very short,False,True,1 commit
False,2016-04-11 09:09:10,short,True,False,1 commit
False,2016-04-11 17:16:28,short,True,False,1 commit
False,2016-04-12 01:17:38,lengthy,False,True,1 commit
True,2016-04-12 09:26:55,very short,True,False,1 commit
True,2016-04-12 12:31:47,medium,True,False,1 commit
False,2016-04-13 08:55:39,medium,True,False,1 commit
True,2016-04-13 13:14:10,very short,True,False,1 commit
False,2016-04-13 15:34:19,very short,True,False,1 commit
True,2016-04-13 17:26:55,lengthy,False,True,1 commit
True,2016-04-14 06:31:58,lengthy,True,False,1 commit
True,2016-04-14 08:36:21,very short,True,False,some commits
True,2016-04-14 09:40:53,very short,True,False,1 commit
False,2016-04-14 14:04:07,medium,False,True,1 commit
False,2016-04-14 15:34:06,medium,True,False,1 commit
True,2016-04-15 11:59:39,lengthy,False,False,1 commit
True,2016-04-15 14:05:57,very short,True,False,1 commit
False,2016-04-15 14:36:13,medium,True,False,1 commit
False,2016-04-15 15:46:00,lengthy,True,False,1 commit
False,2016-04-16 13:20:22,medium,False,True,1 commit
True,2016-04-16 17:51:18,medium,False,True,1 commit
True,2016-04-17 03:59:06,lengthy,True,False,many commits
False,2016-04-17 15:05:16,lengthy,True,False,1 commit
False,2016-04-17 18:30:57,lengthy,False,True,1 commit
False,2016-04-18 03:37:33,short,False,False,1 commit
False,2016-04-18 07:22:11,short,True,False,1 commit
False,2016-04-18 12:03:30,very short,False,False,some commits
False,2016-04-18 14:22:05,very short,True,False,1 commit
False,2016-04-18 14:49:44,short,False,False,1 commit
False,2016-04-18 18:19:01,very short,False,True,1 commit
False,2016-04-18 21:34:16,lengthy,False,False,1 commit
False,2016-04-19 10:43:19,very short,True,False,1 commit
True,2016-04-19 11:59:53,very short,False,True,1 commit
False,2016-04-19 21:50:17,lengthy,True,False,1 commit
False,2016-04-20 09:44:32,lengthy,True,False,1 commit
False,2016-04-20 21:51:07,lengthy,True,False,1 commit
False,2016-04-20 22:58:12,medium,True,False,1 commit
False,2016-04-21 00:35:39,medium,False,False,1 commit
False,2016-04-21 15:30:46,very short,True,False,some commits
False,2016-04-22 05:04:00,medium,False,False,1 commit
False,2016-04-22 14:35:37,medium,True,False,1 commit
False,2016-04-23 05:39:03,short,True,False,1 commit
False,2016-04-23 05:52:54,lengthy,True,False,1 commit
True,2016-04-23 09:26:47,lengthy,True,False,1 commit
False,2016-04-24 23:04:15,very short,False,False,1 commit
True,2016-04-26 21:08:08,lengthy,True,False,1 commit
False,2016-04-27 13:50:06,short,True,False,some commits
False,2016-04-27 14:58:00,medium,True,False,1 commit
False,2016-04-27 17:17:41,very short,True,False,1 commit
False,2016-04-28 09:05:41,very short,False,False,some commits
False,2016-04-28 10:45:24,very short,True,False,1 commit
False,2016-04-29 13:27:23,very short,False,True,1 commit
False,2016-04-29 19:41:27,very short,False,False,1 commit
False,2016-05-01 06:36:04,medium,False,False,1 commit
False,2016-05-01 10:13:09,very short,True,False,1 commit
False,2016-05-01 21:44:58,very short,False,False,1 commit
False,2016-05-02 01:59:11,medium,True,False,1 commit
False,2016-05-02 07:59:19,medium,True,False,1 commit
False,2016-05-02 13:27:04,medium,True,False,1 commit
True,2016-05-04 02:00:33,lengthy,True,True,1 commit
False,2016-05-04 12:37:05,short,True,False,many commits
False,2016-05-04 14:19:13,very short,True,False,1 commit
False,2016-05-04 15:07:43,medium,True,False,1 commit
False,2016-05-04 17:33:46,very short,False,True,1 commit
False,2016-05-05 13:35:54,very short,True,False,1 commit
False,2016-05-05 19:22:48,very short,False,True,1 commit
False,2016-05-06 00:10:58,very short,False,False,1 commit
False,2016-05-06 06:58:52,medium,True,True,1 commit
False,2016-05-06 19:55:21,very short,True,False,1 commit
False,2016-05-06 20:08:13,very short,True,False,1 commit
False,2016-05-06 22:07:08,lengthy,False,True,some commits
False,2016-05-07 01:03:25,short,False,False,1 commit
False,2016-05-07 09:08:43,short,False,False,some commits
True,2016-05-07 10:59:18,lengthy,True,False,1 commit
False,2016-05-07 16:10:29,short,False,True,1 commit
False,2016-05-07 16:18:34,short,True,False,some commits
False,2016-05-08 19:56:44,very short,True,False,1 commit
False,2016-05-08 20:53:00,lengthy,False,False,many commits
True,2016-05-08 23:31:21,lengthy,True,False,1 commit
False,2016-05-09 04:56:11,short,True,False,1 commit
False,2016-05-09 08:46:01,lengthy,True,False,1 commit
False,2016-05-09 11:07:14,very short,True,False,1 commit
False,2016-05-09 15:38:29,short,True,False,some commits
True,2016-05-10 12:52:45,very short,True,False,1 commit
True,2016-05-10 15:11:42,very short,True,False,1 commit
False,2016-05-11 14:40:13,short,True,False,many commits
False,2016-05-12 09:02:45,lengthy,False,True,1 commit
False,2016-05-12 11:49:52,medium,False,False,1 commit
False,2016-05-12 13:29:38,medium,True,False,many commits
False,2016-05-12 19:48:13,medium,False,True,many commits
False,2016-05-13 04:44:33,lengthy,False,False,some commits
False,2016-05-13 08:34:31,medium,True,False,many commits
True,2016-05-14 09:54:05,lengthy,True,False,1 commit
True,2016-05-14 16:44:02,lengthy,True,False,1 commit
False,2016-05-14 20:36:12,short,True,False,1 commit
False,2016-05-16 00:14:51,lengthy,True,False,1 commit
False,2016-05-17 07:31:11,lengthy,False,False,1 commit
False,2016-05-17 09:13:07,medium,True,False,some commits
False,2016-05-17 20:58:59,medium,False,True,1 commit
False,2016-05-18 12:39:09,short,True,False,many commits
True,2016-05-18 16:50:19,lengthy,True,False,some commits
False,2016-05-18 19:46:06,short,False,True,some commits
False,2016-05-18 22:59:57,very short,True,False,1 commit
False,2016-05-19 08:35:09,very short,True,False,1 commit
True,2016-05-19 10:13:09,lengthy,False,True,many commits
True,2016-05-20 11:50:58,lengthy,True,False,1 commit
False,2016-05-21 18:34:27,short,False,True,some commits
False,2016-05-21 19:27:40,short,False,False,1 commit
False,2016-05-22 17:01:48,very short,False,True,some commits
False,2016-05-23 17:45:44,very short,False,True,some commits
True,2016-05-23 18:14:53,medium,True,False,1 commit
False,2016-05-23 20:08:24,very short,True,False,1 commit
False,2016-05-24 09:26:29,very short,True,False,1 commit
False,2016-05-24 12:33:30,very short,True,False,1 commit
False,2016-05-24 12:42:24,very short,True,False,1 commit
True,2016-05-24 12:42:27,medium,True,False,1 commit
True,2016-05-24 16:29:51,medium,True,False,1 commit
False,2016-05-24 17:13:40,short,True,False,1 commit
False,2016-05-25 22:52:44,lengthy,True,False,1 commit
True,2016-05-26 02:30:41,medium,False,False,1 commit
True,2016-05-26 09:57:49,lengthy,False,False,some commits
True,2016-05-27 15:49:57,short,True,False,1 commit
True,2016-05-27 19:59:24,medium,False,False,1 commit
True,2016-05-29 16:11:31,very short,False,False,some commits
True,2016-05-29 16:22:07,very short,False,True,1 commit
True,2016-05-29 20:07:02,short,True,False,some commits
True,2016-05-31 06:33:32,very short,False,False,1 commit
True,2016-05-31 08:47:10,short,False,True,1 commit
True,2016-05-31 12:17:02,short,True,False,1 commit
True,2016-05-31 17:10:41,very short,True,False,1 commit
False,2016-05-31 17:48:46,very short,True,False,1 commit
True,2016-06-01 11:26:11,short,True,False,1 commit
True,2016-06-01 12:44:21,very short,False,True,some commits
True,2016-06-01 14:14:23,very short,True,False,1 commit
True,2016-06-01 20:10:52,very short,False,False,some commits
True,2016-06-01 22:45:18,very short,False,False,1 commit
True,2016-06-02 00:40:42,very short,False,False,some commits
True,2016-06-02 02:46:48,short,False,False,1 commit
True,2016-06-02 05:38:30,very short,True,False,1 commit
True,2016-06-02 07:26:43,very short,True,False,1 commit
True,2016-06-03 11:46:52,very short,True,False,1 commit
True,2016-06-03 12:30:26,medium,False,True,1 commit
True,2016-06-03 13:56:17,short,False,False,1 commit
True,2016-06-03 20:23:27,short,True,False,1 commit
True,2016-06-04 16:42:05,lengthy,True,False,1 commit
True,2016-06-04 18:26:42,short,True,False,1 commit
True,2016-06-05 10:58:14,medium,True,False,1 commit
True,2016-06-05 19:28:28,very short,True,False,1 commit
True,2016-06-06 07:34:20,very short,False,True,1 commit
True,2016-06-06 09:01:54,lengthy,False,False,many commits
True,2016-06-06 17:20:41,short,False,True,some commits
True,2016-06-06 17:54:51,very short,True,False,1 commit
True,2016-06-07 03:36:27,medium,True,False,1 commit
True,2016-06-07 12:58:59,very short,True,False,1 commit
True,2016-06-07 13:54:11,lengthy,False,True,many commits
True,2016-06-08 10:52:08,medium,True,False,some commits
True,2016-06-08 17:22:44,lengthy,False,True,some commits
True,2016-06-08 17:53:17,lengthy,True,False,1 commit
True,2016-06-09 06:15:14,very short,True,False,1 commit
True,2016-06-09 10:05:36,very short,True,False,1 commit
True,2016-06-09 10:42:36,medium,True,False,1 commit
True,2016-06-10 09:56:07,very short,True,False,some commits
True,2016-06-12 08:45:54,lengthy,False,True,1 commit
True,2016-06-13 02:41:48,lengthy,False,True,many commits
True,2016-06-14 16:38:23,lengthy,True,False,1 commit
True,2016-06-18 14:49:29,short,True,False,1 commit
True,2016-06-20 09:13:24,lengthy,False,True,many commits
True,2016-06-21 04:42:54,very short,False,False,many commits
True,2016-06-21 12:41:26,very short,False,False,many commits
True,2016-06-22 18:25:46,short,False,False,1 commit
False,2016-06-24 08:18:36,lengthy,False,True,some commits
False,2016-06-28 16:27:15,lengthy,False,False,some commits
True,2016-06-28 18:44:59,lengthy,True,True,1 commit
True,2016-06-29 17:29:15,medium,True,False,1 commit
True,2016-06-30 14:49:16,very short,False,True,some commits
True,2016-07-01 16:31:35,medium,True,False,1 commit
True,2016-07-05 13:21:11,lengthy,True,True,some commits
True,2016-07-05 22:08:53,very short,False,False,some commits
True,2016-07-05 23:14:21,short,False,False,some commits
True,2016-07-06 03:29:45,very short,False,False,some commits
True,2016-07-07 14:06:14,very short,False,False,1 commit
True,2016-07-09 00:27:48,short,False,False,1 commit
True,2016-07-09 03:32:06,lengthy,True,False,1 commit
True,2016-07-09 04:32:51,medium,True,False,1 commit
True,2016-07-09 20:19:17,short,False,False,some commits
True,2016-07-10 13:25:52,very short,True,False,1 commit
True,2016-07-13 11:46:00,medium,True,False,some commits
True,2016-07-13 19:46:38,medium,True,False,1 commit
True,2016-07-15 18:01:54,lengthy,True,False,1 commit
False,2016-07-16 06:52:55,lengthy,False,True,1 commit
True,2016-07-17 16:54:46,medium,True,False,1 commit
True,2016-07-18 08:49:28,very short,True,False,1 commit
False,2016-07-18 21:13:31,lengthy,True,False,1 commit
True,2016-07-22 07:02:27,very short,True,False,some commits
True,2016-07-22 13:57:52,medium,True,False,some commits
True,2016-07-22 16:45:46,medium,True,False,1 commit
True,2016-07-22 18:15:00,medium,True,False,1 commit
False,2016-07-23 22:35:21,lengthy,False,False,1 commit
True,2016-07-25 06:43:44,very short,False,False,1 commit
True,2016-07-25 11:05:12,short,True,False,some commits
True,2016-07-26 01:59:00,lengthy,True,False,1 commit
True,2016-07-26 03:47:51,short,True,False,1 commit
True,2016-07-26 13:33:06,short,True,False,1 commit
False,2016-07-28 11:49:00,lengthy,True,False,many commits
True,2016-07-28 18:13:10,lengthy,True,False,some commits
False,2016-07-29 03:12:18,lengthy,True,False,1 commit
True,2016-07-29 13:05:39,very short,True,False,1 commit
True,2016-07-30 14:44:55,lengthy,True,False,some commits
True,2016-07-30 18:04:24,very short,True,False,1 commit
True,2016-07-31 12:58:43,medium,True,False,1 commit
True,2016-07-31 13:31:23,lengthy,True,False,many commits
True,2016-08-01 08:29:29,very short,True,False,1 commit
True,2016-08-02 14:53:35,lengthy,True,False,1 commit
False,2016-08-02 17:43:53,lengthy,False,True,1 commit
False,2016-08-03 04:05:48,lengthy,True,False,1 commit
True,2016-08-03 13:16:13,short,True,False,1 commit
True,2016-08-03 16:44:15,medium,False,True,1 commit
True,2016-08-03 17:42:42,short,False,False,many commits
True,2016-08-05 09:49:45,medium,True,False,1 commit
True,2016-08-07 22:01:27,very short,True,False,1 commit
True,2016-08-08 10:03:10,very short,False,True,some commits
True,2016-08-08 11:27:45,very short,False,True,1 commit
True,2016-08-08 22:48:38,very short,True,False,1 commit
True,2016-08-09 12:01:06,very short,False,False,1 commit
True,2016-08-09 12:42:26,medium,False,False,1 commit
True,2016-08-09 14:31:42,medium,True,False,some commits
True,2016-08-09 14:55:48,lengthy,True,False,1 commit
True,2016-08-09 15:26:53,very short,False,True,1 commit
True,2016-08-09 15:47:55,very short,True,False,1 commit
True,2016-08-10 02:10:01,lengthy,True,False,1 commit
False,2016-08-10 02:16:47,lengthy,True,False,some commits
True,2016-08-10 18:55:53,medium,False,False,1 commit
True,2016-08-11 02:33:28,very short,True,False,1 commit
True,2016-08-11 17:38:07,medium,True,False,1 commit
True,2016-08-12 21:33:23,lengthy,True,False,1 commit
True,2016-08-13 18:11:59,short,False,True,1 commit
True,2016-08-14 00:45:38,short,True,False,1 commit
True,2016-08-14 08:23:45,short,False,False,1 commit
True,2016-08-17 12:22:05,lengthy,True,False,1 commit
True,2016-08-17 13:09:33,medium,True,False,1 commit
True,2016-08-17 20:07:27,very short,False,True,1 commit
True,2016-08-19 02:28:34,medium,True,False,some commits
True,2016-08-19 12:35:05,very short,True,False,1 commit
True,2016-08-21 12:53:55,lengthy,True,False,some commits
True,2016-08-22 03:57:43,short,True,False,1 commit
True,2016-08-22 10:38:57,very short,True,False,1 commit
True,2016-08-22 12:04:33,medium,True,False,1 commit
True,2016-08-22 12:21:18,very short,True,False,some commits
False,2016-08-22 17:07:40,medium,True,False,1 commit
True,2016-08-23 07:30:26,very short,True,False,1 commit
True,2016-08-23 08:45:34,very short,True,False,1 commit
True,2016-08-23 12:04:17,medium,True,False,1 commit
True,2016-08-23 13:08:19,very short,True,False,1 commit
True,2016-08-23 15:34:47,very short,False,True,some commits
True,2016-08-23 16:51:00,very short,False,True,1 commit
True,2016-08-23 21:51:11,short,False,True,some commits
True,2016-08-24 07:29:06,lengthy,True,False,some commits
True,2016-08-24 08:30:06,very short,True,False,1 commit
True,2016-08-24 10:51:28,very short,False,False,1 commit
True,2016-08-24 10:59:17,very short,False,False,1 commit
True,2016-08-24 14:11:55,short,True,False,some commits
True,2016-08-24 15:41:35,medium,True,False,some commits
True,2016-08-25 12:40:34,short,False,True,some commits
True,2016-08-25 21:39:31,medium,False,False,many commits
True,2016-08-26 15:41:00,short,True,False,1 commit
True,2016-08-28 13:00:53,very short,True,False,some commits
True,2016-08-29 12:15:48,very short,True,False,1 commit
True,2016-08-30 08:12:38,medium,True,False,many commits
True,2016-08-30 12:47:44,very short,True,False,1 commit
False,2016-08-30 20:02:31,very short,False,True,1 commit
True,2016-08-31 09:09:12,very short,True,False,1 commit
True,2016-09-01 08:44:22,short,True,False,some commits
False,2016-09-01 14:07:54,lengthy,True,False,1 commit
True,2016-09-01 20:49:28,lengthy,False,False,1 commit
True,2016-09-02 13:08:25,medium,True,False,some commits
True,2016-09-05 09:05:00,very short,False,False,1 commit
True,2016-09-05 21:58:16,short,True,False,some commits
False,2016-09-06 08:31:21,lengthy,True,False,some commits
True,2016-09-06 08:56:58,very short,True,False,1 commit
True,2016-09-06 11:21:50,short,True,False,many commits
True,2016-09-06 19:20:34,very short,False,False,many commits
False,2016-09-07 07:53:24,lengthy,True,False,some commits
True,2016-09-07 22:05:53,medium,False,False,some commits
True,2016-09-08 08:51:07,short,True,False,some commits
True,2016-09-08 20:01:51,lengthy,False,True,many commits
True,2016-09-09 09:19:53,very short,True,False,1 commit
True,2016-09-09 10:28:30,very short,True,False,1 commit
True,2016-09-09 13:59:55,medium,True,False,1 commit
True,2016-09-09 17:21:06,medium,True,False,1 commit
True,2016-09-09 18:33:57,short,True,False,1 commit
True,2016-09-09 23:18:27,lengthy,True,False,some commits
True,2016-09-10 06:11:17,lengthy,True,False,some commits
True,2016-09-11 15:22:11,lengthy,True,False,1 commit
True,2016-09-11 15:31:31,lengthy,True,False,many commits
True,2016-09-11 15:35:39,lengthy,True,False,some commits
True,2016-09-12 12:06:02,very short,True,False,1 commit
True,2016-09-12 13:10:53,very short,True,False,1 commit
True,2016-09-13 08:35:46,very short,True,False,some commits
True,2016-09-13 09:13:30,medium,False,True,some commits
True,2016-09-13 09:47:26,very short,True,False,1 commit
True,2016-09-13 12:26:10,very short,True,False,1 commit
True,2016-09-14 09:42:33,very short,True,False,1 commit
True,2016-09-16 07:54:17,lengthy,False,False,many commits
True,2016-09-16 10:53:31,very short,True,False,1 commit
True,2016-09-18 16:49:49,lengthy,True,False,some commits
True,2016-09-19 16:02:59,very short,True,False,some commits
True,2016-09-20 13:07:54,very short,True,False,some commits
True,2016-09-20 15:44:26,medium,True,False,1 commit
True,2016-09-23 13:03:43,medium,True,False,1 commit
True,2016-09-23 13:40:20,medium,True,False,some commits
True,2016-09-23 13:53:09,very short,True,False,1 commit
True,2016-09-23 16:57:53,lengthy,True,False,some commits
False,2016-09-23 20:54:25,very short,False,False,1 commit
False,2016-09-23 21:27:47,very short,False,False,1 commit
True,2016-09-24 08:29:16,lengthy,True,False,1 commit
True,2016-09-24 15:02:58,very short,False,True,1 commit
True,2016-09-24 15:16:26,lengthy,False,True,many commits
False,2016-09-25 07:31:18,lengthy,False,False,many commits
True,2016-09-26 11:37:00,short,True,False,1 commit
True,2016-09-26 17:08:47,lengthy,True,False,some commits
True,2016-09-27 05:36:41,very short,True,False,some commits
True,2016-09-27 08:36:21,short,True,False,some commits
True,2016-09-27 15:57:09,very short,True,False,1 commit
True,2016-09-28 08:34:22,medium,False,False,some commits
True,2016-09-28 13:58:24,very short,True,False,many commits
True,2016-09-29 11:02:43,very short,True,False,many commits
True,2016-09-29 11:33:41,very short,True,False,1 commit
True,2016-09-29 13:11:16,short,True,False,1 commit
True,2016-09-30 12:16:49,very short,True,False,1 commit
True,2016-09-30 12:54:29,very short,True,False,some commits
True,2016-09-30 13:35:41,very short,True,False,1 commit
True,2016-10-02 20:38:05,short,True,False,1 commit
True,2016-10-03 17:02:23,lengthy,True,False,some commits
True,2016-10-03 18:49:48,lengthy,False,True,some commits
True,2016-10-04 03:08:29,very short,False,False,1 commit
True,2016-10-05 23:07:03,lengthy,True,False,some commits
True,2016-10-06 07:31:56,short,False,True,some commits
False,2016-10-06 20:22:44,very short,False,True,1 commit
True,2016-10-07 11:43:25,very short,True,False,1 commit
True,2016-10-07 12:55:56,lengthy,True,False,some commits
True,2016-10-07 21:59:42,very short,True,False,1 commit
True,2016-10-07 23:49:43,medium,True,False,1 commit
True,2016-10-09 14:41:58,very short,False,False,1 commit
True,2016-10-10 20:54:45,short,False,True,1 commit
True,2016-10-12 06:27:46,lengthy,True,False,some commits
True,2016-10-12 22:56:43,medium,False,True,many commits
False,2016-10-15 22:12:17,lengthy,False,False,many commits
True,2016-10-17 11:19:15,lengthy,True,False,1 commit
True,2016-10-17 11:49:35,short,True,False,some commits
True,2016-10-17 21:05:49,lengthy,True,False,1 commit
True,2016-10-18 12:20:30,very short,True,False,1 commit
True,2016-10-18 17:33:12,short,True,False,1 commit
True,2016-10-18 19:23:35,very short,True,False,1 commit
True,2016-10-19 16:20:50,very short,False,False,some commits
True,2016-10-19 20:31:59,medium,True,False,1 commit
False,2016-10-21 19:00:50,lengthy,False,False,1 commit
True,2016-10-22 19:42:46,short,True,False,1 commit
True,2016-10-23 20:38:34,very short,False,True,1 commit
True,2016-10-24 09:16:36,medium,True,False,1 commit
True,2016-10-25 13:40:00,short,True,True,1 commit
True,2016-10-25 16:29:36,very short,False,False,some commits
True,2016-10-27 06:07:46,very short,True,False,1 commit
True,2016-10-27 12:38:29,short,True,False,1 commit
True,2016-10-27 19:43:10,very short,True,False,1 commit
True,2016-10-28 06:44:28,medium,False,False,1 commit
True,2016-10-28 08:15:10,very short,True,False,1 commit
True,2016-10-28 10:15:35,very short,True,False,some commits
True,2016-10-30 19:58:09,short,False,True,1 commit
True,2016-10-31 09:27:29,very short,True,False,1 commit
True,2016-10-31 11:19:57,short,True,False,1 commit
True,2016-10-31 16:39:19,lengthy,True,False,1 commit
True,2016-10-31 17:12:27,medium,True,False,1 commit
True,2016-10-31 20:27:53,lengthy,False,False,some commits
True,2016-10-31 21:37:04,very short,True,False,some commits
True,2016-11-01 20:30:17,very short,True,False,1 commit
True,2016-11-01 21:30:14,very short,True,False,1 commit
True,2016-11-02 07:08:24,short,False,False,1 commit
True,2016-11-03 10:50:22,lengthy,True,False,1 commit
True,2016-11-03 11:15:48,medium,True,False,1 commit
True,2016-11-04 10:41:27,medium,False,True,some commits
True,2016-11-04 13:28:47,medium,True,False,1 commit
True,2016-11-05 12:53:01,lengthy,True,False,1 commit
True,2016-11-05 23:50:47,lengthy,True,False,many commits
False,2016-11-06 22:07:32,lengthy,True,False,many commits
True,2016-11-07 10:55:43,medium,True,False,some commits
True,2016-11-07 12:48:39,short,True,False,1 commit
True,2016-11-07 15:53:41,medium,True,False,some commits
True,2016-11-08 06:58:41,short,True,False,1 commit
True,2016-11-08 13:19:41,medium,True,False,1 commit
True,2016-11-08 18:24:13,medium,True,False,1 commit
True,2016-11-09 07:37:56,very short,True,False,1 commit
True,2016-11-09 11:42:00,medium,True,False,1 commit
True,2016-11-10 09:13:51,very short,True,False,1 commit
True,2016-11-10 13:15:49,medium,True,False,1 commit
True,2016-11-10 18:35:34,medium,True,False,1 commit
True,2016-11-12 23:19:10,lengthy,False,False,some commits
True,2016-11-13 11:26:35,medium,False,False,some commits
True,2016-11-13 11:56:04,medium,True,False,1 commit
True,2016-11-14 01:32:04,medium,True,False,some commits
True,2016-11-14 23:35:37,lengthy,False,True,1 commit
True,2016-11-16 22:57:45,lengthy,False,True,some commits
True,2016-11-17 00:29:16,medium,False,False,some commits
True,2016-11-17 11:26:19,very short,True,False,1 commit
True,2016-11-17 14:10:15,very short,True,False,1 commit
True,2016-11-17 16:52:22,very short,True,False,1 commit
True,2016-11-18 01:13:58,very short,True,False,1 commit
True,2016-11-18 09:57:17,lengthy,False,False,1 commit
True,2016-11-18 17:29:19,lengthy,True,False,some commits
False,2016-11-19 13:12:17,short,True,False,many commits
True,2016-11-21 12:12:56,short,True,False,1 commit
True,2016-11-22 01:11:18,very short,False,False,1 commit
False,2016-11-22 15:46:41,lengthy,False,True,many commits
True,2016-11-23 09:22:16,lengthy,False,True,some commits
False,2016-11-23 09:58:36,very short,False,True,some commits
True,2016-11-23 10:04:58,very short,False,False,1 commit
True,2016-11-24 09:50:00,very short,True,False,1 commit
True,2016-11-24 18:44:15,lengthy,False,False,some commits
True,2016-11-28 11:56:46,medium,True,False,some commits
True,2016-11-29 11:41:32,medium,True,False,some commits
True,2016-11-30 07:22:33,short,True,False,1 commit
False,2016-12-01 01:49:09,very short,False,True,1 commit
True,2016-12-02 01:50:02,lengthy,False,True,many commits
True,2016-12-02 10:43:41,medium,True,False,1 commit
True,2016-12-02 12:26:07,medium,True,False,some commits
True,2016-12-05 08:17:32,very short,True,False,1 commit
True,2016-12-05 10:08:22,very short,True,False,1 commit
True,2016-12-05 12:48:26,medium,True,False,some commits
True,2016-12-06 09:14:13,short,False,False,1 commit
True,2016-12-06 15:45:37,very short,True,False,1 commit
True,2016-12-07 05:50:20,short,False,True,some commits
True,2016-12-07 08:10:20,very short,True,False,1 commit
True,2016-12-07 16:35:42,medium,False,True,some commits
True,2016-12-08 12:37:06,very short,True,False,1 commit
True,2016-12-08 14:25:52,very short,True,False,1 commit
False,2016-12-13 14:34:47,medium,False,False,1 commit
True,2016-12-14 12:01:33,very short,True,False,many commits
False,2016-12-14 15:25:11,lengthy,False,False,1 commit
True,2016-12-14 23:07:32,lengthy,False,True,1 commit
True,2016-12-15 10:12:43,lengthy,False,False,1 commit
False,2016-12-15 11:35:19,lengthy,True,False,many commits
True,2016-12-15 13:38:51,very short,True,False,1 commit
True,2016-12-16 08:18:23,medium,True,False,1 commit
True,2016-12-16 11:41:37,lengthy,False,True,1 commit
True,2016-12-16 15:59:07,very short,True,False,1 commit
True,2016-12-16 17:11:20,short,True,False,1 commit
True,2016-12-16 19:53:14,lengthy,True,False,some commits
True,2016-12-19 07:05:00,lengthy,True,False,1 commit
True,2016-12-20 08:07:14,very short,True,False,1 commit
True,2016-12-20 21:07:30,lengthy,True,False,some commits
True,2016-12-21 20:24:45,very short,False,False,1 commit
True,2016-12-22 10:41:26,lengthy,True,False,1 commit
True,2016-12-23 10:01:04,lengthy,True,False,some commits
True,2016-12-27 11:44:30,lengthy,False,True,many commits
True,2016-12-30 19:30:19,short,False,True,1 commit
True,2017-01-03 08:56:23,medium,False,False,1 commit
True,2017-01-03 13:43:02,very short,True,False,1 commit
True,2017-01-04 16:40:42,very short,False,False,1 commit
True,2017-01-05 10:02:38,very short,True,False,many commits
True,2017-01-05 19:52:11,lengthy,False,True,1 commit
True,2017-01-10 06:40:34,lengthy,False,True,some commits
True,2017-01-11 16:43:11,lengthy,False,False,1 commit
True,2017-01-12 05:44:33,short,True,False,1 commit
True,2017-01-12 14:49:10,lengthy,False,True,1 commit
True,2017-01-13 09:10:27,medium,False,False,1 commit
True,2017-01-14 12:36:27,medium,False,False,1 commit
True,2017-01-16 06:56:03,short,True,False,some commits
True,2017-01-16 07:52:18,short,True,False,1 commit
True,2017-01-16 14:31:05,short,True,False,1 commit
True,2017-01-16 18:51:29,medium,True,False,1 commit
True,2017-01-18 01:19:30,very short,False,True,1 commit
True,2017-01-18 12:17:39,very short,False,False,1 commit
True,2017-01-18 14:33:02,short,True,False,1 commit
True,2017-01-19 10:22:25,short,True,False,1 commit
False,2017-01-20 04:39:05,medium,False,False,1 commit
True,2017-01-20 17:08:02,medium,False,True,1 commit
True,2017-01-22 12:20:05,very short,False,True,1 commit
True,2017-01-23 15:22:18,lengthy,True,False,1 commit
True,2017-01-23 18:29:19,very short,True,False,1 commit
True,2017-01-24 11:00:01,very short,True,False,1 commit
True,2017-01-24 22:25:38,very short,False,False,some commits
True,2017-01-25 13:51:55,very short,True,False,some commits
True,2017-01-26 03:34:39,very short,False,True,1 commit
True,2017-01-26 13:49:00,lengthy,True,False,some commits
True,2017-01-26 14:12:07,lengthy,True,False,1 commit
True,2017-01-28 13:34:50,medium,True,False,1 commit
True,2017-01-29 15:29:16,very short,True,False,1 commit
True,2017-01-30 08:37:59,lengthy,True,False,many commits
True,2017-01-30 17:53:54,lengthy,True,False,some commits
True,2017-01-31 21:40:31,lengthy,False,True,many commits
True,2017-02-01 15:14:24,medium,False,False,1 commit
True,2017-02-02 22:05:31,very short,False,False,1 commit
True,2017-02-02 22:58:43,very short,True,False,1 commit
True,2017-02-04 06:53:00,short,True,False,1 commit
True,2017-02-04 12:30:02,short,False,True,1 commit
True,2017-02-04 16:17:55,short,False,True,1 commit
True,2017-02-05 19:20:30,short,True,False,some commits
True,2017-02-06 09:41:20,lengthy,True,False,1 commit
True,2017-02-08 05:10:31,medium,True,False,1 commit
True,2017-02-10 17:17:14,medium,True,False,some commits
True,2017-02-12 21:48:49,very short,True,False,1 commit
False,2017-02-13 12:35:05,lengthy,False,True,many commits
True,2017-02-13 16:36:39,very short,True,False,1 commit
True,2017-02-14 07:56:18,very short,False,True,1 commit
True,2017-02-14 12:53:03,lengthy,False,True,some commits
True,2017-02-14 14:56:37,short,True,False,many commits
True,2017-02-14 15:06:49,medium,True,False,1 commit
True,2017-02-14 21:27:44,very short,True,False,some commits
True,2017-02-15 07:06:25,very short,False,True,some commits
False,2017-02-15 11:28:47,lengthy,True,False,some commits
True,2017-02-15 16:44:35,medium,True,False,some commits
True,2017-02-15 18:31:31,medium,True,False,1 commit
True,2017-02-16 13:41:59,medium,False,True,some commits
True,2017-02-16 16:22:27,very short,True,False,1 commit
True,2017-02-16 18:03:22,lengthy,True,False,some commits
True,2017-02-16 22:17:38,medium,True,False,1 commit
True,2017-02-17 11:03:29,very short,False,True,1 commit
True,2017-02-18 14:47:38,short,True,False,1 commit
True,2017-02-20 13:04:04,medium,False,True,1 commit
True,2017-02-20 17:55:56,very short,True,False,1 commit
True,2017-02-21 10:06:10,short,True,False,some commits
True,2017-02-21 11:06:51,very short,True,False,1 commit
True,2017-02-21 13:51:00,lengthy,True,False,some commits
True,2017-02-21 15:14:02,lengthy,True,False,some commits
True,2017-02-22 11:58:20,short,False,True,1 commit
True,2017-02-22 16:59:27,medium,True,False,1 commit
True,2017-02-22 19:53:56,short,True,False,1 commit
True,2017-02-23 14:08:50,very short,True,False,1 commit
True,2017-02-23 16:25:35,very short,True,False,some commits
True,2017-02-25 15:31:23,lengthy,True,False,1 commit
False,2017-02-26 15:46:09,lengthy,True,False,1 commit
True,2017-02-27 13:39:40,short,False,True,some commits
True,2017-02-27 22:52:04,lengthy,False,True,some commits
True,2017-02-27 22:59:14,lengthy,False,True,1 commit
True,2017-02-28 00:03:13,short,False,False,1 commit
True,2017-02-28 02:38:57,very short,False,False,1 commit
True,2017-02-28 19:57:16,very short,False,False,1 commit
True,2017-02-28 21:33:45,lengthy,False,True,some commits
True,2017-03-01 13:49:53,lengthy,True,True,some commits
True,2017-03-01 15:08:49,lengthy,True,False,some commits
True,2017-03-02 10:55:40,very short,True,False,1 commit
True,2017-03-03 15:56:47,lengthy,True,False,1 commit
True,2017-03-05 13:42:12,medium,False,False,1 commit
True,2017-03-05 14:37:18,short,False,False,1 commit
True,2017-03-06 09:44:04,medium,True,False,1 commit
True,2017-03-06 15:07:51,very short,True,False,1 commit
True,2017-03-06 15:27:16,very short,True,False,1 commit
True,2017-03-07 12:44:43,medium,True,False,some commits
True,2017-03-07 12:56:18,very short,True,False,1 commit
True,2017-03-07 14:15:24,short,True,False,1 commit
True,2017-03-07 14:16:47,very short,True,False,1 commit
True,2017-03-07 14:44:51,medium,False,False,1 commit
True,2017-03-07 16:22:04,medium,True,False,some commits
True,2017-03-07 20:37:33,short,False,False,some commits
True,2017-03-08 09:46:52,very short,True,False,1 commit
True,2017-03-08 12:00:24,very short,True,False,1 commit
True,2017-03-08 12:52:23,very short,True,False,1 commit
True,2017-03-08 13:25:59,very short,True,False,1 commit
True,2017-03-08 14:02:10,very short,False,True,1 commit
True,2017-03-08 14:18:44,very short,True,False,1 commit
True,2017-03-08 14:41:24,short,True,False,1 commit
True,2017-03-08 21:11:34,short,False,False,1 commit
True,2017-03-09 00:02:42,medium,True,False,1 commit
False,2017-03-09 00:15:52,lengthy,False,False,1 commit
False,2017-03-09 08:58:19,very short,True,False,1 commit
True,2017-03-09 10:45:25,very short,False,False,1 commit
True,2017-03-09 15:57:24,very short,True,False,1 commit
True,2017-03-09 16:46:41,very short,True,False,1 commit
True,2017-03-10 09:23:43,medium,False,False,some commits
True,2017-03-10 09:49:03,very short,True,False,many commits
True,2017-03-10 19:01:27,short,True,False,1 commit
True,2017-03-12 04:51:30,short,True,False,1 commit
True,2017-03-12 16:09:04,very short,False,False,1 commit
True,2017-03-12 17:57:31,very short,True,False,1 commit
True,2017-03-13 09:20:08,very short,True,False,1 commit
True,2017-03-14 12:18:28,very short,False,False,some commits
True,2017-03-14 14:51:41,very short,True,False,1 commit
True,2017-03-15 13:48:40,short,True,False,many commits
True,2017-03-15 14:01:37,very short,True,False,1 commit
True,2017-03-15 14:04:21,short,True,False,some commits
True,2017-03-15 15:09:32,medium,True,False,1 commit
True,2017-03-15 15:28:05,very short,True,False,some commits
True,2017-03-15 19:32:44,very short,True,False,1 commit
True,2017-03-16 08:12:09,very short,True,False,1 commit
True,2017-03-16 14:17:00,very short,True,False,1 commit
False,2017-03-16 15:41:07,lengthy,True,False,1 commit
False,2017-03-16 23:35:24,very short,True,False,1 commit
True,2017-03-17 05:39:14,very short,True,False,some commits
True,2017-03-17 08:31:26,lengthy,False,True,some commits
True,2017-03-17 09:24:51,very short,True,False,some commits
True,2017-03-17 09:31:44,very short,True,False,1 commit
True,2017-03-19 08:41:15,medium,True,False,1 commit
True,2017-03-20 09:28:01,lengthy,True,False,some commits
True,2017-03-21 12:33:26,very short,False,True,1 commit
True,2017-03-21 21:04:06,medium,False,False,1 commit
True,2017-03-22 09:28:00,lengthy,True,False,many commits
True,2017-03-22 10:01:16,short,False,False,some commits
True,2017-03-22 10:42:07,very short,False,False,1 commit
True,2017-03-22 11:32:34,medium,False,False,some commits
True,2017-03-22 13:56:09,short,True,False,1 commit
True,2017-03-24 08:13:06,medium,True,False,many commits
True,2017-03-24 09:27:51,medium,True,False,1 commit
True,2017-03-24 10:09:51,very short,True,False,1 commit
True,2017-03-24 10:36:48,very short,False,False,some commits
True,2017-03-24 12:02:26,medium,False,True,1 commit
True,2017-03-24 13:18:04,medium,True,False,some commits
True,2017-03-24 16:18:39,medium,True,False,some commits
True,2017-03-27 14:00:20,short,True,False,1 commit
False,2017-03-27 15:11:01,lengthy,True,False,1 commit
True,2017-03-27 15:17:52,very short,False,True,1 commit
True,2017-03-27 18:13:18,lengthy,True,False,1 commit
True,2017-03-28 07:20:25,very short,True,False,1 commit
True,2017-03-29 07:00:29,very short,True,False,1 commit
True,2017-03-29 14:24:00,very short,False,False,some commits
True,2017-03-30 07:07:57,short,False,True,some commits
True,2017-03-31 21:39:53,medium,True,False,1 commit
True,2017-04-01 08:33:51,lengthy,True,False,1 commit
True,2017-04-04 11:46:16,very short,False,True,1 commit
True,2017-04-04 19:39:02,lengthy,False,False,some commits
True,2017-04-10 10:06:41,very short,True,False,1 commit
True,2017-04-10 14:06:12,very short,False,False,1 commit
True,2017-04-10 23:01:57,very short,True,False,1 commit
True,2017-04-11 13:28:57,lengthy,True,False,1 commit
True,2017-04-12 12:50:56,lengthy,True,False,many commits
True,2017-04-12 15:47:08,medium,True,False,1 commit
True,2017-04-12 22:15:26,lengthy,True,False,1 commit
False,2017-04-13 12:58:46,lengthy,False,True,1 commit
True,2017-04-13 13:50:13,very short,True,False,1 commit
True,2017-04-14 08:24:23,very short,False,True,1 commit
True,2017-04-14 16:53:36,lengthy,True,False,some commits
False,2017-04-15 12:37:08,lengthy,False,False,many commits
True,2017-04-17 12:45:36,short,False,True,some commits
True,2017-04-17 17:47:28,medium,False,True,1 commit
True,2017-04-18 07:08:45,short,True,False,1 commit
True,2017-04-18 15:32:37,medium,True,False,1 commit
True,2017-04-18 15:49:09,very short,False,True,1 commit
True,2017-04-19 07:09:35,very short,True,False,1 commit
True,2017-04-19 07:26:00,short,True,False,some commits
False,2017-04-19 18:37:01,lengthy,False,False,many commits
True,2017-04-19 21:47:40,short,False,True,1 commit
True,2017-04-20 12:26:23,lengthy,True,False,many commits
True,2017-04-21 04:41:05,very short,False,False,1 commit
True,2017-04-21 06:00:36,very short,False,False,1 commit
True,2017-04-21 11:08:30,medium,True,False,1 commit
True,2017-04-21 13:25:24,short,True,False,1 commit
True,2017-04-21 20:00:20,medium,False,False,1 commit
True,2017-04-22 20:33:19,short,True,False,1 commit
True,2017-04-24 13:53:25,very short,True,False,1 commit
True,2017-04-25 09:50:51,very short,True,False,1 commit
True,2017-04-25 13:58:29,very short,True,False,some commits
True,2017-04-26 10:52:17,medium,True,False,many commits
True,2017-04-26 12:16:46,medium,True,False,1 commit
True,2017-04-26 13:25:50,short,True,False,1 commit
True,2017-04-26 14:14:31,very short,False,False,1 commit
True,2017-04-26 15:07:25,very short,True,False,1 commit
True,2017-04-27 10:10:32,medium,False,False,1 commit
True,2017-05-01 06:39:50,medium,True,False,many commits
True,2017-05-01 08:01:25,medium,True,False,some commits
True,2017-05-01 15:39:18,short,True,False,1 commit
True,2017-05-01 17:29:48,lengthy,True,False,many commits
True,2017-05-02 02:40:01,very short,False,True,1 commit
True,2017-05-02 13:44:42,very short,True,False,1 commit
True,2017-05-02 15:21:34,short,True,False,some commits
True,2017-05-03 07:25:32,short,False,False,1 commit
True,2017-05-03 16:09:25,lengthy,False,False,some commits
True,2017-05-04 18:50:07,medium,True,False,1 commit
True,2017-05-04 20:55:00,medium,False,True,some commits
True,2017-05-05 07:29:20,very short,True,False,1 commit
True,2017-05-05 10:43:35,medium,False,True,1 commit
True,2017-05-05 11:27:56,very short,True,False,1 commit
True,2017-05-05 12:05:45,very short,True,False,1 commit
False,2017-05-06 01:24:35,lengthy,False,True,1 commit
True,2017-05-06 09:10:31,very short,True,False,1 commit
True,2017-05-07 03:10:10,short,True,False,some commits
True,2017-05-07 04:37:27,lengthy,False,False,many commits
True,2017-05-08 07:21:54,very short,False,True,1 commit
True,2017-05-08 09:09:53,very short,True,False,1 commit
True,2017-05-09 00:50:32,very short,True,False,1 commit
True,2017-05-09 12:08:03,lengthy,True,False,1 commit
True,2017-05-09 16:48:02,lengthy,True,False,many commits
True,2017-05-09 19:43:10,short,False,False,1 commit
False,2017-05-09 20:05:10,short,False,True,1 commit
False,2017-05-09 20:34:47,short,False,False,some commits
True,2017-05-10 14:44:09,lengthy,True,False,many commits
True,2017-05-11 10:44:52,very short,True,False,1 commit
True,2017-05-11 14:26:04,very short,True,False,1 commit
True,2017-05-12 13:43:11,very short,True,False,1 commit
True,2017-05-12 13:49:19,very short,True,False,1 commit
True,2017-05-13 12:02:40,medium,True,False,1 commit
True,2017-05-13 13:08:47,medium,True,False,1 commit
True,2017-05-14 11:31:54,medium,True,False,1 commit
True,2017-05-15 02:34:16,very short,True,False,1 commit
True,2017-05-15 08:59:46,very short,True,False,1 commit
True,2017-05-15 13:36:43,very short,False,False,1 commit
True,2017-05-15 14:50:16,medium,False,True,1 commit
True,2017-05-15 14:52:26,very short,True,False,1 commit
True,2017-05-15 16:06:53,very short,True,False,1 commit
True,2017-05-15 16:46:31,very short,True,False,1 commit
True,2017-05-16 12:24:57,very short,False,False,1 commit
True,2017-05-16 20:05:25,lengthy,True,False,many commits
True,2017-05-17 08:32:12,short,True,False,1 commit
True,2017-05-17 08:32:34,short,True,False,1 commit
True,2017-05-18 06:46:54,short,True,False,some commits
True,2017-05-19 13:23:37,short,False,True,1 commit
True,2017-05-20 10:16:08,short,True,False,1 commit
True,2017-05-20 20:01:09,short,True,False,1 commit
True,2017-05-21 08:22:07,short,True,False,some commits
True,2017-05-22 05:55:33,lengthy,True,False,1 commit
True,2017-05-22 11:25:33,lengthy,True,False,some commits
True,2017-05-22 12:20:57,very short,True,False,many commits
True,2017-05-24 11:39:33,very short,True,False,1 commit
True,2017-05-24 22:19:36,very short,False,False,some commits
True,2017-05-25 19:39:40,very short,False,False,1 commit
True,2017-05-25 20:28:28,very short,False,False,some commits
True,2017-05-25 22:31:22,very short,False,False,some commits
True,2017-05-26 09:16:21,very short,True,False,1 commit
True,2017-05-26 14:11:48,very short,True,False,1 commit
True,2017-05-28 13:14:49,very short,True,False,1 commit
False,2017-05-28 16:11:57,lengthy,False,True,many commits
True,2017-05-29 00:55:43,very short,True,False,1 commit
False,2017-05-29 04:10:39,lengthy,False,True,1 commit
True,2017-05-29 06:54:22,lengthy,False,True,1 commit
True,2017-05-29 09:09:30,very short,False,False,1 commit
True,2017-05-29 09:26:23,very short,True,False,some commits
True,2017-05-29 12:32:24,lengthy,True,False,1 commit
True,2017-05-29 15:01:14,lengthy,True,False,1 commit
True,2017-05-30 15:42:27,medium,True,False,1 commit
True,2017-05-30 20:31:18,lengthy,True,False,1 commit
True,2017-06-01 00:35:03,lengthy,False,True,1 commit
True,2017-06-01 00:37:18,medium,True,False,1 commit
True,2017-06-01 09:03:32,short,True,False,some commits
True,2017-06-01 12:40:24,very short,True,False,some commits
True,2017-06-02 08:42:03,medium,True,False,1 commit
True,2017-06-02 11:27:34,lengthy,True,False,some commits
True,2017-06-03 09:26:18,medium,False,False,many commits
False,2017-06-03 15:11:53,very short,True,False,1 commit
True,2017-06-04 00:12:50,medium,True,False,1 commit
True,2017-06-04 12:30:14,very short,True,False,1 commit
True,2017-06-04 23:47:03,very short,True,False,some commits
True,2017-06-04 23:49:07,medium,True,False,1 commit
True,2017-06-05 01:26:39,short,True,False,some commits
True,2017-06-05 15:40:00,medium,False,True,1 commit
True,2017-06-05 19:49:48,medium,False,True,some commits
True,2017-06-05 20:17:48,lengthy,False,False,many commits
True,2017-06-06 09:03:20,very short,True,False,1 commit
True,2017-06-07 08:37:15,very short,True,False,some commits
True,2017-06-07 11:56:53,medium,True,False,1 commit
True,2017-06-07 12:59:53,short,True,False,1 commit
True,2017-06-08 08:28:24,short,True,False,some commits
True,2017-06-08 09:12:23,short,True,False,1 commit
True,2017-06-08 11:01:47,very short,True,False,some commits
True,2017-06-08 13:05:22,very short,True,False,1 commit
True,2017-06-09 20:18:34,short,False,True,some commits
True,2017-06-10 07:29:53,lengthy,False,False,some commits
True,2017-06-10 21:18:29,medium,False,True,some commits
True,2017-06-12 14:22:28,very short,True,False,1 commit
True,2017-06-12 14:35:35,very short,True,False,1 commit
True,2017-06-12 15:15:08,very short,True,False,1 commit
True,2017-06-12 15:56:23,very short,False,True,1 commit
True,2017-06-13 06:01:32,lengthy,True,False,some commits
True,2017-06-14 05:26:25,very short,True,False,some commits
True,2017-06-14 06:43:47,very short,True,False,some commits
True,2017-06-14 08:40:54,very short,True,False,some commits
True,2017-06-14 10:15:38,very short,False,False,1 commit
True,2017-06-14 11:53:19,very short,True,False,some commits
True,2017-06-14 12:04:26,very short,True,False,1 commit
True,2017-06-15 01:53:07,lengthy,True,False,some commits
True,2017-06-15 07:21:30,very short,True,False,some commits
True,2017-06-15 08:21:49,lengthy,True,False,some commits
True,2017-06-15 12:02:57,medium,True,False,some commits
True,2017-06-15 13:46:08,very short,True,False,some commits
True,2017-06-15 23:23:16,very short,True,False,1 commit
True,2017-06-16 00:10:18,very short,True,False,some commits
True,2017-06-16 05:53:59,lengthy,True,False,some commits
True,2017-06-16 11:50:03,very short,True,False,some commits
True,2017-06-16 13:40:58,lengthy,True,False,1 commit
True,2017-06-17 06:38:07,medium,False,False,some commits
True,2017-06-17 07:13:30,medium,False,False,some commits
True,2017-06-17 08:25:32,medium,False,False,some commits
True,2017-06-17 13:43:30,short,True,False,some commits
True,2017-06-17 20:29:01,lengthy,True,False,some commits
True,2017-06-18 08:45:06,lengthy,True,False,1 commit
True,2017-06-18 13:11:45,very short,True,False,1 commit
True,2017-06-18 13:46:09,short,True,False,some commits
True,2017-06-19 01:51:58,very short,True,False,some commits
True,2017-06-19 03:06:43,lengthy,True,False,some commits
True,2017-06-19 04:44:13,very short,True,False,some commits
True,2017-06-19 13:41:33,very short,False,False,1 commit
True,2017-06-19 14:10:29,very short,True,False,1 commit
True,2017-06-19 14:13:32,very short,True,False,some commits
True,2017-06-19 14:22:42,very short,True,False,some commits
True,2017-06-20 12:39:41,lengthy,True,False,some commits
True,2017-06-20 13:14:26,medium,True,False,1 commit
True,2017-06-22 00:00:09,medium,True,False,1 commit
True,2017-06-22 00:20:05,medium,True,False,1 commit
True,2017-06-22 15:35:45,lengthy,True,False,some commits
False,2017-06-22 20:00:45,lengthy,True,False,some commits
True,2017-06-23 00:12:50,very short,True,False,1 commit
True,2017-06-23 08:32:56,very short,False,True,1 commit
True,2017-06-23 08:48:58,very short,False,False,1 commit
True,2017-06-23 09:27:45,very short,False,False,1 commit
True,2017-06-23 19:00:39,short,False,False,some commits
True,2017-06-24 14:17:12,short,True,False,1 commit
True,2017-06-24 14:48:52,short,True,False,some commits
True,2017-06-24 15:42:58,short,True,False,some commits
True,2017-06-26 10:27:58,short,True,False,1 commit
True,2017-06-26 12:34:42,very short,True,False,some commits
True,2017-06-26 15:43:32,medium,True,False,1 commit
True,2017-06-27 06:15:16,very short,True,False,1 commit
True,2017-06-27 09:50:53,short,True,False,1 commit
True,2017-06-27 10:13:48,medium,True,False,many commits
True,2017-06-27 15:26:16,short,True,False,1 commit
True,2017-06-28 08:52:05,medium,True,False,1 commit
True,2017-06-29 10:01:50,very short,False,False,1 commit
True,2017-06-29 16:33:31,lengthy,False,True,many commits
True,2017-06-29 17:09:14,medium,True,False,some commits
True,2017-06-29 17:15:40,very short,True,False,1 commit
True,2017-06-29 19:34:44,very short,False,True,1 commit
True,2017-07-01 18:23:24,short,False,True,some commits
True,2017-07-01 23:28:16,short,True,False,some commits
True,2017-07-03 07:26:00,very short,True,False,some commits
True,2017-07-03 13:54:03,very short,True,False,some commits
True,2017-07-03 18:24:40,lengthy,True,False,1 commit
True,2017-07-04 11:12:32,very short,True,False,some commits
True,2017-07-04 20:03:45,very short,False,True,1 commit
True,2017-07-05 07:19:14,medium,True,False,many commits
True,2017-07-05 07:55:25,short,True,False,1 commit
True,2017-07-05 09:10:12,very short,True,False,1 commit
True,2017-07-05 14:39:35,short,True,False,1 commit
True,2017-07-06 00:36:30,medium,False,True,some commits
True,2017-07-06 10:00:19,very short,True,False,1 commit
True,2017-07-07 09:31:23,short,True,False,1 commit
True,2017-07-07 16:18:42,lengthy,True,False,some commits
True,2017-07-08 01:46:43,short,False,True,1 commit
True,2017-07-08 19:48:28,short,False,True,1 commit
True,2017-07-10 08:26:11,lengthy,False,False,many commits
True,2017-07-10 16:34:51,short,True,False,some commits
True,2017-07-11 02:21:46,very short,False,True,1 commit
True,2017-07-12 11:13:48,very short,False,True,1 commit
False,2017-07-12 13:42:56,lengthy,True,False,1 commit
True,2017-07-13 10:52:42,very short,True,False,1 commit
True,2017-07-13 13:23:48,lengthy,True,False,some commits
True,2017-07-13 20:12:52,lengthy,False,False,many commits
True,2017-07-14 19:52:28,medium,False,False,1 commit
True,2017-07-14 20:49:57,medium,False,False,1 commit
True,2017-07-14 20:58:03,lengthy,True,False,some commits
True,2017-07-15 03:31:54,short,False,True,1 commit
True,2017-07-15 14:44:32,medium,False,False,some commits
True,2017-07-17 13:15:23,short,True,False,1 commit
True,2017-07-19 08:07:55,very short,True,False,1 commit
True,2017-07-19 13:14:31,lengthy,True,False,some commits
True,2017-07-20 13:52:10,lengthy,True,False,1 commit
True,2017-07-20 15:37:14,very short,True,False,some commits
True,2017-07-21 14:54:25,very short,True,False,some commits
True,2017-07-23 12:20:08,short,True,False,some commits
True,2017-07-23 14:28:24,lengthy,True,False,some commits
True,2017-07-24 10:28:24,very short,True,False,some commits
True,2017-07-24 13:16:51,very short,True,False,1 commit
True,2017-07-24 14:27:21,very short,False,True,1 commit
True,2017-07-25 07:48:59,short,False,True,1 commit
True,2017-07-25 09:13:09,very short,False,False,1 commit
True,2017-07-25 10:09:50,very short,True,False,some commits
True,2017-07-25 14:34:41,lengthy,False,True,1 commit
True,2017-07-25 16:55:48,very short,False,True,some commits
True,2017-07-25 17:36:40,very short,False,False,1 commit
True,2017-07-25 18:20:28,very short,True,False,1 commit
True,2017-07-25 19:42:39,very short,True,False,some commits
True,2017-07-25 19:45:06,very short,False,False,1 commit
True,2017-07-25 19:49:48,short,True,False,1 commit
True,2017-07-25 20:06:11,very short,False,False,1 commit
True,2017-07-25 22:13:12,very short,False,False,1 commit
True,2017-07-26 02:39:25,very short,False,False,1 commit
True,2017-07-26 03:44:25,very short,False,False,many commits
True,2017-07-26 03:53:54,medium,False,True,1 commit
True,2017-07-26 04:27:16,lengthy,False,True,some commits
True,2017-07-26 04:55:56,very short,False,False,1 commit
True,2017-07-26 12:24:40,very short,True,False,1 commit
True,2017-07-26 14:22:55,lengthy,True,False,1 commit
True,2017-07-26 19:32:04,very short,False,False,many commits
True,2017-07-27 02:55:10,very short,False,False,some commits
True,2017-07-27 04:06:29,very short,False,False,1 commit
True,2017-07-27 12:03:36,very short,True,False,1 commit
True,2017-07-27 21:55:10,medium,False,False,many commits
True,2017-07-27 21:56:51,very short,False,False,many commits
True,2017-07-28 17:53:01,medium,False,True,1 commit
True,2017-07-29 14:50:16,short,True,False,some commits
True,2017-07-30 04:51:00,lengthy,False,True,some commits
True,2017-07-30 12:25:37,very short,True,False,1 commit
True,2017-08-02 06:12:32,medium,True,False,some commits
True,2017-08-04 07:32:32,medium,False,False,1 commit
True,2017-08-04 21:22:17,medium,True,False,some commits
True,2017-08-05 05:56:39,very short,False,False,1 commit
True,2017-08-07 02:45:11,medium,True,False,1 commit
True,2017-08-07 04:56:32,very short,False,False,many commits
True,2017-08-07 06:22:30,very short,False,False,many commits
True,2017-08-08 05:39:09,lengthy,True,False,some commits
True,2017-08-08 07:27:45,lengthy,True,False,1 commit
True,2017-08-08 12:48:11,short,True,False,some commits
True,2017-08-08 17:40:43,very short,False,True,1 commit
True,2017-08-09 15:05:56,very short,True,False,1 commit
True,2017-08-11 00:29:16,lengthy,True,False,1 commit
True,2017-08-11 12:36:40,lengthy,True,False,many commits
True,2017-08-11 17:25:13,medium,False,False,1 commit
True,2017-08-14 12:11:11,medium,True,False,1 commit
True,2017-08-14 13:46:46,medium,False,True,1 commit
True,2017-08-14 19:30:05,medium,False,False,1 commit
True,2017-08-15 07:56:10,lengthy,True,False,1 commit
True,2017-08-15 09:44:52,medium,True,False,1 commit
True,2017-08-15 13:48:30,lengthy,True,False,some commits
True,2017-08-16 11:24:45,short,False,True,1 commit
True,2017-08-16 15:37:09,very short,True,False,1 commit
True,2017-08-17 03:22:30,very short,False,False,1 commit
True,2017-08-17 08:12:59,very short,True,False,1 commit
True,2017-08-17 12:31:52,very short,True,False,some commits
True,2017-08-17 15:09:56,very short,False,False,many commits
False,2017-08-18 21:48:00,lengthy,False,False,1 commit
True,2017-08-19 07:03:24,very short,False,False,1 commit
True,2017-08-21 08:46:33,very short,False,False,1 commit
False,2017-08-21 20:10:27,lengthy,False,False,many commits
True,2017-08-22 12:55:43,short,False,False,1 commit
True,2017-08-22 13:33:28,very short,False,True,1 commit
True,2017-08-22 14:03:08,short,True,False,1 commit
True,2017-08-22 23:17:15,lengthy,False,True,1 commit
True,2017-08-23 12:09:21,lengthy,True,True,many commits
True,2017-08-25 06:32:34,lengthy,True,False,some commits
True,2017-08-25 12:22:13,medium,True,False,1 commit
True,2017-08-27 03:24:16,short,True,False,1 commit
True,2017-08-28 09:37:55,lengthy,True,False,1 commit
True,2017-08-30 19:50:09,medium,False,False,some commits
True,2017-09-02 18:37:36,short,False,True,1 commit
True,2017-09-04 08:43:24,medium,True,False,1 commit
True,2017-09-04 09:29:44,medium,True,False,some commits
True,2017-09-04 18:02:30,lengthy,True,False,1 commit
True,2017-09-05 08:26:36,very short,False,False,1 commit
True,2017-09-05 11:50:15,short,True,False,1 commit
True,2017-09-06 21:40:52,very short,False,False,1 commit
True,2017-09-07 07:51:04,medium,True,False,some commits
True,2017-09-07 16:19:26,medium,False,True,1 commit
False,2017-09-08 07:57:28,lengthy,True,False,some commits
True,2017-09-08 13:39:19,lengthy,True,False,many commits
True,2017-09-10 17:51:58,lengthy,False,True,some commits
True,2017-09-10 19:50:24,very short,False,False,some commits
True,2017-09-11 14:05:39,very short,True,False,1 commit
True,2017-09-12 11:02:40,lengthy,True,False,1 commit
True,2017-09-12 13:23:39,medium,True,False,some commits
True,2017-09-13 09:09:58,short,False,False,1 commit
False,2017-09-13 10:20:50,medium,True,False,many commits
True,2017-09-13 12:10:22,medium,True,False,some commits
True,2017-09-13 13:37:58,very short,False,True,1 commit
True,2017-09-15 09:09:25,medium,False,True,1 commit
True,2017-09-15 14:18:00,medium,True,False,1 commit
True,2017-09-16 21:42:51,short,False,False,1 commit
True,2017-09-18 11:02:22,very short,True,False,1 commit
True,2017-09-19 10:28:18,very short,True,False,1 commit
True,2017-09-19 12:50:17,very short,True,False,1 commit
True,2017-09-20 03:11:13,lengthy,False,False,some commits
True,2017-09-20 08:27:57,very short,False,True,1 commit
True,2017-09-20 08:38:02,very short,True,False,1 commit
True,2017-09-20 15:31:39,very short,False,True,1 commit
False,2017-09-21 07:04:13,short,True,False,some commits
True,2017-09-21 09:04:40,short,True,False,many commits
True,2017-09-22 12:15:05,very short,True,False,some commits
True,2017-09-22 13:03:54,very short,True,False,some commits
True,2017-09-23 16:35:25,short,False,False,1 commit
True,2017-09-24 10:22:27,short,True,False,1 commit
True,2017-09-25 10:44:19,medium,True,False,some commits
True,2017-09-25 13:05:28,very short,True,False,1 commit
True,2017-09-25 18:17:06,very short,False,False,1 commit
True,2017-09-26 08:31:17,lengthy,True,False,some commits
True,2017-09-26 08:42:03,very short,True,False,1 commit
True,2017-09-26 09:27:44,very short,False,False,1 commit
True,2017-09-26 10:26:33,very short,True,False,1 commit
True,2017-09-27 13:41:31,very short,True,False,1 commit
False,2017-09-28 10:14:41,lengthy,False,False,many commits
True,2017-09-28 16:12:08,very short,False,True,1 commit
False,2017-09-29 11:07:25,lengthy,True,False,1 commit
True,2017-09-29 18:07:09,medium,True,False,1 commit
True,2017-09-30 17:28:08,lengthy,False,True,1 commit
True,2017-10-01 14:48:08,lengthy,False,False,some commits
True,2017-10-01 15:16:10,lengthy,False,False,1 commit
True,2017-10-02 09:06:23,medium,True,False,1 commit
True,2017-10-02 15:25:15,lengthy,True,False,some commits
True,2017-10-04 03:55:21,short,True,False,1 commit
True,2017-10-04 10:31:47,very short,True,False,1 commit
True,2017-10-05 15:27:56,very short,True,False,1 commit
True,2017-10-05 16:34:47,very short,False,True,1 commit
True,2017-10-05 22:18:37,very short,False,False,1 commit
True,2017-10-06 15:01:20,short,True,False,1 commit
True,2017-10-07 17:45:22,very short,False,False,1 commit
True,2017-10-09 11:29:02,very short,True,False,1 commit
True,2017-10-10 16:48:55,lengthy,False,False,many commits
True,2017-10-11 14:00:40,medium,False,True,1 commit
True,2017-10-13 13:46:19,short,True,False,1 commit
True,2017-10-14 04:54:26,lengthy,True,False,many commits
True,2017-10-14 12:59:39,lengthy,False,False,some commits
True,2017-10-14 23:30:44,medium,False,False,some commits
True,2017-10-15 14:58:00,very short,True,False,1 commit
True,2017-10-15 19:44:22,lengthy,False,False,some commits
True,2017-10-17 19:31:58,medium,True,False,1 commit
True,2017-10-19 05:54:30,medium,True,False,some commits
True,2017-10-19 15:23:07,lengthy,True,False,some commits
True,2017-10-20 00:45:02,lengthy,False,False,1 commit
True,2017-10-20 08:50:40,very short,False,False,1 commit
True,2017-10-22 02:34:43,medium,True,False,1 commit
True,2017-10-22 10:13:10,very short,False,True,1 commit
True,2017-10-23 09:49:12,very short,True,False,1 commit
True,2017-10-23 12:47:14,very short,True,False,1 commit
True,2017-10-23 15:25:31,medium,False,True,1 commit
True,2017-10-24 08:16:40,very short,True,False,1 commit
True,2017-10-24 09:12:32,very short,True,False,1 commit
True,2017-10-24 09:17:03,lengthy,False,True,many commits
True,2017-10-24 13:21:52,medium,True,False,1 commit
True,2017-10-24 14:51:53,very short,True,False,1 commit
True,2017-10-24 16:24:57,very short,True,False,1 commit
True,2017-10-25 16:06:08,medium,True,False,some commits
True,2017-10-27 07:26:11,lengthy,False,True,1 commit
False,2017-10-27 21:49:48,lengthy,False,True,1 commit
True,2017-10-30 08:56:27,very short,True,False,1 commit
True,2017-10-30 09:58:54,very short,True,False,1 commit
True,2017-10-30 10:36:03,very short,True,False,1 commit
True,2017-10-30 11:29:34,very short,True,False,1 commit
True,2017-10-30 12:13:51,very short,True,False,1 commit
True,2017-10-30 12:59:58,very short,True,False,1 commit
True,2017-10-30 13:56:03,very short,True,False,1 commit
True,2017-10-30 15:12:12,short,True,False,1 commit
True,2017-10-30 18:03:21,very short,False,False,1 commit
True,2017-10-31 02:06:39,short,False,True,1 commit
True,2017-10-31 07:39:14,lengthy,False,True,1 commit
True,2017-10-31 11:01:15,lengthy,True,False,1 commit
True,2017-10-31 15:55:44,short,True,False,1 commit
False,2017-11-01 08:34:59,lengthy,True,False,1 commit
True,2017-11-01 09:12:54,very short,True,False,some commits
True,2017-11-01 09:18:33,very short,False,True,1 commit
True,2017-11-01 11:08:23,very short,True,False,some commits
True,2017-11-02 09:57:00,very short,True,False,1 commit
True,2017-11-02 11:44:38,very short,True,False,1 commit
False,2017-11-02 16:24:31,lengthy,True,False,some commits
True,2017-11-02 23:25:39,lengthy,False,True,many commits
True,2017-11-03 10:28:59,medium,False,True,some commits
True,2017-11-03 15:27:29,lengthy,True,False,1 commit
True,2017-11-05 11:38:19,short,True,False,1 commit
True,2017-11-06 02:43:03,very short,False,False,1 commit
True,2017-11-06 04:09:24,medium,False,False,some commits
True,2017-11-06 11:18:13,very short,True,False,1 commit
True,2017-11-06 12:12:45,very short,True,False,1 commit
True,2017-11-06 16:52:12,short,True,False,1 commit
True,2017-11-07 09:53:58,lengthy,True,False,many commits
True,2017-11-07 12:45:42,short,False,True,1 commit
True,2017-11-07 12:47:38,short,True,False,some commits
True,2017-11-07 14:00:41,very short,False,False,1 commit
True,2017-11-08 02:42:42,very short,False,True,some commits
False,2017-11-08 03:47:20,short,False,True,1 commit
False,2017-11-09 13:43:54,lengthy,False,False,many commits
True,2017-11-09 16:14:46,very short,False,True,1 commit
True,2017-11-09 17:17:02,very short,True,False,some commits
True,2017-11-10 14:27:38,very short,False,False,1 commit
True,2017-11-10 23:46:59,short,False,False,1 commit
True,2017-11-13 02:06:40,very short,True,False,some commits
True,2017-11-13 10:16:07,medium,True,False,many commits
True,2017-11-13 13:54:54,very short,True,False,1 commit
True,2017-11-13 14:41:49,short,False,True,many commits
True,2017-11-13 15:44:44,lengthy,True,False,1 commit
True,2017-11-13 16:00:04,very short,True,False,1 commit
True,2017-11-14 00:03:44,medium,False,True,1 commit
True,2017-11-14 09:13:24,very short,True,False,1 commit
True,2017-11-14 10:01:54,very short,True,False,1 commit
True,2017-11-14 10:41:10,very short,True,False,1 commit
True,2017-11-14 11:51:48,lengthy,True,False,1 commit
True,2017-11-14 12:56:00,very short,True,False,1 commit
True,2017-11-14 15:44:12,lengthy,True,False,1 commit
True,2017-11-14 21:48:13,lengthy,False,True,some commits
True,2017-11-15 09:05:48,very short,True,False,1 commit
True,2017-11-15 15:54:38,medium,True,False,1 commit
True,2017-11-15 18:33:42,medium,True,False,some commits
True,2017-11-15 19:29:31,very short,False,True,1 commit
True,2017-11-16 09:45:57,very short,True,False,1 commit
True,2017-11-16 11:28:23,very short,True,False,1 commit
False,2017-11-16 14:01:57,medium,True,False,some commits
True,2017-11-16 19:53:09,medium,False,False,1 commit
True,2017-11-20 10:15:32,medium,True,False,1 commit
True,2017-11-20 14:31:07,lengthy,True,False,1 commit
True,2017-11-20 16:33:06,very short,True,False,1 commit
True,2017-11-20 16:37:58,medium,True,False,1 commit
False,2017-11-20 18:48:49,lengthy,False,True,many commits
True,2017-11-21 09:27:51,short,False,True,1 commit
True,2017-11-21 10:00:07,short,True,False,1 commit
True,2017-11-21 11:27:03,lengthy,False,False,1 commit
True,2017-11-21 12:02:38,lengthy,True,False,1 commit
True,2017-11-21 20:54:44,very short,False,True,1 commit
True,2017-11-22 14:20:57,medium,True,False,1 commit
True,2017-11-22 16:19:22,very short,True,False,1 commit
False,2017-11-23 08:01:06,lengthy,True,False,1 commit
True,2017-11-24 09:04:37,medium,False,False,some commits
True,2017-11-24 11:14:12,lengthy,True,False,1 commit
False,2017-11-24 12:29:06,very short,True,False,1 commit
True,2017-11-24 14:17:07,very short,False,False,1 commit
True,2017-11-24 14:46:58,very short,False,False,1 commit
False,2017-11-24 15:58:21,lengthy,True,False,many commits
True,2017-11-24 17:50:55,medium,False,False,1 commit
True,2017-11-24 20:45:08,medium,False,False,many commits
True,2017-11-28 01:56:48,very short,True,False,1 commit
True,2017-12-01 09:55:31,very short,False,True,1 commit
True,2017-12-01 15:12:23,medium,True,False,1 commit
True,2017-12-02 07:46:07,short,False,False,1 commit
True,2017-12-02 12:17:46,short,False,True,some commits
True,2017-12-02 12:35:06,short,True,False,1 commit
True,2017-12-03 13:46:24,very short,False,True,1 commit
True,2017-12-04 10:01:38,very short,True,False,1 commit
True,2017-12-04 10:06:17,very short,True,False,1 commit
True,2017-12-04 10:38:13,very short,True,False,some commits
True,2017-12-04 13:19:08,very short,True,False,1 commit
True,2017-12-04 20:12:03,lengthy,True,False,1 commit
True,2017-12-05 07:51:17,short,True,False,1 commit
True,2017-12-05 11:18:05,very short,True,False,1 commit
True,2017-12-05 11:30:57,very short,True,False,1 commit
True,2017-12-05 14:16:13,short,True,False,1 commit
True,2017-12-06 06:24:15,very short,True,False,1 commit
True,2017-12-06 17:15:08,lengthy,False,False,many commits
True,2017-12-06 17:38:55,very short,False,True,some commits
True,2017-12-07 11:27:48,very short,True,False,1 commit
True,2017-12-09 15:54:37,lengthy,True,False,some commits
True,2017-12-11 02:36:56,lengthy,True,False,some commits
True,2017-12-11 12:38:52,medium,False,True,some commits
False,2017-12-12 06:42:38,lengthy,False,True,many commits
True,2017-12-12 07:02:35,lengthy,True,False,1 commit
True,2017-12-12 07:51:44,short,False,False,1 commit
True,2017-12-13 12:47:34,very short,False,False,1 commit
True,2017-12-13 14:36:42,very short,True,False,1 commit
True,2017-12-13 18:52:46,lengthy,False,True,1 commit
True,2017-12-14 15:28:07,very short,False,True,1 commit
True,2017-12-15 09:26:44,very short,True,False,1 commit
True,2017-12-15 09:55:40,medium,False,True,some commits
True,2017-12-17 05:06:00,lengthy,False,True,some commits
True,2017-12-17 12:43:14,short,False,False,1 commit
True,2017-12-18 08:39:05,very short,False,True,1 commit
True,2017-12-19 14:01:06,very short,False,True,1 commit
True,2017-12-22 07:27:02,very short,True,False,1 commit
True,2017-12-23 00:28:29,lengthy,False,False,1 commit
True,2017-12-23 01:58:49,short,True,False,1 commit
True,2017-12-25 16:13:55,very short,True,False,1 commit
True,2017-12-26 13:59:09,lengthy,True,False,some commits
True,2017-12-27 12:45:03,medium,False,True,1 commit
False,2017-12-27 19:26:03,lengthy,False,True,1 commit
True,2017-12-28 02:51:49,medium,True,False,1 commit
False,2017-12-28 04:02:31,lengthy,True,False,1 commit
False,2017-12-29 06:31:59,lengthy,True,False,1 commit
True,2017-12-30 11:24:00,lengthy,False,False,many commits
True,2018-01-01 01:25:05,short,False,True,1 commit
True,2018-01-02 05:25:59,short,True,False,1 commit
True,2018-01-02 09:44:48,lengthy,True,False,some commits
True,2018-01-02 14:00:30,very short,False,False,1 commit
True,2018-01-02 19:27:18,very short,False,False,some commits
True,2018-01-02 20:32:07,very short,True,False,1 commit
True,2018-01-03 15:00:47,short,True,False,1 commit
True,2018-01-03 18:47:41,very short,True,False,1 commit
True,2018-01-03 19:57:39,very short,True,False,1 commit
True,2018-01-04 15:49:33,lengthy,True,False,many commits
True,2018-01-04 21:46:49,very short,False,False,1 commit
True,2018-01-04 22:39:59,very short,True,False,1 commit
True,2018-01-05 10:55:59,lengthy,True,False,some commits
False,2018-01-05 17:17:18,medium,True,False,some commits
True,2018-01-05 19:36:28,very short,True,False,1 commit
False,2018-01-05 20:34:32,lengthy,True,False,1 commit
True,2018-01-07 20:01:35,very short,False,False,1 commit
True,2018-01-08 08:16:34,medium,True,True,some commits
True,2018-01-08 19:42:49,very short,False,True,1 commit
True,2018-01-08 19:49:35,lengthy,True,False,many commits
True,2018-01-09 08:10:51,short,True,False,1 commit
True,2018-01-09 16:58:41,very short,True,False,1 commit
True,2018-01-10 10:45:19,very short,True,False,many commits
True,2018-01-10 15:26:36,very short,True,False,1 commit
False,2018-01-11 12:58:04,lengthy,True,False,many commits
True,2018-01-11 15:37:45,medium,True,False,1 commit
True,2018-01-11 16:49:21,medium,True,False,1 commit
True,2018-01-12 06:29:42,medium,True,False,1 commit
True,2018-01-12 07:32:01,medium,True,False,1 commit
True,2018-01-14 15:16:19,medium,False,False,many commits
True,2018-01-15 15:45:33,very short,True,False,1 commit
True,2018-01-15 20:21:20,medium,False,True,some commits
True,2018-01-16 09:21:07,very short,True,False,1 commit
True,2018-01-16 09:50:17,very short,True,False,1 commit
True,2018-01-16 10:07:20,very short,True,False,1 commit
True,2018-01-16 10:21:09,very short,True,False,some commits
True,2018-01-16 12:00:35,very short,True,False,1 commit
True,2018-01-16 14:20:57,very short,True,False,1 commit
True,2018-01-16 19:02:14,short,False,False,many commits
True,2018-01-17 10:41:06,short,True,False,many commits
True,2018-01-17 16:50:30,lengthy,False,True,some commits
True,2018-01-17 17:28:31,short,True,False,some commits
False,2018-01-17 19:44:38,lengthy,False,True,1 commit
True,2018-01-17 20:41:47,lengthy,False,True,some commits
True,2018-01-18 08:08:57,very short,True,False,1 commit
True,2018-01-18 14:30:14,medium,True,False,some commits
True,2018-01-18 14:45:48,medium,True,False,some commits
True,2018-01-19 08:00:25,medium,False,False,1 commit
True,2018-01-19 11:33:48,very short,False,False,1 commit
True,2018-01-19 16:56:29,short,True,False,some commits
True,2018-01-19 19:28:25,short,False,True,1 commit
True,2018-01-22 11:34:45,very short,True,False,1 commit
False,2018-01-22 12:54:27,medium,True,False,some commits
True,2018-01-22 14:36:22,very short,True,False,1 commit
True,2018-01-23 09:49:49,very short,False,False,1 commit
True,2018-01-23 18:17:58,short,False,False,1 commit
True,2018-01-24 10:57:20,medium,True,False,some commits
True,2018-01-24 12:12:16,medium,True,False,many commits
True,2018-01-24 14:16:33,lengthy,False,True,some commits
True,2018-01-25 10:48:47,medium,True,False,some commits
True,2018-01-25 12:33:17,very short,False,False,1 commit
True,2018-01-25 14:30:08,very short,False,True,1 commit
True,2018-01-25 17:25:21,medium,False,True,some commits
True,2018-01-26 08:29:37,lengthy,True,False,1 commit
True,2018-01-26 11:19:01,short,True,False,some commits
True,2018-01-26 14:09:09,short,False,False,1 commit
True,2018-01-27 16:00:34,lengthy,False,True,many commits
True,2018-01-28 10:47:00,medium,True,False,some commits
True,2018-01-29 10:28:50,very short,True,False,some commits
True,2018-01-29 14:18:06,lengthy,False,False,1 commit
True,2018-01-29 15:52:30,very short,True,False,1 commit
True,2018-01-29 16:01:34,lengthy,True,False,many commits
True,2018-01-29 17:12:11,very short,False,False,1 commit
True,2018-01-30 09:02:39,medium,True,False,1 commit
True,2018-01-30 09:52:20,very short,True,False,1 commit
True,2018-01-31 20:47:58,short,True,False,some commits
True,2018-02-01 10:41:24,short,True,False,many commits
True,2018-02-01 10:48:34,very short,True,False,1 commit
True,2018-02-01 12:23:51,very short,True,False,1 commit
True,2018-02-01 15:33:41,very short,True,False,some commits
True,2018-02-01 16:30:49,very short,True,False,some commits
True,2018-02-02 11:39:24,very short,True,False,some commits
True,2018-02-02 12:51:43,lengthy,False,False,1 commit
True,2018-02-02 13:40:42,lengthy,False,False,some commits
True,2018-02-02 20:49:07,lengthy,True,False,1 commit
True,2018-02-04 11:46:17,short,False,True,some commits
True,2018-02-05 16:56:08,lengthy,True,False,1 commit
True,2018-02-05 17:05:27,short,False,False,1 commit
True,2018-02-05 21:43:30,lengthy,True,True,1 commit
True,2018-02-07 16:21:51,very short,False,False,1 commit
False,2018-02-07 19:20:14,lengthy,True,False,many commits
True,2018-02-08 10:59:37,lengthy,False,True,some commits
True,2018-02-10 21:02:17,medium,True,False,1 commit
True,2018-02-11 06:17:21,short,True,False,some commits
False,2018-02-11 07:03:02,short,True,False,some commits
True,2018-02-11 10:41:36,very short,True,False,1 commit
True,2018-02-11 23:29:50,lengthy,True,False,some commits
True,2018-02-12 10:27:08,very short,True,False,1 commit
True,2018-02-12 13:21:48,medium,True,False,1 commit
True,2018-02-13 15:11:12,very short,True,False,1 commit
False,2018-02-13 16:04:30,lengthy,True,False,1 commit
True,2018-02-14 06:06:52,medium,True,False,1 commit
True,2018-02-14 19:25:10,lengthy,False,False,1 commit
True,2018-02-15 10:21:15,medium,False,False,some commits
True,2018-02-15 17:16:13,medium,True,False,many commits
True,2018-02-16 23:15:34,short,False,True,1 commit
True,2018-02-18 08:20:31,lengthy,True,False,many commits
True,2018-02-19 09:47:19,very short,True,False,1 commit
True,2018-02-19 12:25:43,very short,True,False,some commits
True,2018-02-20 05:04:12,short,True,False,many commits
True,2018-02-20 07:48:10,very short,True,False,1 commit
True,2018-02-20 16:08:24,very short,True,False,1 commit
False,2018-02-21 16:18:45,very short,True,False,some commits
True,2018-02-21 17:23:23,very short,True,False,1 commit
True,2018-02-21 20:48:33,very short,False,True,1 commit
True,2018-02-22 07:02:31,very short,True,False,1 commit
False,2018-02-22 08:08:38,lengthy,True,False,1 commit
True,2018-02-22 09:56:48,lengthy,False,True,some commits
True,2018-02-22 10:56:23,very short,False,True,1 commit
True,2018-02-22 18:18:52,very short,False,True,1 commit
False,2018-02-22 19:55:16,lengthy,True,False,some commits
True,2018-02-23 10:34:33,lengthy,True,False,1 commit
True,2018-02-23 12:26:52,very short,False,False,1 commit
True,2018-02-23 15:40:41,medium,False,False,many commits
True,2018-02-24 18:16:41,lengthy,False,False,many commits
True,2018-02-28 15:46:03,very short,False,False,1 commit
True,2018-02-28 16:19:17,very short,False,False,1 commit
True,2018-02-28 18:05:08,very short,False,True,1 commit
True,2018-03-01 23:26:23,lengthy,False,True,some commits
True,2018-03-02 05:51:38,lengthy,True,False,many commits
True,2018-03-02 15:23:37,lengthy,True,False,many commits
True,2018-03-02 16:16:08,medium,True,False,1 commit
True,2018-03-03 07:06:26,medium,True,False,many commits
True,2018-03-03 11:55:04,short,True,False,1 commit
True,2018-03-04 10:01:55,very short,False,True,some commits
True,2018-03-05 18:00:51,lengthy,False,True,some commits
True,2018-03-05 18:01:18,very short,True,False,1 commit
True,2018-03-05 19:55:54,medium,True,False,1 commit
False,2018-03-06 08:04:46,very short,True,False,1 commit
True,2018-03-06 14:05:15,short,True,False,1 commit
True,2018-03-06 15:21:10,very short,True,False,1 commit
True,2018-03-08 12:11:52,lengthy,False,False,many commits
True,2018-03-08 22:16:16,very short,True,False,some commits
True,2018-03-09 19:28:26,medium,False,False,some commits
True,2018-03-12 12:40:49,very short,True,False,some commits
True,2018-03-12 13:20:48,very short,True,False,1 commit
True,2018-03-12 14:12:14,medium,True,False,many commits
True,2018-03-12 16:58:23,medium,True,False,1 commit
True,2018-03-12 19:18:35,very short,True,False,1 commit
True,2018-03-13 04:57:25,very short,True,False,some commits
True,2018-03-13 15:47:31,medium,True,False,many commits
True,2018-03-14 15:24:25,lengthy,True,False,many commits
True,2018-03-15 19:38:19,very short,True,False,1 commit
True,2018-03-15 22:30:23,lengthy,False,True,many commits
True,2018-03-16 07:12:13,very short,False,True,1 commit
True,2018-03-16 07:57:24,medium,True,False,1 commit
False,2018-03-16 08:59:22,lengthy,False,True,many commits
True,2018-03-16 09:02:02,lengthy,False,True,1 commit
True,2018-03-16 13:25:24,lengthy,True,False,many commits
True,2018-03-16 14:50:04,very short,False,True,1 commit
True,2018-03-16 16:20:49,short,True,False,1 commit
True,2018-03-16 18:10:04,short,True,False,1 commit
True,2018-03-18 07:28:18,very short,True,False,1 commit
True,2018-03-19 01:33:29,very short,True,False,many commits
True,2018-03-19 03:21:12,very short,False,False,some commits
True,2018-03-19 04:55:03,very short,True,False,many commits
True,2018-03-19 14:15:57,short,True,False,1 commit
True,2018-03-19 21:14:10,short,True,False,some commits
True,2018-03-20 04:51:02,short,True,False,1 commit
True,2018-03-20 06:59:16,very short,True,False,1 commit
True,2018-03-20 23:37:47,short,True,False,some commits
True,2018-03-21 05:43:30,lengthy,True,False,some commits
True,2018-03-22 11:46:41,medium,False,True,some commits
True,2018-03-26 02:51:37,lengthy,True,False,some commits
True,2018-03-26 06:35:49,medium,True,False,some commits
True,2018-03-26 09:51:44,short,True,False,1 commit
True,2018-03-26 13:35:56,very short,True,False,some commits
True,2018-03-26 15:55:54,very short,True,False,1 commit
True,2018-03-27 01:58:42,very short,True,False,1 commit
True,2018-03-27 10:22:53,medium,True,False,some commits
True,2018-03-27 12:40:14,very short,True,False,some commits
True,2018-03-27 16:54:52,very short,True,False,1 commit
True,2018-03-28 06:21:19,medium,True,False,1 commit
True,2018-03-28 09:29:43,medium,True,False,1 commit
False,2018-03-28 15:39:58,lengthy,True,False,some commits
True,2018-03-28 22:50:55,lengthy,False,True,1 commit
False,2018-03-29 15:23:46,lengthy,False,True,1 commit
True,2018-03-29 22:23:49,medium,False,True,1 commit
True,2018-03-30 23:25:18,lengthy,False,False,some commits
True,2018-03-31 23:22:45,lengthy,False,False,many commits
True,2018-04-01 13:42:01,medium,True,False,some commits
True,2018-04-01 14:25:45,short,True,False,some commits
True,2018-04-01 14:42:56,medium,True,False,some commits
True,2018-04-02 01:01:40,short,False,False,1 commit
True,2018-04-02 02:42:15,lengthy,True,False,1 commit
True,2018-04-03 06:52:32,medium,True,False,1 commit
True,2018-04-03 07:06:29,medium,True,False,1 commit
True,2018-04-03 14:45:27,medium,True,False,some commits
True,2018-04-04 11:56:32,medium,True,False,many commits
True,2018-04-04 14:39:29,very short,True,False,some commits
True,2018-04-05 16:27:41,lengthy,False,False,some commits
True,2018-04-05 23:29:08,medium,True,False,many commits
True,2018-04-06 05:15:34,very short,False,True,1 commit
True,2018-04-07 08:14:07,short,True,False,1 commit
True,2018-04-07 16:10:03,lengthy,True,False,some commits
True,2018-04-08 01:38:59,short,True,False,1 commit
False,2018-04-09 02:55:01,lengthy,True,False,many commits
True,2018-04-11 11:51:09,short,True,False,some commits
True,2018-04-11 15:17:26,very short,True,False,1 commit
True,2018-04-12 12:33:44,lengthy,True,False,1 commit
True,2018-04-12 13:15:40,lengthy,False,True,some commits
True,2018-04-13 08:13:42,medium,True,False,1 commit
True,2018-04-13 13:46:12,medium,False,True,some commits
True,2018-04-13 20:24:33,lengthy,True,False,some commits
True,2018-04-14 08:03:52,very short,True,False,1 commit
True,2018-04-14 18:03:24,short,False,False,1 commit
True,2018-04-15 11:20:32,lengthy,False,False,1 commit
True,2018-04-16 17:00:50,lengthy,False,True,1 commit
True,2018-04-16 17:44:55,medium,False,True,1 commit
True,2018-04-17 12:02:07,short,True,False,1 commit
True,2018-04-18 02:51:23,very short,False,True,1 commit
True,2018-04-18 09:05:35,very short,False,True,1 commit
True,2018-04-18 12:57:11,very short,True,False,1 commit
True,2018-04-18 15:27:17,very short,True,False,1 commit
False,2018-04-18 15:39:33,very short,True,False,some commits
True,2018-04-18 21:18:23,lengthy,False,False,1 commit
True,2018-04-19 08:09:13,very short,False,False,1 commit
True,2018-04-19 16:59:27,lengthy,True,False,some commits
True,2018-04-20 15:58:12,short,True,False,1 commit
True,2018-04-20 21:34:13,lengthy,True,False,some commits
True,2018-04-21 18:55:15,lengthy,False,True,some commits
False,2018-04-22 06:42:54,very short,False,True,some commits
True,2018-04-23 04:44:00,very short,False,False,1 commit
False,2018-04-23 07:00:33,short,False,True,many commits
True,2018-04-23 10:12:31,very short,True,False,1 commit
True,2018-04-23 10:26:28,very short,False,False,1 commit
True,2018-04-23 12:37:44,very short,True,False,1 commit
True,2018-04-23 14:38:25,very short,True,False,1 commit
True,2018-04-24 06:36:03,very short,True,False,1 commit
True,2018-04-24 07:29:13,very short,True,False,1 commit
True,2018-04-24 07:47:51,very short,True,False,1 commit
True,2018-04-24 11:21:31,lengthy,True,False,many commits
True,2018-04-24 14:00:36,very short,True,False,1 commit
True,2018-04-25 03:57:37,short,True,False,some commits
True,2018-04-25 09:09:54,medium,True,False,some commits
True,2018-04-25 15:44:53,medium,False,True,1 commit
True,2018-04-26 05:12:58,lengthy,False,False,1 commit
True,2018-04-26 05:47:44,lengthy,True,False,1 commit
True,2018-04-26 07:53:17,very short,True,False,some commits
True,2018-04-26 21:26:51,lengthy,False,False,some commits
False,2018-04-27 02:11:30,lengthy,False,True,1 commit
True,2018-04-27 10:53:44,medium,True,False,1 commit
True,2018-04-27 16:17:37,lengthy,False,False,some commits
True,2018-04-27 16:52:23,short,True,False,1 commit
True,2018-04-27 16:57:48,short,True,False,1 commit
True,2018-04-28 07:04:20,short,False,False,1 commit
True,2018-04-28 16:47:00,medium,False,False,many commits
True,2018-04-28 16:47:57,very short,True,False,some commits
True,2018-04-28 18:12:20,lengthy,True,False,some commits
True,2018-04-29 11:22:28,lengthy,True,False,many commits
False,2018-04-29 16:14:15,lengthy,False,False,1 commit
True,2018-04-29 18:46:45,very short,True,False,1 commit
True,2018-04-30 08:05:35,very short,True,False,1 commit
True,2018-04-30 13:14:59,medium,True,False,1 commit
True,2018-04-30 14:12:56,lengthy,True,True,1 commit
True,2018-04-30 14:49:16,lengthy,False,False,some commits
True,2018-05-01 08:51:13,short,True,False,1 commit
True,2018-05-01 09:42:25,medium,True,False,1 commit
False,2018-05-01 14:43:11,medium,True,False,some commits
True,2018-05-01 15:23:01,lengthy,False,True,1 commit
True,2018-05-01 15:42:45,lengthy,False,False,many commits
True,2018-05-02 03:19:53,very short,False,True,1 commit
True,2018-05-03 10:27:33,very short,True,False,1 commit
True,2018-05-05 03:45:53,medium,True,True,1 commit
True,2018-05-05 07:40:41,lengthy,True,False,1 commit
True,2018-05-05 22:13:21,short,True,False,1 commit
True,2018-05-07 07:45:35,very short,True,False,1 commit
True,2018-05-07 15:24:05,lengthy,True,False,many commits
True,2018-05-07 17:16:42,lengthy,False,True,some commits
True,2018-05-08 05:40:36,lengthy,True,False,1 commit
True,2018-05-08 09:41:27,very short,True,False,1 commit
True,2018-05-08 21:14:48,lengthy,False,True,some commits
True,2018-05-09 11:54:56,short,True,False,1 commit
True,2018-05-09 16:14:27,short,False,True,1 commit
True,2018-05-11 10:01:44,medium,True,False,1 commit
True,2018-05-12 14:52:41,short,False,True,1 commit
True,2018-05-13 17:13:50,short,False,False,some commits
False,2018-05-14 11:19:12,lengthy,True,False,some commits
True,2018-05-14 12:21:38,very short,True,False,1 commit
True,2018-05-14 13:08:44,very short,True,False,many commits
True,2018-05-14 13:47:35,medium,True,False,some commits
True,2018-05-15 11:28:42,very short,True,False,some commits
True,2018-05-15 13:55:50,very short,True,False,1 commit
True,2018-05-15 16:18:21,very short,True,False,1 commit
True,2018-05-15 18:55:33,very short,False,True,1 commit
True,2018-05-15 19:43:06,very short,False,False,1 commit
True,2018-05-15 22:33:07,medium,True,False,1 commit
True,2018-05-15 22:36:50,medium,True,False,1 commit
True,2018-05-17 09:51:05,very short,True,False,1 commit
True,2018-05-19 07:41:58,medium,True,False,some commits
True,2018-05-21 11:57:47,very short,True,False,1 commit
True,2018-05-22 07:31:21,very short,True,False,1 commit
True,2018-05-22 08:17:28,medium,True,False,1 commit
True,2018-05-22 10:10:22,medium,True,False,1 commit
True,2018-05-22 14:03:43,short,True,False,many commits
False,2018-05-22 15:41:50,lengthy,True,False,some commits
True,2018-05-23 06:21:35,lengthy,True,False,1 commit
True,2018-05-23 15:18:52,short,True,False,some commits
True,2018-05-23 16:24:45,lengthy,False,False,many commits
True,2018-05-23 20:20:34,medium,True,False,many commits
True,2018-05-23 20:35:01,short,False,True,some commits
True,2018-05-23 21:57:13,medium,True,False,some commits
True,2018-05-24 05:22:04,very short,False,True,1 commit
True,2018-05-24 09:31:42,very short,True,False,some commits
True,2018-05-24 22:20:18,very short,False,True,1 commit
True,2018-05-25 11:18:39,lengthy,True,False,some commits
False,2018-05-27 07:55:08,lengthy,False,True,some commits
True,2018-05-27 23:00:10,short,False,False,1 commit
True,2018-05-28 00:54:49,lengthy,True,True,1 commit
True,2018-05-28 05:10:52,short,False,False,some commits
True,2018-05-28 07:43:27,short,True,False,1 commit
True,2018-05-29 10:14:57,very short,True,False,1 commit
True,2018-05-29 21:39:20,short,False,True,1 commit
True,2018-05-30 10:33:36,very short,True,False,1 commit
True,2018-05-30 14:10:54,very short,False,False,1 commit
True,2018-05-31 08:21:53,very short,False,False,some commits
True,2018-05-31 16:18:56,lengthy,True,False,some commits
True,2018-06-01 06:48:41,very short,True,False,1 commit
True,2018-06-01 07:33:37,very short,False,False,1 commit
True,2018-06-01 09:56:50,medium,True,False,1 commit
True,2018-06-01 14:10:19,lengthy,True,False,1 commit
True,2018-06-01 15:07:23,medium,False,False,many commits
True,2018-06-01 17:39:24,short,True,False,1 commit
True,2018-06-04 06:46:55,very short,True,False,1 commit
True,2018-06-04 07:18:26,very short,True,False,1 commit
True,2018-06-04 07:52:47,short,True,False,some commits
False,2018-06-04 08:41:58,lengthy,False,True,1 commit
True,2018-06-04 13:33:01,lengthy,True,False,1 commit
False,2018-06-04 14:49:00,medium,True,False,1 commit
True,2018-06-05 05:45:35,lengthy,False,False,many commits
True,2018-06-05 12:34:04,very short,False,True,1 commit
True,2018-06-06 09:48:15,very short,True,False,1 commit
True,2018-06-06 12:07:21,lengthy,True,False,some commits
True,2018-06-06 21:52:05,lengthy,False,True,many commits
True,2018-06-07 11:52:35,medium,False,False,some commits
False,2018-06-08 13:03:07,lengthy,False,True,1 commit
True,2018-06-09 07:26:42,lengthy,True,False,many commits
True,2018-06-09 08:54:48,medium,True,False,some commits
True,2018-06-11 04:37:13,very short,False,True,1 commit
True,2018-06-14 07:35:02,lengthy,True,False,some commits
False,2018-06-14 21:13:10,lengthy,False,False,some commits
True,2018-06-15 12:37:32,short,True,False,1 commit
True,2018-06-16 18:49:35,short,True,False,1 commit
True,2018-06-16 19:18:59,lengthy,True,False,some commits
True,2018-06-17 13:18:06,medium,True,False,some commits
True,2018-06-17 23:38:43,very short,False,True,1 commit
True,2018-06-18 13:46:42,medium,True,False,some commits
True,2018-06-18 14:04:01,very short,False,True,1 commit
True,2018-06-18 15:01:21,very short,True,False,some commits
True,2018-06-19 11:40:43,very short,False,False,1 commit
True,2018-06-19 20:11:30,medium,True,False,some commits
True,2018-06-20 08:48:24,medium,True,False,1 commit
True,2018-06-20 12:34:17,very short,True,False,1 commit
True,2018-06-21 08:35:33,medium,True,False,1 commit
True,2018-06-21 14:47:35,medium,False,True,1 commit
True,2018-06-24 14:57:32,lengthy,False,False,some commits
True,2018-06-24 19:29:04,very short,False,True,1 commit
False,2018-06-25 08:02:16,lengthy,True,False,many commits
True,2018-06-25 16:14:35,lengthy,False,False,many commits
True,2018-06-26 12:39:06,lengthy,True,False,some commits
True,2018-06-26 20:13:54,very short,False,False,1 commit
True,2018-06-27 06:45:26,lengthy,False,False,many commits
True,2018-06-27 22:42:49,medium,False,True,1 commit
False,2018-06-28 19:08:32,medium,False,True,some commits
True,2018-06-29 09:58:38,very short,False,True,some commits
True,2018-06-29 13:57:01,very short,True,False,1 commit
True,2018-06-29 14:42:23,lengthy,False,True,many commits
True,2018-07-01 10:20:06,medium,True,True,1 commit
True,2018-07-02 11:51:12,very short,True,False,1 commit
True,2018-07-02 14:21:12,very short,True,False,1 commit
True,2018-07-02 15:17:03,very short,True,False,1 commit
True,2018-07-02 20:21:55,very short,True,False,1 commit
True,2018-07-03 07:17:29,very short,True,False,some commits
True,2018-07-03 10:27:56,very short,True,False,1 commit
True,2018-07-03 10:40:30,very short,True,False,some commits
True,2018-07-03 12:23:36,medium,True,False,some commits
True,2018-07-03 13:27:10,very short,True,False,some commits
True,2018-07-04 09:15:41,medium,False,True,1 commit
True,2018-07-05 08:00:07,medium,True,False,some commits
False,2018-07-05 17:42:48,medium,True,False,1 commit
True,2018-07-06 10:53:50,medium,True,False,1 commit
True,2018-07-09 12:42:13,short,True,False,1 commit
True,2018-07-09 16:43:46,lengthy,False,True,some commits
False,2018-07-09 19:58:18,lengthy,True,False,some commits
True,2018-07-10 10:55:14,short,True,True,1 commit
True,2018-07-10 16:13:52,very short,True,False,1 commit
True,2018-07-10 20:22:22,medium,False,False,some commits
True,2018-07-11 11:01:43,very short,True,False,some commits
False,2018-07-12 07:13:08,lengthy,True,False,many commits
True,2018-07-12 18:09:02,very short,False,False,1 commit
True,2018-07-12 18:17:38,lengthy,False,True,many commits
True,2018-07-15 09:52:05,very short,False,False,some commits
False,2018-07-15 21:18:58,lengthy,False,True,some commits
True,2018-07-16 05:23:12,lengthy,True,False,1 commit
True,2018-07-16 15:46:14,lengthy,True,False,some commits
True,2018-07-17 18:46:11,very short,True,False,1 commit
True,2018-07-18 00:11:21,medium,False,False,1 commit
True,2018-07-18 14:46:11,very short,True,False,1 commit
True,2018-07-18 15:04:03,very short,False,False,1 commit
True,2018-07-18 15:26:49,short,False,False,1 commit
False,2018-07-18 15:34:32,lengthy,False,True,some commits
True,2018-07-18 15:55:50,very short,False,True,some commits
True,2018-07-18 15:57:35,very short,False,True,some commits
True,2018-07-18 16:01:29,very short,False,True,many commits
True,2018-07-18 16:25:46,very short,False,True,many commits
True,2018-07-18 17:05:05,short,False,True,many commits
True,2018-07-18 17:40:53,short,False,True,many commits
True,2018-07-18 20:59:24,medium,False,True,some commits
True,2018-07-19 20:13:14,medium,False,False,1 commit
True,2018-07-19 20:24:25,very short,False,False,some commits
False,2018-07-19 22:57:10,medium,True,False,1 commit
True,2018-07-21 12:31:10,medium,False,True,many commits
True,2018-07-24 16:07:08,lengthy,False,True,some commits
True,2018-07-25 08:39:06,lengthy,True,False,1 commit
False,2018-07-25 20:48:26,lengthy,True,False,many commits
False,2018-07-27 07:39:35,lengthy,False,True,1 commit
True,2018-07-27 11:53:09,medium,True,False,some commits
True,2018-07-28 04:34:04,lengthy,False,False,some commits
True,2018-07-28 14:58:06,lengthy,True,False,many commits
True,2018-07-30 08:33:06,lengthy,True,False,1 commit
True,2018-07-30 11:23:00,very short,True,False,1 commit
True,2018-07-30 14:07:41,very short,True,False,1 commit
False,2018-07-31 13:10:52,short,True,False,some commits
True,2018-07-31 15:37:11,very short,True,False,some commits
True,2018-07-31 16:19:58,lengthy,True,False,1 commit
True,2018-07-31 16:21:51,very short,True,False,many commits
True,2018-07-31 19:09:43,medium,False,False,many commits
True,2018-07-31 19:34:04,very short,False,True,1 commit
True,2018-07-31 20:00:24,lengthy,False,False,some commits
True,2018-08-01 08:06:04,very short,False,True,1 commit
True,2018-08-02 09:44:14,very short,True,False,1 commit
True,2018-08-02 10:06:03,lengthy,True,False,1 commit
False,2018-08-04 16:07:42,very short,True,False,1 commit
True,2018-08-04 18:26:45,lengthy,False,True,many commits
True,2018-08-05 13:31:27,short,False,False,some commits
True,2018-08-06 08:17:43,very short,True,False,1 commit
True,2018-08-06 12:19:11,lengthy,False,True,1 commit
True,2018-08-07 17:35:00,short,True,False,1 commit
True,2018-08-07 18:15:23,short,False,True,some commits
True,2018-08-08 05:53:51,lengthy,False,True,some commits
True,2018-08-08 12:22:41,very short,True,False,1 commit
True,2018-08-09 10:29:39,lengthy,True,False,1 commit
True,2018-08-09 10:55:21,very short,True,False,1 commit
False,2018-08-10 09:25:24,very short,False,True,1 commit
True,2018-08-10 19:15:18,very short,False,True,some commits
True,2018-08-12 18:17:25,medium,False,False,some commits
True,2018-08-12 20:38:32,very short,False,True,1 commit
True,2018-08-13 20:50:25,very short,False,True,1 commit
True,2018-08-14 15:19:21,short,True,False,1 commit
True,2018-08-15 08:34:44,medium,True,False,some commits
False,2018-08-15 12:32:06,lengthy,True,False,1 commit
True,2018-08-17 10:00:46,short,True,False,1 commit
True,2018-08-17 17:14:15,medium,True,False,some commits
True,2018-08-18 19:17:33,short,False,False,some commits
True,2018-08-19 09:17:58,very short,False,True,1 commit
False,2018-08-20 02:13:30,very short,True,False,1 commit
True,2018-08-20 10:10:06,lengthy,True,False,some commits
True,2018-08-23 08:51:33,very short,True,False,1 commit
True,2018-08-23 15:28:11,medium,False,False,1 commit
True,2018-08-24 11:39:38,medium,True,False,1 commit
True,2018-08-24 13:51:14,medium,True,False,1 commit
True,2018-08-25 06:05:27,lengthy,True,False,many commits
True,2018-08-25 22:52:40,lengthy,False,True,1 commit
True,2018-08-26 13:42:41,lengthy,False,True,some commits
False,2018-08-27 20:44:18,lengthy,False,True,some commits
True,2018-08-28 07:06:26,lengthy,False,False,many commits
True,2018-08-28 14:10:33,medium,True,False,1 commit
True,2018-08-29 10:14:20,medium,False,True,1 commit
True,2018-08-29 14:56:23,medium,True,False,some commits
True,2018-08-30 05:39:07,medium,True,False,some commits
True,2018-09-03 15:07:41,lengthy,True,False,1 commit
True,2018-09-04 18:28:14,lengthy,False,True,many commits
True,2018-09-06 13:51:57,medium,True,False,some commits
True,2018-09-06 14:22:32,medium,True,False,some commits
True,2018-09-06 14:30:16,lengthy,True,False,1 commit
True,2018-09-06 15:56:16,lengthy,False,True,1 commit
True,2018-09-07 09:58:52,very short,False,True,1 commit
True,2018-09-10 08:49:51,medium,False,False,1 commit
True,2018-09-10 08:56:53,very short,False,False,1 commit
True,2018-09-11 16:46:39,lengthy,True,False,1 commit
True,2018-09-12 07:57:19,medium,True,False,1 commit
True,2018-09-12 11:09:20,very short,False,False,1 commit
True,2018-09-12 12:50:15,short,True,False,1 commit
True,2018-09-12 17:03:09,very short,False,False,some commits
True,2018-09-13 14:41:28,lengthy,True,False,some commits
True,2018-09-14 12:19:56,very short,True,False,1 commit
True,2018-09-14 20:06:08,lengthy,False,True,1 commit
True,2018-09-15 06:31:26,short,True,False,1 commit
True,2018-09-16 14:41:25,lengthy,False,True,many commits
True,2018-09-18 10:49:22,very short,True,False,1 commit
True,2018-09-19 07:42:33,very short,True,False,some commits
True,2018-09-20 08:01:03,lengthy,False,False,many commits
False,2018-09-20 09:29:35,lengthy,True,True,1 commit
True,2018-09-20 10:35:17,medium,True,False,many commits
True,2018-09-20 12:32:50,short,True,False,some commits
True,2018-09-21 07:33:13,lengthy,True,False,1 commit
True,2018-09-21 08:07:35,medium,True,False,some commits
True,2018-09-21 08:13:30,lengthy,False,False,some commits
True,2018-09-21 09:29:36,very short,True,False,1 commit
True,2018-09-21 11:26:43,very short,True,False,some commits
True,2018-09-21 12:09:49,lengthy,True,False,many commits
False,2018-09-24 01:50:43,lengthy,False,False,1 commit
True,2018-09-25 10:44:22,lengthy,True,False,some commits
True,2018-09-25 20:19:35,very short,False,True,some commits
True,2018-09-26 10:51:13,short,True,False,some commits
True,2018-09-26 13:07:54,short,True,False,some commits
True,2018-09-26 20:04:22,very short,True,False,some commits
True,2018-09-27 09:31:12,medium,True,False,some commits
True,2018-09-27 15:08:41,very short,True,False,1 commit
True,2018-09-27 16:11:46,medium,True,False,1 commit
False,2018-09-28 00:33:52,very short,False,False,1 commit
False,2018-09-30 20:07:37,medium,False,True,1 commit
True,2018-10-01 10:35:30,medium,True,False,some commits
True,2018-10-02 06:04:34,lengthy,True,False,some commits
True,2018-10-02 06:45:57,very short,False,False,1 commit
True,2018-10-02 07:07:06,very short,False,False,1 commit
False,2018-10-02 09:13:52,very short,True,False,1 commit
True,2018-10-02 13:31:06,very short,True,False,1 commit
True,2018-10-03 07:41:10,short,False,False,some commits
True,2018-10-03 12:23:22,lengthy,False,False,many commits
True,2018-10-04 15:17:47,medium,False,True,some commits
True,2018-10-04 19:01:39,lengthy,False,False,some commits
True,2018-10-05 09:34:11,medium,True,False,1 commit
True,2018-10-05 11:45:00,medium,True,False,1 commit
True,2018-10-05 14:23:56,medium,True,False,some commits
True,2018-10-07 18:53:30,lengthy,True,False,many commits
True,2018-10-08 10:46:12,very short,True,False,1 commit
True,2018-10-08 12:08:56,very short,False,True,1 commit
True,2018-10-09 06:15:26,short,True,False,1 commit
True,2018-10-09 10:27:06,short,True,False,1 commit
True,2018-10-09 13:15:38,lengthy,True,False,many commits
True,2018-10-10 12:40:56,medium,True,False,1 commit
True,2018-10-10 17:04:09,short,True,False,1 commit
True,2018-10-11 12:41:08,medium,False,False,1 commit
True,2018-10-12 05:05:16,very short,False,True,1 commit
True,2018-10-12 07:34:23,lengthy,False,False,some commits
True,2018-10-12 14:52:04,very short,True,False,1 commit
True,2018-10-12 20:13:14,lengthy,True,False,some commits
True,2018-10-15 04:28:36,very short,False,False,1 commit
False,2018-10-15 13:47:04,lengthy,True,False,some commits
True,2018-10-15 20:56:55,very short,True,False,1 commit
True,2018-10-16 08:57:36,very short,True,False,1 commit
True,2018-10-17 12:36:50,very short,True,False,1 commit
True,2018-10-17 16:45:35,lengthy,True,False,some commits
True,2018-10-18 14:05:05,medium,True,False,1 commit
True,2018-10-23 08:55:20,short,True,False,1 commit
True,2018-10-25 18:59:36,lengthy,True,False,some commits
False,2018-10-30 16:26:21,lengthy,True,False,many commits
True,2018-10-31 08:48:26,medium,True,False,some commits
True,2018-10-31 10:00:13,lengthy,False,True,1 commit
True,2018-11-01 09:56:19,medium,True,False,1 commit
True,2018-11-01 10:22:47,short,False,False,some commits
True,2018-11-01 22:07:01,lengthy,False,False,many commits
True,2018-11-01 22:39:13,very short,True,False,1 commit
True,2018-11-01 22:56:34,medium,True,False,many commits
True,2018-11-01 23:11:36,medium,True,False,1 commit
True,2018-11-02 10:24:58,short,True,False,some commits
True,2018-11-02 12:23:53,medium,True,False,1 commit
True,2018-11-02 15:10:47,short,True,False,some commits
True,2018-11-03 14:17:27,lengthy,True,False,many commits
True,2018-11-04 02:55:35,short,True,False,some commits
True,2018-11-05 15:29:44,very short,True,False,1 commit
True,2018-11-05 16:26:11,very short,True,False,some commits
True,2018-11-06 17:11:15,short,True,False,1 commit
True,2018-11-06 18:48:49,very short,True,False,1 commit
True,2018-11-07 21:19:45,short,False,False,some commits
True,2018-11-08 11:31:45,very short,True,False,1 commit
True,2018-11-08 13:11:22,very short,True,False,1 commit
True,2018-11-08 15:13:37,lengthy,True,False,many commits
True,2018-11-09 06:56:25,very short,True,False,1 commit
True,2018-11-10 09:29:21,short,True,False,1 commit
True,2018-11-10 21:26:42,medium,True,False,some commits
True,2018-11-11 09:28:33,short,True,False,some commits
True,2018-11-11 20:55:44,lengthy,False,True,many commits
True,2018-11-12 08:11:45,short,True,False,1 commit
True,2018-11-12 19:14:30,very short,False,False,1 commit
True,2018-11-12 22:29:47,lengthy,False,False,some commits
True,2018-11-14 08:24:44,short,False,False,many commits
True,2018-11-14 15:58:26,very short,True,False,some commits
True,2018-11-14 16:48:48,lengthy,True,False,some commits
True,2018-11-15 10:43:29,very short,False,True,1 commit
True,2018-11-15 16:49:31,medium,True,False,1 commit
True,2018-11-16 12:57:12,lengthy,True,False,many commits
True,2018-11-16 13:07:49,short,True,False,1 commit
True,2018-11-16 15:59:34,short,True,False,1 commit
True,2018-11-17 22:03:34,short,False,False,1 commit
True,2018-11-18 14:55:30,very short,True,False,1 commit
True,2018-11-19 08:41:04,lengthy,True,False,1 commit
True,2018-11-19 16:12:34,lengthy,True,False,some commits
True,2018-11-20 15:52:28,short,False,False,1 commit
True,2018-11-21 08:25:25,lengthy,False,True,some commits
False,2018-11-21 20:21:12,lengthy,False,False,1 commit
True,2018-11-22 12:02:14,short,True,False,1 commit
True,2018-11-22 15:48:20,lengthy,True,False,1 commit
True,2018-11-23 01:59:31,lengthy,True,False,1 commit
True,2018-11-23 20:25:47,lengthy,True,False,some commits
True,2018-11-25 12:49:33,medium,True,False,1 commit
True,2018-11-26 02:22:54,medium,True,False,some commits
True,2018-11-26 09:15:30,medium,False,False,many commits
True,2018-11-26 12:08:06,medium,True,False,1 commit
True,2018-11-26 12:55:02,short,True,False,1 commit
True,2018-11-27 03:27:50,lengthy,True,False,some commits
True,2018-11-27 08:40:09,medium,True,False,1 commit
True,2018-11-27 11:09:32,medium,False,False,1 commit
True,2018-11-27 14:53:44,short,True,False,1 commit
True,2018-11-27 16:54:02,medium,True,False,some commits
True,2018-11-29 12:49:08,very short,True,False,1 commit
True,2018-11-30 11:24:14,very short,True,False,1 commit
True,2018-11-30 21:20:21,medium,False,False,1 commit
True,2018-12-01 06:26:53,short,True,False,some commits
True,2018-12-01 14:12:57,short,False,True,1 commit
True,2018-12-01 17:34:08,medium,True,False,some commits
False,2018-12-02 13:22:04,short,True,False,1 commit
True,2018-12-02 19:05:24,short,False,False,some commits
False,2018-12-03 09:14:42,very short,True,False,1 commit
True,2018-12-03 09:15:09,very short,True,False,1 commit
True,2018-12-03 12:46:28,short,True,False,some commits
False,2018-12-03 14:07:43,short,True,False,1 commit
True,2018-12-03 14:18:52,very short,True,False,1 commit
True,2018-12-04 00:45:22,very short,False,False,1 commit
False,2018-12-04 05:09:18,short,False,False,many commits
True,2018-12-04 09:21:22,very short,True,False,1 commit
True,2018-12-04 10:48:05,very short,True,False,many commits
True,2018-12-04 11:22:11,very short,True,False,1 commit
True,2018-12-04 11:29:50,very short,True,False,1 commit
True,2018-12-05 10:04:58,very short,True,False,1 commit
True,2018-12-05 14:19:42,short,False,True,1 commit
True,2018-12-05 20:09:51,very short,True,False,1 commit
True,2018-12-05 21:01:23,lengthy,False,True,some commits
True,2018-12-06 00:10:59,medium,False,True,some commits
True,2018-12-06 07:58:57,lengthy,False,False,many commits
True,2018-12-06 08:27:47,lengthy,False,True,1 commit
True,2018-12-06 13:05:54,very short,True,False,many commits
True,2018-12-06 15:40:58,lengthy,True,False,1 commit
True,2018-12-06 16:20:20,medium,False,False,some commits
True,2018-12-06 17:43:54,very short,True,False,some commits
True,2018-12-06 19:37:48,medium,True,False,1 commit
True,2018-12-07 16:13:26,short,True,False,1 commit
True,2018-12-07 18:50:36,lengthy,False,True,some commits
True,2018-12-07 21:29:03,lengthy,True,False,1 commit
True,2018-12-07 22:30:49,lengthy,True,False,1 commit
True,2018-12-08 20:15:26,short,False,False,1 commit
True,2018-12-08 21:31:52,medium,True,False,some commits
True,2018-12-09 22:08:17,very short,True,False,1 commit
True,2018-12-09 22:08:36,very short,True,False,1 commit
True,2018-12-09 22:08:57,very short,True,False,1 commit
True,2018-12-09 22:09:52,short,True,False,some commits
True,2018-12-09 22:10:35,very short,True,False,1 commit
True,2018-12-10 14:52:53,very short,True,False,1 commit
True,2018-12-11 09:55:40,short,True,False,1 commit
True,2018-12-11 13:46:04,very short,True,False,1 commit
True,2018-12-14 11:04:46,lengthy,False,False,1 commit
True,2018-12-16 21:51:19,short,False,False,1 commit
True,2018-12-17 07:14:43,very short,True,False,1 commit
True,2018-12-17 22:22:47,short,False,False,1 commit
True,2018-12-18 11:52:48,very short,True,False,1 commit
True,2018-12-18 13:42:15,lengthy,True,False,many commits
True,2018-12-18 15:39:30,very short,True,False,1 commit
True,2018-12-19 14:25:18,lengthy,True,False,many commits
True,2018-12-20 06:39:02,short,False,False,1 commit
True,2018-12-20 18:41:59,very short,True,False,1 commit
True,2018-12-20 22:42:06,very short,False,True,1 commit
True,2018-12-21 08:09:24,very short,True,False,some commits
True,2018-12-21 10:46:10,very short,True,False,1 commit
True,2018-12-21 12:57:14,lengthy,True,False,1 commit
True,2018-12-21 14:35:50,lengthy,True,False,1 commit
True,2018-12-26 11:17:42,lengthy,True,False,1 commit
True,2018-12-30 13:34:00,lengthy,True,False,1 commit
True,2018-12-30 22:17:06,short,True,False,1 commit
True,2018-12-31 12:13:56,short,True,False,1 commit
True,2019-01-01 00:57:47,short,True,False,many commits
True,2019-01-01 19:29:34,medium,True,False,1 commit
True,2019-01-02 03:26:32,very short,True,False,1 commit
True,2019-01-02 15:44:59,lengthy,True,False,some commits
True,2019-01-03 08:44:51,short,False,True,some commits
True,2019-01-04 20:12:40,medium,True,False,some commits
True,2019-01-04 22:31:34,short,True,False,1 commit
True,2019-01-07 14:49:02,medium,True,False,some commits
True,2019-01-07 14:59:34,very short,True,False,1 commit
True,2019-01-07 21:05:04,very short,False,False,1 commit
True,2019-01-08 18:32:48,very short,False,False,1 commit
True,2019-01-08 20:07:42,very short,True,False,1 commit
True,2019-01-08 21:20:29,medium,True,False,some commits
True,2019-01-08 21:41:45,very short,True,False,1 commit
True,2019-01-09 14:47:31,medium,True,False,some commits
True,2019-01-10 12:04:46,medium,False,True,some commits
True,2019-01-11 16:27:53,lengthy,True,False,some commits
True,2019-01-11 21:30:39,medium,True,False,1 commit
True,2019-01-12 17:40:39,medium,True,True,1 commit
False,2019-01-15 00:14:51,lengthy,True,False,1 commit
True,2019-01-15 04:50:31,lengthy,True,False,many commits
True,2019-01-15 06:45:21,very short,True,False,1 commit
True,2019-01-16 10:45:34,short,True,False,1 commit
True,2019-01-17 18:00:10,lengthy,True,False,some commits
True,2019-01-17 18:14:36,lengthy,True,False,1 commit
True,2019-01-18 14:23:32,lengthy,True,False,many commits
True,2019-01-18 20:16:31,short,False,False,1 commit
True,2019-01-21 07:52:02,medium,True,False,1 commit
True,2019-01-21 08:42:12,lengthy,True,False,1 commit
True,2019-01-28 12:16:55,medium,True,False,1 commit
True,2019-01-28 13:15:02,very short,True,False,1 commit
True,2019-01-29 01:35:13,medium,False,True,1 commit
True,2019-01-29 10:29:10,very short,True,False,1 commit
False,2019-01-29 14:20:52,lengthy,False,False,1 commit
True,2019-01-29 15:25:43,very short,True,False,some commits
True,2019-01-29 15:32:56,short,True,False,1 commit
True,2019-01-30 15:40:13,lengthy,True,False,many commits
False,2019-01-31 01:45:51,short,True,False,1 commit
True,2019-01-31 09:57:16,medium,False,False,1 commit
True,2019-01-31 14:59:07,medium,True,False,some commits
True,2019-01-31 17:04:46,medium,False,True,some commits
True,2019-01-31 17:05:40,very short,False,True,1 commit
True,2019-01-31 18:15:55,medium,True,False,1 commit
True,2019-02-03 18:26:32,short,True,False,1 commit
True,2019-02-04 09:35:44,medium,False,False,1 commit
True,2019-02-04 09:46:40,short,False,False,1 commit
True,2019-02-05 15:38:31,very short,True,False,1 commit
True,2019-02-05 16:34:51,very short,True,False,1 commit
True,2019-02-06 10:43:05,short,True,False,1 commit
True,2019-02-08 07:15:29,medium,True,False,1 commit
True,2019-02-08 08:41:56,medium,True,False,1 commit
True,2019-02-08 14:29:36,lengthy,False,False,some commits
True,2019-02-10 22:29:13,short,False,True,some commits
False,2019-02-11 10:20:15,medium,True,False,some commits
True,2019-02-11 11:50:09,very short,True,False,1 commit
True,2019-02-12 08:16:38,very short,True,False,1 commit
False,2019-02-12 16:14:08,lengthy,False,False,1 commit
True,2019-02-13 12:49:42,lengthy,True,False,1 commit
True,2019-02-13 13:53:46,very short,True,False,1 commit
True,2019-02-14 09:40:29,very short,True,False,1 commit
True,2019-02-14 10:03:44,very short,True,False,1 commit
True,2019-02-14 11:30:22,lengthy,True,False,1 commit
True,2019-02-14 17:23:50,medium,True,False,1 commit
True,2019-02-14 23:52:16,short,False,False,1 commit
True,2019-02-15 01:38:38,very short,True,False,some commits
True,2019-02-18 09:07:44,medium,True,False,some commits
True,2019-02-18 09:54:14,lengthy,True,False,many commits
True,2019-02-18 17:25:30,lengthy,True,False,many commits
True,2019-02-18 17:58:04,short,True,False,1 commit
False,2019-02-19 09:56:04,lengthy,True,False,1 commit
True,2019-02-19 11:39:17,short,True,False,some commits
True,2019-02-19 12:13:42,short,True,False,some commits
True,2019-02-19 12:14:28,short,True,False,some commits
True,2019-02-20 07:48:04,medium,True,False,some commits
True,2019-02-20 15:59:13,very short,True,False,1 commit
True,2019-02-21 09:18:07,lengthy,True,False,1 commit
False,2019-02-21 11:26:59,lengthy,True,False,1 commit
True,2019-02-22 08:21:33,very short,False,True,1 commit
True,2019-02-22 14:26:20,medium,False,False,some commits
True,2019-02-25 19:19:48,medium,False,True,some commits
True,2019-02-26 11:24:42,medium,True,False,some commits
False,2019-02-26 16:03:20,lengthy,False,False,some commits
True,2019-03-01 07:29:50,medium,False,True,1 commit
True,2019-03-01 18:29:21,short,True,False,1 commit
True,2019-03-04 10:35:44,medium,False,False,many commits
True,2019-03-04 12:49:01,short,True,False,1 commit
True,2019-03-04 15:18:29,medium,True,False,1 commit
True,2019-03-04 17:39:52,very short,True,False,1 commit
False,2019-03-05 15:54:29,lengthy,True,False,many commits
True,2019-03-05 16:31:53,very short,False,False,1 commit
True,2019-03-06 04:25:12,lengthy,False,False,some commits
True,2019-03-06 14:49:24,lengthy,False,True,many commits
True,2019-03-06 16:22:14,lengthy,True,False,many commits
True,2019-03-06 21:42:30,medium,False,False,some commits
True,2019-03-07 07:05:10,very short,False,True,many commits
True,2019-03-07 16:03:26,very short,True,False,1 commit
True,2019-03-08 07:40:35,very short,False,False,1 commit
True,2019-03-11 08:58:03,very short,True,False,some commits
True,2019-03-11 14:28:32,lengthy,True,False,1 commit
True,2019-03-12 19:32:11,short,True,False,1 commit
True,2019-03-13 06:51:08,short,True,False,some commits
True,2019-03-13 10:19:33,very short,False,True,1 commit
True,2019-03-13 13:49:02,very short,False,False,1 commit
True,2019-03-14 06:44:52,very short,True,False,1 commit
True,2019-03-15 15:55:41,lengthy,True,False,many commits
True,2019-03-15 16:09:45,medium,True,False,some commits
True,2019-03-18 11:08:05,very short,True,False,1 commit
True,2019-03-18 14:07:42,short,True,False,some commits
True,2019-03-18 17:03:57,medium,True,False,1 commit
True,2019-03-19 04:04:57,short,True,False,1 commit
True,2019-03-19 09:45:54,lengthy,True,False,many commits
True,2019-03-19 10:22:41,medium,True,False,some commits
True,2019-03-19 14:24:20,medium,True,False,many commits
True,2019-03-19 14:28:32,very short,True,False,1 commit
True,2019-03-20 09:18:24,very short,True,False,some commits
True,2019-03-20 09:26:48,very short,True,False,1 commit
True,2019-03-22 13:39:46,very short,True,False,1 commit
True,2019-03-22 15:36:03,lengthy,False,True,some commits
True,2019-03-22 15:55:19,medium,True,False,many commits
True,2019-03-26 09:15:59,medium,True,False,1 commit
True,2019-03-26 11:05:19,medium,False,False,1 commit
True,2019-03-26 11:10:36,very short,False,False,1 commit
True,2019-03-26 16:30:55,very short,True,False,1 commit
True,2019-03-27 12:48:07,medium,True,False,some commits
True,2019-03-27 12:49:40,very short,True,False,1 commit
True,2019-03-27 23:28:50,short,False,False,1 commit
True,2019-03-28 07:48:28,lengthy,True,False,1 commit
True,2019-03-28 11:12:12,medium,True,False,1 commit
True,2019-03-28 12:54:34,medium,False,False,1 commit
True,2019-03-28 13:19:09,lengthy,False,False,many commits
True,2019-03-28 15:22:11,very short,False,True,1 commit
True,2019-03-29 11:10:08,very short,True,False,some commits
True,2019-03-31 04:19:15,short,False,True,1 commit
True,2019-03-31 05:15:51,medium,False,True,1 commit
True,2019-04-01 06:32:52,very short,True,False,1 commit
True,2019-04-01 11:30:38,medium,True,False,many commits
True,2019-04-01 13:50:35,very short,False,True,1 commit
True,2019-04-01 15:44:49,very short,True,False,some commits
True,2019-04-01 17:41:59,short,True,False,many commits
True,2019-04-01 19:14:28,medium,True,False,many commits
True,2019-04-02 12:41:06,lengthy,False,True,some commits
True,2019-04-03 06:32:56,short,True,False,some commits
True,2019-04-03 07:19:47,short,True,False,1 commit
True,2019-04-03 11:43:47,very short,True,False,1 commit
True,2019-04-03 15:11:36,very short,True,False,1 commit
True,2019-04-04 09:09:03,short,True,False,many commits
True,2019-04-04 10:36:07,very short,True,False,1 commit
True,2019-04-04 12:57:14,very short,True,False,1 commit
True,2019-04-04 13:22:57,very short,True,False,1 commit
True,2019-04-05 04:22:08,lengthy,False,False,1 commit
True,2019-04-05 15:15:23,lengthy,True,False,many commits
True,2019-04-05 15:21:58,medium,True,False,1 commit
True,2019-04-06 17:45:18,short,False,False,1 commit
True,2019-04-07 17:20:48,medium,False,True,some commits
True,2019-04-08 12:48:11,lengthy,False,False,some commits
True,2019-04-08 12:49:41,lengthy,True,False,some commits
True,2019-04-10 11:35:09,medium,True,False,1 commit
True,2019-04-12 20:33:34,short,False,False,1 commit
True,2019-04-13 00:46:16,short,True,False,1 commit
True,2019-04-13 01:42:31,medium,True,False,some commits
True,2019-04-14 17:17:50,very short,True,False,1 commit
True,2019-04-14 20:13:48,short,False,False,some commits
True,2019-04-15 07:27:13,very short,True,False,1 commit
True,2019-04-15 07:59:40,medium,True,False,1 commit
True,2019-04-15 13:02:41,very short,True,False,some commits
True,2019-04-15 13:11:53,short,True,False,some commits
True,2019-04-15 13:28:54,short,True,False,many commits
True,2019-04-15 13:47:49,very short,True,False,some commits
True,2019-04-16 07:22:44,very short,True,False,1 commit
True,2019-04-16 08:26:29,very short,True,False,1 commit
True,2019-04-16 09:30:48,very short,True,False,1 commit
True,2019-04-17 12:57:18,medium,True,False,some commits
True,2019-04-17 13:44:50,medium,True,False,many commits
True,2019-04-18 10:53:22,lengthy,True,False,many commits
True,2019-04-18 13:45:15,very short,True,False,1 commit
True,2019-04-19 04:55:51,medium,False,False,1 commit
True,2019-04-19 06:13:50,medium,False,True,some commits
True,2019-04-19 11:24:18,medium,True,False,1 commit
True,2019-04-19 13:54:12,medium,True,False,1 commit
True,2019-04-20 08:25:22,medium,True,False,many commits
True,2019-04-23 09:01:50,very short,True,False,some commits
True,2019-04-23 09:09:46,very short,True,False,some commits
True,2019-04-23 09:14:27,very short,True,False,1 commit
True,2019-04-23 09:21:18,very short,False,False,1 commit
True,2019-04-23 13:32:35,medium,True,False,some commits
True,2019-04-23 15:51:26,very short,False,True,1 commit
True,2019-04-24 12:23:25,lengthy,False,False,many commits
True,2019-04-25 14:55:36,medium,True,False,many commits
True,2019-04-26 17:08:16,medium,False,True,some commits
True,2019-04-27 19:39:41,short,True,False,some commits
True,2019-04-30 08:17:48,very short,True,False,1 commit
True,2019-04-30 10:04:06,very short,True,False,1 commit
True,2019-04-30 16:32:38,very short,True,False,some commits
True,2019-05-01 10:03:01,very short,True,False,1 commit
True,2019-05-02 07:48:42,short,True,False,many commits
True,2019-05-02 09:24:49,very short,True,False,some commits
True,2019-05-02 14:29:07,very short,True,False,some commits
True,2019-05-02 17:10:29,medium,False,False,1 commit
True,2019-05-03 10:46:07,short,True,False,1 commit
True,2019-05-03 12:21:55,medium,False,False,many commits
True,2019-05-05 09:15:01,short,False,True,some commits
True,2019-05-06 09:07:48,very short,True,False,1 commit
True,2019-05-06 18:05:11,very short,False,False,some commits
True,2019-05-07 12:53:44,very short,True,False,1 commit
True,2019-05-08 14:19:44,medium,True,False,many commits
True,2019-05-08 14:45:56,medium,True,False,1 commit
True,2019-05-13 13:08:16,very short,True,False,1 commit
True,2019-05-14 12:07:20,short,True,False,1 commit
True,2019-05-14 12:09:50,medium,True,False,1 commit
True,2019-05-14 13:11:11,very short,True,False,1 commit
True,2019-05-16 10:08:15,medium,False,True,some commits
True,2019-05-16 10:49:23,medium,True,False,1 commit
True,2019-05-16 12:09:20,very short,True,False,1 commit
True,2019-05-16 14:15:59,medium,True,False,some commits
True,2019-05-16 14:21:03,medium,True,False,1 commit
True,2019-05-17 07:17:42,medium,True,False,1 commit
True,2019-05-20 09:25:36,medium,True,False,many commits
True,2019-05-20 11:14:11,medium,False,False,some commits
True,2019-05-20 12:00:27,very short,True,False,1 commit
True,2019-05-20 20:12:35,very short,True,False,1 commit
True,2019-05-20 21:41:31,very short,True,False,1 commit
True,2019-05-21 08:43:03,very short,True,False,1 commit
True,2019-05-21 12:55:52,short,True,False,some commits
True,2019-05-21 14:40:18,short,True,False,many commits
True,2019-05-22 12:47:47,medium,True,False,1 commit
True,2019-05-22 13:44:05,medium,False,False,1 commit
True,2019-05-23 11:04:53,medium,True,False,1 commit
True,2019-05-24 09:46:57,medium,True,False,many commits
True,2019-05-24 13:04:06,medium,True,False,some commits
True,2019-05-24 13:11:22,medium,True,False,some commits
True,2019-05-24 13:36:20,medium,True,False,some commits
True,2019-05-29 09:26:25,very short,True,False,1 commit
True,2019-05-30 14:08:34,very short,False,True,1 commit
True,2019-06-02 11:29:50,short,True,True,1 commit
True,2019-06-03 07:35:21,very short,True,False,1 commit
True,2019-06-04 07:19:11,lengthy,True,False,many commits
True,2019-06-04 11:51:37,lengthy,True,False,1 commit
True,2019-06-04 11:53:36,lengthy,True,False,1 commit
True,2019-06-04 12:43:35,very short,True,False,1 commit
True,2019-06-04 15:44:17,very short,True,False,1 commit
True,2019-06-05 07:19:55,short,True,False,some commits
True,2019-06-05 12:31:38,lengthy,True,False,some commits
True,2019-06-06 09:37:40,lengthy,True,False,some commits
True,2019-06-06 09:41:37,lengthy,True,False,1 commit
True,2019-06-06 09:55:55,medium,True,False,some commits
True,2019-06-06 09:57:58,very short,True,False,1 commit
True,2019-06-06 10:33:48,very short,True,False,some commits
True,2019-06-06 10:34:08,medium,True,False,some commits
True,2019-06-08 08:30:51,short,True,False,1 commit
False,2019-06-08 11:59:24,medium,True,False,some commits
True,2019-06-10 11:37:38,short,True,False,some commits
True,2019-06-11 13:00:50,very short,True,False,1 commit
True,2019-06-12 08:21:22,medium,True,False,many commits
True,2019-06-12 12:42:23,short,True,False,1 commit
True,2019-06-13 06:51:00,lengthy,True,False,some commits
False,2019-06-13 06:57:18,lengthy,False,True,some commits
True,2019-06-13 09:16:16,very short,True,False,1 commit
True,2019-06-13 12:48:28,very short,False,True,1 commit
True,2019-06-13 20:41:23,lengthy,False,True,1 commit
True,2019-06-14 06:42:21,very short,True,False,1 commit
True,2019-06-14 07:58:53,very short,True,False,1 commit
True,2019-06-14 09:34:28,medium,True,False,1 commit
True,2019-06-14 12:48:55,medium,True,False,1 commit
True,2019-06-14 13:19:55,medium,False,True,some commits
True,2019-06-17 09:18:39,short,True,False,1 commit
True,2019-06-17 14:54:00,very short,True,False,1 commit
True,2019-06-17 15:25:17,very short,True,False,1 commit
True,2019-06-18 08:14:05,very short,True,False,many commits
True,2019-06-18 10:32:33,lengthy,True,False,1 commit
True,2019-06-18 14:40:34,lengthy,True,False,some commits
True,2019-06-18 15:39:50,very short,True,False,1 commit
True,2019-06-18 16:29:28,short,True,False,1 commit
True,2019-06-18 16:40:53,short,True,False,1 commit
True,2019-06-18 16:59:32,lengthy,True,False,1 commit
True,2019-06-18 17:36:17,short,True,False,1 commit
False,2019-06-19 01:02:31,lengthy,True,False,some commits
True,2019-06-20 01:13:29,very short,True,False,1 commit
True,2019-06-20 06:20:58,very short,True,False,1 commit
True,2019-06-20 07:03:53,lengthy,False,True,many commits
True,2019-06-20 17:47:34,very short,True,False,1 commit
True,2019-06-21 11:10:05,medium,False,True,many commits
True,2019-06-21 12:56:14,lengthy,True,False,many commits
True,2019-06-21 19:32:29,medium,False,False,1 commit
True,2019-06-23 09:17:05,medium,False,True,some commits
True,2019-06-24 11:29:53,lengthy,True,False,1 commit
True,2019-06-24 11:59:17,short,True,False,1 commit
True,2019-06-24 21:46:42,short,True,False,some commits
True,2019-06-25 10:58:32,very short,False,False,1 commit
True,2019-06-26 10:54:40,short,True,False,1 commit
True,2019-06-28 10:15:09,very short,True,False,1 commit
True,2019-06-28 19:08:52,lengthy,True,False,some commits
True,2019-06-30 12:03:10,lengthy,True,False,1 commit
False,2019-06-30 19:07:47,lengthy,True,False,1 commit
True,2019-07-01 11:18:41,medium,True,False,1 commit
True,2019-07-02 06:31:31,lengthy,True,False,some commits
True,2019-07-02 09:44:53,short,True,False,many commits
True,2019-07-02 12:16:18,short,True,False,1 commit
True,2019-07-02 15:29:12,short,True,False,many commits
True,2019-07-02 15:53:29,very short,True,False,1 commit
True,2019-07-02 16:31:27,very short,True,False,1 commit
True,2019-07-03 11:47:00,short,True,False,1 commit
True,2019-07-04 06:54:57,medium,True,False,1 commit
True,2019-07-04 07:08:04,lengthy,True,False,some commits
True,2019-07-04 12:11:44,lengthy,True,False,many commits
True,2019-07-04 12:44:49,very short,True,False,some commits
True,2019-07-05 02:21:08,medium,True,False,some commits
True,2019-07-05 11:40:48,medium,True,False,some commits
True,2019-07-05 12:36:35,lengthy,True,False,some commits
True,2019-07-05 13:02:28,very short,True,False,1 commit
True,2019-07-06 08:44:38,lengthy,True,False,1 commit
False,2019-07-06 09:00:13,very short,True,False,1 commit
True,2019-07-06 12:39:05,lengthy,True,False,1 commit
True,2019-07-06 19:19:18,medium,True,False,1 commit
True,2019-07-08 15:35:51,very short,True,False,some commits
True,2019-07-09 11:30:33,very short,True,False,1 commit
True,2019-07-09 13:57:22,very short,True,False,1 commit
False,2019-07-09 14:10:38,short,True,False,1 commit
True,2019-07-09 16:29:28,short,True,False,some commits
True,2019-07-09 17:15:09,very short,True,False,1 commit
True,2019-07-09 20:52:16,very short,True,False,1 commit
True,2019-07-10 07:17:18,short,True,False,1 commit
True,2019-07-10 09:22:14,very short,True,False,1 commit
True,2019-07-10 10:13:56,short,True,False,1 commit
False,2019-07-10 10:19:23,lengthy,True,False,many commits
True,2019-07-10 12:01:51,lengthy,True,False,some commits
True,2019-07-11 08:03:30,short,True,False,many commits
True,2019-07-11 16:40:35,lengthy,True,False,many commits
True,2019-07-12 09:03:27,very short,True,False,1 commit
True,2019-07-12 09:05:49,very short,True,False,1 commit
False,2019-07-12 18:06:41,lengthy,True,False,1 commit
False,2019-07-13 08:59:21,lengthy,False,True,1 commit
True,2019-07-13 15:26:16,lengthy,False,True,many commits
True,2019-07-15 10:16:40,short,True,False,some commits
True,2019-07-15 10:30:01,very short,True,False,some commits
True,2019-07-16 17:17:41,medium,True,False,some commits
True,2019-07-17 13:04:20,medium,True,False,1 commit
True,2019-07-17 13:06:28,lengthy,True,False,many commits
True,2019-07-18 15:41:38,lengthy,False,True,1 commit
True,2019-07-18 16:09:54,very short,False,False,1 commit
True,2019-07-18 23:41:17,medium,True,False,many commits
True,2019-07-19 07:27:00,very short,True,False,1 commit
True,2019-07-19 07:43:57,lengthy,True,False,some commits
True,2019-07-19 15:20:45,medium,True,False,some commits
True,2019-07-19 16:02:23,lengthy,True,False,some commits
True,2019-07-22 07:54:31,very short,True,False,1 commit
True,2019-07-22 08:33:32,medium,True,False,some commits
True,2019-07-22 08:41:57,very short,True,False,1 commit
True,2019-07-22 09:45:26,lengthy,True,False,some commits
True,2019-07-22 09:59:38,medium,True,False,1 commit
True,2019-07-22 10:15:05,short,True,False,1 commit
True,2019-07-22 13:54:36,short,True,False,1 commit
True,2019-07-22 15:31:05,short,True,False,some commits
True,2019-07-23 00:29:55,very short,True,False,1 commit
True,2019-07-23 08:10:39,short,True,False,1 commit
True,2019-07-23 12:01:43,medium,False,True,some commits
True,2019-07-23 12:32:38,very short,True,False,some commits
True,2019-07-24 11:20:36,very short,True,False,1 commit
True,2019-07-24 15:31:39,very short,False,False,1 commit
True,2019-07-24 18:07:53,lengthy,False,False,many commits
True,2019-07-25 13:43:13,very short,True,False,1 commit
False,2019-07-26 01:15:30,lengthy,True,False,some commits
False,2019-07-26 09:24:30,lengthy,True,False,1 commit
False,2019-07-26 12:00:22,lengthy,False,True,many commits
True,2019-07-26 13:27:02,medium,True,False,1 commit
True,2019-07-26 14:16:11,medium,True,False,some commits
False,2019-07-29 03:58:19,lengthy,True,False,1 commit
True,2019-07-29 12:53:51,very short,True,False,some commits
True,2019-07-30 15:58:04,short,True,False,some commits
True,2019-07-31 11:41:16,very short,True,False,some commits
False,2019-08-01 06:11:13,lengthy,True,False,1 commit
True,2019-08-02 08:29:18,lengthy,True,False,1 commit
True,2019-08-02 09:06:50,short,True,False,1 commit
False,2019-08-04 19:19:32,lengthy,True,False,1 commit
True,2019-08-05 08:40:15,short,True,False,some commits
True,2019-08-05 10:27:18,very short,True,False,1 commit
True,2019-08-05 14:58:39,very short,True,False,1 commit
True,2019-08-05 15:40:53,very short,False,True,1 commit
False,2019-08-06 06:47:11,lengthy,True,False,many commits
True,2019-08-06 14:34:58,very short,True,False,1 commit
True,2019-08-08 12:10:25,very short,True,False,1 commit
True,2019-08-08 12:23:37,short,True,False,1 commit
False,2019-08-08 22:26:56,very short,True,False,1 commit
True,2019-08-09 08:12:22,medium,False,False,1 commit
True,2019-08-09 15:29:32,short,True,False,1 commit
True,2019-08-12 13:40:22,short,True,False,1 commit
True,2019-08-12 13:48:33,medium,True,False,1 commit
True,2019-08-13 11:33:55,short,True,False,1 commit
True,2019-08-13 12:39:53,lengthy,True,False,many commits
True,2019-08-13 13:02:42,short,True,False,1 commit
True,2019-08-13 13:27:13,very short,True,False,1 commit
True,2019-08-13 18:39:45,lengthy,False,True,many commits
True,2019-08-15 08:08:38,very short,True,False,1 commit
True,2019-08-15 09:38:48,medium,True,False,some commits
True,2019-08-15 09:42:43,lengthy,True,False,1 commit
True,2019-08-16 06:59:27,very short,True,False,1 commit
True,2019-08-16 12:57:33,lengthy,True,False,some commits
True,2019-08-16 14:41:08,lengthy,True,False,some commits
True,2019-08-16 15:37:30,lengthy,True,False,some commits
True,2019-08-19 07:35:33,medium,True,False,1 commit
True,2019-08-20 08:11:24,lengthy,True,False,1 commit
True,2019-08-20 09:11:17,short,True,False,some commits
True,2019-08-20 10:43:29,lengthy,True,False,many commits
True,2019-08-20 13:44:37,very short,True,False,1 commit
True,2019-08-20 13:46:15,very short,True,False,1 commit
True,2019-08-23 12:35:37,medium,True,False,1 commit
True,2019-08-23 14:33:17,lengthy,True,False,many commits
True,2019-08-26 08:46:39,short,True,False,some commits
True,2019-08-26 10:18:03,lengthy,True,False,many commits
True,2019-08-26 10:21:11,short,True,False,1 commit
True,2019-08-26 13:30:48,short,True,False,many commits
True,2019-08-26 14:48:18,very short,True,False,1 commit
True,2019-08-27 07:17:33,very short,True,False,1 commit
True,2019-08-27 08:12:59,short,True,False,1 commit
True,2019-08-28 07:58:01,very short,True,False,1 commit
True,2019-08-28 11:03:32,very short,True,False,some commits
True,2019-08-29 09:26:29,lengthy,False,True,some commits
True,2019-08-29 13:41:35,lengthy,True,False,some commits
False,2019-08-29 13:43:45,very short,False,True,1 commit
True,2019-08-30 08:35:23,lengthy,False,False,many commits
True,2019-08-30 08:39:55,short,False,False,1 commit
True,2019-09-02 13:33:39,short,True,False,many commits
True,2019-09-03 12:03:40,lengthy,True,False,many commits
True,2019-09-04 21:02:32,very short,True,False,some commits
True,2019-09-06 05:39:50,very short,True,False,1 commit
True,2019-09-06 06:57:54,very short,True,False,1 commit
True,2019-09-06 07:12:48,very short,True,False,1 commit
True,2019-09-06 07:16:46,very short,True,False,some commits
True,2019-09-06 13:08:19,medium,False,False,some commits
True,2019-09-06 15:16:58,short,True,False,1 commit
True,2019-09-07 17:29:09,short,True,False,1 commit
True,2019-09-08 07:25:19,short,True,True,1 commit
True,2019-09-09 07:53:41,lengthy,True,False,many commits
True,2019-09-09 10:18:05,short,True,False,1 commit
True,2019-09-09 11:57:51,medium,True,False,1 commit
True,2019-09-09 13:08:38,very short,True,False,1 commit
True,2019-09-10 07:16:17,very short,True,True,1 commit
True,2019-09-10 10:16:38,medium,True,False,1 commit
True,2019-09-10 12:48:24,very short,True,False,1 commit
True,2019-09-10 22:46:04,lengthy,False,True,1 commit
False,2019-09-10 22:46:13,very short,False,False,1 commit
False,2019-09-10 22:46:20,very short,False,False,1 commit
False,2019-09-10 22:46:26,lengthy,False,False,1 commit
False,2019-09-10 22:46:32,very short,False,False,1 commit
False,2019-09-10 22:46:46,very short,False,False,1 commit
True,2019-09-10 22:46:57,short,True,False,1 commit
True,2019-09-11 09:01:21,very short,True,False,1 commit
True,2019-09-11 09:41:32,lengthy,True,False,1 commit
True,2019-09-11 14:15:24,short,True,False,1 commit
False,2019-09-11 18:56:38,very short,True,False,1 commit
True,2019-09-11 18:56:47,lengthy,True,False,many commits
True,2019-09-12 04:33:29,medium,True,False,some commits
True,2019-09-12 13:00:51,very short,True,False,1 commit
False,2019-09-12 20:26:31,medium,True,False,some commits
True,2019-09-13 12:24:03,medium,True,False,some commits
True,2019-09-13 13:17:50,medium,True,False,some commits
True,2019-09-14 15:34:29,short,False,True,1 commit
True,2019-09-16 02:03:39,lengthy,True,False,some commits
True,2019-09-16 08:47:28,very short,True,False,some commits
True,2019-09-16 12:21:18,short,True,False,1 commit
True,2019-09-16 14:26:46,short,True,False,1 commit
True,2019-09-16 14:33:17,lengthy,True,False,many commits
True,2019-09-17 13:44:58,short,True,False,1 commit
False,2019-09-17 15:43:46,lengthy,False,True,1 commit
True,2019-09-17 18:34:20,short,True,False,some commits
True,2019-09-18 13:18:06,very short,True,False,some commits
False,2019-09-18 14:31:33,very short,True,False,1 commit
False,2019-09-18 16:10:41,lengthy,True,False,some commits
True,2019-09-18 20:13:46,very short,False,True,1 commit
True,2019-09-19 09:05:04,very short,True,False,some commits
False,2019-09-19 10:35:47,lengthy,True,False,1 commit
False,2019-09-20 17:21:39,lengthy,True,False,1 commit
False,2019-09-20 17:21:47,short,True,False,1 commit
True,2019-09-23 10:19:16,short,True,False,some commits
False,2019-09-23 18:14:17,short,True,False,1 commit
False,2019-09-23 18:14:23,short,True,False,1 commit
False,2019-09-23 18:14:29,very short,True,False,1 commit
False,2019-09-23 18:14:35,very short,True,False,1 commit
False,2019-09-23 18:14:42,very short,True,False,1 commit
True,2019-09-23 18:14:48,short,True,False,1 commit
True,2019-09-24 05:46:30,short,True,False,1 commit
True,2019-09-24 08:08:46,short,True,False,many commits
True,2019-09-24 10:04:34,short,True,False,some commits
True,2019-09-25 09:06:49,short,True,False,some commits
True,2019-09-26 08:59:20,very short,True,False,1 commit
True,2019-09-26 10:01:05,very short,True,False,1 commit
True,2019-09-26 15:32:49,very short,True,False,1 commit
False,2019-09-26 16:23:58,very short,True,False,1 commit
False,2019-09-26 16:24:04,very short,True,False,1 commit
False,2019-09-26 16:24:11,very short,True,False,1 commit
False,2019-09-27 02:01:15,very short,True,False,1 commit
True,2019-09-27 05:11:07,very short,True,False,some commits
True,2019-09-27 15:29:45,medium,True,False,1 commit
True,2019-09-27 19:32:35,medium,True,False,some commits
True,2019-09-27 20:46:45,short,False,True,1 commit
True,2019-09-29 06:55:13,short,True,False,1 commit
True,2019-09-29 12:48:23,short,True,False,some commits
True,2019-09-30 11:11:54,very short,True,False,1 commit
True,2019-09-30 14:54:23,very short,True,False,1 commit
True,2019-09-30 16:12:53,medium,True,False,1 commit
True,2019-09-30 16:13:03,medium,True,False,1 commit
True,2019-09-30 16:17:49,very short,True,False,1 commit
True,2019-09-30 17:05:58,very short,True,False,1 commit
True,2019-10-01 02:10:18,very short,True,False,some commits
True,2019-10-01 08:11:55,very short,True,False,1 commit
True,2019-10-01 08:18:58,medium,True,False,1 commit
True,2019-10-01 12:12:15,medium,True,False,1 commit
True,2019-10-01 12:23:42,short,True,False,1 commit
True,2019-10-01 13:08:32,medium,True,False,1 commit
True,2019-10-01 13:40:38,medium,True,False,1 commit
True,2019-10-01 15:22:09,lengthy,True,False,many commits
False,2019-10-01 21:07:06,lengthy,False,True,1 commit
True,2019-10-02 09:48:27,lengthy,True,False,many commits
True,2019-10-02 10:29:01,medium,True,False,many commits
True,2019-10-02 13:58:45,medium,False,False,many commits
False,2019-10-02 15:51:35,lengthy,True,False,1 commit
True,2019-10-02 16:36:03,very short,True,False,1 commit
True,2019-10-02 17:44:55,very short,True,False,1 commit
True,2019-10-02 23:23:57,very short,True,False,some commits
True,2019-10-03 06:16:51,short,True,False,some commits
True,2019-10-03 09:57:27,medium,True,False,some commits
True,2019-10-03 10:31:24,very short,True,False,1 commit
True,2019-10-03 11:17:26,very short,True,False,some commits
True,2019-10-03 11:27:57,lengthy,True,False,some commits
True,2019-10-03 12:29:48,very short,True,False,1 commit
True,2019-10-03 12:36:28,very short,True,False,some commits
True,2019-10-03 13:44:46,medium,True,False,some commits
True,2019-10-03 14:35:01,very short,True,False,many commits
True,2019-10-03 15:11:44,medium,True,False,some commits
True,2019-10-03 21:49:42,short,True,False,1 commit
True,2019-10-04 05:44:27,very short,True,False,1 commit
True,2019-10-04 06:53:22,medium,True,False,some commits
True,2019-10-04 08:30:37,very short,True,False,1 commit
True,2019-10-04 09:56:24,medium,True,False,some commits
True,2019-10-04 10:05:17,very short,False,True,1 commit
True,2019-10-04 12:54:21,medium,True,False,some commits
True,2019-10-04 22:07:35,lengthy,True,False,1 commit
True,2019-10-04 22:07:43,lengthy,True,False,many commits
True,2019-10-04 22:07:50,medium,True,False,1 commit
True,2019-10-06 19:00:52,short,True,False,1 commit
True,2019-10-07 09:17:50,short,True,False,1 commit
True,2019-10-07 09:36:39,short,True,False,1 commit
True,2019-10-07 10:27:44,short,True,False,1 commit
True,2019-10-07 12:10:07,short,True,False,1 commit
True,2019-10-07 14:44:08,very short,True,False,some commits
True,2019-10-07 16:20:37,short,True,False,some commits
True,2019-10-07 16:29:27,very short,True,False,1 commit
True,2019-10-08 06:47:21,short,True,False,some commits
True,2019-10-08 09:27:41,very short,True,False,1 commit
True,2019-10-08 10:01:53,very short,True,False,1 commit
True,2019-10-08 10:40:40,very short,True,False,1 commit
True,2019-10-08 11:56:41,very short,True,False,1 commit
True,2019-10-08 13:03:36,medium,True,False,many commits
False,2019-10-08 13:45:43,very short,True,False,some commits
True,2019-10-08 19:49:17,very short,False,True,1 commit
True,2019-10-09 06:26:50,very short,True,False,1 commit
True,2019-10-09 11:57:42,very short,True,False,some commits
True,2019-10-09 12:55:30,very short,True,False,1 commit
True,2019-10-09 13:22:12,short,True,False,some commits
True,2019-10-09 13:26:14,short,True,False,1 commit
False,2019-10-09 13:42:36,very short,True,False,1 commit
False,2019-10-09 13:42:43,very short,True,False,1 commit
False,2019-10-09 13:42:50,very short,True,False,1 commit
True,2019-10-09 13:42:57,very short,True,False,1 commit
True,2019-10-10 04:56:48,short,False,True,1 commit
True,2019-10-10 08:14:09,very short,True,False,1 commit
True,2019-10-10 10:20:50,very short,True,False,1 commit
True,2019-10-10 10:58:57,short,True,False,some commits
True,2019-10-10 12:51:14,very short,True,False,1 commit
True,2019-10-11 13:46:52,very short,True,False,1 commit
True,2019-10-11 21:54:00,short,True,False,1 commit
False,2019-10-11 21:54:09,lengthy,True,False,some commits
False,2019-10-11 21:54:21,lengthy,True,False,1 commit
True,2019-10-12 08:25:09,medium,True,False,1 commit
True,2019-10-13 07:39:23,short,True,False,1 commit
True,2019-10-13 22:34:37,lengthy,False,False,1 commit
True,2019-10-14 06:54:24,very short,True,False,1 commit
True,2019-10-14 08:32:51,very short,True,False,some commits
True,2019-10-14 10:07:54,short,True,False,1 commit
True,2019-10-14 10:37:37,lengthy,False,False,some commits
True,2019-10-14 11:20:23,very short,True,False,some commits
True,2019-10-14 15:05:06,very short,True,False,1 commit
True,2019-10-15 06:39:20,very short,True,False,1 commit
True,2019-10-15 10:18:50,very short,True,False,1 commit
True,2019-10-15 11:10:52,lengthy,False,False,some commits
True,2019-10-15 11:13:37,very short,True,False,1 commit
True,2019-10-15 13:13:03,very short,True,False,many commits
True,2019-10-16 06:52:04,medium,True,False,many commits
True,2019-10-16 09:02:24,short,False,False,1 commit
False,2019-10-16 12:16:20,medium,True,False,1 commit
True,2019-10-16 13:34:53,very short,True,False,some commits
True,2019-10-17 07:31:31,very short,True,False,1 commit
True,2019-10-17 08:09:57,very short,True,False,1 commit
True,2019-10-17 12:22:11,medium,True,False,1 commit
True,2019-10-17 14:10:17,medium,True,False,1 commit
True,2019-10-17 14:19:55,lengthy,True,False,many commits
True,2019-10-17 14:35:20,very short,True,False,some commits
True,2019-10-17 22:56:20,lengthy,True,False,some commits
False,2019-10-18 00:28:46,medium,True,False,1 commit
True,2019-10-18 02:51:42,medium,True,False,1 commit
True,2019-10-18 14:59:52,short,True,False,1 commit
True,2019-10-19 05:15:09,medium,False,True,many commits
True,2019-10-20 03:34:53,lengthy,True,False,1 commit
False,2019-10-20 03:35:05,short,True,False,1 commit
False,2019-10-20 09:36:34,lengthy,True,False,1 commit
True,2019-10-21 13:51:04,medium,True,False,some commits
True,2019-10-23 12:57:36,short,True,False,1 commit
True,2019-10-23 18:11:05,short,True,False,1 commit
True,2019-10-23 18:14:14,short,True,False,1 commit
True,2019-10-24 13:34:22,very short,True,False,1 commit
True,2019-10-25 13:51:11,very short,True,False,1 commit
True,2019-10-25 16:23:42,lengthy,True,False,some commits
False,2019-10-25 18:14:35,lengthy,True,False,1 commit
True,2019-10-25 20:02:41,short,True,False,1 commit
False,2019-10-28 10:47:43,lengthy,True,False,1 commit
True,2019-10-28 13:17:00,lengthy,True,False,many commits
True,2019-10-28 13:36:53,very short,True,False,1 commit
True,2019-10-28 14:18:43,lengthy,True,False,many commits
True,2019-10-28 14:35:55,lengthy,True,False,some commits
True,2019-10-29 10:59:23,medium,True,False,some commits
True,2019-10-29 13:08:52,medium,True,False,1 commit
True,2019-10-29 14:17:38,lengthy,True,False,some commits
True,2019-10-29 16:07:48,lengthy,True,False,some commits
True,2019-10-30 10:08:27,lengthy,True,False,some commits
True,2019-10-31 07:25:29,lengthy,True,False,some commits
True,2019-10-31 09:30:12,medium,True,False,1 commit
True,2019-10-31 12:07:08,very short,False,False,1 commit
True,2019-10-31 13:24:28,medium,True,False,1 commit
True,2019-10-31 19:24:37,medium,True,False,1 commit
False,2019-10-31 19:24:52,very short,True,False,1 commit
True,2019-10-31 19:25:02,lengthy,True,False,1 commit
True,2019-11-01 06:29:31,lengthy,False,True,many commits
True,2019-11-01 10:49:52,medium,True,False,some commits
True,2019-11-01 16:20:12,medium,True,False,1 commit
True,2019-11-04 22:58:33,lengthy,True,False,some commits
True,2019-11-05 08:34:39,lengthy,True,False,some commits
True,2019-11-05 10:32:28,very short,True,False,1 commit
False,2019-11-05 12:40:06,lengthy,False,True,1 commit
True,2019-11-05 13:34:52,very short,True,False,some commits
False,2019-11-05 15:00:59,very short,True,False,1 commit
True,2019-11-05 16:27:34,very short,True,False,1 commit
True,2019-11-05 19:09:48,very short,True,False,1 commit
True,2019-11-06 06:59:32,very short,True,False,1 commit
True,2019-11-06 11:20:51,short,True,False,1 commit
True,2019-11-06 11:33:31,very short,True,False,1 commit
True,2019-11-06 13:00:52,very short,True,False,1 commit
False,2019-11-06 15:16:38,very short,True,False,1 commit
True,2019-11-06 16:59:20,very short,False,False,1 commit
True,2019-11-06 17:30:32,lengthy,False,False,many commits
True,2019-11-06 17:57:52,lengthy,False,False,many commits
False,2019-11-06 23:11:14,lengthy,True,False,some commits
True,2019-11-07 13:23:49,short,True,False,1 commit
True,2019-11-07 23:06:30,very short,True,False,1 commit
True,2019-11-08 04:48:28,very short,False,True,1 commit
True,2019-11-08 09:04:35,lengthy,True,False,some commits
True,2019-11-08 15:56:05,lengthy,True,False,1 commit
True,2019-11-09 02:27:16,medium,False,True,1 commit
True,2019-11-10 17:54:38,lengthy,False,True,some commits
True,2019-11-10 23:31:06,short,False,True,1 commit
True,2019-11-11 20:19:02,medium,False,True,some commits
True,2019-11-12 12:16:31,medium,True,False,1 commit
False,2019-11-12 12:16:37,short,True,False,1 commit
False,2019-11-12 12:16:44,short,True,False,1 commit
False,2019-11-12 12:16:51,short,True,False,1 commit
False,2019-11-12 14:48:08,lengthy,True,False,1 commit
True,2019-11-13 03:03:32,medium,True,False,1 commit
True,2019-11-14 10:21:30,medium,True,False,some commits
True,2019-11-18 08:26:32,very short,True,False,1 commit
True,2019-11-18 11:02:51,lengthy,True,False,some commits
True,2019-11-18 15:59:24,very short,True,False,1 commit
True,2019-11-18 18:05:22,very short,True,False,1 commit
False,2019-11-18 21:09:28,very short,True,False,1 commit
True,2019-11-18 23:56:17,medium,True,False,1 commit
True,2019-11-19 05:56:32,very short,True,False,1 commit
True,2019-11-19 09:55:29,very short,True,False,1 commit
True,2019-11-19 12:00:48,very short,True,False,1 commit
True,2019-11-19 13:01:45,very short,True,False,1 commit
True,2019-11-19 13:21:07,very short,True,False,1 commit
True,2019-11-19 14:51:11,short,True,False,1 commit
False,2019-11-19 22:56:53,short,True,False,1 commit
True,2019-11-19 23:02:36,short,True,False,1 commit
True,2019-11-20 12:38:04,short,False,True,some commits
True,2019-11-21 08:45:27,very short,True,False,1 commit
True,2019-11-21 11:45:20,very short,True,False,1 commit
True,2019-11-21 11:52:21,medium,True,False,some commits
True,2019-11-21 12:16:11,medium,True,False,some commits
True,2019-11-21 12:26:04,medium,True,False,1 commit
True,2019-11-21 13:25:35,very short,True,False,1 commit
True,2019-11-21 15:56:11,medium,True,False,1 commit
True,2019-11-21 16:11:12,very short,True,False,1 commit
True,2019-11-21 16:15:40,very short,True,False,1 commit
True,2019-11-21 16:21:05,medium,True,False,some commits
False,2019-11-22 19:25:06,short,True,False,1 commit
True,2019-11-23 11:18:21,short,True,False,1 commit
True,2019-11-24 09:33:38,short,True,False,some commits
True,2019-11-25 08:10:21,very short,True,False,1 commit
True,2019-11-25 09:01:06,very short,True,False,some commits
True,2019-11-25 10:44:30,short,True,False,some commits
True,2019-11-25 10:52:13,short,True,False,some commits
True,2019-11-25 11:26:59,very short,True,False,1 commit
True,2019-11-25 13:31:38,very short,True,False,1 commit
True,2019-11-25 14:19:13,very short,True,False,1 commit
True,2019-11-25 14:49:17,short,True,False,many commits
True,2019-11-25 16:49:22,very short,True,False,1 commit
True,2019-11-25 16:49:38,very short,True,False,1 commit
True,2019-11-25 16:56:15,very short,True,False,1 commit
True,2019-11-25 17:39:58,medium,True,False,some commits
True,2019-11-26 08:27:28,very short,True,False,1 commit
True,2019-11-26 09:33:15,medium,True,False,many commits
True,2019-11-26 11:57:39,very short,True,False,some commits
False,2019-11-26 19:17:23,medium,True,False,1 commit
True,2019-11-26 20:26:38,very short,True,False,1 commit
True,2019-11-27 05:45:10,very short,True,False,1 commit
True,2019-11-27 10:39:03,very short,True,False,some commits
True,2019-11-27 13:40:15,very short,True,False,1 commit
True,2019-11-27 15:22:30,very short,True,False,1 commit
True,2019-11-27 16:21:43,very short,True,False,1 commit
True,2019-11-27 16:54:39,very short,True,False,some commits
True,2019-11-28 08:38:49,short,True,False,1 commit
True,2019-11-28 09:59:26,short,True,False,1 commit
True,2019-11-28 15:14:35,lengthy,False,False,many commits
True,2019-11-28 19:15:38,medium,True,False,1 commit
True,2019-11-29 07:09:27,very short,True,False,1 commit
True,2019-11-29 07:14:40,very short,True,False,1 commit
True,2019-11-29 07:25:52,very short,True,False,1 commit
True,2019-11-29 07:29:27,very short,True,False,1 commit
True,2019-11-29 11:58:35,short,True,False,some commits
False,2019-11-29 16:40:05,lengthy,True,False,1 commit
True,2019-11-29 17:14:39,short,True,False,1 commit
True,2019-11-29 19:42:10,short,True,False,1 commit
True,2019-12-01 00:13:25,short,True,False,some commits
True,2019-12-01 09:56:58,short,True,False,1 commit
True,2019-12-02 06:45:00,very short,True,False,1 commit
True,2019-12-02 06:48:53,very short,True,False,1 commit
True,2019-12-02 09:02:26,very short,True,False,1 commit
True,2019-12-02 14:36:49,medium,True,False,many commits
True,2019-12-02 16:17:21,short,True,False,1 commit
True,2019-12-02 16:29:17,short,True,False,1 commit
True,2019-12-03 11:26:44,short,True,False,some commits
True,2019-12-04 13:16:45,very short,True,False,1 commit
True,2019-12-04 14:00:07,short,True,False,1 commit
True,2019-12-04 15:02:59,lengthy,True,False,some commits
True,2019-12-05 10:54:40,short,True,False,1 commit
True,2019-12-05 13:18:34,very short,True,False,1 commit
False,2019-12-05 14:07:22,medium,True,False,1 commit
True,2019-12-05 17:21:32,very short,True,False,1 commit
True,2019-12-05 17:26:30,very short,True,False,1 commit
True,2019-12-06 06:32:35,very short,True,False,1 commit
True,2019-12-06 14:53:08,medium,True,False,some commits
True,2019-12-06 15:24:41,short,True,False,some commits
True,2019-12-06 16:07:39,short,False,True,1 commit
True,2019-12-07 15:14:59,lengthy,True,False,1 commit
True,2019-12-09 12:27:34,short,True,False,1 commit
True,2019-12-09 13:37:16,medium,True,False,1 commit
True,2019-12-09 16:11:23,lengthy,True,False,some commits
True,2019-12-10 06:58:36,medium,True,False,some commits
True,2019-12-10 07:47:47,medium,True,False,1 commit
True,2019-12-10 10:00:28,very short,True,False,1 commit
True,2019-12-10 13:26:23,short,True,False,1 commit
True,2019-12-10 14:04:23,very short,True,False,1 commit
True,2019-12-10 21:54:35,very short,False,True,1 commit
False,2019-12-11 03:01:08,very short,False,True,some commits
True,2019-12-11 07:52:33,very short,True,False,1 commit
True,2019-12-11 11:08:16,medium,True,False,many commits
True,2019-12-11 13:18:10,lengthy,True,False,many commits
True,2019-12-11 14:55:33,very short,True,False,1 commit
True,2019-12-11 15:54:08,very short,True,False,many commits
True,2019-12-11 21:44:12,very short,True,False,1 commit
True,2019-12-12 05:42:51,very short,True,False,1 commit
True,2019-12-12 13:28:27,very short,True,False,1 commit
True,2019-12-12 16:48:08,medium,True,False,some commits
True,2019-12-13 06:01:35,medium,True,False,some commits
True,2019-12-13 17:19:43,short,True,False,1 commit
True,2019-12-14 01:07:23,lengthy,True,False,1 commit
True,2019-12-14 01:07:31,medium,True,False,1 commit
True,2019-12-14 01:07:38,short,True,False,1 commit
True,2019-12-14 01:07:45,lengthy,True,False,1 commit
True,2019-12-14 01:16:04,short,True,False,1 commit
True,2019-12-14 22:24:06,lengthy,True,False,many commits
True,2019-12-16 11:09:06,lengthy,True,False,1 commit
True,2019-12-16 13:16:08,short,False,True,many commits
True,2019-12-16 13:53:49,short,True,False,1 commit
True,2019-12-16 16:44:19,short,False,False,some commits
True,2019-12-17 00:53:02,very short,True,False,1 commit
True,2019-12-17 20:34:35,lengthy,True,False,1 commit
True,2019-12-17 20:34:44,very short,True,False,1 commit
True,2019-12-17 20:34:53,lengthy,True,False,some commits
True,2019-12-18 11:09:31,lengthy,True,False,many commits
True,2019-12-18 11:37:44,lengthy,True,False,some commits
True,2019-12-18 12:58:52,short,True,False,1 commit
True,2019-12-18 13:57:14,lengthy,True,False,some commits
True,2019-12-18 14:46:43,very short,True,False,1 commit
True,2019-12-19 07:02:05,very short,True,False,1 commit
True,2019-12-19 09:24:50,very short,True,False,some commits
True,2019-12-19 10:30:07,lengthy,True,False,1 commit
True,2019-12-19 13:00:11,very short,True,False,1 commit
True,2019-12-19 15:44:20,short,True,False,1 commit
True,2019-12-20 07:25:31,lengthy,True,False,some commits
True,2019-12-20 08:06:04,lengthy,True,False,1 commit
True,2019-12-20 12:12:08,lengthy,True,False,many commits
True,2019-12-23 17:25:03,lengthy,True,False,some commits
True,2019-12-30 11:15:05,medium,True,False,1 commit
True,2020-01-01 01:31:25,short,True,False,1 commit
True,2020-01-01 18:49:05,very short,True,False,1 commit
True,2020-01-01 18:55:35,short,True,False,1 commit
True,2020-01-02 10:24:48,very short,False,True,1 commit
True,2020-01-02 11:19:29,medium,True,False,some commits
True,2020-01-03 11:12:23,medium,True,False,1 commit
True,2020-01-03 11:35:06,very short,False,True,some commits
True,2020-01-03 22:36:16,medium,True,False,1 commit
True,2020-01-03 22:36:36,medium,True,False,1 commit
True,2020-01-05 19:11:34,short,True,False,1 commit
True,2020-01-07 10:43:24,very short,True,False,many commits
True,2020-01-07 11:56:41,medium,True,False,1 commit
True,2020-01-07 12:40:36,medium,True,False,1 commit
True,2020-01-08 05:11:48,very short,True,False,1 commit
True,2020-01-08 13:36:03,very short,False,True,1 commit
False,2020-01-09 04:57:04,lengthy,True,False,1 commit
True,2020-01-09 11:16:27,medium,True,False,1 commit
True,2020-01-09 15:22:16,lengthy,True,False,1 commit
True,2020-01-09 16:01:23,medium,True,False,some commits
True,2020-01-10 21:50:57,short,False,True,1 commit
True,2020-01-11 12:18:25,medium,True,True,many commits
True,2020-01-12 20:11:44,short,True,False,some commits
True,2020-01-13 13:49:35,very short,True,False,some commits
True,2020-01-13 15:57:35,very short,True,False,1 commit
True,2020-01-13 16:50:59,medium,True,False,1 commit
True,2020-01-13 18:12:08,very short,True,False,some commits
True,2020-01-14 10:29:30,very short,True,False,1 commit
False,2020-01-14 12:09:40,very short,True,False,1 commit
True,2020-01-14 13:52:12,very short,True,False,some commits
False,2020-01-15 09:35:43,lengthy,True,False,1 commit
True,2020-01-15 12:19:21,very short,True,False,some commits
True,2020-01-15 13:10:35,medium,True,False,many commits
True,2020-01-16 01:32:43,medium,True,False,1 commit
True,2020-01-17 14:35:21,medium,True,False,1 commit
False,2020-01-17 17:25:42,lengthy,False,True,some commits
True,2020-01-17 21:37:30,lengthy,True,False,some commits
True,2020-01-20 10:23:49,very short,True,False,1 commit
True,2020-01-20 21:44:23,very short,True,False,1 commit
True,2020-01-20 21:46:53,very short,True,False,1 commit
False,2020-01-21 20:17:01,short,True,False,1 commit
True,2020-01-22 08:06:45,very short,True,False,1 commit
True,2020-01-22 09:18:02,very short,True,False,1 commit
True,2020-01-23 13:54:02,medium,True,False,some commits
True,2020-01-23 18:30:09,very short,True,False,1 commit
True,2020-01-24 09:35:47,very short,True,False,1 commit
True,2020-01-27 08:24:21,lengthy,True,False,some commits
True,2020-01-27 11:40:17,lengthy,True,False,some commits
True,2020-01-27 13:43:32,very short,True,False,1 commit
True,2020-01-27 14:55:30,lengthy,True,False,some commits
True,2020-01-27 18:41:09,lengthy,True,False,1 commit
True,2020-01-28 09:15:24,short,False,True,1 commit
True,2020-01-28 09:30:30,very short,True,False,1 commit
True,2020-01-28 09:51:43,short,True,False,1 commit
True,2020-01-28 13:43:37,very short,True,False,1 commit
True,2020-01-28 18:32:19,medium,True,False,1 commit
True,2020-01-29 04:02:15,lengthy,False,True,1 commit
True,2020-01-29 09:16:01,short,True,False,some commits
True,2020-01-29 10:41:05,lengthy,True,False,some commits
True,2020-01-29 19:03:45,medium,True,False,1 commit
True,2020-01-30 11:20:25,very short,True,False,1 commit
True,2020-01-30 19:04:05,very short,True,False,1 commit
True,2020-01-31 14:30:20,medium,True,False,some commits
True,2020-01-31 14:50:46,medium,True,False,1 commit
True,2020-01-31 20:51:13,lengthy,True,False,1 commit
True,2020-02-02 19:11:19,medium,True,False,1 commit
False,2020-02-03 03:02:38,very short,True,False,1 commit
True,2020-02-03 09:00:51,lengthy,True,False,many commits
False,2020-02-03 11:02:42,medium,True,False,1 commit
True,2020-02-03 13:23:31,very short,True,False,some commits
True,2020-02-04 01:07:47,very short,True,False,1 commit
True,2020-02-04 10:02:49,short,True,False,some commits
True,2020-02-04 10:14:14,very short,True,False,1 commit
True,2020-02-04 10:17:26,very short,True,False,1 commit
True,2020-02-04 12:28:35,very short,True,False,1 commit
True,2020-02-05 09:11:42,short,True,False,1 commit
True,2020-02-05 09:13:05,very short,True,False,1 commit
True,2020-02-05 13:12:15,very short,True,False,1 commit
True,2020-02-05 13:43:48,very short,True,False,some commits
True,2020-02-06 07:41:53,short,True,False,some commits
True,2020-02-07 08:17:15,very short,True,False,1 commit
True,2020-02-07 13:10:31,lengthy,True,False,1 commit
True,2020-02-07 13:40:59,lengthy,True,False,many commits
True,2020-02-07 13:46:48,medium,False,True,1 commit
True,2020-02-07 21:47:19,lengthy,True,False,some commits
True,2020-02-08 13:02:43,lengthy,True,False,1 commit
True,2020-02-08 20:23:49,short,False,True,some commits
True,2020-02-10 12:40:38,lengthy,True,False,some commits
True,2020-02-10 14:08:32,lengthy,True,False,some commits
True,2020-02-11 10:30:00,lengthy,False,True,some commits
True,2020-02-11 13:28:11,short,True,False,1 commit
True,2020-02-11 13:54:03,short,True,False,1 commit
True,2020-02-11 18:36:46,lengthy,True,False,some commits
True,2020-02-12 01:06:06,very short,True,False,1 commit
False,2020-02-12 19:56:32,lengthy,True,False,1 commit
True,2020-02-13 08:24:33,very short,True,False,1 commit
True,2020-02-13 13:11:02,medium,True,False,many commits
True,2020-02-14 11:48:17,very short,False,True,1 commit
True,2020-02-14 14:30:19,lengthy,False,True,many commits
True,2020-02-14 15:35:58,medium,True,False,some commits
True,2020-02-14 16:56:39,short,True,False,some commits
False,2020-02-15 21:38:02,lengthy,True,False,many commits
True,2020-02-17 05:00:44,lengthy,False,False,many commits
True,2020-02-17 15:04:22,very short,True,False,1 commit
True,2020-02-18 13:38:52,very short,True,False,1 commit
True,2020-02-18 19:03:51,medium,True,False,1 commit
True,2020-02-19 13:20:09,very short,True,False,some commits
True,2020-02-19 13:25:20,lengthy,True,False,many commits
True,2020-02-20 22:39:18,lengthy,True,False,many commits
False,2020-02-21 07:15:03,medium,True,False,some commits
True,2020-02-21 08:04:46,lengthy,True,False,1 commit
True,2020-02-21 15:06:58,medium,True,False,1 commit
True,2020-02-21 21:47:59,lengthy,True,False,some commits
False,2020-02-24 05:03:15,medium,True,False,1 commit
True,2020-02-24 10:01:49,medium,True,False,many commits
True,2020-02-24 16:25:03,lengthy,False,True,1 commit
True,2020-02-25 11:39:35,medium,True,False,1 commit
True,2020-02-25 14:49:48,very short,True,False,some commits
True,2020-02-25 18:12:37,very short,True,False,1 commit
True,2020-02-25 21:19:37,very short,True,False,1 commit
True,2020-02-27 23:03:36,medium,True,False,1 commit
True,2020-02-28 10:51:11,medium,True,False,1 commit
False,2020-02-28 11:06:34,very short,True,False,1 commit
True,2020-02-28 12:58:29,medium,True,False,many commits
False,2020-02-28 19:05:49,very short,True,False,1 commit
False,2020-02-28 23:13:42,lengthy,True,False,1 commit
True,2020-03-02 10:36:28,short,True,False,some commits
True,2020-03-02 12:26:58,medium,False,True,many commits
True,2020-03-02 13:05:56,very short,True,False,1 commit
True,2020-03-02 13:26:28,very short,True,False,1 commit
False,2020-03-02 16:02:46,lengthy,True,False,some commits
True,2020-03-02 20:15:00,medium,True,False,1 commit
True,2020-03-03 07:03:14,medium,True,False,1 commit
True,2020-03-03 11:41:40,short,True,False,1 commit
True,2020-03-03 15:01:47,short,False,True,1 commit
True,2020-03-04 10:19:27,very short,True,False,1 commit
True,2020-03-04 12:02:49,lengthy,False,True,1 commit
True,2020-03-04 15:21:34,medium,True,False,some commits
True,2020-03-05 01:04:06,very short,True,False,some commits
True,2020-03-05 10:07:14,lengthy,True,False,some commits
True,2020-03-05 16:32:28,medium,True,False,some commits
True,2020-03-06 14:10:44,lengthy,True,False,many commits
False,2020-03-06 17:04:00,lengthy,True,False,1 commit
True,2020-03-09 08:15:37,very short,True,False,some commits
True,2020-03-09 08:29:30,very short,True,False,1 commit
True,2020-03-09 09:48:19,very short,True,False,1 commit
True,2020-03-09 11:05:51,medium,True,False,1 commit
True,2020-03-10 09:50:38,very short,True,False,1 commit
True,2020-03-11 10:47:25,very short,True,False,1 commit
True,2020-03-11 11:18:18,very short,True,False,1 commit
True,2020-03-11 14:41:03,very short,True,False,many commits
True,2020-03-11 15:24:40,short,True,False,1 commit
True,2020-03-12 15:56:58,medium,True,False,some commits
True,2020-03-12 16:02:23,medium,True,False,1 commit
True,2020-03-12 16:09:52,very short,True,False,1 commit
True,2020-03-12 21:39:38,lengthy,True,False,many commits
True,2020-03-13 08:04:21,very short,True,False,1 commit
True,2020-03-13 08:10:10,very short,True,False,1 commit
True,2020-03-13 11:21:33,very short,True,False,1 commit
True,2020-03-13 15:36:24,medium,True,False,1 commit
True,2020-03-13 15:42:00,lengthy,True,False,some commits
True,2020-03-13 17:48:25,lengthy,False,True,some commits
False,2020-03-16 10:37:10,lengthy,True,False,many commits
True,2020-03-16 18:38:08,short,True,False,some commits
True,2020-03-16 21:15:54,lengthy,True,False,1 commit
True,2020-03-17 10:29:13,short,True,False,some commits
True,2020-03-17 11:00:42,very short,True,False,1 commit
True,2020-03-17 12:46:00,medium,True,False,1 commit
True,2020-03-17 13:26:36,very short,True,False,1 commit
True,2020-03-18 15:02:49,lengthy,False,True,some commits
True,2020-03-18 15:13:28,short,False,True,1 commit
True,2020-03-18 15:28:39,very short,True,False,1 commit
False,2020-03-18 17:04:17,lengthy,True,False,1 commit
True,2020-03-18 17:28:06,lengthy,True,False,many commits
True,2020-03-19 07:34:01,very short,True,False,1 commit
True,2020-03-19 14:51:18,medium,True,False,some commits
False,2020-03-20 14:27:22,medium,True,False,1 commit
True,2020-03-20 17:43:20,lengthy,True,False,many commits
True,2020-03-21 07:47:07,lengthy,False,False,1 commit
True,2020-03-21 23:45:17,lengthy,True,False,some commits
True,2020-03-22 08:06:01,lengthy,True,False,many commits
True,2020-03-22 09:49:55,short,False,True,1 commit
True,2020-03-23 14:30:00,medium,True,False,1 commit
True,2020-03-23 17:49:19,very short,True,False,1 commit
True,2020-03-24 08:07:42,very short,True,False,1 commit
True,2020-03-24 14:01:25,short,True,False,some commits
True,2020-03-24 17:18:18,lengthy,True,False,many commits
True,2020-03-25 07:04:07,lengthy,True,False,some commits
True,2020-03-25 07:08:25,very short,True,False,some commits
True,2020-03-25 17:48:27,medium,True,False,some commits
True,2020-03-26 00:14:11,short,True,False,1 commit
True,2020-03-26 05:04:30,medium,True,False,1 commit
True,2020-03-26 13:05:13,medium,False,True,some commits
True,2020-03-26 16:21:56,medium,True,False,some commits
True,2020-03-27 10:08:58,very short,True,False,1 commit
True,2020-03-27 14:44:33,short,False,False,1 commit
True,2020-03-27 16:03:08,short,True,False,1 commit
True,2020-03-27 16:34:04,short,True,False,1 commit
True,2020-03-27 17:01:32,medium,True,False,1 commit
False,2020-03-28 15:45:08,lengthy,False,True,many commits
True,2020-03-28 17:23:32,short,True,False,1 commit
False,2020-03-29 22:44:01,medium,False,True,1 commit
True,2020-03-30 06:07:37,short,True,False,1 commit
True,2020-03-30 22:04:17,short,True,False,1 commit
True,2020-03-31 07:50:54,very short,True,False,1 commit
True,2020-03-31 09:35:00,very short,True,False,1 commit
False,2020-03-31 20:14:43,lengthy,True,False,1 commit
True,2020-03-31 20:14:50,very short,True,False,1 commit
True,2020-03-31 20:14:58,very short,True,False,1 commit
True,2020-04-01 08:19:03,lengthy,True,False,1 commit
True,2020-04-01 08:52:06,very short,True,False,1 commit
True,2020-04-01 11:11:04,very short,True,False,some commits
True,2020-04-01 19:06:25,very short,True,False,1 commit
True,2020-04-01 21:16:05,very short,True,False,1 commit
True,2020-04-02 00:03:38,short,True,False,some commits
True,2020-04-02 08:47:53,lengthy,True,False,1 commit
True,2020-04-02 16:57:12,medium,False,True,many commits
True,2020-04-03 11:06:10,medium,True,False,1 commit
True,2020-04-05 10:52:20,lengthy,True,False,1 commit
True,2020-04-06 09:40:56,short,True,False,many commits
True,2020-04-06 14:05:51,short,True,False,1 commit
True,2020-04-06 16:20:30,very short,True,False,1 commit
True,2020-04-06 16:57:59,very short,True,False,1 commit
True,2020-04-07 07:28:33,very short,True,False,1 commit
True,2020-04-07 12:39:49,very short,True,False,some commits
True,2020-04-07 18:16:40,medium,True,False,1 commit
False,2020-04-07 18:45:32,lengthy,True,False,1 commit
False,2020-04-08 02:11:57,lengthy,True,False,1 commit
True,2020-04-08 15:46:52,lengthy,True,False,many commits
True,2020-04-09 22:05:00,very short,True,False,1 commit
True,2020-04-10 10:08:00,very short,True,False,1 commit
False,2020-04-12 17:19:49,lengthy,True,False,1 commit
False,2020-04-14 14:05:00,lengthy,True,False,1 commit
True,2020-04-15 08:11:32,very short,True,False,1 commit
True,2020-04-15 16:16:57,lengthy,True,False,1 commit
True,2020-04-15 16:27:24,very short,True,False,1 commit
True,2020-04-16 07:49:25,very short,True,False,1 commit
True,2020-04-16 08:34:05,lengthy,False,True,many commits
True,2020-04-16 09:20:21,very short,True,False,1 commit
False,2020-04-16 10:18:15,lengthy,False,False,some commits
True,2020-04-18 13:11:49,short,True,False,1 commit
True,2020-04-19 16:04:41,medium,True,False,some commits
True,2020-04-19 20:52:47,medium,True,False,many commits
True,2020-04-19 20:52:54,medium,True,False,1 commit
True,2020-04-20 01:34:30,very short,False,False,many commits
True,2020-04-20 12:19:25,medium,False,False,some commits
True,2020-04-20 14:44:29,medium,True,False,1 commit
True,2020-04-21 11:06:53,lengthy,True,False,some commits
False,2020-04-21 12:06:20,very short,True,False,1 commit
True,2020-04-21 16:26:36,very short,True,False,1 commit
True,2020-04-22 11:48:35,short,False,True,1 commit
False,2020-04-22 17:42:09,lengthy,True,False,1 commit
True,2020-04-24 07:50:09,very short,True,False,1 commit
False,2020-04-26 02:03:49,lengthy,True,False,many commits
True,2020-04-27 09:17:10,very short,True,False,1 commit
True,2020-04-27 09:24:03,very short,True,False,1 commit
True,2020-04-27 14:22:12,very short,True,False,1 commit
True,2020-04-27 16:08:00,very short,True,False,1 commit
True,2020-04-27 17:48:40,lengthy,True,False,some commits
True,2020-04-28 07:27:56,lengthy,True,True,1 commit
True,2020-04-28 13:14:25,medium,True,False,1 commit
True,2020-04-28 14:55:41,lengthy,True,False,many commits
True,2020-04-29 19:04:46,very short,True,False,1 commit
True,2020-04-30 15:30:40,lengthy,True,False,1 commit
True,2020-04-30 15:35:21,medium,True,False,1 commit
True,2020-04-30 16:05:28,very short,True,False,1 commit
True,2020-04-30 18:32:24,medium,True,False,1 commit
True,2020-05-01 22:36:21,medium,True,False,1 commit
True,2020-05-02 08:13:55,medium,True,False,some commits
True,2020-05-02 11:00:28,lengthy,True,False,1 commit
False,2020-05-03 11:19:57,lengthy,True,False,1 commit
True,2020-05-04 01:19:46,short,False,True,1 commit
True,2020-05-04 04:28:21,lengthy,True,False,many commits
True,2020-05-04 07:56:08,medium,True,False,some commits
True,2020-05-04 08:16:52,short,True,False,1 commit
True,2020-05-04 08:17:17,short,True,False,1 commit
True,2020-05-04 12:46:05,medium,True,False,1 commit
True,2020-05-04 14:34:26,short,True,False,many commits
True,2020-05-05 02:55:42,short,True,False,1 commit
True,2020-05-05 07:49:28,short,True,False,1 commit
True,2020-05-05 15:41:47,very short,True,False,1 commit
True,2020-05-06 18:29:49,lengthy,True,False,some commits
True,2020-05-06 22:42:16,very short,True,False,some commits
True,2020-05-06 23:12:49,medium,True,False,some commits
True,2020-05-07 14:52:00,very short,True,False,some commits
True,2020-05-07 16:02:41,medium,True,False,some commits
True,2020-05-08 14:26:14,medium,True,False,some commits
True,2020-05-08 15:49:44,very short,True,False,1 commit
True,2020-05-10 08:42:43,lengthy,True,False,some commits
True,2020-05-14 10:22:41,medium,True,False,1 commit
True,2020-05-14 10:34:15,very short,True,False,1 commit
True,2020-05-14 18:40:23,medium,True,False,some commits
False,2020-05-15 00:04:10,lengthy,True,False,1 commit
True,2020-05-15 14:42:56,lengthy,True,False,many commits
True,2020-05-18 07:14:33,lengthy,False,False,some commits
True,2020-05-18 09:22:24,lengthy,True,False,some commits
True,2020-05-18 12:08:36,very short,True,False,1 commit
True,2020-05-19 13:59:04,very short,True,False,1 commit
True,2020-05-19 15:21:05,lengthy,False,True,1 commit
True,2020-05-22 09:37:17,medium,True,False,many commits
True,2020-05-22 12:03:06,very short,False,True,1 commit
True,2020-05-24 15:41:56,lengthy,False,True,some commits
True,2020-05-24 16:05:44,short,True,False,1 commit
True,2020-05-25 09:15:39,short,True,False,some commits
True,2020-05-25 11:04:39,very short,True,False,1 commit
True,2020-05-25 11:23:30,very short,True,False,1 commit
True,2020-05-25 11:27:30,very short,True,False,1 commit
True,2020-05-25 11:39:45,short,True,False,1 commit
True,2020-05-25 12:09:51,very short,True,False,1 commit
True,2020-05-25 13:18:48,very short,True,False,1 commit
False,2020-05-25 20:04:00,lengthy,True,False,some commits
True,2020-05-26 07:50:58,very short,True,False,1 commit
True,2020-05-26 09:26:03,very short,True,False,some commits
True,2020-05-26 10:26:52,very short,True,False,1 commit
True,2020-05-27 09:20:42,lengthy,True,False,many commits
True,2020-05-28 12:57:31,very short,True,False,some commits
True,2020-05-28 18:35:07,medium,True,False,many commits
False,2020-05-29 13:43:32,very short,False,False,1 commit
True,2020-05-31 08:26:31,short,False,True,1 commit
True,2020-06-02 06:18:22,very short,True,False,1 commit
True,2020-06-02 09:26:35,very short,True,False,many commits
True,2020-06-02 15:56:55,very short,True,False,1 commit
True,2020-06-02 16:02:12,short,True,False,some commits
True,2020-06-03 08:41:09,lengthy,True,False,many commits
True,2020-06-03 15:16:51,lengthy,True,False,some commits
True,2020-06-04 09:36:22,very short,True,False,1 commit
True,2020-06-04 15:01:46,very short,True,False,some commits
True,2020-06-04 20:23:10,very short,True,False,1 commit
True,2020-06-05 09:09:28,very short,True,False,1 commit
True,2020-06-08 11:42:43,lengthy,True,False,1 commit
True,2020-06-08 14:52:46,very short,True,False,1 commit
True,2020-06-08 15:03:33,very short,True,False,some commits
True,2020-06-09 03:46:12,very short,True,True,1 commit
True,2020-06-09 10:20:12,very short,True,False,1 commit
True,2020-06-09 10:40:57,very short,True,False,1 commit
True,2020-06-09 15:45:43,lengthy,True,False,many commits
True,2020-06-09 16:09:44,very short,True,False,1 commit
True,2020-06-10 05:58:45,lengthy,True,False,1 commit
True,2020-06-10 09:57:38,short,True,False,1 commit
True,2020-06-10 11:22:57,medium,True,False,many commits
True,2020-06-11 07:37:07,very short,True,False,some commits
True,2020-06-11 23:40:30,lengthy,True,False,some commits
True,2020-06-12 06:53:28,medium,True,False,some commits
True,2020-06-15 08:18:08,very short,True,False,1 commit
True,2020-06-15 09:00:39,very short,True,False,1 commit
True,2020-06-15 12:18:02,very short,True,False,1 commit
True,2020-06-16 16:40:43,medium,False,True,some commits
True,2020-06-17 08:29:54,lengthy,True,False,1 commit
True,2020-06-17 20:19:21,medium,True,False,1 commit
True,2020-06-18 12:16:14,medium,True,False,some commits
False,2020-06-18 19:38:57,lengthy,False,True,1 commit
True,2020-06-18 19:42:07,medium,True,False,some commits
True,2020-06-22 15:09:56,medium,True,False,many commits
True,2020-06-23 20:06:47,lengthy,False,True,many commits
True,2020-06-24 08:37:23,lengthy,True,False,some commits
False,2020-06-24 20:04:56,lengthy,True,False,some commits
True,2020-06-24 20:05:03,medium,True,False,some commits
True,2020-06-24 20:05:24,lengthy,True,False,1 commit
True,2020-06-24 20:05:35,lengthy,True,False,1 commit
False,2020-06-24 20:05:42,lengthy,True,False,1 commit
True,2020-06-24 20:05:49,lengthy,True,False,1 commit
False,2020-06-24 20:05:56,lengthy,True,False,1 commit
True,2020-06-24 20:06:18,short,True,False,1 commit
True,2020-06-25 10:01:02,medium,True,False,1 commit
True,2020-06-26 19:36:51,short,True,False,1 commit
True,2020-06-29 11:06:06,very short,True,False,some commits
True,2020-06-29 11:23:20,short,True,False,1 commit
True,2020-06-29 11:42:54,very short,True,False,1 commit
True,2020-06-29 12:14:29,very short,True,False,1 commit
True,2020-06-29 12:25:15,very short,True,False,1 commit
True,2020-07-01 09:29:57,medium,True,False,many commits
True,2020-07-01 14:22:35,medium,True,False,some commits
True,2020-07-02 06:15:32,very short,True,False,1 commit
True,2020-07-02 07:12:57,medium,False,True,some commits
True,2020-07-02 18:02:11,very short,False,True,1 commit
True,2020-07-02 18:42:25,lengthy,True,False,some commits
True,2020-07-03 10:08:09,lengthy,True,False,1 commit
True,2020-07-05 13:32:49,short,True,False,some commits
True,2020-07-08 08:02:42,very short,True,False,some commits
True,2020-07-08 16:03:41,very short,False,True,1 commit
True,2020-07-09 08:35:39,medium,True,False,many commits
True,2020-07-09 09:59:20,very short,True,False,1 commit
True,2020-07-09 16:42:30,lengthy,True,False,1 commit
True,2020-07-09 18:35:01,very short,True,False,1 commit
True,2020-07-10 08:04:45,lengthy,True,False,many commits
True,2020-07-10 10:02:51,very short,True,False,1 commit
True,2020-07-10 14:21:46,lengthy,True,False,1 commit
False,2020-07-11 02:37:30,lengthy,True,False,some commits
True,2020-07-13 09:43:06,very short,True,False,1 commit
True,2020-07-13 10:18:29,very short,True,False,1 commit
True,2020-07-13 12:28:47,medium,True,False,some commits
True,2020-07-13 13:28:26,medium,True,False,some commits
True,2020-07-13 14:32:45,short,True,False,1 commit
True,2020-07-13 16:19:26,very short,False,True,some commits
True,2020-07-14 08:10:58,lengthy,False,True,1 commit
True,2020-07-15 10:45:13,short,True,False,some commits
True,2020-07-16 09:11:52,very short,True,False,1 commit
True,2020-07-16 10:31:03,very short,True,False,1 commit
True,2020-07-16 11:51:51,very short,True,False,1 commit
True,2020-07-17 14:31:28,medium,True,False,some commits
True,2020-07-19 11:14:17,short,False,True,1 commit
True,2020-07-21 07:12:05,very short,True,False,1 commit
True,2020-07-21 08:52:53,lengthy,True,False,1 commit
True,2020-07-21 14:56:24,very short,True,False,1 commit
True,2020-07-21 15:55:05,very short,False,True,1 commit
True,2020-07-21 16:02:29,very short,True,False,1 commit
True,2020-07-22 13:05:25,medium,True,False,some commits
False,2020-07-24 22:03:25,lengthy,True,False,1 commit
True,2020-07-24 22:03:32,lengthy,True,False,1 commit
False,2020-07-24 22:03:39,lengthy,True,False,1 commit
False,2020-07-24 22:03:46,lengthy,True,False,1 commit
False,2020-07-24 22:03:54,lengthy,True,False,some commits
True,2020-07-24 22:04:12,lengthy,True,False,1 commit
True,2020-07-28 09:43:57,medium,False,True,some commits
True,2020-07-28 15:54:43,very short,True,False,1 commit
True,2020-07-29 07:12:17,very short,True,False,many commits
True,2020-07-29 10:27:18,medium,True,False,some commits
True,2020-07-30 13:39:11,very short,True,False,some commits
True,2020-07-31 14:32:44,medium,True,False,1 commit
True,2020-08-03 13:24:55,very short,True,False,some commits
True,2020-08-04 10:09:57,very short,True,False,1 commit
True,2020-08-05 06:52:49,very short,True,False,some commits
True,2020-08-05 09:28:55,very short,True,False,1 commit
True,2020-08-06 07:11:28,lengthy,True,False,some commits
True,2020-08-06 19:23:50,medium,True,False,1 commit
True,2020-08-07 08:57:29,short,True,False,1 commit
True,2020-08-07 14:17:20,short,True,False,1 commit
True,2020-08-10 11:43:35,medium,True,False,1 commit
True,2020-08-11 08:02:06,medium,False,True,many commits
True,2020-08-12 05:56:00,short,True,False,1 commit
True,2020-08-12 12:03:07,very short,True,False,1 commit
True,2020-08-12 17:10:24,very short,True,False,1 commit
True,2020-08-13 12:16:00,very short,True,False,1 commit
True,2020-08-17 07:36:21,lengthy,True,False,many commits
True,2020-08-18 06:46:59,very short,True,False,1 commit
True,2020-08-18 10:56:30,very short,True,False,1 commit
True,2020-08-18 15:00:53,lengthy,True,False,some commits
False,2020-08-24 00:03:21,very short,True,False,1 commit
True,2020-08-24 00:03:29,very short,True,False,1 commit
True,2020-08-24 00:03:46,very short,True,False,1 commit
True,2020-08-24 00:04:03,very short,True,False,1 commit
True,2020-08-24 00:04:22,very short,True,False,1 commit
True,2020-08-24 07:50:03,very short,True,False,1 commit
True,2020-08-24 07:54:14,medium,False,True,some commits
True,2020-08-25 14:49:34,short,True,False,1 commit
True,2020-08-26 09:18:55,very short,True,False,1 commit
True,2020-08-27 10:43:06,medium,False,True,some commits
False,2020-08-29 21:13:45,lengthy,False,True,1 commit
True,2020-08-29 22:29:30,short,True,False,1 commit
True,2020-08-30 09:29:25,lengthy,False,True,some commits
True,2020-09-01 12:57:49,very short,True,False,1 commit
True,2020-09-02 11:30:07,very short,True,False,1 commit
True,2020-09-03 11:03:02,medium,True,False,1 commit
True,2020-09-07 12:22:59,very short,True,False,1 commit
True,2020-09-07 13:33:20,very short,True,False,1 commit
True,2020-09-07 13:35:39,very short,True,False,1 commit
True,2020-09-07 15:38:55,very short,False,True,some commits
True,2020-09-07 17:25:42,very short,True,False,some commits
False,2020-09-08 11:34:56,lengthy,True,False,some commits
True,2020-09-09 14:50:52,lengthy,True,False,some commits
True,2020-09-09 15:41:48,very short,True,False,1 commit
True,2020-09-10 09:58:28,short,False,True,some commits
True,2020-09-11 11:59:08,medium,True,False,1 commit
True,2020-09-11 22:26:48,lengthy,False,True,many commits
False,2020-09-13 15:13:58,very short,False,True,1 commit
True,2020-09-13 23:10:21,very short,True,False,1 commit
True,2020-09-13 23:24:51,very short,True,False,1 commit
True,2020-09-14 01:32:00,lengthy,True,False,1 commit
True,2020-09-14 14:41:40,lengthy,True,False,some commits
True,2020-09-15 06:42:20,very short,True,False,1 commit
True,2020-09-15 08:23:47,short,True,False,some commits
True,2020-09-15 08:29:27,very short,True,False,1 commit
True,2020-09-15 11:28:40,very short,True,False,1 commit
True,2020-09-16 00:43:30,short,True,False,1 commit
True,2020-09-16 07:10:32,medium,True,False,many commits
True,2020-09-16 10:59:11,medium,False,True,many commits
True,2020-09-18 01:24:36,medium,True,False,1 commit
True,2020-09-18 01:34:17,medium,True,False,1 commit
True,2020-09-18 01:40:04,medium,True,False,1 commit
True,2020-09-18 03:05:07,medium,True,False,some commits
True,2020-09-18 03:13:25,medium,True,False,1 commit
True,2020-09-18 03:45:21,medium,True,False,1 commit
True,2020-09-18 07:26:40,lengthy,False,False,many commits
True,2020-09-18 10:47:22,medium,True,False,1 commit
True,2020-09-18 14:59:20,short,True,False,1 commit
False,2020-09-18 15:29:58,lengthy,True,False,1 commit
False,2020-09-20 21:00:37,lengthy,True,False,1 commit
True,2020-09-21 09:05:49,very short,True,False,1 commit
True,2020-09-21 11:47:13,lengthy,True,False,1 commit
True,2020-09-21 13:16:08,medium,True,False,many commits
True,2020-09-22 06:13:22,very short,True,False,some commits
True,2020-09-22 07:29:33,very short,True,False,1 commit
True,2020-09-22 08:57:46,short,True,False,1 commit
True,2020-09-22 09:09:31,very short,True,False,1 commit
True,2020-09-22 09:14:38,very short,True,False,1 commit
True,2020-09-22 09:23:59,very short,True,False,some commits
True,2020-09-22 09:43:36,very short,True,False,1 commit
False,2020-09-23 02:03:36,short,True,False,1 commit
True,2020-09-23 02:03:52,short,True,False,some commits
True,2020-09-23 02:03:59,very short,True,False,1 commit
True,2020-09-23 02:04:07,short,True,False,some commits
True,2020-09-23 02:04:23,very short,True,False,1 commit
True,2020-09-23 02:04:32,very short,True,False,1 commit
True,2020-09-23 08:06:56,short,True,False,many commits
True,2020-09-24 07:22:18,very short,True,False,some commits
True,2020-09-24 13:41:13,very short,True,False,1 commit
True,2020-09-25 12:10:03,medium,True,False,some commits
True,2020-09-25 13:19:30,medium,True,False,some commits
True,2020-09-27 11:38:47,lengthy,False,False,some commits
True,2020-09-27 19:06:30,lengthy,True,False,some commits
True,2020-09-28 00:38:00,short,True,False,many commits
True,2020-09-29 13:58:08,very short,True,False,1 commit
True,2020-10-01 10:38:08,medium,False,True,1 commit
True,2020-10-01 13:02:43,medium,False,True,some commits
True,2020-10-01 18:28:33,very short,True,False,1 commit
False,2020-10-05 16:06:35,medium,True,False,1 commit
False,2020-10-05 16:06:42,medium,True,False,1 commit
False,2020-10-05 16:06:49,medium,True,False,1 commit
False,2020-10-05 16:06:57,medium,True,False,1 commit
False,2020-10-05 16:07:21,medium,True,False,1 commit
True,2020-10-05 16:07:28,short,True,False,1 commit
False,2020-10-05 16:07:52,lengthy,True,False,some commits
True,2020-10-05 16:08:11,lengthy,True,False,1 commit
False,2020-10-05 16:08:20,lengthy,True,False,1 commit
False,2020-10-05 16:08:42,very short,True,False,1 commit
False,2020-10-06 20:08:07,lengthy,True,False,1 commit
False,2020-10-07 16:05:11,medium,True,False,1 commit
True,2020-10-07 16:39:32,short,True,False,some commits
True,2020-10-08 06:44:21,medium,True,False,some commits
True,2020-10-08 07:22:49,medium,True,False,some commits
True,2020-10-08 09:47:52,very short,True,False,some commits
True,2020-10-09 12:07:16,very short,True,False,1 commit
True,2020-10-09 14:15:28,very short,True,False,1 commit
True,2020-10-10 00:07:17,very short,False,True,1 commit
True,2020-10-10 00:37:21,very short,False,False,1 commit
True,2020-10-10 18:03:30,lengthy,True,False,1 commit
False,2020-10-10 18:53:34,lengthy,False,True,some commits
True,2020-10-10 20:31:45,lengthy,False,False,many commits
True,2020-10-11 18:08:00,very short,True,False,1 commit
True,2020-10-12 00:36:30,very short,True,False,1 commit
True,2020-10-12 10:00:35,lengthy,True,False,many commits
True,2020-10-12 10:49:55,very short,False,True,1 commit
True,2020-10-12 10:54:39,very short,True,False,1 commit
True,2020-10-12 14:45:58,lengthy,True,False,many commits
True,2020-10-12 15:39:59,lengthy,True,False,1 commit
True,2020-10-13 05:33:47,very short,False,False,1 commit
True,2020-10-13 11:47:26,medium,True,False,some commits
True,2020-10-15 10:59:47,medium,True,False,some commits
True,2020-10-16 07:31:36,very short,True,False,1 commit
True,2020-10-16 12:43:29,very short,True,False,1 commit
True,2020-10-16 12:49:36,lengthy,True,False,1 commit
True,2020-10-18 11:07:25,very short,False,True,1 commit
True,2020-10-19 09:21:52,very short,True,False,1 commit
True,2020-10-19 09:57:44,medium,True,False,1 commit
True,2020-10-19 10:28:10,medium,True,False,1 commit
True,2020-10-19 14:55:07,medium,True,False,1 commit
True,2020-10-19 14:58:38,short,True,False,1 commit
True,2020-10-19 16:04:09,medium,True,False,1 commit
True,2020-10-20 11:16:13,short,True,False,1 commit
True,2020-10-21 17:49:05,lengthy,True,False,many commits
True,2020-10-21 21:42:40,lengthy,True,False,some commits
True,2020-10-21 23:30:14,very short,True,False,1 commit
True,2020-10-22 13:14:55,lengthy,True,False,some commits
True,2020-10-27 12:13:54,medium,True,False,1 commit
True,2020-10-28 10:17:11,medium,True,False,1 commit
True,2020-10-31 23:16:22,short,True,True,1 commit
True,2020-11-02 11:27:48,lengthy,True,False,1 commit
True,2020-11-02 12:25:41,medium,True,False,1 commit
True,2020-11-03 09:15:15,medium,True,False,many commits
True,2020-11-04 15:56:06,medium,True,False,1 commit
True,2020-11-07 03:08:12,short,True,False,1 commit
True,2020-11-10 21:05:33,medium,True,False,1 commit
True,2020-11-10 21:05:55,medium,True,False,1 commit
True,2020-11-10 21:06:11,medium,True,False,some commits
True,2020-11-10 21:06:35,medium,True,False,1 commit
False,2020-11-10 21:07:07,lengthy,True,False,1 commit
True,2020-11-10 21:07:29,medium,True,False,1 commit
True,2020-11-13 12:25:37,short,True,False,1 commit
True,2020-11-15 06:58:20,short,True,False,1 commit
True,2020-11-16 09:41:32,very short,True,False,1 commit
True,2020-11-16 11:20:11,very short,True,False,1 commit
True,2020-11-17 11:00:50,medium,True,False,many commits
False,2020-11-17 16:06:38,very short,False,True,1 commit
True,2020-11-18 15:54:06,very short,True,False,1 commit
True,2020-11-21 09:10:00,medium,False,True,some commits
True,2020-11-23 16:34:05,lengthy,True,False,1 commit
True,2020-11-24 08:32:38,medium,True,False,1 commit
True,2020-11-25 09:21:48,medium,True,False,many commits
True,2020-11-25 14:18:01,very short,True,False,1 commit
True,2020-11-27 19:32:45,short,False,True,1 commit
True,2020-11-30 13:17:55,very short,True,False,some commits
True,2020-11-30 13:59:23,lengthy,True,False,some commits
True,2020-12-02 13:34:59,medium,True,False,some commits
True,2020-12-03 12:00:46,medium,True,False,some commits
True,2020-12-03 14:18:21,very short,False,True,1 commit
True,2020-12-04 11:07:28,short,True,False,some commits
True,2020-12-04 12:32:52,lengthy,True,False,1 commit
True,2020-12-04 12:37:33,short,True,False,1 commit
True,2020-12-07 12:56:59,lengthy,True,False,1 commit
True,2020-12-07 22:03:18,medium,True,False,some commits
False,2020-12-09 13:48:06,lengthy,True,False,some commits
True,2020-12-09 14:24:37,very short,False,True,1 commit
True,2020-12-09 14:25:05,very short,True,False,some commits
True,2020-12-09 18:10:37,very short,True,False,some commits
True,2020-12-10 23:03:02,medium,True,False,1 commit
True,2020-12-10 23:03:19,lengthy,True,False,some commits
True,2020-12-10 23:03:25,medium,True,False,1 commit
True,2020-12-10 23:03:32,medium,True,False,1 commit
True,2020-12-10 23:03:53,medium,True,False,1 commit
True,2020-12-10 23:04:09,medium,True,False,1 commit
True,2020-12-10 23:04:25,lengthy,True,False,1 commit
False,2020-12-10 23:04:53,lengthy,True,False,1 commit
True,2020-12-11 08:35:29,medium,True,False,many commits
True,2020-12-11 19:59:27,medium,True,False,1 commit
True,2020-12-14 08:42:12,lengthy,True,False,some commits
True,2020-12-15 09:15:26,medium,True,False,many commits
True,2020-12-15 10:19:11,lengthy,True,False,1 commit
True,2020-12-15 14:52:53,medium,True,False,many commits
True,2020-12-16 10:02:02,lengthy,True,False,some commits
True,2020-12-16 13:24:46,very short,True,False,1 commit
True,2020-12-18 08:45:55,medium,True,False,some commits
True,2020-12-19 14:03:00,lengthy,True,False,some commits
True,2020-12-20 13:34:24,lengthy,True,False,some commits
True,2020-12-21 12:15:37,lengthy,True,False,1 commit
False,2020-12-21 12:47:03,very short,False,True,1 commit
False,2020-12-21 13:25:28,very short,False,False,1 commit
True,2020-12-22 12:10:44,very short,True,False,1 commit
True,2020-12-23 22:46:11,lengthy,True,False,many commits
True,2021-01-04 13:57:16,medium,True,False,1 commit
True,2021-01-04 14:07:40,medium,True,False,many commits
True,2021-01-04 15:45:16,medium,False,True,many commits
False,2021-01-05 09:09:54,lengthy,True,False,many commits
False,2021-01-06 08:39:49,lengthy,True,False,many commits
True,2021-01-06 14:55:57,very short,True,False,1 commit
False,2021-01-07 08:32:40,lengthy,True,False,many commits
True,2021-01-07 20:11:04,medium,True,False,1 commit
True,2021-01-08 16:55:59,short,True,False,1 commit
False,2021-01-09 12:39:59,lengthy,True,False,some commits
False,2021-01-09 13:43:05,lengthy,True,False,some commits
True,2021-01-09 17:49:35,short,True,False,some commits
False,2021-01-10 01:03:12,short,True,False,1 commit
True,2021-01-10 01:03:38,lengthy,True,False,1 commit
True,2021-01-10 01:03:44,lengthy,True,False,1 commit
True,2021-01-10 01:04:06,medium,True,False,1 commit
True,2021-01-15 10:36:23,very short,True,False,1 commit
True,2021-01-15 12:45:55,very short,True,False,1 commit
True,2021-01-16 17:53:15,short,True,False,many commits
True,2021-01-17 16:52:48,lengthy,True,False,many commits
True,2021-01-19 12:38:03,very short,True,False,1 commit
True,2021-01-19 13:14:41,lengthy,True,False,1 commit
True,2021-01-19 21:30:25,lengthy,True,False,many commits
True,2021-01-20 07:44:37,lengthy,True,False,some commits
True,2021-01-22 18:38:34,medium,True,False,1 commit
True,2021-01-23 17:17:37,lengthy,False,True,many commits
True,2021-01-23 17:36:59,short,True,False,1 commit
True,2021-01-25 14:05:32,short,True,False,1 commit
True,2021-01-26 14:31:57,short,True,False,1 commit
True,2021-01-27 09:08:55,very short,True,False,1 commit
False,2021-01-28 13:57:26,medium,True,False,1 commit
False,2021-01-29 21:13:02,lengthy,True,False,1 commit
True,2021-02-01 10:39:38,very short,True,False,1 commit
True,2021-02-01 13:24:49,lengthy,True,False,1 commit
True,2021-02-04 14:44:35,very short,True,False,1 commit
True,2021-02-05 09:16:19,medium,True,False,some commits
False,2021-02-05 21:43:03,lengthy,False,True,some commits
True,2021-02-05 21:54:25,medium,True,False,some commits
True,2021-02-08 16:17:36,very short,True,False,1 commit
True,2021-02-09 03:03:42,short,True,False,1 commit
True,2021-02-09 03:03:57,lengthy,True,False,1 commit
True,2021-02-09 03:04:11,medium,True,False,some commits
True,2021-02-09 03:04:32,medium,True,False,1 commit
True,2021-02-09 03:04:53,short,True,False,1 commit
True,2021-02-13 04:59:21,lengthy,True,False,some commits
True,2021-02-13 15:17:48,medium,False,True,some commits
True,2021-02-14 13:19:15,short,False,True,some commits
True,2021-02-14 18:25:21,very short,False,True,1 commit
True,2021-02-15 13:20:02,very short,True,False,1 commit
True,2021-02-15 17:53:12,lengthy,True,False,many commits
True,2021-02-16 14:39:09,very short,True,False,some commits
True,2021-02-17 11:29:34,lengthy,False,True,some commits
True,2021-02-17 11:57:15,lengthy,True,False,some commits
True,2021-02-17 16:26:05,medium,True,False,some commits
True,2021-02-18 11:15:15,medium,True,False,some commits
True,2021-02-18 21:17:16,lengthy,True,False,many commits
True,2021-02-19 17:10:08,short,True,False,1 commit
True,2021-02-22 15:02:28,very short,True,False,some commits
True,2021-02-23 13:17:19,lengthy,False,True,many commits
True,2021-02-25 09:06:24,lengthy,True,False,some commits
True,2021-02-25 14:46:47,medium,True,False,many commits
True,2021-03-01 12:23:22,lengthy,False,False,many commits
True,2021-03-02 07:18:53,lengthy,True,False,many commits
True,2021-03-03 13:54:13,lengthy,False,True,1 commit
True,2021-03-04 17:37:52,lengthy,True,False,some commits
True,2021-03-08 17:55:42,medium,False,True,some commits
True,2021-03-08 20:55:47,short,True,False,1 commit
True,2021-03-10 19:16:04,medium,False,False,some commits
True,2021-03-11 05:04:26,lengthy,True,False,1 commit
True,2021-03-11 05:04:43,lengthy,True,False,1 commit
True,2021-03-11 05:05:16,lengthy,True,False,1 commit
True,2021-03-11 05:05:28,lengthy,True,False,1 commit
False,2021-03-11 05:05:38,medium,True,False,1 commit
False,2021-03-11 05:05:55,medium,True,False,1 commit
True,2021-03-11 11:30:15,lengthy,True,False,many commits
True,2021-03-11 13:39:16,medium,True,False,1 commit
True,2021-03-11 14:58:53,lengthy,True,False,1 commit
True,2021-03-11 19:41:47,lengthy,False,False,some commits
True,2021-03-12 12:19:24,short,True,False,1 commit
True,2021-03-12 18:35:33,medium,True,False,1 commit
True,2021-03-15 14:04:17,short,True,False,some commits
True,2021-03-15 16:13:42,short,True,False,1 commit
True,2021-03-15 21:11:53,lengthy,True,False,1 commit
True,2021-03-16 15:56:32,very short,True,False,1 commit
False,2021-03-16 22:02:01,very short,True,False,1 commit
True,2021-03-17 10:05:18,medium,True,False,some commits
True,2021-03-17 18:00:39,lengthy,False,True,some commits
True,2021-03-18 11:59:32,very short,True,False,1 commit
False,2021-03-18 13:48:13,lengthy,True,False,some commits
True,2021-03-19 10:27:50,medium,True,False,some commits
True,2021-03-19 15:58:37,medium,True,False,1 commit
True,2021-03-23 02:01:26,lengthy,True,False,many commits
True,2021-03-23 14:30:18,medium,False,True,1 commit
True,2021-03-24 09:43:16,lengthy,False,False,some commits
True,2021-03-26 07:18:46,medium,True,True,1 commit
True,2021-03-26 10:29:49,medium,True,False,some commits
True,2021-03-29 21:01:49,very short,True,False,1 commit
True,2021-03-31 13:40:06,medium,True,False,some commits
True,2021-03-31 21:52:43,very short,True,False,1 commit
True,2021-04-02 18:51:07,lengthy,True,False,1 commit
True,2021-04-04 17:44:48,lengthy,True,False,some commits
True,2021-04-04 18:08:04,short,True,False,1 commit
True,2021-04-05 17:39:06,lengthy,True,False,some commits
True,2021-04-07 12:01:17,lengthy,True,False,1 commit
True,2021-04-07 15:20:47,lengthy,False,True,1 commit
True,2021-04-07 17:36:30,lengthy,True,False,many commits
True,2021-04-07 18:50:15,medium,True,False,some commits
True,2021-04-08 16:20:09,lengthy,False,False,some commits
True,2021-04-09 13:49:27,lengthy,True,False,1 commit
False,2021-04-09 15:24:03,lengthy,True,False,1 commit
True,2021-04-10 06:02:29,lengthy,True,False,1 commit
True,2021-04-10 06:02:45,lengthy,True,False,1 commit
False,2021-04-10 06:03:00,medium,True,False,1 commit
True,2021-04-10 06:03:15,lengthy,True,False,1 commit
True,2021-04-13 10:13:38,very short,True,False,some commits
True,2021-04-14 10:30:54,medium,True,False,some commits
True,2021-04-15 13:13:25,lengthy,False,True,some commits
True,2021-04-17 08:49:15,lengthy,True,False,1 commit
True,2021-04-18 10:58:08,lengthy,True,False,many commits
True,2021-04-19 22:05:45,very short,True,False,1 commit
True,2021-04-20 17:28:23,short,False,True,1 commit
True,2021-04-26 16:59:40,medium,True,False,some commits
True,2021-04-29 10:01:24,medium,True,False,1 commit
True,2021-04-30 14:07:20,lengthy,True,False,some commits
True,2021-05-02 16:35:29,very short,True,False,some commits
True,2021-05-03 12:05:39,lengthy,True,False,1 commit
True,2021-05-03 13:21:07,lengthy,True,False,many commits
True,2021-05-03 14:17:01,lengthy,True,False,some commits
True,2021-05-03 15:10:34,lengthy,True,False,1 commit
True,2021-05-03 15:32:43,very short,False,True,some commits
True,2021-05-03 18:11:57,short,True,False,1 commit
True,2021-05-03 20:23:43,lengthy,True,False,some commits
True,2021-05-04 12:51:56,lengthy,True,False,many commits
False,2021-05-05 10:23:01,lengthy,True,False,many commits
True,2021-05-05 15:42:25,lengthy,True,False,many commits
True,2021-05-05 18:35:53,short,True,False,1 commit
False,2021-05-10 06:08:17,lengthy,True,False,1 commit
True,2021-05-10 06:08:51,lengthy,True,False,1 commit
True,2021-05-10 15:10:02,short,True,False,1 commit
True,2021-05-11 12:29:58,very short,True,True,1 commit
True,2021-05-11 13:22:06,medium,True,False,some commits
True,2021-05-12 20:42:14,lengthy,True,False,1 commit
True,2021-05-13 13:49:25,lengthy,True,False,many commits
True,2021-05-14 10:14:40,medium,True,False,1 commit
True,2021-05-14 19:53:35,lengthy,True,False,some commits
True,2021-05-17 15:09:36,short,True,False,some commits
True,2021-05-19 07:34:15,short,True,False,some commits
True,2021-05-19 18:48:35,medium,True,False,1 commit
True,2021-05-21 08:01:21,medium,False,True,some commits
True,2021-05-23 09:01:31,medium,True,False,some commits
True,2021-05-25 18:02:16,medium,True,False,many commits
True,2021-05-25 18:59:59,short,True,False,some commits
True,2021-05-26 12:37:14,medium,True,False,some commits
True,2021-05-26 20:56:18,medium,True,False,some commits
True,2021-05-27 10:38:56,medium,True,False,many commits
True,2021-05-27 14:37:09,medium,True,False,some commits
True,2021-05-31 11:57:55,very short,True,False,some commits
True,2021-06-01 10:27:16,very short,True,False,1 commit
True,2021-06-02 21:09:13,lengthy,True,False,1 commit
True,2021-06-03 13:04:09,lengthy,True,False,some commits
True,2021-06-07 12:35:27,very short,True,False,some commits
True,2021-06-09 07:29:47,lengthy,True,False,1 commit
True,2021-06-09 07:30:05,lengthy,True,False,1 commit
True,2021-06-09 07:30:19,lengthy,True,False,1 commit
False,2021-06-09 07:30:39,lengthy,True,False,1 commit
True,2021-06-09 07:31:31,very short,True,False,1 commit
True,2021-06-09 07:31:38,lengthy,True,False,some commits
True,2021-06-09 07:32:11,short,True,False,1 commit
True,2021-06-09 09:15:01,lengthy,False,True,1 commit
True,2021-06-10 13:14:38,lengthy,True,False,some commits
True,2021-06-10 15:03:47,very short,True,False,1 commit
True,2021-06-12 22:02:04,medium,True,False,1 commit
True,2021-06-14 08:03:48,lengthy,True,False,1 commit
True,2021-06-15 09:54:43,lengthy,True,False,1 commit
True,2021-06-16 06:46:59,lengthy,True,False,1 commit
True,2021-06-20 19:32:46,lengthy,True,False,many commits
True,2021-06-21 19:43:50,lengthy,True,False,some commits
True,2021-06-23 08:19:23,very short,True,False,some commits
True,2021-06-28 13:03:33,very short,True,False,1 commit
False,2021-06-28 22:09:32,very short,True,False,1 commit
True,2021-06-30 14:06:55,medium,True,False,1 commit
True,2021-06-30 22:39:07,medium,False,True,some commits
True,2021-07-01 18:36:58,very short,True,False,1 commit
True,2021-07-02 11:15:18,lengthy,True,False,some commits
True,2021-07-02 13:03:38,lengthy,True,False,many commits
True,2021-07-02 13:55:51,short,True,False,1 commit
False,2021-07-06 14:55:53,lengthy,True,False,1 commit
True,2021-07-07 09:54:37,medium,True,False,1 commit
True,2021-07-08 12:37:30,very short,True,False,some commits
True,2021-07-08 13:13:05,short,False,True,1 commit
True,2021-07-09 08:03:49,medium,True,False,1 commit
True,2021-07-09 08:04:29,medium,True,False,1 commit
True,2021-07-09 08:04:47,very short,True,False,1 commit
True,2021-07-09 08:05:01,medium,True,False,1 commit
True,2021-07-09 08:05:22,very short,True,False,1 commit
True,2021-07-09 08:05:33,medium,True,False,1 commit
True,2021-07-09 10:04:35,medium,True,False,1 commit
True,2021-07-09 10:16:36,medium,True,False,1 commit
True,2021-07-11 05:45:11,short,True,False,some commits
False,2021-07-11 06:28:17,lengthy,False,True,many commits
True,2021-07-12 09:55:29,very short,True,False,1 commit
True,2021-07-13 09:01:42,lengthy,True,False,many commits
True,2021-07-13 14:34:49,medium,True,False,1 commit
True,2021-07-14 08:52:40,very short,False,True,1 commit
True,2021-07-15 14:52:02,medium,True,False,some commits
True,2021-07-16 14:00:30,short,True,False,1 commit
True,2021-07-16 19:46:13,short,True,False,1 commit
True,2021-07-19 12:32:36,lengthy,True,False,many commits
True,2021-07-19 15:17:32,very short,True,False,1 commit
True,2021-07-19 15:29:28,short,True,False,some commits
True,2021-07-19 19:23:10,very short,True,False,1 commit
True,2021-07-22 14:55:31,medium,True,False,1 commit
True,2021-07-22 15:21:41,very short,True,False,1 commit
True,2021-07-22 15:22:47,very short,True,False,1 commit
True,2021-07-26 08:34:06,very short,True,False,many commits
True,2021-07-26 12:23:01,medium,True,False,1 commit
True,2021-07-26 13:06:32,medium,True,False,1 commit
False,2021-07-28 10:22:11,lengthy,False,False,some commits
True,2021-07-29 09:23:36,lengthy,True,False,many commits
False,2021-08-02 17:29:28,medium,True,False,many commits
True,2021-08-03 10:39:20,lengthy,True,False,some commits
True,2021-08-03 14:03:05,very short,True,False,many commits
False,2021-08-03 16:05:30,medium,True,False,many commits
True,2021-08-04 08:30:44,very short,True,False,some commits
True,2021-08-04 11:50:02,very short,True,False,1 commit
True,2021-08-04 12:03:23,very short,True,False,many commits
True,2021-08-04 15:00:37,very short,True,False,some commits
True,2021-08-04 15:26:30,very short,True,False,1 commit
True,2021-08-04 19:55:12,lengthy,True,False,some commits
True,2021-08-05 08:59:08,very short,True,False,1 commit
True,2021-08-05 11:59:57,very short,True,False,1 commit
True,2021-08-05 14:01:15,very short,True,False,1 commit
True,2021-08-05 14:59:59,lengthy,True,False,some commits
True,2021-08-06 07:53:59,medium,True,False,1 commit
True,2021-08-06 08:19:35,medium,True,False,1 commit
True,2021-08-06 09:29:41,very short,True,False,1 commit
True,2021-08-06 14:53:58,very short,True,False,1 commit
True,2021-08-07 00:51:30,medium,False,False,some commits
True,2021-08-08 10:04:14,lengthy,True,False,1 commit
True,2021-08-08 10:04:18,medium,True,False,1 commit
True,2021-08-08 10:04:33,medium,True,False,1 commit
True,2021-08-08 10:04:49,lengthy,True,False,1 commit
True,2021-08-08 10:04:55,lengthy,True,False,1 commit
True,2021-08-09 14:12:07,short,True,False,1 commit
True,2021-08-11 08:59:01,very short,True,False,1 commit
True,2021-08-11 10:12:31,medium,True,False,1 commit
True,2021-08-11 16:34:43,medium,True,False,1 commit
True,2021-08-12 06:42:12,very short,True,False,1 commit
True,2021-08-13 08:58:31,very short,True,False,1 commit
True,2021-08-13 14:42:36,medium,True,False,1 commit
True,2021-08-13 15:35:55,medium,True,False,1 commit
True,2021-08-16 09:38:46,short,True,False,some commits
True,2021-08-16 13:30:42,very short,True,False,1 commit
True,2021-08-17 05:44:36,very short,True,False,1 commit
True,2021-08-20 14:07:18,short,True,False,many commits
True,2021-08-20 21:32:42,short,True,False,1 commit
True,2021-08-24 07:18:42,very short,True,False,1 commit
True,2021-08-24 16:42:16,short,True,False,many commits
True,2021-08-26 09:54:25,very short,True,False,1 commit
True,2021-08-26 10:09:56,very short,True,False,1 commit
True,2021-08-26 10:32:46,very short,True,False,1 commit
True,2021-08-26 11:45:40,very short,True,False,some commits
True,2021-08-27 07:00:07,very short,True,False,many commits
True,2021-08-27 09:27:52,very short,True,False,1 commit
True,2021-08-27 22:25:29,short,True,False,1 commit
True,2021-08-28 21:17:39,short,True,False,1 commit
True,2021-08-30 16:08:20,very short,True,False,1 commit
True,2021-08-30 20:17:32,very short,True,False,many commits
True,2021-08-31 07:12:40,very short,True,False,1 commit
True,2021-09-01 18:57:12,medium,True,False,some commits
True,2021-09-02 05:53:26,very short,True,False,1 commit
True,2021-09-02 06:08:30,very short,True,False,1 commit
True,2021-09-02 06:45:53,very short,True,False,1 commit
True,2021-09-02 06:56:05,very short,True,False,1 commit
True,2021-09-02 08:24:38,medium,True,False,many commits
True,2021-09-02 12:59:01,medium,True,False,some commits
True,2021-09-03 06:20:26,very short,True,False,1 commit
True,2021-09-03 09:24:11,very short,True,False,1 commit
True,2021-09-03 14:04:34,very short,True,False,1 commit
True,2021-09-03 15:04:38,short,True,False,1 commit
True,2021-09-03 15:46:45,medium,True,False,some commits
True,2021-09-03 19:16:14,medium,True,False,some commits
True,2021-09-04 19:21:55,medium,True,False,1 commit
True,2021-09-05 14:05:22,lengthy,True,False,many commits
True,2021-09-06 06:11:09,very short,True,False,1 commit
True,2021-09-06 08:38:29,very short,True,False,1 commit
True,2021-09-07 06:17:34,very short,True,False,some commits
True,2021-09-07 06:56:41,very short,True,False,1 commit
True,2021-09-07 07:28:21,medium,True,False,some commits
True,2021-09-07 10:28:30,medium,True,False,1 commit
True,2021-09-07 12:05:30,medium,True,False,some commits
True,2021-09-07 12:05:48,medium,True,False,1 commit
True,2021-09-07 12:06:00,medium,True,False,1 commit
True,2021-09-07 12:06:14,medium,True,False,1 commit
True,2021-09-07 12:06:25,lengthy,True,False,some commits
True,2021-09-07 12:06:48,short,True,False,1 commit
True,2021-09-07 12:07:05,short,True,False,1 commit
True,2021-09-08 06:03:48,very short,True,False,1 commit
True,2021-09-08 06:11:37,very short,True,False,1 commit
True,2021-09-08 06:24:43,very short,True,False,1 commit
True,2021-09-10 12:55:05,short,True,False,1 commit
True,2021-09-10 16:34:05,medium,True,False,some commits
True,2021-09-11 06:23:27,lengthy,True,False,some commits
True,2021-09-12 07:07:13,lengthy,True,False,some commits
True,2021-09-13 09:11:15,short,False,True,some commits
True,2021-09-13 15:28:43,short,True,False,1 commit
True,2021-09-14 07:06:29,short,True,False,1 commit
True,2021-09-15 08:23:32,medium,True,False,some commits
True,2021-09-15 08:44:49,very short,True,False,1 commit
True,2021-09-17 12:32:58,medium,True,False,many commits
True,2021-09-17 13:15:34,medium,True,False,1 commit
True,2021-09-17 13:42:12,lengthy,True,False,1 commit
True,2021-09-21 17:50:48,very short,True,False,some commits
True,2021-09-21 18:59:33,very short,True,False,1 commit
True,2021-09-22 09:25:28,lengthy,True,False,1 commit
True,2021-09-22 20:55:09,medium,True,False,1 commit
True,2021-09-23 13:03:53,very short,False,True,1 commit
True,2021-09-24 06:56:48,medium,True,False,1 commit
True,2021-09-24 19:39:32,short,False,True,1 commit
True,2021-09-25 11:41:47,lengthy,True,False,some commits
True,2021-09-27 06:35:56,lengthy,True,False,many commits
True,2021-09-27 16:54:50,very short,True,False,1 commit
True,2021-09-30 12:57:16,very short,False,False,some commits
True,2021-09-30 16:35:05,medium,True,False,some commits
True,2021-10-01 09:16:32,very short,True,False,some commits
True,2021-10-01 13:13:13,medium,True,False,1 commit
True,2021-10-01 13:28:55,medium,True,False,some commits
True,2021-10-01 14:53:57,medium,True,False,1 commit
True,2021-10-01 19:49:14,short,True,False,1 commit
True,2021-10-01 20:22:54,short,True,False,1 commit
True,2021-10-03 06:32:51,short,True,False,many commits
True,2021-10-05 06:03:07,very short,True,False,1 commit
True,2021-10-05 09:14:32,short,True,False,some commits
True,2021-10-06 07:27:40,lengthy,True,False,some commits
True,2021-10-06 08:39:50,short,True,False,1 commit
True,2021-10-06 09:37:49,very short,True,False,some commits
True,2021-10-06 14:44:25,very short,False,True,1 commit
True,2021-10-07 08:07:33,very short,True,False,1 commit
True,2021-10-07 09:50:22,very short,True,False,some commits
True,2021-10-07 13:26:55,very short,True,False,1 commit
True,2021-10-07 14:06:04,very short,True,False,1 commit
False,2021-10-07 14:06:11,lengthy,True,False,1 commit
True,2021-10-07 14:06:19,medium,True,False,1 commit
True,2021-10-07 14:06:32,lengthy,True,False,1 commit
True,2021-10-07 14:06:58,very short,True,False,1 commit
False,2021-10-07 14:07:06,very short,True,False,1 commit
True,2021-10-07 14:07:24,short,True,False,1 commit
True,2021-10-07 17:03:59,lengthy,True,False,1 commit
True,2021-10-08 07:28:48,very short,True,False,1 commit
True,2021-10-08 11:22:48,medium,True,False,some commits
True,2021-10-08 11:46:30,very short,True,False,1 commit
True,2021-10-08 16:38:44,lengthy,True,False,1 commit
True,2021-10-11 08:03:54,very short,True,False,some commits
True,2021-10-11 14:51:35,short,True,False,1 commit
True,2021-10-11 16:00:24,medium,True,False,some commits
True,2021-10-12 07:19:17,lengthy,False,True,1 commit
True,2021-10-13 07:21:48,medium,True,False,1 commit
True,2021-10-13 12:38:13,lengthy,True,False,many commits
True,2021-10-13 17:42:47,lengthy,True,False,some commits
True,2021-10-14 10:03:07,medium,True,False,some commits
True,2021-10-16 07:21:45,lengthy,True,False,some commits
True,2021-10-17 19:35:50,medium,True,False,1 commit
True,2021-10-18 20:13:40,very short,False,False,1 commit
True,2021-10-20 17:39:44,lengthy,False,True,many commits
True,2021-10-22 02:18:05,medium,True,False,1 commit
True,2021-10-22 18:04:48,lengthy,True,False,some commits
True,2021-10-22 19:55:06,lengthy,True,False,1 commit
True,2021-10-23 06:08:36,lengthy,True,False,1 commit
True,2021-10-24 07:24:27,very short,True,False,1 commit
True,2021-10-24 19:14:23,very short,False,False,some commits
True,2021-10-25 00:29:46,very short,True,False,1 commit
True,2021-10-25 06:33:47,very short,True,False,1 commit
False,2021-10-25 15:48:55,lengthy,True,False,some commits
True,2021-10-26 14:59:19,short,True,False,some commits
True,2021-10-27 13:17:03,very short,True,False,1 commit
True,2021-10-27 15:53:51,medium,True,False,some commits
True,2021-10-27 16:06:45,very short,True,False,1 commit
True,2021-10-28 11:45:16,short,True,False,1 commit
True,2021-10-29 15:16:28,short,True,False,1 commit
True,2021-11-02 10:49:38,medium,True,False,some commits
True,2021-11-03 06:00:39,short,True,False,many commits
True,2021-11-03 13:14:09,very short,True,False,some commits
True,2021-11-04 15:38:55,very short,True,False,some commits
True,2021-11-06 15:03:01,short,True,False,1 commit
True,2021-11-06 15:03:22,short,True,False,1 commit
True,2021-11-06 15:03:40,short,True,False,1 commit
False,2021-11-06 15:03:58,short,True,False,1 commit
False,2021-11-09 05:09:36,lengthy,False,False,some commits
True,2021-11-11 12:15:31,medium,True,False,1 commit
True,2021-11-12 10:50:10,short,True,False,some commits
True,2021-11-12 11:09:33,short,False,True,1 commit
True,2021-11-15 05:52:05,short,True,False,some commits
True,2021-11-15 09:33:30,very short,True,False,some commits
True,2021-11-16 12:06:33,very short,True,False,1 commit
True,2021-11-17 09:03:19,short,True,False,some commits
True,2021-11-17 16:52:32,very short,True,False,1 commit
True,2021-11-17 18:20:18,very short,True,False,some commits
True,2021-11-18 09:18:02,very short,True,False,1 commit
True,2021-11-18 10:35:42,very short,True,False,some commits
True,2021-11-18 13:09:35,medium,False,True,1 commit
True,2021-11-19 07:57:32,very short,True,False,1 commit
True,2021-11-19 10:23:47,very short,True,False,1 commit
True,2021-11-19 21:07:38,lengthy,True,False,1 commit
True,2021-11-22 03:06:35,short,True,False,1 commit
True,2021-11-24 06:48:08,short,True,False,1 commit
True,2021-11-25 13:42:11,medium,True,False,1 commit
True,2021-11-26 09:56:58,medium,True,False,some commits
True,2021-11-26 13:28:38,medium,True,False,some commits
True,2021-11-26 18:05:09,medium,True,False,some commits
True,2021-11-27 16:37:30,lengthy,True,False,some commits
True,2021-11-27 21:55:33,medium,True,False,some commits
True,2021-11-29 07:53:15,short,True,False,1 commit
True,2021-12-01 07:54:35,very short,True,False,1 commit
True,2021-12-03 09:30:25,short,True,False,1 commit
True,2021-12-03 23:05:23,short,True,False,1 commit
True,2021-12-05 15:15:38,short,True,False,some commits
True,2021-12-05 22:31:39,short,True,False,1 commit
True,2021-12-06 17:05:42,very short,True,False,1 commit
True,2021-12-06 17:05:52,very short,True,False,1 commit
True,2021-12-06 17:06:20,very short,True,False,1 commit
True,2021-12-06 17:07:48,very short,True,False,1 commit
True,2021-12-06 17:08:06,very short,True,False,some commits
True,2021-12-07 05:41:18,short,True,False,some commits
True,2021-12-08 09:04:46,very short,True,False,1 commit
True,2021-12-08 12:27:11,short,True,False,some commits
True,2021-12-09 12:42:33,short,True,False,1 commit
True,2021-12-11 14:38:07,medium,True,False,1 commit
True,2021-12-11 18:30:38,lengthy,True,False,1 commit
True,2021-12-13 10:06:47,very short,True,False,1 commit
True,2021-12-15 17:57:12,very short,False,True,some commits
True,2021-12-15 19:22:23,medium,True,False,many commits
True,2021-12-16 07:52:23,very short,True,False,many commits
True,2021-12-16 08:04:56,medium,True,False,some commits
True,2021-12-16 09:43:48,very short,True,False,1 commit
True,2021-12-16 10:28:36,very short,True,False,1 commit
True,2021-12-18 22:30:46,lengthy,True,False,some commits
True,2021-12-19 07:45:49,medium,True,False,1 commit
True,2021-12-19 08:01:53,short,True,False,1 commit
True,2021-12-20 05:41:16,very short,True,False,1 commit
True,2021-12-20 09:52:45,very short,True,False,some commits
True,2021-12-20 12:49:01,very short,True,False,1 commit
True,2021-12-21 05:27:48,very short,True,False,1 commit
True,2021-12-21 07:58:24,short,True,False,1 commit
True,2021-12-23 10:16:05,very short,False,True,some commits
True,2021-12-23 15:48:15,lengthy,True,False,some commits
True,2021-12-25 17:07:31,lengthy,True,False,1 commit
False,2021-12-27 07:19:33,lengthy,True,False,1 commit
True,2021-12-28 07:29:10,very short,True,False,1 commit
True,2021-12-29 12:49:37,medium,True,False,some commits
True,2021-12-29 22:55:25,medium,True,False,1 commit
True,2021-12-31 18:05:48,short,True,False,1 commit
True,2022-01-02 10:36:21,very short,False,True,1 commit
True,2022-01-04 15:40:47,short,False,True,1 commit
True,2022-01-05 04:11:42,short,True,False,some commits
True,2022-01-05 13:26:05,short,False,True,some commits
True,2022-01-05 14:47:41,medium,True,False,some commits
False,2022-01-05 18:34:54,lengthy,True,False,many commits
True,2022-01-05 19:03:11,very short,True,False,1 commit
True,2022-01-05 19:03:29,very short,True,False,1 commit
True,2022-01-05 19:03:49,short,True,False,1 commit
False,2022-01-05 19:04:07,medium,True,False,1 commit
True,2022-01-07 09:29:47,very short,True,False,some commits
True,2022-01-07 16:48:30,lengthy,True,False,1 commit
True,2022-01-07 19:30:45,medium,True,False,1 commit
True,2022-01-09 01:39:05,short,False,True,some commits
True,2022-01-09 04:54:36,medium,False,False,1 commit
True,2022-01-10 09:45:20,very short,True,False,1 commit
False,2022-01-10 18:33:57,short,True,False,1 commit
True,2022-01-11 19:13:52,lengthy,True,False,1 commit
True,2022-01-12 13:54:22,lengthy,True,False,some commits
True,2022-01-12 14:34:11,medium,True,False,1 commit
True,2022-01-13 16:47:36,very short,True,False,1 commit
True,2022-01-13 18:43:34,lengthy,True,False,some commits
True,2022-01-15 17:11:03,lengthy,True,False,some commits
True,2022-01-15 17:12:37,medium,True,False,some commits
False,2022-01-20 00:34:43,lengthy,False,True,some commits
True,2022-01-20 09:23:07,medium,True,False,1 commit
True,2022-01-20 11:52:54,medium,False,True,1 commit
True,2022-01-22 19:59:47,lengthy,True,False,many commits
True,2022-01-25 16:40:53,medium,True,False,1 commit
True,2022-01-26 17:37:36,very short,True,False,some commits
True,2022-01-27 04:03:35,very short,True,False,1 commit
False,2022-02-01 03:19:42,lengthy,False,False,many commits
True,2022-02-01 12:14:58,very short,True,False,1 commit
True,2022-02-02 11:54:10,very short,True,False,1 commit
True,2022-02-03 22:05:27,medium,False,True,1 commit
True,2022-02-04 19:59:00,medium,False,True,some commits
False,2022-02-04 21:03:30,lengthy,True,False,1 commit
True,2022-02-04 21:03:47,medium,True,False,1 commit
True,2022-02-04 21:04:14,lengthy,True,False,some commits
False,2022-02-04 21:04:32,lengthy,True,False,1 commit
True,2022-02-04 21:04:49,lengthy,True,False,1 commit
False,2022-02-04 21:04:59,lengthy,True,False,some commits
True,2022-02-09 07:19:03,very short,True,False,1 commit
True,2022-02-09 10:00:33,very short,True,False,some commits
True,2022-02-10 08:28:58,short,True,False,1 commit
True,2022-02-11 02:23:39,very short,True,False,1 commit
True,2022-02-11 14:42:03,short,True,False,1 commit
True,2022-02-13 08:40:42,lengthy,False,True,many commits
True,2022-02-14 04:00:47,very short,True,False,1 commit
True,2022-02-15 17:02:47,lengthy,True,False,some commits
True,2022-02-17 14:21:42,very short,True,False,1 commit
True,2022-02-18 14:29:34,very short,True,False,some commits
False,2022-02-19 08:21:40,lengthy,True,False,1 commit
True,2022-02-19 13:42:35,short,True,False,1 commit
True,2022-02-19 14:49:44,short,True,False,1 commit
True,2022-02-21 10:28:09,very short,True,False,1 commit
True,2022-02-21 13:06:42,very short,True,False,1 commit
True,2022-02-21 13:23:51,very short,True,False,1 commit
True,2022-02-21 14:22:29,very short,True,False,1 commit
True,2022-02-21 15:05:34,very short,True,False,1 commit
True,2022-02-21 16:28:50,short,True,False,some commits
True,2022-02-21 16:48:12,very short,True,False,1 commit
True,2022-02-21 22:23:52,very short,True,False,1 commit
True,2022-02-22 01:01:58,very short,True,False,1 commit
True,2022-02-22 05:02:21,very short,True,False,1 commit
True,2022-02-22 09:44:12,very short,True,False,1 commit
True,2022-02-22 10:12:48,very short,True,False,1 commit
True,2022-02-22 10:22:36,very short,True,False,1 commit
True,2022-02-22 10:23:28,very short,True,False,1 commit
True,2022-02-22 11:42:15,very short,True,False,1 commit
True,2022-02-22 12:48:02,very short,True,False,1 commit
True,2022-02-22 13:44:04,very short,True,False,1 commit
True,2022-02-22 14:27:53,very short,True,False,1 commit
True,2022-02-22 14:42:19,very short,True,False,1 commit
True,2022-02-22 14:59:15,very short,True,False,1 commit
True,2022-02-22 15:02:50,very short,True,False,1 commit
True,2022-02-23 03:36:17,lengthy,True,False,some commits
True,2022-02-26 13:07:26,medium,True,False,some commits
True,2022-02-26 13:58:32,lengthy,True,False,1 commit
True,2022-02-26 15:53:16,lengthy,True,False,1 commit
True,2022-02-27 10:47:32,lengthy,True,False,1 commit
True,2022-02-28 10:09:31,lengthy,True,False,1 commit
True,2022-02-28 13:34:59,lengthy,True,False,many commits
True,2022-03-03 09:10:39,very short,True,False,1 commit
True,2022-03-03 16:14:34,medium,True,False,1 commit
True,2022-03-04 13:44:30,very short,False,True,1 commit
True,2022-03-04 16:26:45,very short,True,False,1 commit
True,2022-03-05 18:20:43,medium,False,True,1 commit
False,2022-03-06 10:41:37,lengthy,False,False,1 commit
True,2022-03-06 23:02:55,very short,True,False,1 commit
True,2022-03-06 23:03:09,very short,True,False,1 commit
True,2022-03-06 23:03:25,short,True,False,1 commit
True,2022-03-06 23:03:41,very short,True,False,1 commit
True,2022-03-06 23:03:52,very short,True,False,1 commit
False,2022-03-08 04:38:28,lengthy,True,False,1 commit
True,2022-03-08 12:54:30,very short,True,False,1 commit
True,2022-03-08 13:02:31,very short,True,False,1 commit
True,2022-03-08 13:14:45,very short,True,False,1 commit
True,2022-03-08 16:34:15,very short,True,False,1 commit
True,2022-03-08 20:39:30,lengthy,True,False,1 commit
True,2022-03-09 09:06:43,very short,True,False,1 commit
True,2022-03-09 12:59:49,very short,True,False,1 commit
True,2022-03-09 13:49:12,very short,True,False,1 commit
True,2022-03-10 04:51:07,very short,True,False,1 commit
True,2022-03-10 09:44:18,very short,True,False,some commits
True,2022-03-10 10:13:01,very short,True,False,1 commit
True,2022-03-10 13:34:50,very short,True,False,1 commit
True,2022-03-10 14:38:23,very short,True,False,1 commit
False,2022-03-10 16:43:50,medium,False,True,1 commit
True,2022-03-10 21:19:52,medium,False,False,some commits
True,2022-03-11 07:34:09,short,True,False,1 commit
True,2022-03-14 11:49:31,short,True,False,1 commit
True,2022-03-14 20:52:06,medium,True,False,1 commit
True,2022-03-15 13:04:05,short,True,False,1 commit
False,2022-03-18 15:00:28,lengthy,False,True,1 commit
True,2022-03-18 18:01:05,lengthy,True,False,1 commit
True,2022-03-19 07:46:20,lengthy,True,False,1 commit
True,2022-03-19 12:12:17,lengthy,True,False,1 commit
True,2022-03-21 03:19:56,medium,False,True,some commits
True,2022-03-23 10:44:21,very short,True,False,1 commit
True,2022-03-23 18:24:18,short,True,False,1 commit
True,2022-03-24 04:00:28,very short,False,False,some commits
True,2022-03-24 16:10:43,medium,True,False,1 commit
True,2022-03-25 04:52:00,lengthy,True,False,1 commit
True,2022-03-25 06:28:34,medium,True,False,some commits
True,2022-03-25 11:37:47,lengthy,True,False,some commits
True,2022-03-25 13:14:51,lengthy,True,False,1 commit
True,2022-03-25 14:52:43,lengthy,True,False,1 commit
True,2022-03-26 07:00:52,medium,True,False,1 commit
True,2022-03-26 12:43:52,medium,True,False,1 commit
True,2022-03-26 19:09:07,medium,False,True,1 commit
True,2022-03-27 10:50:01,lengthy,True,False,1 commit
True,2022-03-27 12:46:04,short,True,False,1 commit
True,2022-03-28 11:14:03,lengthy,True,False,many commits
True,2022-03-29 16:47:57,medium,True,False,1 commit
True,2022-03-30 15:56:07,lengthy,True,False,1 commit
True,2022-03-30 17:39:41,lengthy,True,False,1 commit
True,2022-03-30 19:27:22,lengthy,True,False,1 commit
True,2022-03-30 20:41:10,medium,True,False,1 commit
True,2022-03-31 14:11:23,very short,False,False,1 commit
True,2022-04-04 12:37:49,very short,True,False,some commits
True,2022-04-04 14:55:25,lengthy,True,False,1 commit
True,2022-04-04 15:23:51,medium,True,False,some commits
True,2022-04-06 02:15:49,very short,True,False,1 commit
True,2022-04-06 02:16:03,very short,True,False,1 commit
True,2022-04-06 02:16:21,very short,True,False,1 commit
True,2022-04-06 02:16:36,very short,True,False,1 commit
True,2022-04-08 12:05:14,medium,True,False,1 commit
True,2022-04-08 14:47:37,lengthy,True,False,1 commit
True,2022-04-08 18:28:20,short,True,False,1 commit
True,2022-04-09 19:49:30,lengthy,True,False,1 commit
True,2022-04-10 08:30:01,lengthy,True,False,1 commit
True,2022-04-12 17:51:26,short,True,False,1 commit
True,2022-04-13 17:38:00,very short,True,False,1 commit
True,2022-04-14 05:58:34,very short,True,False,1 commit
True,2022-04-14 05:59:23,lengthy,True,False,1 commit
True,2022-04-14 10:43:52,lengthy,True,False,1 commit
True,2022-04-14 17:05:31,lengthy,True,False,1 commit
True,2022-04-15 21:12:05,medium,True,False,some commits
True,2022-04-16 06:19:36,medium,True,False,1 commit
True,2022-04-16 10:49:52,lengthy,True,False,1 commit
True,2022-04-20 05:19:44,very short,True,False,1 commit
True,2022-04-20 13:31:32,short,True,False,1 commit
True,2022-04-21 02:48:15,medium,True,False,some commits
True,2022-04-21 05:08:35,very short,True,False,1 commit
True,2022-04-22 01:35:34,very short,True,False,1 commit
True,2022-04-23 09:07:31,lengthy,True,False,1 commit
True,2022-04-26 10:41:10,very short,True,False,1 commit
True,2022-04-27 14:45:11,lengthy,True,False,1 commit
True,2022-04-27 16:34:43,lengthy,True,False,1 commit
True,2022-04-27 16:37:23,short,True,False,1 commit
False,2022-04-29 05:02:36,lengthy,True,False,many commits
True,2022-05-02 18:40:34,short,True,False,1 commit
True,2022-05-03 09:57:29,very short,False,False,1 commit
True,2022-05-05 11:51:10,lengthy,True,False,some commits
True,2022-05-05 19:46:46,very short,True,False,1 commit
True,2022-05-06 04:02:45,very short,True,False,1 commit
True,2022-05-06 04:02:54,medium,True,False,some commits
True,2022-05-06 19:06:10,very short,True,False,1 commit
True,2022-05-09 18:52:07,medium,True,False,1 commit
True,2022-05-09 19:03:07,very short,True,False,1 commit
True,2022-05-09 20:36:08,very short,False,True,1 commit
True,2022-05-11 16:04:49,short,True,False,1 commit
True,2022-05-11 18:51:38,lengthy,True,False,1 commit
True,2022-05-12 16:25:11,very short,True,False,1 commit
True,2022-05-12 18:58:11,very short,True,False,1 commit
True,2022-05-12 19:12:15,lengthy,True,False,some commits
True,2022-05-14 21:45:09,very short,True,False,1 commit
True,2022-05-14 22:02:08,lengthy,True,False,1 commit
True,2022-05-19 18:20:16,medium,True,False,1 commit
True,2022-05-20 13:28:40,lengthy,False,True,some commits
True,2022-05-22 12:40:55,lengthy,True,False,1 commit
True,2022-05-24 10:51:26,medium,True,False,1 commit
True,2022-05-24 18:50:57,medium,True,False,1 commit
True,2022-05-25 19:04:13,lengthy,False,False,many commits
True,2022-05-28 11:52:33,lengthy,True,False,1 commit
True,2022-05-31 11:51:09,medium,True,False,1 commit
True,2022-05-31 18:25:34,lengthy,True,False,1 commit
True,2022-06-01 16:03:32,lengthy,True,False,1 commit
True,2022-06-07 21:07:09,medium,True,False,1 commit
True,2022-06-09 13:03:19,lengthy,True,False,1 commit
True,2022-06-19 07:50:02,lengthy,True,False,1 commit
True,2022-06-22 13:16:20,very short,False,True,1 commit
True,2022-06-24 16:04:50,lengthy,True,False,1 commit
True,2022-06-24 17:18:41,medium,True,False,some commits
True,2022-06-25 10:13:02,medium,True,False,1 commit
True,2022-06-26 07:47:59,medium,True,False,some commits
True,2022-06-26 07:51:07,lengthy,True,False,1 commit
True,2022-06-26 23:39:21,very short,True,False,1 commit
False,2022-07-01 14:09:41,lengthy,False,True,1 commit
True,2022-07-06 11:59:38,very short,True,False,1 commit
False,2022-07-06 11:59:52,lengthy,True,False,1 commit
True,2022-07-06 12:00:06,very short,True,False,1 commit
False,2022-07-06 12:00:29,lengthy,True,False,1 commit
True,2022-07-07 12:51:06,very short,True,False,1 commit
True,2022-07-07 23:09:12,lengthy,True,False,many commits
True,2022-07-09 20:42:52,very short,True,False,1 commit
True,2022-07-10 11:34:29,very short,True,False,1 commit
True,2022-07-10 11:52:47,lengthy,True,False,some commits
True,2022-07-11 23:39:24,short,False,False,1 commit
True,2022-07-21 09:47:33,lengthy,True,False,some commits
True,2022-07-24 07:27:01,lengthy,False,True,many commits
True,2022-08-05 20:12:06,lengthy,True,False,many commits
True,2022-08-07 18:32:52,medium,True,False,1 commit
True,2022-08-08 12:13:49,lengthy,True,False,1 commit
True,2022-08-08 12:14:03,lengthy,True,False,some commits
True,2022-08-08 12:14:47,lengthy,True,False,1 commit
True,2022-08-12 13:59:37,lengthy,False,False,some commits
True,2022-08-13 15:43:27,lengthy,True,False,1 commit
True,2022-08-17 16:01:35,lengthy,False,True,1 commit
True,2022-08-18 17:32:12,lengthy,True,False,many commits
True,2022-08-20 12:39:02,short,True,False,1 commit
True,2022-08-23 21:20:21,medium,True,False,some commits
True,2022-08-24 02:55:55,very short,True,False,1 commit
True,2022-08-24 06:21:31,very short,True,False,1 commit
True,2022-08-24 14:02:00,very short,True,False,1 commit
False,2022-08-25 09:38:33,short,True,False,1 commit
True,2022-08-25 12:54:35,medium,True,False,1 commit
True,2022-08-26 00:44:27,very short,True,False,1 commit
True,2022-08-26 06:49:36,medium,True,False,1 commit
True,2022-08-27 07:36:26,short,True,False,1 commit
True,2022-08-27 16:27:43,very short,True,False,1 commit
True,2022-08-27 22:41:34,very short,True,False,1 commit
True,2022-08-28 12:55:24,very short,False,True,1 commit
True,2022-08-29 19:56:09,very short,True,False,1 commit
True,2022-08-29 20:14:06,very short,True,False,1 commit
True,2022-08-30 08:24:14,very short,True,False,1 commit
True,2022-08-30 09:31:01,short,True,False,some commits
True,2022-08-30 17:34:47,short,True,False,1 commit
True,2022-08-31 08:24:22,short,True,False,1 commit
True,2022-09-01 14:15:36,very short,True,False,1 commit
True,2022-09-01 15:49:45,medium,True,False,1 commit
True,2022-09-02 03:14:40,very short,True,False,1 commit
True,2022-09-03 08:31:46,lengthy,True,False,1 commit
True,2022-09-03 08:59:01,lengthy,True,False,1 commit
True,2022-09-03 09:09:55,lengthy,True,False,1 commit
True,2022-09-03 09:31:44,lengthy,True,False,1 commit
True,2022-09-03 12:57:48,lengthy,True,False,1 commit
True,2022-09-03 13:00:40,short,True,False,1 commit
False,2022-09-03 16:15:19,short,True,False,1 commit
True,2022-09-04 04:51:17,short,True,False,1 commit
True,2022-09-04 05:01:24,short,True,False,1 commit
True,2022-09-04 12:49:12,medium,True,False,1 commit
True,2022-09-04 17:20:04,short,True,False,1 commit
True,2022-09-05 16:40:38,very short,True,False,1 commit
True,2022-09-05 18:55:06,very short,True,False,1 commit
True,2022-09-07 07:55:33,very short,True,False,1 commit
False,2022-09-07 12:21:45,medium,True,False,some commits
True,2022-09-07 12:22:08,medium,True,False,1 commit
False,2022-09-07 12:22:30,medium,True,False,1 commit
True,2022-09-07 13:13:55,very short,True,False,1 commit
True,2022-09-10 06:58:40,medium,True,False,1 commit
True,2022-09-10 17:21:43,medium,True,False,1 commit
True,2022-09-12 12:33:19,medium,True,False,1 commit
True,2022-09-13 12:23:03,very short,True,False,1 commit
True,2022-09-13 20:00:20,lengthy,True,False,many commits
True,2022-09-14 09:58:41,short,True,False,1 commit
True,2022-09-14 18:36:38,very short,True,False,1 commit
True,2022-09-14 20:22:15,lengthy,False,True,some commits
True,2022-09-16 06:26:01,medium,True,False,1 commit
True,2022-09-16 12:50:54,medium,True,False,1 commit
True,2022-09-17 19:34:11,medium,True,False,many commits
False,2022-09-17 19:37:37,lengthy,True,False,many commits
True,2022-09-18 06:32:16,medium,True,False,some commits
True,2022-09-18 23:29:00,very short,True,False,1 commit
True,2022-09-19 11:32:40,medium,True,False,1 commit
True,2022-09-24 07:50:16,lengthy,True,False,1 commit
True,2022-09-24 13:41:09,short,True,False,1 commit
True,2022-09-25 07:24:58,lengthy,True,False,1 commit
True,2022-09-28 13:39:00,very short,True,False,some commits
True,2022-09-28 15:04:56,medium,True,False,some commits
False,2022-09-29 17:34:55,lengthy,True,False,1 commit
True,2022-09-30 15:13:57,lengthy,True,False,1 commit
True,2022-10-02 05:25:12,lengthy,True,False,1 commit
True,2022-10-05 03:33:29,medium,True,False,1 commit
True,2022-10-05 03:43:34,medium,True,False,1 commit
True,2022-10-05 08:18:51,medium,True,False,some commits
True,2022-10-09 03:24:31,short,True,False,1 commit
True,2022-10-11 13:33:16,short,True,False,1 commit
False,2022-10-12 11:37:29,short,True,False,1 commit
False,2022-10-12 12:23:46,short,True,False,1 commit
True,2022-10-14 13:36:52,short,True,False,1 commit
True,2022-10-15 06:04:24,lengthy,True,False,1 commit
True,2022-10-16 16:19:06,short,True,False,many commits
True,2022-10-17 08:47:03,short,True,False,1 commit
True,2022-10-17 11:36:02,very short,False,True,1 commit
False,2022-10-17 12:37:25,very short,True,False,1 commit
False,2022-10-17 12:37:51,lengthy,True,False,1 commit
False,2022-10-17 12:38:17,lengthy,True,False,1 commit
True,2022-10-17 13:48:51,very short,True,False,1 commit
True,2022-10-18 08:59:14,very short,True,False,1 commit
True,2022-10-18 12:14:29,very short,True,False,1 commit
True,2022-10-18 12:58:33,very short,True,False,some commits
True,2022-10-18 13:25:49,very short,True,False,1 commit
True,2022-10-19 07:04:01,very short,True,False,1 commit
True,2022-10-19 16:07:39,very short,True,False,some commits
True,2022-10-21 15:48:39,lengthy,True,False,many commits
True,2022-10-23 12:43:51,lengthy,True,False,1 commit
True,2022-10-24 15:55:55,lengthy,True,False,1 commit
True,2022-10-25 09:53:07,very short,True,False,1 commit
True,2022-10-27 07:21:02,very short,True,False,1 commit
True,2022-10-27 09:16:53,very short,True,False,1 commit
True,2022-10-27 09:24:24,very short,True,False,1 commit
True,2022-10-28 08:52:53,medium,True,False,1 commit
True,2022-10-28 11:42:14,short,True,False,1 commit
True,2022-10-28 12:16:03,short,True,False,1 commit
True,2022-10-28 12:40:45,short,True,False,1 commit
True,2022-10-31 16:07:17,medium,True,False,1 commit
True,2022-11-01 06:36:42,very short,True,False,1 commit
True,2022-11-01 07:56:31,lengthy,True,False,1 commit
True,2022-11-02 11:02:09,lengthy,True,False,1 commit
True,2022-11-03 07:10:39,lengthy,True,False,some commits
True,2022-11-05 21:47:59,medium,False,True,some commits
False,2022-11-08 03:46:42,very short,True,False,1 commit
True,2022-11-11 13:51:39,medium,True,False,some commits
False,2022-11-12 22:00:18,lengthy,True,False,some commits
True,2022-11-15 08:27:07,very short,True,False,some commits
True,2022-11-16 10:37:40,very short,True,False,1 commit
True,2022-11-16 13:46:31,very short,True,False,some commits
True,2022-11-16 13:54:02,medium,True,False,1 commit
True,2022-11-16 13:54:24,medium,True,False,1 commit
True,2022-11-16 13:54:52,lengthy,True,False,1 commit
True,2022-11-16 13:57:16,medium,True,False,some commits
False,2022-11-16 13:59:41,medium,True,False,1 commit
True,2022-11-16 14:00:00,lengthy,True,False,some commits
False,2022-11-16 14:00:29,very short,True,False,1 commit
False,2022-11-16 14:00:50,medium,True,False,1 commit
True,2022-11-17 12:14:30,short,True,False,some commits
True,2022-11-17 15:27:38,very short,True,False,1 commit
True,2022-11-18 13:39:04,very short,True,False,1 commit
True,2022-11-21 19:59:57,very short,True,False,some commits
True,2022-11-22 07:59:15,very short,True,False,1 commit
True,2022-11-23 16:00:29,medium,True,False,1 commit
True,2022-11-24 10:31:53,very short,True,False,1 commit
True,2022-11-24 12:56:07,very short,True,False,1 commit
False,2022-11-28 14:33:55,very short,True,False,1 commit
True,2022-11-28 14:50:20,very short,True,False,1 commit
True,2022-11-28 18:20:39,lengthy,True,False,some commits
True,2022-11-29 12:19:52,very short,True,False,1 commit
True,2022-11-30 12:36:09,very short,True,False,1 commit
True,2022-11-30 12:55:02,lengthy,True,False,many commits
True,2022-12-05 14:57:48,very short,True,False,1 commit
True,2022-12-05 22:00:51,short,False,True,some commits
True,2022-12-13 15:21:18,very short,True,False,1 commit
False,2022-12-18 13:18:54,short,True,False,1 commit
True,2022-12-18 13:19:14,lengthy,True,False,1 commit
False,2022-12-18 13:19:52,short,True,False,1 commit
True,2022-12-22 14:44:55,very short,True,False,1 commit
True,2023-01-05 15:03:03,very short,True,False,1 commit
True,2023-01-09 13:21:47,short,True,False,1 commit
True,2023-01-13 15:03:43,very short,True,False,some commits
True,2023-01-19 13:24:34,medium,True,False,1 commit
True,2023-01-19 13:24:58,medium,True,False,1 commit
True,2023-01-25 11:00:48,very short,True,False,1 commit
True,2023-01-25 16:59:42,very short,True,False,1 commit
True,2023-01-26 15:06:39,very short,True,False,1 commit
True,2023-02-02 09:53:36,lengthy,True,False,many commits
True,2023-02-02 10:42:06,very short,True,False,1 commit
True,2023-02-06 16:39:14,medium,True,False,1 commit
True,2023-02-20 14:12:13,very short,True,False,some commits
True,2023-02-23 18:15:21,medium,True,False,1 commit
False,2023-02-23 18:15:50,medium,True,False,1 commit
True,2023-02-23 18:16:12,medium,True,False,some commits
False,2023-02-23 18:16:38,medium,True,False,1 commit
True,2023-02-23 18:17:07,medium,True,False,1 commit
True,2023-02-23 18:17:30,lengthy,True,False,1 commit
False,2023-02-23 18:18:06,medium,True,False,1 commit
True,2023-02-23 18:18:46,medium,True,False,1 commit
True,2023-02-28 23:41:17,short,False,True,many commits
True,2023-03-07 14:41:36,very short,True,False,1 commit
True,2023-03-08 10:49:11,short,True,False,some commits
True,2023-03-13 04:13:06,very short,True,False,1 commit
True,2023-03-13 09:11:16,very short,True,False,1 commit
True,2023-03-14 06:49:02,very short,True,False,1 commit
True,2023-03-15 15:39:54,very short,True,False,1 commit
True,2023-03-16 12:58:02,very short,True,False,1 commit
True,2023-03-16 16:29:23,very short,True,False,some commits
True,2023-03-19 06:15:28,medium,True,False,1 commit
True,2023-03-26 12:00:12,lengthy,True,False,1 commit
True,2023-03-26 12:00:42,short,True,False,1 commit
False,2023-03-26 12:01:14,lengthy,True,False,1 commit
True,2023-04-01 09:18:28,lengthy,True,False,1 commit
True,2023-04-12 16:33:44,medium,True,False,many commits
True,2023-04-13 10:32:11,very short,True,False,1 commit
False,2023-04-15 11:47:31,lengthy,True,False,1 commit
True,2023-04-17 09:31:05,short,True,False,some commits
True,2023-04-21 13:57:01,very short,True,False,1 commit
False,2023-04-25 12:40:57,very short,True,False,1 commit
True,2023-04-25 12:41:21,very short,True,False,1 commit
True,2023-04-25 15:19:01,very short,True,False,1 commit
True,2023-05-01 15:28:45,lengthy,True,False,some commits
True,2023-05-08 08:23:37,very short,True,False,some commits
True,2023-05-09 14:38:54,medium,True,False,1 commit
True,2023-05-09 15:52:10,very short,True,False,1 commit
True,2023-05-15 12:15:10,very short,True,False,1 commit
False,2023-05-18 15:13:44,medium,False,True,some commits
True,2023-05-19 12:04:55,medium,False,True,some commits
False,2023-05-26 08:46:50,lengthy,True,False,1 commit
True,2023-05-27 12:35:17,short,True,False,1 commit
True,2023-05-27 12:35:34,short,True,False,1 commit
True,2023-05-27 12:36:34,short,True,False,1 commit
True,2023-05-27 12:36:59,lengthy,True,False,some commits
True,2023-05-31 08:38:39,very short,True,False,1 commit
True,2023-06-01 15:40:43,very short,True,False,1 commit
True,2023-06-03 03:47:27,short,True,False,1 commit
True,2023-06-03 10:18:40,short,True,False,1 commit
True,2023-06-07 08:02:15,very short,True,False,1 commit
True,2023-06-07 13:24:05,very short,True,False,1 commit
True,2023-06-08 07:54:49,very short,True,False,1 commit
True,2023-06-08 11:47:54,very short,True,False,1 commit
True,2023-06-13 10:28:11,lengthy,True,False,many commits
True,2023-06-16 13:30:57,medium,True,False,some commits
True,2023-06-22 13:32:02,very short,True,False,1 commit
True,2023-06-28 09:35:23,short,True,False,1 commit
True,2023-06-29 08:47:24,very short,True,False,1 commit
False,2023-06-29 10:20:51,very short,True,False,1 commit
False,2023-06-29 10:21:18,very short,True,False,1 commit
True,2023-06-29 10:21:45,medium,True,False,some commits
True,2023-06-29 10:22:03,very short,True,False,1 commit
True,2023-06-29 10:24:26,very short,True,False,1 commit
True,2023-06-29 10:25:25,very short,True,False,1 commit
True,2023-06-29 10:25:52,lengthy,True,False,some commits
True,2023-06-29 10:26:20,very short,True,False,1 commit
True,2023-06-29 10:26:37,very short,True,False,1 commit
True,2023-06-29 11:32:49,very short,True,False,1 commit
True,2023-06-30 08:43:04,very short,True,False,1 commit
True,2023-06-30 14:19:22,very short,True,False,1 commit
True,2023-07-01 13:50:10,lengthy,True,False,1 commit
True,2023-07-20 19:16:57,medium,False,True,some commits
True,2023-07-28 16:53:25,medium,False,True,1 commit
True,2023-07-30 12:15:29,medium,True,False,1 commit
True,2023-07-30 12:15:48,medium,True,False,1 commit
True,2023-07-30 12:16:08,medium,True,False,1 commit
True,2023-07-30 12:16:28,medium,True,False,1 commit
True,2023-08-01 17:11:11,medium,True,False,1 commit
True,2023-08-10 14:45:26,medium,True,False,some commits
True,2023-08-10 19:31:20,medium,True,False,some commits
True,2023-08-12 07:42:57,short,False,True,1 commit
True,2023-08-12 13:47:18,short,False,False,1 commit
True,2023-08-12 14:07:30,short,False,False,1 commit
True,2023-08-13 17:23:47,short,True,False,some commits
True,2023-08-14 09:31:36,very short,True,False,1 commit
True,2023-08-15 08:35:19,very short,True,False,1 commit
True,2023-08-15 15:35:09,very short,True,False,1 commit
True,2023-08-16 14:40:56,lengthy,True,False,1 commit
True,2023-08-16 14:56:55,very short,True,False,1 commit
True,2023-08-16 23:58:02,very short,True,False,1 commit
True,2023-08-17 11:45:55,medium,True,False,some commits
True,2023-08-22 07:09:28,very short,True,False,1 commit
True,2023-08-22 13:07:16,lengthy,True,False,1 commit
True,2023-08-27 11:43:38,lengthy,True,False,1 commit
True,2023-08-27 13:55:52,medium,True,False,1 commit
True,2023-08-28 14:47:07,very short,True,False,1 commit
True,2023-08-29 09:30:39,medium,True,False,1 commit
False,2023-08-29 12:32:21,very short,True,False,1 commit
False,2023-08-29 12:32:50,lengthy,True,False,1 commit
True,2023-08-29 12:33:17,medium,True,False,1 commit
True,2023-08-29 12:33:52,very short,True,False,1 commit
True,2023-09-01 10:37:46,lengthy,True,False,many commits
True,2023-09-05 07:30:09,very short,True,False,1 commit
True,2023-09-06 06:44:50,medium,True,False,some commits
True,2023-09-06 11:49:14,very short,True,False,1 commit
True,2023-09-06 19:21:20,medium,True,False,many commits
True,2023-09-07 04:01:45,very short,True,False,1 commit
True,2023-09-08 03:03:14,lengthy,True,False,some commits
True,2023-09-12 11:58:36,very short,True,False,1 commit
True,2023-09-14 07:17:18,very short,True,False,1 commit
True,2023-09-14 16:09:40,lengthy,True,False,many commits
True,2023-09-15 14:49:14,medium,True,False,some commits
True,2023-09-16 21:35:06,short,True,False,many commits
True,2023-09-18 16:51:40,very short,True,False,1 commit
True,2023-09-19 07:31:11,lengthy,True,False,many commits
True,2023-09-19 17:25:33,very short,True,False,1 commit
True,2023-09-20 00:54:26,very short,True,False,some commits
True,2023-09-20 08:33:25,very short,True,False,1 commit
True,2023-09-20 08:37:46,very short,True,False,1 commit
True,2023-09-20 09:30:09,very short,True,False,1 commit
True,2023-09-20 13:56:19,very short,True,False,1 commit
True,2023-09-20 13:57:21,very short,True,False,some commits
True,2023-09-21 02:12:19,very short,True,False,some commits
True,2023-09-21 08:36:50,very short,True,False,some commits
True,2023-09-21 09:15:07,very short,True,False,1 commit
True,2023-09-23 23:19:47,medium,True,False,many commits
True,2023-09-25 03:24:58,short,True,False,1 commit
True,2023-09-25 04:47:01,very short,True,False,1 commit
True,2023-09-26 12:35:01,medium,True,False,1 commit
True,2023-09-26 21:46:16,short,True,False,1 commit
True,2023-09-27 09:48:36,medium,True,False,some commits
True,2023-09-28 12:40:24,very short,True,False,1 commit
True,2023-09-28 12:40:49,very short,True,False,1 commit
True,2023-09-28 12:41:13,very short,True,False,1 commit
True,2023-09-28 12:41:40,very short,True,False,1 commit
True,2023-09-28 12:42:04,very short,True,False,1 commit
True,2023-09-28 12:42:23,very short,True,False,1 commit
True,2023-09-28 12:42:50,very short,True,False,1 commit
False,2023-09-28 12:43:07,very short,True,False,1 commit
True,2023-09-28 12:43:29,very short,True,False,1 commit
True,2023-10-01 07:39:05,short,True,False,1 commit
True,2023-10-03 11:07:37,very short,True,False,1 commit
True,2023-10-03 15:57:34,very short,True,False,1 commit
True,2023-10-04 11:30:50,very short,True,False,1 commit
True,2023-10-07 06:52:22,short,True,False,1 commit
True,2023-10-09 14:24:33,very short,True,False,1 commit
True,2023-10-11 19:07:05,very short,True,False,1 commit
True,2023-10-11 21:58:38,very short,True,False,1 commit
True,2023-10-12 20:11:59,medium,False,True,1 commit
True,2023-10-12 22:16:19,very short,True,False,1 commit
True,2023-10-13 21:53:32,medium,True,False,1 commit
True,2023-10-14 18:10:08,short,True,False,some commits
True,2023-10-16 09:26:18,very short,True,False,1 commit
True,2023-10-16 15:36:25,lengthy,True,False,many commits
True,2023-10-17 09:21:51,very short,True,False,1 commit
True,2023-10-17 14:03:52,short,True,False,some commits
True,2023-10-18 12:12:14,very short,True,False,1 commit
True,2023-10-18 14:40:14,lengthy,True,False,1 commit
True,2023-10-18 23:13:46,very short,True,False,1 commit
True,2023-10-19 08:04:19,very short,True,False,some commits
True,2023-10-19 12:55:01,very short,True,False,1 commit
True,2023-10-19 19:58:07,medium,True,False,1 commit
True,2023-10-20 08:18:43,short,True,False,1 commit
True,2023-10-20 11:51:31,lengthy,True,False,1 commit
True,2023-10-23 06:37:08,lengthy,True,False,1 commit
True,2023-10-23 06:38:06,very short,True,False,1 commit
True,2023-10-23 09:47:15,very short,True,False,1 commit
True,2023-10-23 13:37:36,very short,True,False,some commits
True,2023-10-23 14:12:45,very short,True,False,1 commit
True,2023-10-23 18:21:53,lengthy,True,False,1 commit
True,2023-10-25 14:17:13,very short,True,False,1 commit
True,2023-10-25 15:24:22,very short,True,False,1 commit
True,2023-10-26 07:32:05,very short,True,False,1 commit
True,2023-10-31 13:41:12,short,True,False,1 commit
True,2023-11-06 10:06:19,very short,True,False,1 commit
True,2023-11-06 10:06:58,lengthy,True,False,1 commit
True,2023-11-06 10:07:14,very short,True,False,1 commit
True,2023-11-06 10:07:39,very short,True,False,1 commit
True,2023-11-06 10:08:00,very short,True,False,1 commit
True,2023-11-07 08:51:29,very short,True,False,1 commit
True,2023-11-10 14:24:13,lengthy,True,False,1 commit
True,2023-11-11 07:15:14,short,True,False,1 commit
True,2023-11-13 17:04:02,lengthy,True,False,some commits
True,2023-11-13 22:00:13,very short,True,False,1 commit
True,2023-11-14 22:06:42,medium,True,False,1 commit
True,2023-11-25 10:58:48,short,True,False,1 commit
True,2023-11-27 09:50:50,very short,True,False,1 commit
True,2023-11-27 10:25:11,very short,True,False,1 commit
False,2023-11-27 22:42:05,short,True,False,1 commit
True,2023-12-06 07:53:56,very short,True,False,1 commit
False,2023-12-07 13:48:31,very short,True,False,1 commit
True,2023-12-07 13:48:50,very short,True,False,1 commit
True,2023-12-07 13:49:02,medium,True,False,1 commit
True,2023-12-07 13:49:22,medium,True,False,1 commit
True,2023-12-07 13:49:44,very short,True,False,1 commit
True,2023-12-07 13:50:24,lengthy,True,False,1 commit
True,2023-12-08 13:20:45,medium,True,False,1 commit
True,2023-12-14 00:18:39,lengthy,False,True,1 commit
True,2023-12-18 08:47:19,very short,True,False,1 commit
True,2023-12-19 12:19:39,very short,True,False,1 commit
True,2023-12-25 10:11:11,medium,True,False,1 commit
True,2024-01-01 20:22:16,lengthy,False,False,1 commit
True,2024-01-07 17:35:24,very short,True,False,1 commit
True,2024-01-08 11:57:35,very short,True,False,1 commit
True,2024-01-11 20:12:27,very short,False,True,1 commit
True,2024-01-12 12:23:18,medium,True,False,1 commit
True,2024-01-12 12:23:28,medium,True,False,1 commit
True,2024-01-12 12:23:51,medium,True,False,1 commit
True,2024-01-13 07:38:50,short,True,False,1 commit
True,2024-01-15 13:41:18,very short,True,False,some commits
True,2024-01-16 11:42:40,medium,True,False,1 commit
True,2024-01-22 15:17:33,very short,True,False,1 commit
True,2024-01-23 03:03:06,very short,True,False,1 commit
True,2024-01-23 09:24:36,very short,True,False,1 commit
True,2024-01-28 15:57:58,very short,True,False,1 commit
True,2024-02-09 15:29:26,medium,True,False,many commits
False,2024-02-19 12:56:35,very short,True,False,1 commit
True,2024-02-19 12:57:12,very short,True,False,1 commit
True,2024-02-19 12:57:25,very short,True,False,1 commit
True,2024-02-19 12:57:47,lengthy,True,False,some commits
True,2024-02-19 12:58:08,very short,True,False,1 commit
False,2024-02-19 12:58:31,lengthy,True,False,1 commit
False,2024-02-19 12:58:47,lengthy,True,False,some commits
False,2024-02-19 12:59:00,very short,True,False,1 commit
True,2024-02-21 14:47:43,very short,True,False,1 commit
True,2024-02-22 05:32:38,very short,True,False,1 commit
True,2024-02-27 07:35:42,very short,True,False,some commits
True,2024-02-29 08:01:28,short,True,False,1 commit
True,2024-03-05 07:10:16,very short,True,False,1 commit
True,2024-03-08 14:21:37,lengthy,True,False,many commits
True,2024-03-14 10:14:08,very short,True,False,1 commit
True,2024-03-17 07:48:29,short,True,False,1 commit
True,2024-03-17 08:26:54,medium,True,False,1 commit
False,2024-03-20 14:16:14,short,True,False,1 commit
True,2024-03-20 14:16:28,very short,True,False,1 commit
True,2024-03-20 14:16:43,very short,True,False,1 commit
True,2024-03-20 14:16:59,very short,True,False,1 commit
True,2024-03-20 14:17:17,lengthy,True,False,1 commit
True,2024-03-20 14:17:32,medium,True,False,many commits
True,2024-03-20 14:17:41,very short,True,False,1 commit
True,2024-03-20 14:17:54,very short,True,False,1 commit
True,2024-03-21 03:31:33,very short,True,False,1 commit
True,2024-03-22 09:55:47,medium,True,False,1 commit
True,2024-03-22 12:57:20,very short,True,False,1 commit
True,2024-03-24 17:56:51,very short,False,True,1 commit
True,2024-03-24 18:04:09,very short,False,False,some commits
True,2024-03-25 12:18:51,lengthy,False,False,some commits
False,2024-03-25 15:51:05,very short,False,False,1 commit
True,2024-03-25 20:18:39,very short,True,False,1 commit
True,2024-03-27 19:01:09,very short,True,False,1 commit
True,2024-03-28 14:33:42,very short,True,False,1 commit
True,2024-04-01 17:46:05,very short,True,False,some commits
True,2024-04-04 07:08:14,very short,True,False,some commits
True,2024-04-05 09:44:11,very short,True,False,some commits
True,2024-04-06 10:32:49,lengthy,False,True,1 commit
True,2024-04-16 11:24:19,very short,True,False,1 commit
True,2024-04-17 08:26:33,very short,True,False,1 commit
True,2024-04-17 08:55:29,very short,True,False,1 commit
True,2024-04-18 07:12:14,very short,True,False,1 commit
True,2024-04-19 13:05:42,very short,True,False,1 commit
False,2024-04-21 13:29:02,very short,True,False,1 commit
True,2024-04-21 13:29:17,very short,True,False,1 commit
True,2024-04-21 13:29:40,lengthy,True,False,1 commit
True,2024-04-21 13:29:56,very short,True,False,1 commit
True,2024-04-21 13:30:16,very short,True,False,1 commit
False,2024-04-21 13:30:38,very short,True,False,1 commit
False,2024-04-21 13:30:52,very short,True,False,1 commit
True,2024-04-22 14:06:49,very short,True,False,1 commit
True,2024-05-02 12:10:33,very short,True,False,some commits
True,2024-05-06 13:41:00,very short,True,False,some commits
True,2024-05-07 08:05:43,very short,True,False,1 commit
True,2024-05-07 08:29:08,very short,True,False,some commits
True,2024-05-07 12:20:42,short,True,False,1 commit
True,2024-05-07 14:22:10,short,True,False,1 commit
True,2024-05-16 10:07:12,lengthy,True,False,many commits
True,2024-05-21 13:43:25,very short,True,False,1 commit
True,2024-05-21 13:44:16,very short,True,False,1 commit
True,2024-05-21 13:44:32,very short,True,False,1 commit
True,2024-05-21 13:44:55,lengthy,True,False,some commits
True,2024-05-21 13:45:13,very short,True,False,1 commit
True,2024-05-23 05:07:03,very short,True,False,1 commit
True,2024-05-24 12:02:55,lengthy,False,True,1 commit
True,2024-06-19 13:11:34,very short,True,False,1 commit
True,2024-06-20 06:31:26,very short,True,False,1 commit
True,2024-06-24 08:12:27,medium,True,False,1 commit
True,2024-06-24 10:06:56,lengthy,True,False,1 commit
True,2024-06-24 10:07:08,medium,True,False,1 commit
True,2024-06-24 10:07:29,lengthy,True,False,1 commit
True,2024-06-24 10:07:41,lengthy,True,False,1 commit
True,2024-06-24 10:08:04,lengthy,True,False,1 commit
True,2024-06-25 13:39:08,very short,True,False,some commits
True,2024-06-26 05:14:24,very short,True,False,1 commit
True,2024-06-27 04:45:55,very short,True,False,1 commit
True,2024-06-27 06:40:26,very short,True,False,1 commit
True,2024-06-27 09:56:18,very short,True,False,some commits
True,2024-06-27 09:57:27,very short,True,False,1 commit
True,2024-06-28 13:43:17,medium,True,False,1 commit
True,2024-07-05 02:39:33,medium,True,False,1 commit
True,2024-07-29 09:04:18,short,True,False,1 commit
True,2024-07-29 09:04:42,very short,True,False,1 commit
True,2024-07-29 09:05:05,very short,True,False,1 commit
True,2024-07-29 09:05:23,medium,True,False,1 commit
True,2024-08-08 14:57:31,very short,True,False,1 commit
True,2024-08-08 15:38:53,very short,True,False,1 commit
True,2024-08-10 17:06:49,short,True,False,some commits
True,2024-08-12 12:49:27,short,True,False,some commits
True,2024-08-13 19:02:13,very short,False,True,1 commit
True,2024-08-15 19:26:12,medium,True,False,some commits
True,2024-08-27 16:01:53,short,True,False,some commits
True,2024-08-29 12:43:28,medium,True,False,1 commit
True,2024-08-29 12:43:46,very short,True,False,1 commit
True,2024-08-29 12:44:05,very short,True,False,1 commit
False,2024-08-29 12:44:27,very short,True,False,1 commit
True,2024-08-29 12:44:48,very short,True,False,1 commit
True,2024-08-29 12:45:07,very short,True,False,1 commit
False,2024-08-29 12:45:23,very short,True,False,1 commit
True,2024-09-04 07:28:11,short,True,False,many commits
True,2024-09-04 14:30:47,very short,True,False,1 commit
True,2024-09-05 14:48:53,very short,True,False,some commits
True,2024-09-06 06:21:21,very short,True,False,some commits
True,2024-09-06 15:55:26,short,True,False,some commits
True,2024-09-09 09:01:19,very short,True,False,1 commit
True,2024-09-09 10:07:15,very short,True,False,some commits
True,2024-09-09 12:05:46,medium,True,False,1 commit
True,2024-09-09 19:34:06,medium,True,False,some commits
True,2024-09-10 22:23:31,short,True,False,many commits
True,2024-09-26 12:32:27,lengthy,True,False,many commits
True,2024-09-28 12:53:14,short,True,False,1 commit
True,2024-09-28 12:53:27,short,True,False,1 commit
True,2024-09-28 12:53:47,short,True,False,1 commit
True,2024-09-28 12:54:05,short,True,False,1 commit
True,2024-09-28 12:54:24,short,True,False,1 commit
True,2024-09-28 12:54:44,short,True,False,1 commit
True,2024-09-28 12:55:03,lengthy,True,False,many commits
True,2024-09-28 12:55:14,short,True,False,1 commit
True,2024-09-28 12:55:27,short,True,False,1 commit
True,2024-10-08 11:34:04,very short,True,False,1 commit
True,2024-10-14 17:37:17,very short,True,False,1 commit
True,2024-10-15 09:45:40,very short,True,False,some commits
True,2024-10-15 10:07:50,very short,True,False,some commits
True,2024-10-15 11:24:39,very short,True,False,1 commit
True,2024-10-16 15:43:08,very short,True,False,1 commit
True,2024-10-16 15:45:00,very short,True,False,1 commit
True,2024-10-17 05:38:29,very short,True,False,1 commit
True,2024-10-21 06:23:44,very short,True,False,1 commit
True,2024-10-23 16:33:03,very short,True,False,1 commit
True,2024-10-28 07:24:01,very short,True,False,1 commit
True,2024-10-28 14:04:17,short,True,False,1 commit
True,2024-10-28 14:04:46,short,True,False,1 commit
True,2024-10-28 14:05:21,short,True,False,1 commit
True,2024-10-28 14:05:35,short,True,False,1 commit
True,2024-10-28 14:05:49,short,True,False,1 commit
True,2024-10-28 14:06:07,short,True,False,1 commit
True,2024-10-28 14:06:12,short,True,False,1 commit
True,2024-11-14 17:18:58,medium,True,False,1 commit
True,2024-11-18 13:50:26,very short,True,False,1 commit
True,2024-11-22 10:05:14,short,True,False,1 commit
True,2024-11-25 20:59:41,very short,True,False,1 commit
True,2024-11-26 02:40:56,short,True,False,some commits
True,2024-11-27 14:22:58,lengthy,True,False,1 commit
True,2024-11-27 14:23:05,short,True,False,1 commit
True,2024-11-27 14:23:23,short,True,False,1 commit
True,2024-11-27 14:23:42,short,True,False,1 commit
True,2024-11-27 14:23:56,short,True,False,1 commit
True,2024-11-27 14:24:25,short,True,False,1 commit
True,2024-12-27 20:39:25,medium,True,False,1 commit
True,2024-12-27 20:39:43,lengthy,True,False,1 commit
True,2024-12-27 20:40:44,medium,True,False,1 commit
True,2024-12-28 12:11:49,medium,True,False,1 commit
True,2024-12-31 19:18:54,medium,True,False,1 commit
True,2025-01-09 13:48:13,very short,True,False,1 commit
True,2025-01-28 23:10:53,very short,False,True,1 commit
True,2025-01-29 06:22:48,very short,True,False,1 commit
False,2025-02-01 21:56:38,short,True,False,some commits
True,2025-02-03 16:05:55,medium,True,False,1 commit
True,2025-02-03 17:24:45,medium,True,False,1 commit
True,2025-02-03 17:25:28,medium,True,False,1 commit
True,2025-02-03 17:25:42,medium,True,False,1 commit
False,2025-02-03 17:25:54,lengthy,True,False,1 commit
True,2025-02-03 17:26:16,medium,True,False,1 commit
True,2025-02-03 17:26:36,medium,True,False,1 commit
True,2025-02-03 17:26:59,medium,True,False,1 commit
False,2025-02-03 17:27:20,medium,True,False,1 commit
True,2025-02-04 08:57:43,very short,True,False,1 commit
True,2025-02-04 13:23:53,short,True,False,1 commit
True,2025-02-13 14:48:58,very short,True,False,1 commit
True,2025-02-13 14:54:54,very short,True,False,1 commit
True,2025-02-14 10:26:16,very short,True,False,1 commit
True,2025-02-18 13:40:36,very short,True,False,some commits
True,2025-02-24 09:53:42,very short,True,False,1 commit
True,2025-02-24 10:36:41,very short,True,False,1 commit
True,2025-02-25 10:27:16,short,True,False,many commits
True,2025-02-25 15:31:59,lengthy,True,False,1 commit
True,2025-03-07 14:18:57,medium,True,False,1 commit
True,2025-03-07 14:19:31,medium,True,False,1 commit
True,2025-03-07 14:19:52,medium,True,False,1 commit
True,2025-03-07 14:20:14,medium,True,False,1 commit
True,2025-03-07 14:20:24,medium,True,False,1 commit
True,2025-03-07 14:20:39,medium,True,False,1 commit
True,2025-03-13 10:19:26,very short,True,False,1 commit
True,2025-03-17 19:39:13,very short,True,False,some commits
True,2025-03-25 13:53:52,very short,True,False,1 commit
True,2025-03-28 11:08:40,medium,True,False,1 commit
True,2025-03-28 11:34:03,medium,True,False,many commits
True,2025-03-31 13:36:13,very short,True,False,1 commit
True,2025-04-04 12:09:04,medium,True,False,some commits
True,2025-04-08 15:07:57,very short,True,False,1 commit
True,2025-04-08 15:08:17,very short,True,False,1 commit
True,2025-04-08 15:08:35,lengthy,True,False,some commits
True,2025-04-08 15:08:57,very short,True,False,1 commit
True,2025-04-08 15:09:11,very short,True,False,1 commit
True,2025-04-11 12:01:25,short,True,False,1 commit
True,2025-04-15 11:10:15,very short,True,False,1 commit
True,2025-04-15 13:00:50,very short,True,False,1 commit
True,2025-04-17 13:03:36,short,True,False,1 commit
True,2025-04-24 13:34:54,very short,True,False,1 commit
True,2025-05-08 01:25:39,very short,True,False,1 commit
True,2025-05-08 21:30:37,lengthy,True,False,1 commit
True,2025-05-08 21:31:00,medium,True,False,1 commit
True,2025-05-08 21:32:36,medium,True,False,1 commit
True,2025-05-08 21:32:48,medium,True,False,1 commit
True,2025-05-08 21:33:08,medium,True,False,1 commit
True,2025-05-08 21:33:30,lengthy,True,False,1 commit
False,2025-05-08 21:33:43,medium,True,False,1 commit
True,2025-05-22 01:48:36,very short,True,False,many commits
False,2025-05-24 14:03:54,lengthy,True,False,1 commit
True,2025-05-26 12:49:19,very short,True,False,1 commit
True,2025-05-30 19:26:25,short,True,False,1 commit
True,2025-06-02 16:22:48,very short,True,False,1 commit
True,2025-06-09 14:15:37,lengthy,True,False,1 commit
True,2025-06-09 14:16:00,lengthy,True,False,1 commit
True,2025-06-09 14:16:26,very short,True,False,1 commit
True,2025-06-09 14:16:38,very short,True,False,1 commit
False,2025-06-10 08:12:30,very short,True,False,1 commit
True,2025-06-13 07:00:01,lengthy,True,False,some commits
True,2025-06-16 09:17:35,lengthy,True,False,many commits
True,2025-06-16 13:06:36,very short,True,False,1 commit
True,2025-06-16 16:23:40,lengthy,True,False,many commits
True,2025-06-17 14:08:07,medium,True,False,1 commit
True,2025-06-20 21:34:48,lengthy,True,False,many commits
True,2025-06-21 20:06:28,medium,True,False,some commits
True,2025-06-24 08:39:20,very short,True,False,1 commit
True,2025-06-24 11:59:19,medium,True,False,many commits
True,2025-06-25 11:54:57,short,True,False,1 commit
True,2025-06-26 16:38:41,medium,True,False,some commits
True,2025-06-27 09:51:43,short,True,False,some commits
True,2025-06-27 13:49:47,medium,True,False,1 commit
True,2025-06-29 12:00:12,very short,True,False,1 commit
True,2025-07-08 12:24:53,very short,True,False,1 commit
True,2025-07-11 13:57:18,lengthy,True,False,1 commit
True,2025-08-07 06:30:25,short,True,False,some commits
True,2025-08-07 08:59:29,medium,True,False,1 commit
True,2025-08-07 09:05:25,very short,True,False,1 commit
True,2025-08-14 12:53:17,very short,True,False,1 commit
True,2025-08-14 15:07:50,very short,True,False,some commits
True,2025-08-18 09:40:52,very short,True,False,1 commit
True,2025-08-29 11:53:08,very short,True,False,1 commit
True,2025-09-05 07:13:47,medium,True,False,some commits
True,2025-09-09 13:44:55,short,True,False,some commits
True,2025-09-17 08:39:07,very short,True,False,1 commit
True,2025-09-18 14:48:38,very short,True,False,1 commit
True,2025-09-21 05:59:32,medium,True,False,some commits
True,2025-09-26 07:45:42,very short,True,False,1 commit
True,2025-10-15 12:22:15,very short,True,False,1 commit
True,2025-10-15 15:17:42,medium,True,False,some commits
True,2025-10-16 04:08:46,very short,True,False,some commits
False,2025-10-23 12:54:39,medium,True,False,many commits
True,2025-10-23 13:11:40,very short,True,False,some commits
True,2025-10-24 06:24:36,medium,True,False,some commits
True,2025-10-24 14:36:51,lengthy,True,False,some commits
True,2025-10-26 16:16:36,very short,True,False,1 commit
True,2025-10-27 14:49:54,very short,True,False,1 commit
True,2025-10-28 13:47:29,medium,True,False,1 commit
True,2025-11-05 07:34:27,very short,True,False,1 commit
True,2025-11-06 06:31:03,very short,True,False,some commits
True,2025-11-18 14:03:55,very short,True,False,1 commit
