merged,created_at,lifetime,main_team_member,first_pull
True,2011-11-10 21:35:04,very short,False,True
True,2011-11-10 22:14:33,very short,False,False
True,2011-11-11 08:18:30,very short,False,True
True,2011-11-11 20:11:19,very short,True,True
False,2011-11-11 21:50:51,very short,False,True
False,2011-11-13 03:26:15,very short,False,True
True,2011-11-13 08:24:01,very short,False,False
True,2011-11-13 14:03:57,very short,False,False
True,2011-11-14 10:23:16,very short,False,False
True,2011-11-14 11:15:07,very short,False,False
False,2011-11-14 20:55:33,short,True,False
False,2011-11-15 22:25:04,short,False,True
True,2011-11-15 23:46:58,very short,False,True
True,2011-11-16 16:26:56,very short,True,False
True,2011-11-17 16:11:51,lengthy,True,False
True,2011-11-18 01:13:52,very short,False,True
False,2011-11-20 23:18:18,lengthy,False,True
True,2011-11-27 20:06:31,lengthy,False,False
True,2011-11-28 01:34:13,very short,True,True
False,2011-11-28 04:46:18,very short,False,False
True,2011-11-29 20:18:45,very short,False,False
True,2011-11-30 20:34:40,short,False,True
True,2011-12-04 20:41:01,short,True,True
True,2011-12-05 06:41:02,short,True,False
False,2011-12-06 09:33:43,very short,False,False
False,2011-12-10 07:26:34,lengthy,False,True
False,2011-12-10 08:56:42,very short,False,False
True,2011-12-10 20:32:27,short,False,False
True,2011-12-11 20:51:43,very short,True,False
False,2011-12-12 04:36:22,lengthy,False,False
False,2011-12-13 15:57:57,very short,False,True
False,2011-12-14 13:05:20,medium,False,False
True,2011-12-15 23:08:28,very short,False,True
True,2011-12-16 05:19:15,very short,True,True
True,2011-12-16 16:00:56,very short,True,False
False,2011-12-16 18:19:56,medium,True,False
True,2011-12-18 05:40:55,medium,False,False
True,2011-12-20 06:55:00,very short,False,True
True,2011-12-21 00:12:07,very short,False,True
False,2011-12-21 18:39:17,very short,False,True
True,2011-12-22 06:27:44,very short,False,False
False,2011-12-23 00:07:24,very short,False,True
True,2011-12-26 08:45:30,short,False,False
False,2011-12-26 19:46:40,medium,False,False
False,2011-12-26 22:19:19,medium,False,True
True,2011-12-30 05:06:01,very short,False,False
True,2011-12-30 06:09:24,very short,False,False
True,2012-01-02 09:48:31,very short,True,False
True,2012-01-06 01:07:03,very short,False,False
True,2012-01-08 04:44:20,short,True,False
True,2012-01-09 10:37:54,medium,False,True
True,2012-01-12 18:19:52,very short,False,False
True,2012-01-13 00:43:22,short,True,False
True,2012-01-13 02:15:32,medium,False,True
True,2012-01-13 15:28:44,short,False,False
False,2012-01-15 05:50:35,lengthy,False,True
True,2012-01-15 11:36:43,short,False,False
True,2012-01-17 11:48:10,very short,False,False
True,2012-01-18 03:17:27,very short,True,False
True,2012-01-19 14:14:18,very short,False,False
True,2012-01-19 18:22:39,very short,False,True
True,2012-01-19 19:11:17,very short,True,False
True,2012-01-21 03:10:42,very short,True,False
True,2012-01-22 12:27:57,short,True,False
True,2012-01-23 04:33:54,very short,False,False
True,2012-01-23 08:41:22,very short,False,False
True,2012-01-23 17:58:30,very short,True,False
False,2012-01-24 02:38:30,lengthy,False,False
True,2012-01-24 03:24:07,very short,True,False
True,2012-01-24 23:16:25,short,False,False
True,2012-01-25 03:09:44,very short,True,False
True,2012-01-25 18:01:33,very short,False,True
True,2012-01-25 18:05:23,very short,False,False
True,2012-01-25 20:57:59,very short,True,False
True,2012-01-26 00:13:45,lengthy,False,True
False,2012-01-26 08:50:22,very short,False,False
False,2012-01-26 21:24:59,lengthy,False,True
True,2012-01-27 00:42:39,very short,False,False
True,2012-01-28 20:49:22,very short,True,False
False,2012-01-29 03:42:27,short,False,True
True,2012-01-29 04:39:33,very short,True,False
True,2012-01-29 04:53:25,short,False,True
True,2012-01-29 09:51:30,short,False,True
True,2012-01-29 19:08:43,short,True,False
True,2012-01-29 20:11:31,medium,False,False
True,2012-01-29 22:07:17,short,False,False
True,2012-01-30 09:07:11,very short,False,False
True,2012-01-30 23:02:58,very short,True,False
False,2012-01-31 10:40:00,medium,False,False
True,2012-01-31 13:08:17,very short,True,False
True,2012-01-31 20:15:08,very short,False,True
True,2012-02-01 22:39:27,very short,False,True
True,2012-02-02 16:32:05,short,True,False
True,2012-02-03 10:44:39,very short,False,False
True,2012-02-03 14:30:58,short,False,False
True,2012-02-05 19:39:12,very short,False,False
True,2012-02-06 07:53:11,very short,False,False
True,2012-02-06 07:58:28,medium,False,False
False,2012-02-06 14:39:36,very short,False,True
True,2012-02-06 14:53:06,very short,False,False
True,2012-02-06 17:37:52,very short,True,False
True,2012-02-06 17:46:17,very short,True,False
True,2012-02-07 01:50:29,medium,True,False
False,2012-02-07 08:04:37,short,False,True
False,2012-02-08 14:43:13,short,False,False
True,2012-02-09 05:04:30,short,False,False
True,2012-02-09 05:54:41,very short,False,False
False,2012-02-09 13:11:53,lengthy,False,True
False,2012-02-09 20:39:04,very short,False,False
False,2012-02-10 12:15:42,lengthy,False,False
True,2012-02-10 13:08:02,very short,True,False
False,2012-02-10 15:00:01,medium,True,False
False,2012-02-11 23:45:03,lengthy,False,False
True,2012-02-12 19:28:44,very short,False,False
True,2012-02-13 19:00:32,very short,False,False
True,2012-02-14 03:24:41,very short,True,False
True,2012-02-15 22:40:22,very short,False,False
True,2012-02-16 03:42:21,very short,True,False
False,2012-02-16 08:51:11,lengthy,False,True
True,2012-02-16 09:19:21,very short,True,False
True,2012-02-16 09:19:35,very short,True,False
True,2012-02-16 14:32:54,medium,False,False
True,2012-02-16 18:37:15,very short,False,False
True,2012-02-17 10:50:15,very short,False,False
False,2012-02-20 22:59:48,medium,False,True
True,2012-02-21 16:55:07,very short,True,False
False,2012-02-21 17:32:47,medium,False,True
True,2012-02-21 21:44:11,short,False,False
True,2012-02-22 13:18:25,very short,False,True
False,2012-02-23 08:08:22,very short,True,False
False,2012-02-23 08:08:48,very short,True,False
True,2012-02-23 13:41:21,very short,True,False
False,2012-02-23 22:50:24,short,False,False
True,2012-02-24 14:49:11,very short,False,False
True,2012-02-25 19:09:24,short,True,False
True,2012-02-25 23:10:12,short,False,False
True,2012-02-26 13:15:01,very short,True,False
True,2012-02-26 14:18:40,very short,False,False
False,2012-02-27 03:27:51,lengthy,False,True
False,2012-02-28 04:51:04,lengthy,False,False
True,2012-02-28 14:09:57,very short,False,False
True,2012-02-29 08:34:42,short,False,False
False,2012-02-29 14:44:20,very short,False,False
False,2012-02-29 16:44:54,lengthy,False,False
True,2012-03-01 22:13:42,very short,False,False
False,2012-03-02 09:59:34,lengthy,False,False
True,2012-03-02 19:59:42,short,False,False
True,2012-03-02 23:45:46,very short,True,False
True,2012-03-06 05:53:23,lengthy,True,True
False,2012-03-06 15:32:00,very short,True,False
True,2012-03-07 17:31:43,very short,True,False
False,2012-03-08 04:07:13,medium,False,False
True,2012-03-10 01:53:03,very short,False,False
True,2012-03-13 07:40:27,very short,False,False
True,2012-03-13 08:09:41,very short,False,False
False,2012-03-13 16:04:54,medium,True,False
True,2012-03-14 13:10:05,very short,False,False
True,2012-03-14 21:35:01,very short,False,False
True,2012-03-14 21:46:11,lengthy,False,False
True,2012-03-15 15:10:25,very short,False,False
True,2012-03-16 03:04:10,short,False,False
True,2012-03-16 16:12:50,very short,False,False
True,2012-03-17 01:21:24,very short,False,False
True,2012-03-17 17:34:03,very short,False,False
False,2012-03-18 10:42:36,short,False,True
False,2012-03-20 12:11:43,very short,True,False
False,2012-03-20 17:08:52,lengthy,False,False
True,2012-03-21 01:28:58,lengthy,False,False
False,2012-03-21 11:04:30,lengthy,False,True
True,2012-03-21 13:40:51,very short,False,False
False,2012-03-21 15:17:34,lengthy,False,False
False,2012-03-21 20:59:58,lengthy,False,False
True,2012-03-21 21:03:51,medium,False,False
False,2012-03-22 02:41:21,very short,True,False
True,2012-03-22 04:09:35,very short,True,False
False,2012-03-22 06:19:55,lengthy,False,False
True,2012-03-22 14:51:27,very short,True,False
True,2012-03-22 20:36:35,very short,True,False
False,2012-03-23 11:14:52,lengthy,False,False
True,2012-03-23 13:03:44,very short,False,False
True,2012-03-23 21:38:52,short,True,True
False,2012-03-24 20:23:19,lengthy,False,True
True,2012-03-25 07:30:06,very short,False,True
False,2012-03-25 08:16:18,lengthy,False,True
False,2012-03-26 14:01:31,very short,False,False
True,2012-03-26 18:00:07,very short,True,False
False,2012-03-26 22:47:11,very short,False,True
True,2012-03-27 06:20:44,very short,True,False
True,2012-03-27 16:22:50,very short,True,False
False,2012-03-27 21:06:44,very short,False,False
False,2012-03-28 00:38:54,short,False,False
True,2012-03-28 03:44:00,very short,True,False
True,2012-03-28 06:38:46,short,True,False
True,2012-03-28 19:45:58,very short,True,False
True,2012-03-29 05:01:55,very short,True,False
True,2012-03-29 15:32:17,very short,True,False
True,2012-03-30 12:27:39,very short,True,False
False,2012-04-02 23:05:17,lengthy,False,False
True,2012-04-02 23:59:01,very short,False,True
True,2012-04-03 02:45:02,very short,True,False
False,2012-04-03 14:26:41,lengthy,False,True
True,2012-04-03 16:10:45,short,False,True
True,2012-04-03 16:35:08,medium,True,False
True,2012-04-03 17:54:41,very short,False,False
False,2012-04-03 22:01:11,lengthy,False,False
False,2012-04-04 10:51:03,very short,False,False
False,2012-04-04 17:17:40,lengthy,False,False
False,2012-04-04 20:53:52,lengthy,False,False
False,2012-04-04 21:40:50,lengthy,False,False
True,2012-04-05 08:07:21,very short,True,False
True,2012-04-05 09:17:45,very short,False,False
True,2012-04-05 09:21:51,very short,False,False
True,2012-04-05 16:23:03,very short,False,False
True,2012-04-05 20:48:05,very short,False,False
False,2012-04-05 22:33:55,lengthy,False,False
False,2012-04-06 11:48:18,very short,False,False
True,2012-04-06 11:50:20,lengthy,False,False
True,2012-04-06 12:56:01,medium,False,False
True,2012-04-07 08:25:34,short,False,False
True,2012-04-07 17:10:14,very short,False,False
True,2012-04-08 20:36:39,very short,False,True
True,2012-04-09 08:10:11,very short,True,False
True,2012-04-09 18:53:05,very short,False,False
False,2012-04-09 21:13:45,short,False,True
True,2012-04-10 11:44:20,very short,False,False
False,2012-04-10 14:02:02,short,False,True
True,2012-04-10 20:01:25,medium,False,False
False,2012-04-12 01:26:56,lengthy,False,True
True,2012-04-12 03:12:06,very short,False,True
True,2012-04-13 01:14:33,short,False,False
False,2012-04-13 14:15:05,medium,False,False
True,2012-04-14 05:24:38,medium,False,False
True,2012-04-14 07:58:25,medium,False,False
False,2012-04-14 13:54:09,lengthy,True,False
True,2012-04-15 13:14:57,medium,False,False
True,2012-04-15 22:23:03,medium,False,True
True,2012-04-15 22:37:46,very short,True,False
False,2012-04-15 22:45:52,lengthy,False,False
False,2012-04-16 03:02:48,very short,True,False
True,2012-04-17 05:09:57,short,True,False
True,2012-04-18 01:13:08,very short,True,False
False,2012-04-18 11:36:08,medium,False,True
True,2012-04-18 15:08:25,medium,True,False
False,2012-04-19 16:01:58,very short,False,True
False,2012-04-19 19:00:38,very short,False,True
False,2012-04-20 01:01:38,lengthy,False,False
True,2012-04-23 02:31:48,short,False,False
False,2012-04-23 14:56:07,short,False,True
True,2012-04-23 21:04:04,very short,False,False
False,2012-04-28 07:44:38,very short,False,True
False,2012-04-28 22:47:52,lengthy,False,False
True,2012-05-01 14:42:48,very short,False,False
True,2012-05-01 20:54:58,very short,False,True
True,2012-05-03 14:59:47,very short,False,False
False,2012-05-05 10:08:49,lengthy,False,True
True,2012-05-05 15:18:46,very short,True,False
True,2012-05-07 06:32:39,very short,True,False
True,2012-05-07 07:09:35,very short,True,False
True,2012-05-07 07:56:13,very short,True,False
True,2012-05-07 18:01:50,very short,True,False
True,2012-05-08 02:49:01,very short,False,False
True,2012-05-08 23:00:54,very short,True,False
False,2012-05-09 03:49:50,lengthy,False,False
True,2012-05-09 22:51:02,lengthy,False,False
False,2012-05-12 13:52:26,very short,False,True
True,2012-05-13 09:33:35,very short,False,False
True,2012-05-13 19:06:49,short,False,True
True,2012-05-13 19:23:28,very short,True,False
True,2012-05-13 20:19:25,short,False,True
True,2012-05-13 21:29:43,short,True,False
True,2012-05-13 21:31:53,very short,True,False
True,2012-05-14 12:16:48,very short,True,False
False,2012-05-14 23:36:21,lengthy,True,False
True,2012-05-14 23:41:50,very short,True,False
True,2012-05-17 00:52:18,very short,True,False
True,2012-05-17 14:52:11,very short,False,True
True,2012-05-17 19:50:00,very short,False,False
False,2012-05-17 22:51:40,very short,False,False
True,2012-05-17 23:15:10,very short,False,False
True,2012-05-20 12:15:14,very short,True,False
True,2012-05-21 02:58:42,very short,True,False
False,2012-05-21 14:20:26,lengthy,False,True
False,2012-05-21 19:21:18,very short,False,False
False,2012-05-21 21:26:04,very short,False,False
True,2012-05-22 06:34:20,very short,False,False
False,2012-05-22 16:15:08,very short,True,False
True,2012-05-22 18:28:36,very short,False,False
False,2012-05-22 21:20:23,medium,False,False
True,2012-05-23 15:18:00,very short,False,False
True,2012-05-23 16:14:10,very short,True,False
True,2012-05-24 00:15:16,very short,True,False
True,2012-05-24 16:05:21,very short,False,False
True,2012-05-25 15:20:42,very short,False,False
False,2012-05-25 20:12:24,medium,False,False
True,2012-05-28 06:54:28,very short,False,False
True,2012-05-28 18:57:40,short,True,False
True,2012-05-29 18:33:31,very short,True,False
True,2012-05-29 18:43:22,medium,False,True
True,2012-05-29 19:12:04,very short,False,False
False,2012-05-30 23:45:12,very short,True,False
True,2012-05-31 13:50:51,very short,True,False
False,2012-05-31 18:18:16,very short,True,False
True,2012-05-31 18:25:40,lengthy,False,True
False,2012-05-31 21:58:51,very short,False,True
True,2012-05-31 22:56:40,very short,True,False
True,2012-06-01 16:58:40,very short,True,False
False,2012-06-02 14:40:37,short,True,False
True,2012-06-02 17:58:11,short,False,False
True,2012-06-03 20:16:24,very short,True,False
True,2012-06-04 11:13:56,medium,True,False
False,2012-06-04 14:14:21,very short,True,False
True,2012-06-04 15:42:37,medium,False,False
False,2012-06-05 08:22:28,short,True,False
True,2012-06-05 11:23:31,very short,False,False
True,2012-06-05 16:29:55,very short,True,False
False,2012-06-06 21:48:51,lengthy,False,True
True,2012-06-06 22:11:23,medium,True,False
False,2012-06-07 01:50:37,lengthy,False,False
False,2012-06-07 05:25:06,lengthy,False,False
True,2012-06-07 10:51:06,very short,True,False
True,2012-06-07 11:03:50,very short,True,False
True,2012-06-07 17:18:30,very short,True,False
True,2012-06-08 04:36:37,very short,True,False
True,2012-06-08 16:13:31,very short,True,False
True,2012-06-09 20:04:37,short,False,False
True,2012-06-09 20:32:26,very short,True,False
True,2012-06-10 00:38:56,very short,False,False
False,2012-06-10 02:48:34,lengthy,False,False
True,2012-06-10 20:43:48,very short,True,False
True,2012-06-10 21:39:24,very short,True,False
False,2012-06-11 20:42:06,very short,False,False
True,2012-06-12 02:21:29,medium,True,False
True,2012-06-12 03:49:53,very short,True,False
False,2012-06-12 12:51:16,very short,True,False
True,2012-06-12 15:41:58,very short,True,False
True,2012-06-12 19:16:59,very short,True,False
True,2012-06-12 19:55:21,very short,True,False
True,2012-06-12 20:33:04,very short,False,False
True,2012-06-13 04:58:19,short,False,True
True,2012-06-13 16:24:23,short,False,False
True,2012-06-13 16:36:43,very short,True,False
True,2012-06-13 22:06:56,very short,True,False
False,2012-06-14 08:56:28,very short,True,False
True,2012-06-14 22:35:52,short,True,False
True,2012-06-15 14:05:04,very short,True,False
True,2012-06-15 17:44:11,very short,False,True
True,2012-06-15 19:08:53,short,False,True
True,2012-06-15 23:54:01,very short,True,False
True,2012-06-16 19:40:04,very short,False,False
True,2012-06-17 11:19:57,very short,False,True
True,2012-06-18 06:31:29,very short,True,False
True,2012-06-18 13:33:03,short,False,False
True,2012-06-18 15:00:12,very short,False,False
True,2012-06-18 15:44:04,very short,False,True
True,2012-06-18 16:34:32,very short,False,True
True,2012-06-18 18:56:09,very short,False,False
True,2012-06-18 20:41:15,very short,True,False
True,2012-06-18 22:58:38,very short,True,False
True,2012-06-19 06:20:22,very short,True,False
True,2012-06-19 14:02:27,short,False,False
True,2012-06-19 20:35:11,very short,True,False
True,2012-06-19 22:23:43,very short,True,False
True,2012-06-20 02:57:26,very short,False,False
True,2012-06-21 16:32:03,medium,False,False
True,2012-06-22 06:28:12,very short,False,False
True,2012-06-22 11:25:15,very short,False,False
True,2012-06-23 19:36:21,very short,True,False
False,2012-06-24 05:14:00,very short,False,False
True,2012-06-24 20:34:24,medium,False,True
True,2012-06-25 02:54:36,very short,False,False
False,2012-06-25 13:34:34,very short,True,False
False,2012-06-25 14:08:54,very short,False,True
True,2012-06-25 15:24:05,very short,True,False
True,2012-06-25 17:00:07,very short,True,False
True,2012-06-26 15:38:06,very short,True,False
True,2012-06-26 20:27:39,lengthy,False,False
True,2012-06-27 08:25:28,very short,True,False
True,2012-06-27 21:27:17,very short,True,False
True,2012-06-28 13:18:24,very short,False,False
False,2012-06-29 06:26:22,short,False,False
True,2012-06-29 14:39:16,very short,True,False
True,2012-06-29 15:52:01,very short,True,False
True,2012-06-29 18:20:19,very short,True,False
True,2012-06-30 03:57:29,short,False,True
True,2012-07-01 02:03:19,medium,False,False
True,2012-07-01 14:48:21,very short,False,False
True,2012-07-02 00:31:00,very short,False,False
True,2012-07-02 00:32:43,very short,False,False
True,2012-07-02 16:34:22,very short,True,False
True,2012-07-02 16:49:44,very short,True,True
True,2012-07-02 18:41:55,very short,False,False
False,2012-07-03 08:15:55,short,False,True
True,2012-07-03 17:07:08,very short,True,False
False,2012-07-03 18:04:07,medium,False,False
True,2012-07-04 08:42:21,lengthy,False,False
True,2012-07-05 19:02:11,very short,True,False
True,2012-07-05 23:27:05,very short,True,False
False,2012-07-06 00:43:33,very short,False,True
True,2012-07-06 02:57:26,very short,True,True
True,2012-07-06 05:58:11,very short,True,False
True,2012-07-06 06:42:36,very short,True,False
True,2012-07-06 09:55:31,very short,True,False
True,2012-07-06 15:30:49,very short,True,True
True,2012-07-07 13:41:14,very short,True,False
True,2012-07-08 19:08:12,very short,False,False
False,2012-07-09 05:10:00,lengthy,False,False
True,2012-07-09 15:35:42,very short,True,False
True,2012-07-09 16:05:54,very short,True,False
False,2012-07-09 20:04:32,lengthy,False,False
False,2012-07-09 20:40:39,short,False,True
True,2012-07-09 21:10:32,very short,False,False
True,2012-07-09 22:58:35,very short,False,False
True,2012-07-10 02:29:49,very short,False,True
True,2012-07-10 03:14:08,lengthy,False,True
True,2012-07-10 11:27:14,very short,False,False
True,2012-07-10 16:42:55,very short,True,False
True,2012-07-10 18:17:13,medium,False,False
True,2012-07-10 19:56:37,short,False,False
False,2012-07-10 20:57:54,short,False,False
False,2012-07-10 21:00:25,short,False,False
True,2012-07-11 04:57:00,very short,False,False
False,2012-07-11 07:00:04,very short,False,False
True,2012-07-12 11:14:26,very short,True,False
False,2012-07-12 13:16:16,lengthy,False,False
False,2012-07-14 07:34:35,very short,False,False
True,2012-07-14 22:22:14,very short,True,False
True,2012-07-15 15:51:47,very short,True,False
False,2012-07-15 22:01:03,lengthy,False,False
True,2012-07-16 00:26:29,short,False,False
True,2012-07-16 15:34:29,short,True,False
False,2012-07-17 10:03:52,short,False,False
True,2012-07-17 21:27:29,very short,True,False
True,2012-07-17 21:28:00,very short,True,False
False,2012-07-18 04:07:07,lengthy,False,False
True,2012-07-18 08:25:27,very short,False,True
True,2012-07-18 18:57:20,medium,False,False
True,2012-07-19 13:32:12,very short,True,False
True,2012-07-19 13:33:32,very short,True,False
False,2012-07-20 06:31:32,lengthy,False,False
False,2012-07-20 06:47:57,very short,False,False
False,2012-07-20 06:52:08,very short,False,False
False,2012-07-20 07:16:54,very short,False,False
True,2012-07-20 07:27:09,lengthy,False,False
False,2012-07-21 01:58:35,lengthy,False,False
True,2012-07-21 10:11:25,very short,True,False
True,2012-07-21 10:18:15,very short,True,False
True,2012-07-21 11:25:33,lengthy,False,False
False,2012-07-21 16:18:02,short,False,True
True,2012-07-22 04:28:55,short,True,False
True,2012-07-22 11:55:15,lengthy,False,False
True,2012-07-23 15:32:22,short,False,True
False,2012-07-23 22:02:01,very short,False,False
True,2012-07-23 22:35:15,very short,True,False
False,2012-07-26 03:23:31,lengthy,False,False
True,2012-07-27 04:41:51,very short,False,False
True,2012-07-29 16:34:03,medium,False,False
True,2012-07-30 14:55:21,medium,False,False
True,2012-07-31 21:20:52,very short,True,False
True,2012-08-01 07:16:51,very short,True,False
False,2012-08-01 10:47:47,very short,False,True
True,2012-08-01 17:37:03,very short,True,False
True,2012-08-01 19:17:28,very short,True,False
False,2012-08-02 00:49:40,short,False,True
True,2012-08-02 17:26:10,very short,True,False
True,2012-08-02 21:43:10,lengthy,False,False
True,2012-08-03 19:37:07,lengthy,True,False
True,2012-08-04 20:33:06,lengthy,False,False
True,2012-08-05 10:16:11,very short,True,False
True,2012-08-05 14:08:10,very short,True,False
True,2012-08-07 17:23:41,very short,True,False
True,2012-08-08 08:05:49,very short,False,True
True,2012-08-08 14:30:31,very short,True,False
True,2012-08-08 14:32:45,very short,True,False
False,2012-08-09 20:52:08,lengthy,False,False
True,2012-08-10 18:37:23,very short,False,False
True,2012-08-10 21:20:22,short,False,False
True,2012-08-10 21:20:58,short,False,False
True,2012-08-12 16:29:29,short,True,False
True,2012-08-12 20:09:57,very short,False,False
True,2012-08-13 07:37:46,very short,False,False
True,2012-08-13 20:30:28,very short,True,False
True,2012-08-15 06:58:04,very short,True,False
False,2012-08-15 10:42:17,very short,False,True
True,2012-08-15 12:45:56,lengthy,False,False
True,2012-08-17 01:47:14,lengthy,False,False
True,2012-08-17 22:41:26,very short,True,False
False,2012-08-18 04:16:48,medium,False,False
False,2012-08-18 15:16:18,medium,False,False
True,2012-08-19 07:07:04,short,False,True
True,2012-08-19 14:32:02,short,False,False
False,2012-08-19 20:16:33,lengthy,False,False
True,2012-08-20 04:06:13,short,False,False
False,2012-08-21 04:06:54,short,False,False
False,2012-08-21 04:07:15,short,False,False
False,2012-08-21 04:11:38,short,False,False
False,2012-08-21 06:22:46,short,False,False
True,2012-08-21 11:27:03,very short,True,False
True,2012-08-21 22:58:44,very short,True,False
True,2012-08-22 18:16:57,very short,True,False
True,2012-08-23 16:33:03,very short,True,False
True,2012-08-23 19:16:12,very short,False,False
False,2012-08-24 00:50:38,lengthy,False,False
True,2012-08-24 04:07:57,very short,False,False
True,2012-08-24 09:19:17,very short,True,False
True,2012-08-24 18:48:15,very short,False,True
True,2012-08-26 05:35:03,very short,False,False
False,2012-08-26 08:09:40,lengthy,False,False
True,2012-08-26 17:31:31,lengthy,False,False
True,2012-08-27 09:26:24,very short,True,False
True,2012-08-28 00:02:47,very short,True,False
True,2012-08-28 14:34:32,very short,True,False
False,2012-08-28 20:19:36,short,False,False
True,2012-08-29 00:53:17,very short,True,False
True,2012-08-29 10:22:31,very short,True,False
True,2012-08-29 21:29:50,very short,True,False
False,2012-08-29 22:19:43,lengthy,True,False
True,2012-08-30 12:47:47,very short,True,False
True,2012-08-30 16:42:32,very short,True,False
True,2012-08-31 15:55:01,very short,True,False
True,2012-09-01 00:27:18,very short,False,True
False,2012-09-01 14:58:19,very short,False,True
True,2012-09-02 22:20:25,very short,True,False
True,2012-09-03 18:55:56,very short,False,False
True,2012-09-05 03:09:36,very short,False,False
True,2012-09-05 05:57:46,very short,True,False
True,2012-09-05 09:33:14,very short,False,True
True,2012-09-05 10:57:14,very short,True,False
True,2012-09-05 10:58:02,very short,True,False
True,2012-09-05 10:58:51,very short,True,False
True,2012-09-05 10:59:28,very short,True,False
True,2012-09-05 17:35:15,lengthy,False,False
True,2012-09-06 10:57:24,very short,True,False
True,2012-09-06 22:25:58,medium,True,False
True,2012-09-06 22:48:30,very short,True,False
True,2012-09-08 07:11:27,very short,False,False
True,2012-09-08 22:44:55,short,True,False
True,2012-09-09 08:40:00,very short,False,False
False,2012-09-09 12:55:16,short,False,False
False,2012-09-09 16:54:48,medium,False,False
False,2012-09-10 05:26:44,very short,False,False
True,2012-09-10 14:48:53,very short,True,False
True,2012-09-10 17:36:29,short,True,False
True,2012-09-11 16:56:43,lengthy,False,True
True,2012-09-11 19:20:08,very short,True,False
True,2012-09-12 23:49:16,lengthy,True,False
True,2012-09-13 15:26:08,very short,True,False
True,2012-09-14 14:56:36,very short,True,False
True,2012-09-15 13:13:21,very short,True,False
True,2012-09-15 13:16:27,very short,True,False
False,2012-09-16 18:20:04,lengthy,False,False
True,2012-09-17 13:34:04,very short,True,False
True,2012-09-17 15:58:10,very short,True,False
False,2012-09-18 01:32:03,medium,False,False
False,2012-09-18 02:36:13,medium,False,False
True,2012-09-18 09:57:35,very short,True,False
False,2012-09-18 14:45:10,medium,False,True
False,2012-09-19 10:10:25,lengthy,False,False
False,2012-09-19 15:21:27,very short,True,True
True,2012-09-19 17:06:26,very short,True,False
True,2012-09-19 19:10:40,short,False,False
True,2012-09-19 22:02:27,very short,False,True
True,2012-09-20 08:32:49,very short,False,True
True,2012-09-20 16:09:12,lengthy,False,False
True,2012-09-20 17:08:49,very short,True,False
True,2012-09-20 17:12:01,very short,True,False
True,2012-09-20 17:28:07,very short,False,False
False,2012-09-20 20:49:58,lengthy,False,False
True,2012-09-21 08:37:10,very short,False,False
True,2012-09-21 20:58:52,lengthy,False,False
False,2012-09-22 05:29:08,short,False,False
True,2012-09-22 21:43:50,short,True,False
True,2012-09-22 21:50:40,very short,True,False
True,2012-09-22 22:03:06,very short,True,False
True,2012-09-24 02:25:12,very short,False,True
True,2012-09-24 08:04:28,very short,True,False
True,2012-09-24 13:11:28,very short,False,False
False,2012-09-24 15:19:41,very short,True,False
True,2012-09-24 18:36:09,very short,True,False
True,2012-09-24 19:29:42,very short,True,False
False,2012-09-26 08:04:52,very short,False,False
True,2012-09-26 12:33:29,very short,False,False
True,2012-09-26 15:12:28,medium,False,True
False,2012-09-27 14:13:37,lengthy,False,False
True,2012-09-27 22:33:19,very short,True,False
True,2012-09-27 23:20:24,very short,True,False
True,2012-09-27 23:42:45,short,False,False
False,2012-09-29 12:07:12,short,False,False
True,2012-09-30 08:42:33,medium,False,False
True,2012-10-01 18:22:43,medium,False,True
True,2012-10-01 23:22:11,very short,False,False
True,2012-10-01 23:42:59,medium,False,False
False,2012-10-02 01:46:58,medium,True,False
False,2012-10-02 09:48:50,short,False,False
True,2012-10-02 09:53:42,short,False,False
True,2012-10-02 12:22:14,short,False,False
True,2012-10-03 09:05:23,lengthy,False,False
False,2012-10-03 09:08:19,lengthy,False,False
True,2012-10-03 14:05:02,very short,True,False
True,2012-10-03 20:39:19,short,False,False
False,2012-10-03 21:31:21,medium,False,False
True,2012-10-04 16:20:42,very short,True,False
True,2012-10-04 18:32:33,short,True,False
False,2012-10-04 19:14:48,very short,False,False
True,2012-10-05 18:21:16,very short,True,False
True,2012-10-05 21:05:31,medium,False,True
True,2012-10-06 04:53:20,very short,True,False
True,2012-10-06 05:01:37,very short,True,False
True,2012-10-06 06:48:45,very short,True,False
False,2012-10-06 20:35:33,short,False,True
True,2012-10-07 02:06:07,very short,True,False
True,2012-10-07 06:45:33,very short,True,False
True,2012-10-07 10:07:34,very short,True,False
True,2012-10-08 14:16:11,short,False,False
False,2012-10-08 17:14:50,very short,True,False
True,2012-10-08 17:49:49,very short,True,False
True,2012-10-08 18:06:26,very short,True,False
True,2012-10-08 21:19:47,short,False,False
True,2012-10-08 22:44:58,very short,True,False
True,2012-10-09 02:36:20,very short,True,False
True,2012-10-09 03:19:01,very short,True,False
True,2012-10-09 04:10:09,short,True,False
True,2012-10-09 18:02:02,very short,True,False
False,2012-10-09 21:05:39,very short,True,False
True,2012-10-09 21:27:24,very short,True,False
True,2012-10-10 05:02:55,medium,True,False
True,2012-10-10 10:18:47,medium,False,False
True,2012-10-10 15:29:30,very short,True,False
True,2012-10-10 17:35:11,very short,True,False
False,2012-10-11 01:27:02,very short,False,True
True,2012-10-11 18:50:32,very short,True,False
True,2012-10-11 21:52:51,very short,False,False
True,2012-10-12 02:47:44,short,False,False
True,2012-10-12 08:16:57,very short,True,False
True,2012-10-12 14:26:36,very short,True,False
True,2012-10-13 02:51:15,medium,True,False
True,2012-10-13 05:40:37,short,True,False
False,2012-10-14 09:34:21,lengthy,False,True
True,2012-10-14 12:28:18,lengthy,False,False
True,2012-10-14 18:19:41,medium,True,True
True,2012-10-14 20:33:14,very short,True,False
True,2012-10-14 20:37:20,very short,True,False
False,2012-10-14 22:03:23,short,True,False
True,2012-10-15 18:38:23,short,True,False
False,2012-10-15 21:17:37,short,False,True
True,2012-10-15 21:55:25,very short,True,False
True,2012-10-15 22:19:32,very short,True,False
True,2012-10-15 23:00:34,very short,True,False
True,2012-10-15 23:21:48,very short,True,False
True,2012-10-16 00:24:49,medium,True,False
False,2012-10-16 05:08:53,very short,True,False
True,2012-10-16 14:29:15,very short,True,False
True,2012-10-16 19:40:37,short,True,False
True,2012-10-17 15:24:53,very short,True,False
True,2012-10-17 16:06:31,very short,True,False
True,2012-10-17 21:07:17,very short,False,False
True,2012-10-17 22:23:53,very short,True,False
True,2012-10-18 16:50:48,very short,True,False
True,2012-10-18 22:42:11,lengthy,True,False
True,2012-10-19 12:11:39,lengthy,False,False
True,2012-10-19 15:06:04,very short,True,False
True,2012-10-19 18:09:46,short,False,False
True,2012-10-19 20:12:46,medium,True,False
False,2012-10-19 23:44:06,lengthy,False,False
True,2012-10-19 23:52:10,lengthy,False,False
True,2012-10-20 15:35:50,short,True,False
True,2012-10-20 17:31:51,lengthy,True,False
False,2012-10-20 20:15:33,short,True,False
True,2012-10-21 03:37:11,short,True,False
True,2012-10-21 07:15:57,very short,True,False
False,2012-10-22 07:41:49,lengthy,False,True
True,2012-10-22 18:49:20,very short,True,False
True,2012-10-22 19:22:24,very short,True,False
False,2012-10-22 20:00:02,very short,False,False
True,2012-10-22 20:19:30,lengthy,False,False
True,2012-10-22 20:29:07,very short,True,False
True,2012-10-22 20:59:53,very short,False,False
True,2012-10-22 21:03:43,very short,True,False
False,2012-10-23 16:46:45,very short,False,False
True,2012-10-23 17:36:11,very short,False,False
True,2012-10-23 17:58:27,very short,False,False
True,2012-10-23 18:26:28,very short,True,False
True,2012-10-23 19:27:28,very short,False,False
True,2012-10-23 19:59:26,very short,False,False
True,2012-10-24 07:37:44,very short,True,False
True,2012-10-24 09:15:02,lengthy,False,False
True,2012-10-24 16:27:04,medium,True,False
True,2012-10-24 18:07:56,medium,False,False
True,2012-10-24 20:44:23,lengthy,True,False
False,2012-10-24 23:18:45,lengthy,False,True
True,2012-10-25 11:24:27,lengthy,False,False
True,2012-10-26 02:53:10,medium,False,True
False,2012-10-26 04:19:28,lengthy,False,True
True,2012-10-26 17:01:49,short,False,False
True,2012-10-27 20:47:07,very short,True,False
True,2012-10-27 20:48:38,very short,True,False
True,2012-10-27 21:29:01,very short,True,False
False,2012-10-28 18:57:06,lengthy,True,False
True,2012-10-28 18:59:56,lengthy,True,False
True,2012-10-28 20:00:14,lengthy,False,True
True,2012-10-28 20:26:58,lengthy,False,False
True,2012-10-29 04:07:56,short,True,False
True,2012-10-29 04:10:03,medium,True,False
True,2012-10-29 08:46:18,short,True,False
False,2012-10-29 09:18:25,short,True,False
True,2012-10-29 09:43:19,short,True,False
True,2012-10-29 13:31:55,very short,True,False
True,2012-10-29 14:48:24,very short,True,False
True,2012-10-29 16:42:42,lengthy,False,False
True,2012-10-29 17:27:17,very short,True,False
True,2012-10-29 18:15:46,very short,False,True
False,2012-10-30 04:04:06,very short,True,False
True,2012-10-30 14:17:18,short,True,False
True,2012-10-30 23:20:12,very short,False,False
True,2012-10-31 08:33:28,very short,True,False
True,2012-10-31 16:48:30,short,True,False
True,2012-10-31 20:20:45,medium,True,False
True,2012-11-01 14:01:55,very short,True,False
True,2012-11-01 16:19:51,very short,True,False
True,2012-11-01 20:52:32,lengthy,False,False
False,2012-11-02 12:13:20,very short,True,False
True,2012-11-02 15:47:01,very short,True,False
True,2012-11-02 19:24:07,very short,True,False
True,2012-11-03 17:20:30,short,True,False
True,2012-11-03 22:46:01,short,True,False
True,2012-11-04 06:15:09,medium,True,False
True,2012-11-05 17:50:43,lengthy,False,True
False,2012-11-05 18:19:30,lengthy,False,False
True,2012-11-05 18:29:37,lengthy,False,False
True,2012-11-05 18:32:04,very short,True,False
True,2012-11-06 03:09:26,lengthy,False,False
True,2012-11-06 21:00:22,medium,False,False
True,2012-11-06 21:23:37,lengthy,False,False
True,2012-11-06 21:39:59,lengthy,False,False
True,2012-11-06 22:27:24,lengthy,False,False
True,2012-11-06 22:47:08,lengthy,False,False
True,2012-11-06 23:43:40,very short,True,False
True,2012-11-07 00:31:44,lengthy,True,False
True,2012-11-07 02:22:00,medium,True,False
True,2012-11-07 11:08:43,lengthy,False,False
True,2012-11-07 11:18:09,lengthy,False,False
True,2012-11-07 11:31:03,lengthy,False,False
True,2012-11-07 11:37:01,lengthy,False,False
True,2012-11-07 12:36:53,lengthy,True,False
True,2012-11-07 12:38:45,medium,False,False
True,2012-11-07 12:49:17,lengthy,False,False
True,2012-11-07 14:35:27,very short,True,False
True,2012-11-07 14:38:50,very short,True,False
True,2012-11-07 15:07:29,lengthy,False,False
True,2012-11-07 15:26:06,lengthy,False,False
True,2012-11-07 16:05:33,lengthy,False,False
True,2012-11-07 16:11:04,medium,False,False
True,2012-11-07 16:18:53,lengthy,False,False
False,2012-11-08 00:06:32,lengthy,False,True
True,2012-11-08 01:48:41,very short,True,False
True,2012-11-08 13:03:56,lengthy,False,False
True,2012-11-08 13:24:45,lengthy,True,False
True,2012-11-08 16:35:31,medium,True,False
True,2012-11-08 16:54:01,lengthy,True,False
True,2012-11-08 21:40:31,very short,True,False
True,2012-11-09 21:04:47,very short,True,False
False,2012-11-09 21:18:41,medium,True,False
True,2012-11-10 10:37:34,short,True,False
True,2012-11-10 19:37:15,short,True,False
True,2012-11-11 15:11:51,lengthy,True,False
True,2012-11-11 16:07:24,very short,True,False
True,2012-11-12 23:07:24,very short,False,False
True,2012-11-12 23:58:15,medium,False,False
True,2012-11-13 00:34:09,very short,True,False
False,2012-11-13 03:45:58,lengthy,False,True
False,2012-11-13 15:07:40,lengthy,True,False
True,2012-11-13 16:19:28,very short,True,False
False,2012-11-13 16:57:05,medium,False,False
True,2012-11-14 05:54:36,very short,True,False
True,2012-11-14 15:24:00,very short,True,False
True,2012-11-15 00:22:47,short,True,False
True,2012-11-15 04:55:34,short,True,False
True,2012-11-15 20:46:53,very short,True,False
True,2012-11-15 21:32:29,short,False,False
True,2012-11-15 21:50:34,lengthy,False,False
True,2012-11-15 21:51:50,lengthy,False,False
True,2012-11-15 21:53:15,medium,False,False
True,2012-11-15 21:54:36,lengthy,False,False
True,2012-11-16 17:11:51,very short,True,False
True,2012-11-16 22:29:34,short,True,False
True,2012-11-17 16:10:26,short,True,False
True,2012-11-19 15:07:57,lengthy,True,False
False,2012-11-19 15:15:12,lengthy,False,False
True,2012-11-19 18:55:08,short,False,False
True,2012-11-19 21:14:40,very short,True,False
True,2012-11-20 01:45:06,very short,True,False
True,2012-11-20 15:37:39,short,True,False
True,2012-11-20 22:17:37,very short,True,False
True,2012-11-21 01:10:07,very short,True,False
True,2012-11-21 01:31:36,short,True,False
True,2012-11-21 15:40:53,short,True,False
True,2012-11-22 18:59:14,short,True,False
True,2012-11-23 03:39:05,very short,True,False
True,2012-11-23 23:03:55,medium,False,False
True,2012-11-24 22:31:35,short,False,False
True,2012-11-26 01:59:36,very short,True,False
True,2012-11-26 17:16:24,very short,False,False
True,2012-11-26 18:08:53,very short,True,False
True,2012-11-27 11:18:22,very short,True,False
True,2012-11-27 18:22:59,short,True,False
True,2012-11-27 18:46:13,very short,True,False
True,2012-11-27 20:00:46,very short,True,False
True,2012-11-27 20:49:46,short,False,False
True,2012-11-28 03:44:05,lengthy,True,False
True,2012-11-28 17:25:43,lengthy,False,True
True,2012-11-28 19:25:03,very short,True,False
True,2012-11-28 21:23:53,short,True,False
True,2012-11-28 22:06:31,lengthy,False,False
True,2012-11-29 04:06:07,lengthy,False,False
True,2012-11-29 06:07:56,very short,True,False
True,2012-11-30 05:20:33,very short,False,False
True,2012-11-30 08:15:56,very short,True,False
True,2012-11-30 14:27:11,very short,False,True
True,2012-11-30 14:34:37,very short,False,False
True,2012-11-30 16:18:14,lengthy,True,False
True,2012-11-30 22:53:20,very short,True,False
True,2012-12-01 20:20:12,very short,True,False
True,2012-12-02 07:26:50,very short,True,False
True,2012-12-03 19:13:36,short,True,False
True,2012-12-03 22:22:33,lengthy,False,False
True,2012-12-04 00:19:53,short,True,False
True,2012-12-04 03:16:42,very short,True,False
True,2012-12-04 04:25:05,medium,True,False
True,2012-12-04 21:24:25,very short,True,False
True,2012-12-04 21:39:15,very short,True,False
True,2012-12-04 21:42:13,lengthy,True,False
True,2012-12-05 19:19:43,medium,False,False
True,2012-12-05 22:57:18,short,False,True
False,2012-12-05 23:51:03,very short,False,True
True,2012-12-06 03:37:52,very short,True,False
True,2012-12-06 10:02:30,very short,True,False
True,2012-12-06 14:17:30,very short,True,False
True,2012-12-06 15:44:33,very short,True,False
True,2012-12-06 21:32:26,lengthy,False,False
True,2012-12-06 22:05:11,very short,False,False
True,2012-12-06 22:32:49,medium,False,False
True,2012-12-07 11:06:09,very short,True,False
False,2012-12-07 11:48:24,medium,False,True
True,2012-12-07 18:35:46,medium,True,False
True,2012-12-07 18:48:42,short,True,False
True,2012-12-08 05:19:59,very short,True,False
False,2012-12-08 10:43:43,very short,False,True
True,2012-12-09 00:34:44,medium,False,True
True,2012-12-09 07:12:28,very short,True,False
True,2012-12-10 17:40:53,short,True,False
True,2012-12-10 17:43:34,very short,True,False
False,2012-12-10 23:13:39,very short,True,False
True,2012-12-11 00:12:49,very short,True,False
True,2012-12-11 00:40:19,very short,True,False
True,2012-12-11 01:40:25,lengthy,True,False
True,2012-12-11 07:14:09,very short,True,False
True,2012-12-11 15:36:46,very short,True,False
False,2012-12-11 19:00:53,short,True,False
True,2012-12-11 20:02:37,very short,True,False
False,2012-12-11 21:16:37,lengthy,True,False
True,2012-12-11 22:20:42,very short,True,False
True,2012-12-12 19:46:24,very short,True,False
True,2012-12-12 20:28:23,very short,True,False
True,2012-12-12 21:38:01,very short,True,False
True,2012-12-13 10:50:56,lengthy,True,False
True,2012-12-13 11:00:36,lengthy,True,False
True,2012-12-13 14:02:55,lengthy,False,True
True,2012-12-13 16:01:54,lengthy,False,False
True,2012-12-13 17:32:05,very short,True,False
True,2012-12-13 19:11:21,very short,True,False
True,2012-12-13 20:22:18,very short,True,False
True,2012-12-13 23:16:31,very short,True,False
True,2012-12-14 11:52:33,medium,True,False
True,2012-12-14 17:39:13,very short,True,False
True,2012-12-16 04:12:10,short,True,False
True,2012-12-17 01:07:05,lengthy,True,True
True,2012-12-17 19:41:53,very short,True,False
True,2012-12-17 22:20:23,very short,False,True
False,2012-12-18 14:21:18,lengthy,False,True
True,2012-12-18 22:58:46,very short,True,False
True,2012-12-19 21:46:43,very short,False,False
True,2012-12-19 23:58:00,very short,True,False
True,2012-12-20 10:15:58,very short,False,True
True,2012-12-20 16:41:35,lengthy,True,False
True,2012-12-20 20:48:51,very short,True,False
True,2012-12-21 09:56:54,very short,True,False
True,2012-12-21 10:33:03,very short,True,False
True,2012-12-21 11:09:03,very short,True,False
True,2012-12-21 16:03:39,very short,True,False
True,2012-12-21 16:50:43,very short,True,False
True,2012-12-21 20:24:55,very short,True,False
True,2012-12-21 21:10:24,very short,True,False
True,2012-12-21 21:49:25,very short,True,False
True,2012-12-21 22:24:08,very short,True,False
True,2012-12-22 02:17:56,very short,True,False
True,2012-12-22 02:42:48,lengthy,True,False
True,2012-12-22 06:51:47,medium,True,False
True,2012-12-24 15:25:11,very short,True,False
True,2012-12-24 18:03:02,very short,True,False
True,2012-12-24 22:30:59,very short,True,False
True,2012-12-24 22:31:13,medium,False,False
True,2012-12-25 17:08:25,short,True,False
True,2012-12-25 18:38:58,short,False,False
True,2012-12-26 23:34:06,very short,False,False
True,2012-12-27 23:20:56,very short,True,False
True,2012-12-28 10:47:12,very short,True,False
True,2012-12-28 10:47:58,very short,True,False
True,2012-12-28 18:05:17,lengthy,False,True
True,2012-12-29 19:24:33,lengthy,False,False
True,2012-12-30 00:48:00,very short,True,False
True,2012-12-30 10:39:11,very short,False,False
True,2012-12-30 14:02:36,lengthy,False,False
True,2012-12-31 21:26:18,medium,True,False
True,2012-12-31 21:52:40,lengthy,False,False
True,2013-01-01 23:44:54,very short,False,True
True,2013-01-02 18:27:33,short,True,False
True,2013-01-02 21:24:02,very short,True,False
True,2013-01-03 01:19:08,short,True,False
True,2013-01-03 09:29:32,very short,True,False
False,2013-01-03 16:00:18,lengthy,False,True
True,2013-01-03 17:47:35,lengthy,True,False
True,2013-01-03 18:01:14,very short,True,False
True,2013-01-03 18:20:25,very short,True,False
True,2013-01-03 19:19:06,very short,False,True
False,2013-01-03 19:35:41,lengthy,False,False
True,2013-01-03 20:46:54,very short,True,False
True,2013-01-03 20:53:25,very short,False,True
False,2013-01-03 21:58:23,medium,True,False
True,2013-01-03 23:08:57,very short,True,False
True,2013-01-03 23:53:39,very short,True,False
True,2013-01-04 08:30:43,very short,True,False
True,2013-01-04 18:10:21,very short,True,False
True,2013-01-04 19:52:36,short,False,False
True,2013-01-04 20:11:33,short,True,False
True,2013-01-05 02:00:49,medium,False,False
True,2013-01-05 06:41:56,short,True,False
True,2013-01-05 08:00:59,very short,True,False
True,2013-01-05 18:45:59,short,False,False
True,2013-01-06 06:48:12,short,True,False
False,2013-01-07 10:56:33,lengthy,False,True
True,2013-01-07 17:07:57,lengthy,False,False
True,2013-01-07 22:19:41,short,False,True
True,2013-01-07 22:39:12,very short,True,False
False,2013-01-07 23:04:15,lengthy,False,True
True,2013-01-07 23:26:27,short,True,False
True,2013-01-08 04:09:12,very short,True,False
True,2013-01-08 04:17:20,lengthy,True,False
True,2013-01-08 04:21:00,very short,True,False
False,2013-01-08 04:53:27,medium,False,False
False,2013-01-08 14:22:57,lengthy,False,False
False,2013-01-08 15:32:13,medium,True,False
True,2013-01-08 17:16:28,very short,False,False
True,2013-01-08 18:15:12,very short,True,False
True,2013-01-08 18:56:05,short,True,False
True,2013-01-08 19:49:18,very short,True,False
False,2013-01-08 20:16:50,very short,False,False
False,2013-01-09 03:45:05,very short,False,False
True,2013-01-09 03:52:52,very short,False,True
True,2013-01-09 09:54:09,very short,True,False
True,2013-01-09 15:38:48,lengthy,False,False
True,2013-01-09 17:10:07,very short,False,False
True,2013-01-09 18:53:23,very short,True,False
True,2013-01-09 20:54:35,short,False,False
True,2013-01-09 22:04:50,very short,True,False
True,2013-01-09 22:29:13,short,False,False
False,2013-01-10 03:11:21,very short,False,True
True,2013-01-10 05:12:39,very short,True,False
True,2013-01-10 05:33:20,very short,False,False
True,2013-01-10 15:12:36,very short,False,True
True,2013-01-10 17:58:44,lengthy,True,False
True,2013-01-10 19:36:13,very short,True,False
True,2013-01-10 19:56:09,very short,True,False
True,2013-01-10 23:28:16,very short,True,False
True,2013-01-10 23:57:57,very short,True,False
True,2013-01-11 01:34:30,lengthy,True,False
True,2013-01-11 07:21:44,medium,True,False
False,2013-01-11 21:17:25,very short,False,False
True,2013-01-11 22:32:16,very short,True,False
True,2013-01-11 23:24:05,very short,True,False
False,2013-01-11 23:57:44,very short,False,False
True,2013-01-12 00:38:37,very short,True,False
True,2013-01-12 01:27:55,lengthy,True,False
False,2013-01-12 03:12:26,lengthy,False,False
True,2013-01-12 07:46:17,medium,True,False
True,2013-01-12 13:14:17,short,True,False
False,2013-01-12 15:42:14,lengthy,False,False
True,2013-01-13 16:20:49,short,False,False
False,2013-01-13 17:24:56,lengthy,False,True
True,2013-01-14 03:03:56,very short,True,False
True,2013-01-14 07:46:27,short,True,False
True,2013-01-14 12:57:41,short,True,False
False,2013-01-14 20:46:13,very short,False,False
True,2013-01-14 20:56:59,very short,True,False
True,2013-01-14 21:07:17,very short,False,False
True,2013-01-14 21:33:10,very short,True,False
False,2013-01-14 22:02:33,short,True,False
False,2013-01-14 22:06:23,lengthy,True,False
False,2013-01-15 01:11:48,very short,False,False
True,2013-01-15 14:46:33,very short,False,False
True,2013-01-15 17:39:00,short,True,False
True,2013-01-15 18:54:13,very short,True,False
True,2013-01-15 20:39:04,very short,True,False
True,2013-01-15 21:00:36,short,False,True
True,2013-01-16 02:24:05,short,False,False
True,2013-01-16 07:05:33,lengthy,False,False
True,2013-01-16 08:20:40,very short,True,False
True,2013-01-16 22:31:29,very short,True,False
True,2013-01-16 23:01:17,medium,False,False
True,2013-01-17 06:19:17,very short,False,False
True,2013-01-17 08:43:10,very short,True,False
True,2013-01-17 18:21:35,very short,True,False
True,2013-01-17 19:09:27,very short,False,False
True,2013-01-17 22:18:32,very short,True,False
True,2013-01-18 17:17:59,lengthy,True,False
True,2013-01-18 20:14:01,short,True,False
True,2013-01-20 14:09:16,very short,False,False
True,2013-01-20 23:13:36,very short,False,False
True,2013-01-21 03:38:50,short,False,True
True,2013-01-21 12:45:37,medium,False,False
True,2013-01-22 00:59:36,short,False,True
True,2013-01-22 08:05:07,very short,True,False
True,2013-01-22 12:03:04,short,False,True
True,2013-01-22 15:43:58,very short,False,False
True,2013-01-23 03:50:04,very short,True,False
True,2013-01-23 09:53:10,very short,True,False
True,2013-01-23 11:43:59,very short,False,True
True,2013-01-23 16:16:12,very short,False,False
True,2013-01-23 18:11:42,very short,True,False
True,2013-01-23 20:27:39,short,False,False
True,2013-01-23 20:38:43,very short,True,False
True,2013-01-23 21:32:30,medium,False,False
True,2013-01-23 21:37:02,very short,True,False
True,2013-01-23 22:21:22,very short,True,False
False,2013-01-24 01:12:04,short,False,False
False,2013-01-24 04:40:14,very short,False,False
True,2013-01-24 05:25:15,lengthy,False,False
True,2013-01-24 05:38:24,very short,True,False
True,2013-01-24 05:42:19,very short,True,False
False,2013-01-24 08:08:27,lengthy,False,False
False,2013-01-24 08:50:31,very short,False,False
True,2013-01-24 15:15:09,very short,False,False
False,2013-01-24 20:41:20,lengthy,False,False
True,2013-01-24 20:59:04,lengthy,True,False
True,2013-01-24 21:56:46,very short,True,False
False,2013-01-25 00:06:16,lengthy,False,False
True,2013-01-25 03:06:58,very short,True,False
True,2013-01-25 07:10:50,very short,True,False
True,2013-01-25 16:46:58,very short,False,False
False,2013-01-25 18:36:49,lengthy,False,False
False,2013-01-25 18:37:19,lengthy,False,False
False,2013-01-25 18:37:37,lengthy,False,False
False,2013-01-25 18:39:16,lengthy,False,False
True,2013-01-28 03:24:36,very short,False,True
True,2013-01-28 19:02:46,lengthy,False,True
True,2013-01-28 19:30:50,very short,True,False
False,2013-01-28 21:30:44,short,True,False
True,2013-01-28 22:27:48,short,True,False
False,2013-01-29 03:20:47,medium,False,False
True,2013-01-29 03:56:38,short,False,False
True,2013-01-29 04:32:33,very short,True,False
True,2013-01-29 04:33:33,short,False,False
True,2013-01-29 06:17:58,very short,True,False
True,2013-01-29 17:04:37,short,False,False
True,2013-01-29 17:46:10,short,False,False
True,2013-01-29 19:33:05,lengthy,False,False
True,2013-01-29 20:22:28,medium,False,False
True,2013-01-29 21:08:09,medium,False,False
False,2013-01-30 01:52:32,very short,True,False
True,2013-01-30 06:53:44,lengthy,False,False
True,2013-01-30 16:23:22,very short,True,False
False,2013-01-30 23:44:25,lengthy,False,False
False,2013-01-31 00:14:41,lengthy,False,False
True,2013-01-31 07:33:38,very short,True,False
True,2013-01-31 19:56:20,lengthy,True,False
True,2013-01-31 21:50:39,very short,True,False
True,2013-01-31 22:59:55,very short,True,False
True,2013-02-01 06:55:12,lengthy,False,False
True,2013-02-01 07:05:19,lengthy,False,False
True,2013-02-01 10:57:07,very short,True,False
False,2013-02-01 19:33:03,very short,True,False
True,2013-02-01 19:41:56,medium,True,False
True,2013-02-01 22:35:23,short,True,False
True,2013-02-03 20:12:33,very short,False,False
True,2013-02-03 22:21:14,short,False,False
False,2013-02-04 00:12:32,lengthy,False,False
True,2013-02-04 00:16:18,very short,True,False
True,2013-02-04 07:51:10,lengthy,True,False
True,2013-02-04 15:46:57,short,True,False
True,2013-02-04 15:52:43,short,True,False
False,2013-02-04 16:34:25,lengthy,False,True
True,2013-02-04 20:44:24,very short,False,False
True,2013-02-04 21:11:45,medium,True,False
True,2013-02-04 23:00:50,medium,True,False
True,2013-02-04 23:27:50,short,True,False
True,2013-02-04 23:38:38,very short,False,False
True,2013-02-05 23:07:23,short,False,False
False,2013-02-06 01:47:12,very short,False,False
True,2013-02-06 17:14:43,very short,True,False
True,2013-02-06 17:38:22,short,True,False
True,2013-02-06 18:49:55,short,True,False
True,2013-02-06 23:03:32,very short,True,False
False,2013-02-06 23:06:42,lengthy,True,False
True,2013-02-07 20:20:50,very short,True,False
True,2013-02-08 01:58:26,medium,True,False
True,2013-02-08 03:57:29,very short,True,False
True,2013-02-08 17:25:59,very short,True,False
True,2013-02-08 18:14:33,very short,True,False
True,2013-02-08 20:47:15,very short,True,False
True,2013-02-08 22:35:41,lengthy,True,False
True,2013-02-09 00:57:46,medium,True,False
True,2013-02-09 00:58:49,medium,True,False
True,2013-02-09 01:05:19,medium,True,False
True,2013-02-09 01:06:20,medium,True,False
True,2013-02-09 04:34:36,lengthy,False,True
True,2013-02-09 16:43:51,short,True,False
True,2013-02-09 21:54:37,short,True,False
True,2013-02-10 06:59:40,medium,True,False
True,2013-02-10 12:05:09,short,True,False
True,2013-02-10 17:50:25,lengthy,True,False
True,2013-02-10 20:29:49,medium,False,False
True,2013-02-11 03:16:47,short,True,False
True,2013-02-11 16:34:32,very short,True,False
True,2013-02-11 23:14:12,lengthy,True,False
True,2013-02-12 01:29:53,very short,True,False
True,2013-02-12 02:23:58,short,True,False
True,2013-02-12 02:54:25,very short,True,False
True,2013-02-12 03:59:13,very short,True,False
True,2013-02-12 13:45:44,lengthy,True,False
True,2013-02-12 16:57:18,lengthy,True,False
True,2013-02-12 17:46:30,short,True,False
True,2013-02-12 20:14:12,short,False,False
False,2013-02-13 03:42:56,lengthy,False,False
False,2013-02-14 02:29:41,lengthy,False,False
True,2013-02-14 04:32:46,very short,True,False
True,2013-02-14 18:06:38,medium,True,False
True,2013-02-15 12:24:05,medium,True,False
True,2013-02-15 12:37:27,medium,True,False
True,2013-02-15 18:04:29,medium,True,False
True,2013-02-16 12:13:24,medium,True,False
True,2013-02-16 19:53:29,lengthy,True,False
False,2013-02-17 15:15:43,lengthy,False,False
True,2013-02-17 19:27:38,short,True,False
True,2013-02-17 19:28:48,short,True,False
True,2013-02-18 04:56:35,lengthy,True,False
True,2013-02-19 02:51:24,very short,True,False
False,2013-02-19 14:34:36,very short,False,False
True,2013-02-19 16:32:51,short,True,False
True,2013-02-19 21:42:52,very short,True,False
True,2013-02-19 22:46:37,very short,True,False
True,2013-02-20 15:42:16,medium,True,False
True,2013-02-21 20:54:11,medium,False,False
True,2013-02-22 13:46:40,medium,False,False
True,2013-02-22 22:07:46,medium,True,False
True,2013-02-24 15:43:24,short,True,False
True,2013-02-24 16:13:08,short,False,False
True,2013-02-24 17:07:35,very short,True,False
True,2013-02-24 19:24:07,very short,True,False
True,2013-02-25 02:59:40,medium,True,False
False,2013-02-25 06:28:08,very short,True,False
True,2013-02-25 08:02:08,very short,True,False
True,2013-02-26 00:26:45,very short,False,True
True,2013-02-26 07:00:00,very short,False,True
True,2013-02-26 18:58:14,very short,False,False
True,2013-02-27 00:57:20,medium,False,True
True,2013-02-27 22:19:20,medium,False,True
True,2013-02-28 17:45:56,very short,True,False
True,2013-03-01 15:23:21,very short,True,False
True,2013-03-01 16:37:17,very short,False,False
True,2013-03-01 17:46:55,very short,False,False
True,2013-03-03 02:40:51,medium,True,False
True,2013-03-03 12:25:36,short,True,False
True,2013-03-03 18:50:08,very short,True,False
False,2013-03-04 22:38:00,very short,True,False
True,2013-03-05 01:01:25,very short,True,False
True,2013-03-05 20:39:17,very short,False,False
True,2013-03-06 04:47:31,medium,False,False
False,2013-03-06 09:03:56,very short,False,False
True,2013-03-06 17:48:02,very short,False,True
True,2013-03-06 17:58:48,very short,False,False
True,2013-03-06 18:04:30,very short,False,False
True,2013-03-06 19:37:30,very short,False,False
True,2013-03-06 19:39:18,lengthy,False,False
True,2013-03-06 21:05:25,very short,True,False
True,2013-03-06 22:41:51,short,False,False
True,2013-03-06 23:47:02,very short,False,False
True,2013-03-07 00:28:02,very short,False,False
True,2013-03-07 01:05:35,very short,True,False
True,2013-03-07 13:28:08,lengthy,True,False
True,2013-03-07 15:28:35,very short,True,False
True,2013-03-07 18:25:05,very short,False,False
False,2013-03-07 19:00:29,very short,False,False
True,2013-03-07 19:46:29,very short,False,False
True,2013-03-07 20:32:16,very short,True,False
True,2013-03-08 02:46:36,short,True,False
True,2013-03-08 03:22:44,very short,True,False
False,2013-03-08 17:32:47,very short,False,False
True,2013-03-08 19:54:07,very short,True,False
True,2013-03-09 18:00:47,lengthy,True,False
False,2013-03-09 18:01:40,lengthy,False,True
True,2013-03-09 19:30:52,short,False,True
True,2013-03-10 20:29:05,medium,False,False
True,2013-03-11 04:00:18,lengthy,False,False
True,2013-03-11 17:16:26,very short,True,False
True,2013-03-11 21:10:26,very short,True,False
True,2013-03-12 06:13:16,lengthy,False,False
True,2013-03-12 17:03:50,short,False,True
True,2013-03-12 17:51:02,very short,True,False
True,2013-03-12 21:27:32,lengthy,True,False
True,2013-03-13 04:09:02,very short,True,False
True,2013-03-13 10:55:25,medium,True,False
True,2013-03-13 14:11:07,short,False,True
True,2013-03-13 18:29:03,very short,True,False
True,2013-03-13 19:26:20,medium,True,False
True,2013-03-14 07:02:27,medium,False,True
False,2013-03-14 14:53:29,lengthy,False,False
True,2013-03-14 20:19:19,very short,True,False
True,2013-03-14 21:01:40,lengthy,True,False
True,2013-03-14 21:59:56,medium,True,False
False,2013-03-14 22:03:03,lengthy,True,False
False,2013-03-14 22:03:23,lengthy,True,False
False,2013-03-14 22:03:50,lengthy,True,False
False,2013-03-14 22:04:11,lengthy,True,False
False,2013-03-14 22:04:30,lengthy,True,False
False,2013-03-14 22:05:09,lengthy,True,False
False,2013-03-14 22:05:30,lengthy,True,False
False,2013-03-15 05:21:08,lengthy,False,False
False,2013-03-15 12:50:53,lengthy,True,False
False,2013-03-15 13:44:09,medium,True,False
False,2013-03-15 13:54:12,medium,True,False
False,2013-03-15 14:00:22,medium,True,False
True,2013-03-15 15:42:37,medium,True,False
True,2013-03-17 20:14:52,short,True,False
True,2013-03-18 16:51:54,short,True,False
False,2013-03-19 02:42:22,short,False,True
True,2013-03-19 04:44:48,very short,True,False
True,2013-03-19 08:47:00,lengthy,False,True
True,2013-03-19 15:28:05,very short,True,False
True,2013-03-19 16:36:51,medium,True,False
True,2013-03-19 17:09:22,medium,True,False
True,2013-03-19 17:15:03,medium,True,False
False,2013-03-20 04:18:37,very short,False,False
True,2013-03-20 17:58:30,very short,True,False
False,2013-03-20 23:00:47,lengthy,False,False
True,2013-03-21 04:24:52,very short,True,False
False,2013-03-21 04:30:49,lengthy,False,False
True,2013-03-21 14:13:24,very short,False,True
True,2013-03-21 16:29:13,short,True,False
True,2013-03-22 13:45:09,medium,False,True
True,2013-03-22 13:45:23,very short,False,False
True,2013-03-22 14:26:19,very short,False,False
True,2013-03-22 18:18:34,medium,False,False
True,2013-03-22 18:49:18,very short,True,False
True,2013-03-22 20:51:32,short,True,False
True,2013-03-22 23:41:48,short,False,False
True,2013-03-23 16:04:36,short,True,False
False,2013-03-23 16:51:45,short,True,False
True,2013-03-23 17:14:20,short,True,False
True,2013-03-23 19:33:17,short,True,False
True,2013-03-23 20:19:24,short,True,False
True,2013-03-23 21:43:03,short,True,False
False,2013-03-23 23:44:15,lengthy,False,True
True,2013-03-24 10:51:10,short,True,False
True,2013-03-24 19:02:13,medium,False,True
True,2013-03-24 19:19:21,medium,False,False
True,2013-03-24 19:20:56,medium,False,False
True,2013-03-24 19:21:52,medium,False,False
False,2013-03-24 20:11:41,short,True,False
True,2013-03-24 23:57:45,very short,True,False
True,2013-03-25 02:08:51,very short,True,False
True,2013-03-25 07:53:27,lengthy,True,False
True,2013-03-25 16:18:55,lengthy,True,False
True,2013-03-25 16:41:05,very short,False,False
True,2013-03-25 17:04:22,lengthy,True,False
True,2013-03-25 17:05:24,lengthy,True,False
True,2013-03-25 17:12:59,lengthy,True,False
True,2013-03-25 17:25:07,lengthy,True,False
True,2013-03-25 18:27:20,lengthy,True,False
True,2013-03-25 20:29:26,lengthy,True,False
True,2013-03-25 22:15:25,medium,True,False
True,2013-03-26 01:48:08,very short,True,False
True,2013-03-26 01:48:56,very short,True,False
True,2013-03-26 10:08:19,very short,True,False
True,2013-03-26 12:18:41,lengthy,True,False
True,2013-03-26 18:12:26,short,True,False
True,2013-03-26 20:01:57,medium,True,False
False,2013-03-26 20:22:07,lengthy,False,True
True,2013-03-26 21:17:47,very short,True,False
True,2013-03-26 23:26:19,very short,True,False
False,2013-03-26 23:36:38,lengthy,False,False
False,2013-03-27 02:13:16,lengthy,False,False
True,2013-03-27 08:29:05,medium,True,False
True,2013-03-27 15:02:07,very short,True,False
True,2013-03-27 15:09:04,lengthy,True,False
True,2013-03-27 15:23:24,lengthy,True,False
True,2013-03-28 02:11:01,medium,False,False
True,2013-03-28 08:13:43,lengthy,False,False
True,2013-03-28 10:43:25,lengthy,True,False
True,2013-03-28 10:59:33,short,False,False
True,2013-03-28 18:18:47,very short,True,False
True,2013-03-28 19:28:59,short,True,False
True,2013-03-29 21:09:55,very short,True,False
True,2013-03-30 01:06:04,lengthy,False,False
True,2013-03-30 10:49:09,short,True,False
True,2013-03-30 18:38:24,very short,True,False
True,2013-04-01 04:26:32,lengthy,True,False
True,2013-04-01 21:15:26,short,True,False
True,2013-04-01 22:07:52,very short,True,False
True,2013-04-02 11:25:35,medium,True,False
True,2013-04-02 12:44:39,very short,True,False
True,2013-04-02 22:25:35,medium,True,False
True,2013-04-02 22:27:05,medium,True,False
True,2013-04-02 22:28:03,medium,True,False
True,2013-04-03 08:38:39,lengthy,True,False
False,2013-04-03 18:16:58,short,False,False
True,2013-04-04 15:27:12,very short,True,False
True,2013-04-04 15:42:46,medium,True,False
True,2013-04-05 07:10:55,medium,True,False
True,2013-04-05 15:08:56,very short,True,False
True,2013-04-05 17:57:38,medium,True,False
True,2013-04-05 18:17:02,lengthy,True,False
True,2013-04-07 03:21:25,short,False,True
True,2013-04-08 12:33:53,very short,False,False
True,2013-04-08 16:58:49,very short,False,False
True,2013-04-08 19:00:11,lengthy,False,True
True,2013-04-08 19:21:27,very short,True,False
True,2013-04-09 00:47:47,lengthy,False,False
True,2013-04-09 07:08:35,very short,True,False
False,2013-04-10 08:08:37,medium,False,True
True,2013-04-10 08:47:22,very short,True,False
True,2013-04-10 15:10:25,short,True,False
True,2013-04-10 17:49:26,medium,True,False
False,2013-04-10 18:06:18,lengthy,False,False
False,2013-04-10 21:19:41,lengthy,False,False
True,2013-04-11 20:40:14,very short,True,False
True,2013-04-11 22:19:04,lengthy,False,False
True,2013-04-12 03:33:03,medium,True,False
True,2013-04-12 14:49:25,very short,True,False
False,2013-04-12 18:40:59,very short,True,False
True,2013-04-12 19:55:39,medium,True,False
True,2013-04-12 20:22:37,medium,True,False
True,2013-04-13 01:21:36,short,True,False
True,2013-04-14 10:11:00,lengthy,True,False
True,2013-04-17 01:45:33,lengthy,False,False
True,2013-04-17 02:07:26,lengthy,False,False
True,2013-04-17 19:47:14,lengthy,True,False
True,2013-04-18 17:19:08,lengthy,False,False
True,2013-04-18 18:49:49,medium,False,True
True,2013-04-18 19:36:02,very short,True,False
False,2013-04-18 21:13:36,short,True,False
False,2013-04-19 04:44:47,lengthy,False,False
True,2013-04-19 04:45:30,very short,False,False
True,2013-04-19 20:06:07,very short,True,False
True,2013-04-19 20:48:50,short,True,False
True,2013-04-20 21:14:16,medium,False,False
True,2013-04-21 20:26:17,very short,False,True
False,2013-04-22 12:24:16,lengthy,False,True
True,2013-04-22 15:44:54,very short,False,False
True,2013-04-22 20:50:06,very short,True,False
True,2013-04-23 02:58:35,very short,True,False
True,2013-04-23 20:04:33,lengthy,False,True
True,2013-04-23 23:28:03,very short,True,False
False,2013-04-24 00:12:36,very short,True,False
True,2013-04-24 08:43:52,short,False,False
True,2013-04-24 19:33:52,short,True,False
True,2013-04-24 20:33:39,short,True,False
False,2013-04-24 20:37:20,very short,True,False
True,2013-04-24 22:51:43,short,True,False
True,2013-04-25 15:30:09,short,True,False
False,2013-04-25 15:31:11,very short,True,False
True,2013-04-25 16:09:07,very short,True,False
True,2013-04-25 17:13:31,very short,True,False
True,2013-04-25 22:26:16,lengthy,True,False
True,2013-04-26 01:24:50,very short,True,False
True,2013-04-26 14:46:41,short,True,False
True,2013-04-26 16:27:41,very short,True,False
True,2013-04-28 06:05:40,short,False,True
True,2013-04-29 15:58:06,medium,True,False
True,2013-04-29 16:14:56,very short,True,False
True,2013-04-29 21:37:37,lengthy,True,False
True,2013-04-30 14:49:51,lengthy,False,False
True,2013-04-30 18:15:24,very short,True,False
True,2013-04-30 19:03:44,short,True,False
True,2013-04-30 21:47:33,short,True,False
True,2013-05-01 19:13:47,medium,True,False
True,2013-05-02 19:02:05,very short,True,False
True,2013-05-02 19:50:11,very short,True,False
True,2013-05-02 21:09:31,lengthy,True,False
True,2013-05-03 03:02:25,very short,True,False
True,2013-05-03 14:04:56,very short,True,False
False,2013-05-03 14:30:09,lengthy,True,False
False,2013-05-03 14:46:41,lengthy,True,False
False,2013-05-03 15:12:07,lengthy,True,False
False,2013-05-03 16:43:24,lengthy,True,False
True,2013-05-05 04:00:18,very short,True,False
True,2013-05-05 17:06:23,very short,True,False
True,2013-05-06 12:35:09,medium,True,False
True,2013-05-06 13:36:24,lengthy,True,False
True,2013-05-06 14:21:42,lengthy,True,False
True,2013-05-07 13:33:43,very short,True,False
True,2013-05-07 18:27:52,lengthy,True,False
True,2013-05-07 23:08:30,short,True,False
True,2013-05-08 18:52:21,very short,True,False
True,2013-05-08 20:46:40,very short,True,False
True,2013-05-09 01:07:36,very short,True,False
True,2013-05-09 17:25:20,medium,True,False
True,2013-05-09 20:23:31,medium,True,False
True,2013-05-10 17:02:57,medium,True,False
True,2013-05-10 20:18:17,very short,False,True
True,2013-05-11 02:21:14,short,False,False
True,2013-05-11 02:21:40,lengthy,False,False
True,2013-05-11 15:15:06,very short,True,False
True,2013-05-12 13:55:10,short,True,False
True,2013-05-12 14:49:50,lengthy,False,False
True,2013-05-12 23:45:11,lengthy,True,False
True,2013-05-13 02:27:15,very short,True,False
True,2013-05-13 23:11:42,very short,True,False
True,2013-05-14 02:05:03,very short,True,False
True,2013-05-14 19:43:50,very short,True,False
True,2013-05-14 19:56:23,very short,True,False
True,2013-05-14 20:45:52,very short,True,False
True,2013-05-14 23:11:56,very short,False,True
False,2013-05-15 00:21:05,short,True,False
False,2013-05-15 08:10:25,lengthy,False,False
False,2013-05-15 15:21:12,very short,True,False
True,2013-05-16 02:14:27,lengthy,True,True
True,2013-05-16 15:26:42,lengthy,True,False
True,2013-05-16 17:11:16,very short,True,False
True,2013-05-16 20:09:45,very short,True,False
True,2013-05-16 20:17:48,very short,False,False
True,2013-05-16 23:19:52,very short,False,True
True,2013-05-17 12:16:47,lengthy,False,True
True,2013-05-17 12:25:14,lengthy,False,False
True,2013-05-17 16:59:01,very short,True,False
True,2013-05-17 19:58:55,short,True,False
True,2013-05-18 02:54:02,lengthy,False,False
True,2013-05-18 04:07:16,lengthy,False,False
True,2013-05-18 17:56:17,medium,True,False
True,2013-05-19 17:26:34,medium,True,False
True,2013-05-20 16:23:33,short,True,False
True,2013-05-20 18:17:19,very short,True,False
True,2013-05-20 21:22:20,short,True,False
True,2013-05-21 18:18:55,medium,False,False
True,2013-05-22 04:31:23,very short,False,False
True,2013-05-22 17:48:23,very short,False,False
True,2013-05-22 17:53:37,very short,False,False
True,2013-05-23 16:57:42,very short,True,False
True,2013-05-23 17:51:12,very short,True,False
True,2013-05-23 19:09:48,very short,False,False
True,2013-05-24 16:47:00,medium,True,False
True,2013-05-24 18:51:00,medium,True,False
True,2013-05-24 22:48:28,medium,True,False
True,2013-05-25 06:38:04,medium,False,True
True,2013-05-26 05:24:52,short,True,False
False,2013-05-28 12:59:29,lengthy,False,True
True,2013-05-28 17:36:06,short,False,False
True,2013-05-28 18:59:28,very short,True,False
True,2013-05-28 19:35:00,very short,True,False
True,2013-05-28 20:00:44,very short,True,False
True,2013-05-28 20:42:19,medium,True,False
True,2013-05-28 22:07:06,very short,True,False
True,2013-05-28 23:47:41,very short,True,False
True,2013-05-29 13:01:34,short,True,False
True,2013-05-29 15:39:58,very short,False,False
False,2013-05-29 16:38:45,very short,False,False
True,2013-05-29 17:44:45,very short,True,False
True,2013-05-29 21:28:25,very short,True,False
True,2013-05-29 22:50:37,lengthy,False,False
True,2013-05-30 00:26:20,medium,False,False
True,2013-05-30 00:28:37,medium,False,False
True,2013-06-01 01:51:42,very short,True,False
True,2013-06-01 12:06:36,very short,True,False
True,2013-06-01 19:31:04,very short,True,False
True,2013-06-01 20:49:57,very short,True,False
True,2013-06-02 08:09:57,short,True,False
True,2013-06-02 13:36:15,very short,True,False
True,2013-06-02 22:16:56,very short,False,False
True,2013-06-02 23:33:55,very short,True,False
True,2013-06-03 01:45:45,very short,True,False
True,2013-06-03 02:04:57,very short,True,False
True,2013-06-03 10:45:00,very short,True,False
True,2013-06-03 11:22:00,very short,True,False
False,2013-06-03 13:52:59,very short,False,False
True,2013-06-03 13:57:05,very short,True,False
True,2013-06-03 17:43:09,very short,True,False
True,2013-06-03 19:11:55,very short,False,False
True,2013-06-04 01:22:32,very short,False,True
True,2013-06-04 16:23:59,very short,True,False
True,2013-06-04 17:27:52,very short,False,False
True,2013-06-04 18:46:03,very short,True,False
True,2013-06-04 19:28:00,very short,False,False
True,2013-06-04 21:18:55,lengthy,False,False
True,2013-06-04 22:38:03,very short,False,False
True,2013-06-05 23:58:53,very short,True,False
True,2013-06-06 18:32:13,very short,False,False
True,2013-06-07 01:08:22,very short,True,False
False,2013-06-07 04:18:58,lengthy,False,True
True,2013-06-07 04:52:55,very short,True,False
True,2013-06-07 05:31:28,very short,True,False
True,2013-06-07 18:10:34,medium,False,False
False,2013-06-07 18:23:19,medium,False,False
True,2013-06-07 18:23:31,medium,False,False
True,2013-06-07 18:43:12,very short,True,False
True,2013-06-07 19:00:08,short,False,False
True,2013-06-07 19:40:52,short,True,False
True,2013-06-07 20:11:58,very short,True,False
True,2013-06-07 23:01:13,very short,True,False
True,2013-06-09 17:39:23,very short,False,False
True,2013-06-09 23:32:08,very short,False,False
True,2013-06-10 00:50:05,very short,True,False
True,2013-06-10 04:38:34,medium,False,False
True,2013-06-10 15:55:24,very short,True,False
True,2013-06-10 21:27:56,very short,True,False
True,2013-06-11 07:30:36,very short,True,False
True,2013-06-11 13:52:32,very short,True,False
False,2013-06-11 15:56:47,medium,False,True
True,2013-06-11 17:13:53,very short,True,False
True,2013-06-11 20:33:56,very short,True,False
True,2013-06-11 21:19:31,very short,True,False
True,2013-06-11 21:25:29,very short,True,False
True,2013-06-12 00:43:48,short,True,False
True,2013-06-12 12:40:06,very short,True,False
True,2013-06-12 14:59:33,very short,True,False
True,2013-06-12 16:05:26,very short,True,False
True,2013-06-12 19:42:55,very short,True,False
True,2013-06-12 21:02:21,short,True,False
False,2013-06-13 15:39:06,very short,True,False
True,2013-06-13 20:58:11,very short,True,False
True,2013-06-13 21:43:58,very short,True,False
True,2013-06-14 01:06:42,very short,False,False
True,2013-06-14 08:58:27,very short,False,False
True,2013-06-14 10:06:35,very short,False,False
True,2013-06-14 12:01:28,very short,False,False
False,2013-06-14 13:54:34,lengthy,False,True
True,2013-06-14 20:17:15,very short,True,False
True,2013-06-14 20:26:34,very short,True,False
True,2013-06-14 22:14:19,medium,True,True
True,2013-06-15 11:48:38,short,False,False
True,2013-06-15 12:14:30,very short,True,False
True,2013-06-15 12:25:30,very short,True,False
True,2013-06-15 12:36:05,very short,True,False
True,2013-06-16 23:13:28,very short,True,False
True,2013-06-17 11:00:32,very short,True,False
True,2013-06-17 11:06:26,very short,True,False
True,2013-06-17 16:47:25,very short,True,False
True,2013-06-17 19:06:37,very short,True,False
True,2013-06-17 19:27:16,very short,True,False
True,2013-06-17 20:55:01,very short,True,False
True,2013-06-17 21:09:08,very short,True,False
True,2013-06-17 21:28:08,very short,True,False
True,2013-06-18 11:07:34,very short,True,False
True,2013-06-18 11:17:12,very short,True,False
True,2013-06-18 11:27:38,very short,True,False
True,2013-06-18 11:42:27,very short,True,False
True,2013-06-18 15:47:42,very short,False,False
True,2013-06-18 15:49:11,very short,False,False
True,2013-06-18 19:50:33,short,False,False
True,2013-06-19 07:27:42,very short,True,False
False,2013-06-19 13:25:29,short,True,False
False,2013-06-19 13:28:05,short,True,False
True,2013-06-19 16:41:44,very short,True,False
True,2013-06-19 21:30:15,very short,True,False
True,2013-06-19 23:51:09,lengthy,False,True
True,2013-06-20 01:42:45,very short,True,False
True,2013-06-20 04:14:41,very short,True,False
True,2013-06-20 09:22:26,very short,True,False
True,2013-06-20 10:22:30,medium,False,False
True,2013-06-20 11:01:15,very short,True,False
True,2013-06-20 11:08:08,very short,True,False
True,2013-06-20 13:08:20,very short,True,False
True,2013-06-20 18:34:43,very short,True,False
True,2013-06-20 18:42:05,very short,True,False
True,2013-06-20 18:46:31,very short,True,False
False,2013-06-21 18:41:43,lengthy,False,True
True,2013-06-21 21:02:02,lengthy,True,False
True,2013-06-21 22:35:57,very short,True,False
True,2013-06-21 23:27:19,very short,False,True
True,2013-06-22 02:25:44,very short,True,False
True,2013-06-23 01:42:45,very short,True,False
True,2013-06-23 16:03:07,short,True,False
True,2013-06-24 01:45:15,very short,True,False
True,2013-06-24 05:41:48,very short,False,False
True,2013-06-24 06:10:21,short,False,True
True,2013-06-24 10:09:40,medium,False,False
True,2013-06-24 16:36:57,very short,True,False
True,2013-06-24 18:59:49,very short,True,False
True,2013-06-24 19:57:26,very short,True,False
False,2013-06-24 22:01:51,lengthy,False,False
True,2013-06-25 05:01:05,very short,True,False
True,2013-06-25 05:28:33,very short,True,False
True,2013-06-25 07:07:52,very short,True,False
True,2013-06-25 11:42:05,very short,False,True
True,2013-06-25 14:57:12,very short,True,False
True,2013-06-25 15:43:41,very short,True,False
True,2013-06-25 18:24:22,medium,False,True
True,2013-06-25 18:42:50,very short,True,False
True,2013-06-25 22:27:29,very short,True,False
True,2013-06-26 12:52:13,very short,False,True
True,2013-06-26 14:46:19,very short,True,False
True,2013-06-27 21:58:04,very short,True,False
True,2013-06-28 00:21:21,lengthy,False,False
True,2013-06-28 15:08:28,very short,True,False
True,2013-06-28 17:59:24,very short,True,False
True,2013-06-28 21:31:34,short,True,False
True,2013-06-28 21:53:53,short,True,False
True,2013-06-28 23:37:15,short,True,False
True,2013-06-30 20:12:15,short,False,False
True,2013-06-30 20:29:37,very short,False,False
True,2013-07-01 20:39:15,very short,True,False
True,2013-07-01 21:23:14,very short,True,False
True,2013-07-01 21:40:04,short,False,True
True,2013-07-02 00:03:20,medium,True,False
True,2013-07-02 05:03:52,very short,True,False
True,2013-07-02 09:29:38,very short,True,False
True,2013-07-02 15:49:39,very short,True,False
True,2013-07-02 19:50:43,short,True,False
True,2013-07-02 23:33:30,very short,False,False
True,2013-07-02 23:46:00,very short,False,False
True,2013-07-02 23:46:34,very short,False,False
True,2013-07-03 12:25:42,very short,False,False
True,2013-07-03 13:02:06,very short,False,False
True,2013-07-03 14:07:05,very short,False,False
True,2013-07-03 14:08:37,very short,False,False
True,2013-07-03 14:09:14,very short,False,False
True,2013-07-03 14:11:09,very short,False,False
False,2013-07-03 14:39:14,medium,False,False
True,2013-07-03 16:31:18,short,True,False
True,2013-07-03 16:34:43,short,True,False
True,2013-07-03 16:45:30,short,True,False
True,2013-07-03 16:54:43,very short,True,False
True,2013-07-03 17:07:50,very short,True,False
True,2013-07-03 17:13:36,short,True,False
True,2013-07-03 17:24:42,short,True,False
True,2013-07-03 17:30:43,short,True,False
True,2013-07-03 19:01:35,short,True,False
False,2013-07-03 19:25:36,lengthy,False,False
True,2013-07-04 11:05:43,medium,True,False
True,2013-07-04 13:43:50,very short,True,False
True,2013-07-04 18:16:49,lengthy,False,False
True,2013-07-05 10:14:01,very short,False,True
True,2013-07-05 21:42:17,lengthy,True,False
True,2013-07-05 21:46:08,lengthy,True,False
False,2013-07-06 03:47:07,very short,False,False
True,2013-07-06 04:16:39,medium,False,False
False,2013-07-07 20:22:16,very short,False,False
True,2013-07-08 14:15:17,very short,True,False
True,2013-07-08 17:23:04,very short,True,False
True,2013-07-08 23:16:40,short,True,False
True,2013-07-09 07:53:32,lengthy,True,False
True,2013-07-09 17:56:54,short,True,False
True,2013-07-09 19:05:52,very short,True,False
True,2013-07-10 01:00:25,very short,True,False
True,2013-07-10 16:11:25,very short,True,False
True,2013-07-11 00:11:14,lengthy,False,False
True,2013-07-11 05:13:35,very short,True,False
True,2013-07-11 09:44:09,medium,False,False
True,2013-07-11 10:43:14,very short,False,False
True,2013-07-11 11:03:56,very short,False,False
True,2013-07-11 11:31:07,very short,False,False
False,2013-07-11 11:52:43,very short,False,False
True,2013-07-11 15:40:03,lengthy,False,False
True,2013-07-11 17:33:48,very short,True,False
True,2013-07-11 17:40:23,very short,True,False
True,2013-07-12 20:49:44,lengthy,True,False
False,2013-07-14 02:40:17,medium,True,False
True,2013-07-15 20:07:41,lengthy,False,True
True,2013-07-16 11:40:02,lengthy,False,True
True,2013-07-16 15:15:41,very short,True,False
True,2013-07-16 15:34:10,medium,True,False
True,2013-07-16 21:01:12,very short,True,False
True,2013-07-17 18:34:01,lengthy,True,False
True,2013-07-17 18:47:32,very short,True,False
True,2013-07-17 20:51:34,very short,True,False
True,2013-07-17 22:13:12,very short,True,False
True,2013-07-18 14:49:53,very short,True,False
True,2013-07-18 15:51:11,very short,True,False
True,2013-07-18 16:31:36,very short,True,False
True,2013-07-18 18:08:33,medium,True,False
True,2013-07-18 18:40:09,very short,True,False
True,2013-07-18 18:58:40,very short,True,False
True,2013-07-18 19:04:14,very short,True,False
True,2013-07-18 20:42:34,very short,True,False
True,2013-07-19 06:10:54,medium,True,False
True,2013-07-19 14:50:26,short,True,False
True,2013-07-19 18:21:58,medium,False,False
True,2013-07-19 19:11:03,medium,True,False
True,2013-07-19 22:30:14,lengthy,False,False
True,2013-07-19 22:40:40,very short,True,False
True,2013-07-20 20:32:08,lengthy,True,False
True,2013-07-20 23:47:33,short,True,False
True,2013-07-21 01:04:27,very short,True,False
True,2013-07-22 17:16:27,very short,True,False
True,2013-07-22 18:05:37,very short,False,False
True,2013-07-22 18:07:52,lengthy,False,False
True,2013-07-22 18:30:41,very short,True,False
True,2013-07-22 19:29:01,lengthy,False,True
True,2013-07-22 21:59:45,very short,True,False
True,2013-07-23 00:32:17,very short,True,False
True,2013-07-23 04:36:51,very short,True,False
True,2013-07-23 18:58:45,very short,False,True
True,2013-07-23 19:12:47,very short,True,False
True,2013-07-24 04:43:20,very short,False,False
True,2013-07-24 13:55:51,very short,True,False
True,2013-07-24 18:14:37,very short,True,False
True,2013-07-24 19:42:45,medium,True,False
True,2013-07-24 23:12:23,very short,False,False
True,2013-07-25 03:23:50,lengthy,False,False
True,2013-07-25 16:00:35,very short,True,False
True,2013-07-25 17:37:31,lengthy,True,False
True,2013-07-25 19:58:41,very short,True,False
True,2013-07-26 02:21:39,medium,True,False
True,2013-07-26 18:25:08,lengthy,False,False
True,2013-07-27 00:00:14,lengthy,False,False
True,2013-07-27 08:27:33,short,True,False
True,2013-07-27 17:12:55,short,True,False
True,2013-07-28 15:01:50,short,True,False
True,2013-07-28 17:49:49,short,False,False
True,2013-07-29 15:59:19,very short,True,False
True,2013-07-29 23:06:36,medium,False,True
True,2013-07-30 02:50:35,very short,True,False
True,2013-07-30 04:16:31,lengthy,True,False
True,2013-07-31 08:33:11,medium,True,False
True,2013-07-31 09:38:58,medium,True,False
True,2013-07-31 12:40:53,medium,True,False
True,2013-07-31 13:55:02,short,True,False
True,2013-07-31 20:11:09,medium,False,False
True,2013-07-31 22:51:43,lengthy,False,False
True,2013-08-01 18:02:00,lengthy,False,True
True,2013-08-02 12:09:57,medium,False,False
False,2013-08-02 19:53:27,medium,False,False
True,2013-08-03 13:10:32,lengthy,True,False
True,2013-08-04 02:39:30,short,True,False
True,2013-08-05 14:46:21,very short,True,False
True,2013-08-05 15:00:25,very short,True,False
True,2013-08-05 20:30:26,short,True,False
False,2013-08-06 18:40:07,lengthy,False,False
True,2013-08-06 18:55:43,short,False,False
False,2013-08-07 16:04:40,lengthy,False,False
True,2013-08-07 17:31:06,short,True,False
True,2013-08-07 20:38:33,very short,True,False
True,2013-08-07 22:46:19,very short,True,False
False,2013-08-08 07:07:51,short,True,False
True,2013-08-08 18:43:57,short,True,False
True,2013-08-09 02:07:05,very short,False,False
True,2013-08-09 20:33:06,very short,True,False
True,2013-08-09 20:44:24,very short,True,False
True,2013-08-10 20:02:43,short,False,False
True,2013-08-10 23:46:37,short,True,False
True,2013-08-11 20:51:26,short,False,False
True,2013-08-12 00:10:47,very short,False,False
True,2013-08-12 16:03:54,short,True,False
True,2013-08-12 16:26:27,very short,True,False
True,2013-08-12 22:20:18,very short,True,False
True,2013-08-13 00:45:51,very short,True,False
True,2013-08-13 04:08:07,very short,True,False
True,2013-08-13 13:48:15,very short,True,False
True,2013-08-13 21:32:58,very short,True,False
True,2013-08-14 00:38:16,very short,True,False
True,2013-08-14 04:30:10,very short,True,False
True,2013-08-14 07:33:59,short,True,False
True,2013-08-14 16:23:34,very short,False,False
True,2013-08-14 16:53:46,short,False,False
True,2013-08-14 17:08:47,very short,True,False
True,2013-08-14 19:35:55,very short,True,False
False,2013-08-14 23:13:40,lengthy,False,False
True,2013-08-15 19:25:05,very short,True,False
True,2013-08-15 21:06:15,very short,True,False
True,2013-08-15 21:36:21,very short,True,False
True,2013-08-15 23:39:51,very short,True,False
True,2013-08-16 19:10:19,very short,True,False
True,2013-08-16 19:28:25,short,False,True
True,2013-08-16 20:50:03,very short,True,False
True,2013-08-16 23:17:47,very short,True,False
True,2013-08-17 16:38:45,medium,False,False
True,2013-08-18 11:36:44,very short,True,False
True,2013-08-18 21:46:02,medium,True,False
True,2013-08-18 21:55:50,very short,False,False
True,2013-08-19 01:57:44,very short,True,False
True,2013-08-19 13:15:44,lengthy,True,False
True,2013-08-19 18:27:09,very short,True,False
True,2013-08-19 20:04:16,very short,True,False
False,2013-08-19 20:19:50,lengthy,False,False
True,2013-08-19 20:22:57,lengthy,True,False
True,2013-08-19 20:33:32,very short,True,False
True,2013-08-19 21:11:08,very short,True,False
True,2013-08-19 21:30:17,very short,True,False
True,2013-08-19 21:35:08,very short,True,False
True,2013-08-19 21:36:25,very short,True,False
True,2013-08-19 21:46:18,very short,True,False
True,2013-08-19 21:55:38,very short,True,False
True,2013-08-19 22:56:56,very short,True,False
True,2013-08-19 23:05:22,very short,True,False
True,2013-08-20 06:23:29,medium,True,False
False,2013-08-20 16:11:37,very short,False,False
True,2013-08-20 16:57:23,very short,False,False
True,2013-08-21 06:40:13,medium,True,False
True,2013-08-21 12:37:01,lengthy,True,False
False,2013-08-21 17:10:05,medium,False,False
True,2013-08-21 18:03:40,short,True,False
True,2013-08-22 00:00:16,medium,False,False
True,2013-08-22 00:21:45,medium,True,False
True,2013-08-22 04:02:54,medium,True,False
True,2013-08-22 16:32:07,lengthy,False,True
True,2013-08-22 23:17:52,medium,True,False
True,2013-08-23 10:03:46,very short,False,False
True,2013-08-23 20:14:58,medium,True,False
True,2013-08-24 10:23:55,short,True,False
True,2013-08-24 22:54:58,lengthy,True,False
True,2013-08-25 19:39:25,lengthy,True,False
True,2013-08-26 12:59:43,lengthy,True,False
True,2013-08-26 13:10:43,short,False,False
True,2013-08-26 16:41:09,very short,True,False
False,2013-08-26 22:40:33,very short,False,False
True,2013-08-26 23:00:04,very short,True,False
True,2013-08-26 23:15:27,very short,False,False
True,2013-08-27 02:07:54,very short,True,False
True,2013-08-27 15:02:01,very short,True,False
True,2013-08-27 15:42:08,very short,True,False
True,2013-08-27 16:41:46,medium,True,False
True,2013-08-27 17:40:36,very short,True,False
True,2013-08-27 23:07:27,medium,True,False
True,2013-08-28 10:58:51,very short,False,False
True,2013-08-28 19:11:52,lengthy,False,True
True,2013-08-28 21:33:46,short,True,False
True,2013-08-29 05:33:53,lengthy,True,False
True,2013-08-29 14:38:26,lengthy,False,True
True,2013-08-29 18:08:24,very short,True,False
True,2013-08-29 18:39:31,lengthy,True,False
True,2013-08-29 19:13:34,very short,True,False
True,2013-08-30 08:18:40,very short,True,False
True,2013-08-30 19:41:18,short,True,False
False,2013-08-31 23:15:57,very short,True,False
True,2013-08-31 23:17:50,short,True,False
True,2013-08-31 23:26:19,short,True,False
True,2013-08-31 23:55:05,short,True,False
True,2013-09-01 04:59:25,medium,True,False
True,2013-09-02 23:06:07,lengthy,True,False
True,2013-09-03 09:14:50,lengthy,False,False
True,2013-09-03 15:38:55,very short,True,False
True,2013-09-03 15:55:24,very short,True,False
True,2013-09-03 16:58:39,very short,True,False
True,2013-09-04 05:17:32,short,True,False
False,2013-09-04 19:38:32,very short,False,False
True,2013-09-04 22:00:49,medium,True,False
True,2013-09-04 22:08:12,very short,True,False
True,2013-09-05 01:44:00,lengthy,False,False
True,2013-09-05 16:14:55,very short,True,False
True,2013-09-05 16:25:45,medium,True,False
True,2013-09-05 20:01:50,very short,True,False
True,2013-09-05 21:30:30,lengthy,True,False
True,2013-09-05 21:47:44,lengthy,False,False
True,2013-09-06 15:28:47,medium,True,False
True,2013-09-06 21:12:10,short,True,False
True,2013-09-09 01:07:34,very short,True,False
False,2013-09-09 10:31:45,lengthy,False,False
True,2013-09-09 18:19:53,medium,False,False
True,2013-09-09 19:03:12,very short,True,False
True,2013-09-09 20:11:29,very short,True,False
True,2013-09-09 21:49:58,very short,True,False
True,2013-09-10 01:28:21,very short,True,False
True,2013-09-10 04:31:19,short,True,False
True,2013-09-10 04:31:36,short,True,False
True,2013-09-10 04:31:46,short,True,False
True,2013-09-10 16:14:27,very short,True,False
True,2013-09-10 16:25:27,very short,True,False
True,2013-09-10 19:17:45,very short,True,False
True,2013-09-10 22:33:20,lengthy,False,True
True,2013-09-11 05:12:23,short,True,False
True,2013-09-11 09:25:54,medium,False,True
False,2013-09-11 18:32:51,very short,True,False
True,2013-09-11 19:12:22,medium,True,False
True,2013-09-12 19:35:34,medium,False,True
True,2013-09-12 19:57:59,very short,True,False
True,2013-09-12 20:50:29,medium,True,False
True,2013-09-12 21:19:17,very short,True,False
True,2013-09-12 22:03:51,very short,True,False
True,2013-09-12 22:27:27,very short,True,False
True,2013-09-13 14:13:25,very short,True,False
True,2013-09-13 15:43:28,very short,True,False
True,2013-09-13 15:52:22,medium,True,False
True,2013-09-13 16:36:40,very short,True,False
True,2013-09-13 22:34:19,short,True,False
True,2013-09-13 22:35:10,short,True,False
True,2013-09-13 23:34:45,short,True,False
True,2013-09-16 14:28:21,very short,True,False
True,2013-09-16 16:54:48,medium,False,True
True,2013-09-16 17:05:23,medium,True,False
True,2013-09-16 20:50:48,very short,True,False
True,2013-09-16 20:56:22,short,False,True
True,2013-09-16 21:08:45,very short,True,False
True,2013-09-16 22:25:31,very short,True,False
False,2013-09-17 02:45:11,lengthy,True,False
True,2013-09-17 04:29:45,medium,True,False
True,2013-09-17 05:57:09,very short,True,False
True,2013-09-17 14:54:40,lengthy,False,True
True,2013-09-17 15:56:37,very short,True,False
True,2013-09-18 01:56:46,very short,True,False
True,2013-09-18 14:14:16,short,False,True
True,2013-09-18 17:40:18,short,True,False
True,2013-09-18 18:06:40,short,True,False
True,2013-09-18 19:07:02,short,True,False
True,2013-09-18 22:11:43,very short,True,False
True,2013-09-19 14:37:15,very short,True,False
True,2013-09-19 14:56:56,medium,True,False
True,2013-09-19 17:25:38,lengthy,False,True
True,2013-09-19 19:00:07,medium,True,False
True,2013-09-19 22:29:27,very short,True,False
True,2013-09-20 01:09:03,very short,False,True
True,2013-09-20 14:42:19,very short,True,False
True,2013-09-20 15:22:54,very short,True,False
True,2013-09-20 17:44:21,lengthy,True,False
True,2013-09-20 18:25:50,very short,True,False
True,2013-09-20 21:11:58,very short,True,False
True,2013-09-20 21:15:33,medium,True,True
True,2013-09-21 03:03:18,short,False,False
True,2013-09-21 22:10:40,short,False,False
True,2013-09-22 02:23:47,short,True,False
True,2013-09-23 19:04:08,very short,True,False
True,2013-09-23 20:22:38,lengthy,False,False
True,2013-09-24 00:46:10,lengthy,True,False
True,2013-09-24 03:46:11,short,True,False
True,2013-09-24 10:37:39,very short,True,False
True,2013-09-24 13:49:02,very short,True,False
True,2013-09-24 17:38:20,very short,True,False
False,2013-09-24 21:03:52,lengthy,True,False
True,2013-09-25 17:46:41,short,True,False
True,2013-09-25 19:40:41,very short,True,False
True,2013-09-25 20:57:35,short,True,False
True,2013-09-25 21:56:29,medium,True,False
True,2013-09-26 10:56:31,short,False,True
True,2013-09-26 14:48:25,very short,True,False
False,2013-09-26 18:34:36,medium,True,False
True,2013-09-26 19:55:28,lengthy,True,False
False,2013-09-26 23:49:30,very short,True,False
True,2013-09-27 00:48:56,very short,True,False
False,2013-09-27 05:29:45,lengthy,True,False
False,2013-09-27 09:04:15,lengthy,True,False
False,2013-09-27 18:37:42,very short,True,False
False,2013-09-28 06:31:42,lengthy,False,False
False,2013-09-28 15:23:00,short,False,True
True,2013-09-29 16:12:43,very short,True,False
True,2013-09-29 23:36:57,very short,True,False
False,2013-09-30 08:47:01,lengthy,False,False
True,2013-09-30 18:31:06,very short,True,False
True,2013-09-30 18:49:32,very short,True,False
True,2013-09-30 20:17:05,short,True,False
True,2013-10-01 06:46:23,very short,True,False
True,2013-10-01 07:30:07,very short,True,False
True,2013-10-01 16:52:30,very short,True,False
True,2013-10-01 17:31:56,short,True,False
True,2013-10-01 18:39:22,very short,True,False
True,2013-10-01 21:31:43,short,True,False
True,2013-10-01 23:24:11,lengthy,True,False
True,2013-10-02 01:51:43,very short,True,False
True,2013-10-02 14:49:45,very short,True,False
True,2013-10-02 21:23:11,very short,True,False
True,2013-10-03 01:56:55,very short,True,False
True,2013-10-03 14:40:27,medium,True,False
True,2013-10-03 16:02:06,very short,True,False
True,2013-10-03 21:05:50,lengthy,False,False
False,2013-10-03 23:13:52,lengthy,False,True
True,2013-10-04 02:09:31,medium,True,False
True,2013-10-04 03:27:18,very short,True,False
True,2013-10-04 13:45:34,very short,True,False
True,2013-10-04 18:37:56,very short,True,False
True,2013-10-04 18:48:10,lengthy,True,False
True,2013-10-04 19:59:12,medium,False,False
True,2013-10-04 20:54:06,very short,True,False
True,2013-10-04 22:08:42,short,True,False
True,2013-10-05 12:03:30,lengthy,True,False
True,2013-10-05 13:50:50,very short,False,False
True,2013-10-05 19:57:26,very short,False,True
True,2013-10-06 19:35:50,medium,False,False
True,2013-10-07 00:34:02,very short,True,False
False,2013-10-07 11:17:20,lengthy,False,False
True,2013-10-07 17:33:51,medium,True,False
True,2013-10-07 17:53:55,very short,True,False
True,2013-10-07 18:14:10,very short,True,False
True,2013-10-07 19:13:17,very short,True,False
True,2013-10-07 19:45:53,medium,True,False
True,2013-10-07 20:28:14,short,True,False
True,2013-10-07 21:39:08,lengthy,True,False
False,2013-10-08 12:16:46,very short,False,False
True,2013-10-08 16:15:10,very short,True,False
True,2013-10-08 16:51:46,very short,True,False
True,2013-10-08 18:01:29,very short,True,False
True,2013-10-08 19:13:32,very short,False,False
True,2013-10-08 21:40:48,very short,True,False
True,2013-10-09 02:48:43,medium,False,True
True,2013-10-09 14:57:11,very short,True,False
True,2013-10-09 18:14:26,short,True,False
True,2013-10-09 19:14:25,very short,True,False
True,2013-10-09 19:57:05,very short,True,False
True,2013-10-09 22:11:23,lengthy,False,False
True,2013-10-09 22:30:25,very short,True,False
True,2013-10-10 02:01:31,lengthy,False,False
True,2013-10-10 06:05:25,very short,True,False
True,2013-10-10 12:27:23,lengthy,False,False
True,2013-10-10 15:09:04,short,True,False
True,2013-10-10 19:30:07,very short,False,False
True,2013-10-11 00:24:07,medium,False,True
True,2013-10-11 03:58:40,lengthy,True,False
True,2013-10-11 18:44:46,medium,True,False
True,2013-10-11 19:24:38,short,True,False
True,2013-10-11 21:26:32,lengthy,True,False
True,2013-10-12 08:40:45,short,True,False
True,2013-10-12 12:31:18,very short,False,False
True,2013-10-12 18:21:36,very short,True,False
True,2013-10-13 01:58:07,medium,True,False
True,2013-10-13 02:21:49,very short,True,False
True,2013-10-13 18:39:18,lengthy,True,False
True,2013-10-13 19:44:37,very short,True,False
True,2013-10-14 02:43:33,lengthy,False,True
True,2013-10-14 16:45:13,very short,True,False
True,2013-10-14 18:19:00,very short,True,False
True,2013-10-14 18:53:15,short,True,False
True,2013-10-14 19:11:45,very short,True,False
True,2013-10-14 20:19:17,very short,True,False
True,2013-10-14 22:26:25,very short,True,False
True,2013-10-15 18:04:57,very short,True,False
True,2013-10-15 18:59:19,short,True,False
True,2013-10-15 20:38:57,short,True,False
True,2013-10-15 21:58:08,very short,True,False
True,2013-10-16 04:40:39,very short,True,False
False,2013-10-16 14:00:50,short,False,False
True,2013-10-16 21:01:54,very short,True,False
True,2013-10-16 22:07:08,very short,True,False
True,2013-10-17 02:12:21,lengthy,True,False
True,2013-10-17 07:32:06,very short,False,False
True,2013-10-17 13:47:23,medium,False,True
True,2013-10-17 15:16:50,medium,False,False
True,2013-10-17 15:41:29,very short,True,False
True,2013-10-17 19:12:10,medium,True,False
True,2013-10-17 19:14:33,medium,True,False
True,2013-10-17 21:53:03,very short,True,False
True,2013-10-18 03:59:02,medium,True,False
True,2013-10-18 09:45:08,very short,True,False
True,2013-10-18 18:04:28,lengthy,True,False
True,2013-10-18 20:29:00,medium,True,False
True,2013-10-18 21:55:17,very short,True,False
True,2013-10-18 22:42:26,short,False,True
True,2013-10-19 03:54:27,medium,True,True
False,2013-10-19 04:06:45,very short,False,True
True,2013-10-19 05:51:02,short,True,False
False,2013-10-19 07:29:01,lengthy,False,False
True,2013-10-20 23:42:39,very short,True,False
True,2013-10-21 05:35:56,very short,True,False
True,2013-10-21 17:50:14,very short,True,False
True,2013-10-21 18:47:01,very short,True,False
True,2013-10-21 20:42:59,short,True,False
True,2013-10-21 21:10:47,very short,True,False
True,2013-10-22 14:00:03,very short,True,False
True,2013-10-22 15:53:18,very short,True,False
True,2013-10-22 18:18:22,very short,True,False
True,2013-10-22 20:01:57,very short,True,False
True,2013-10-22 20:32:26,very short,True,False
True,2013-10-23 09:53:04,very short,False,False
True,2013-10-23 19:12:15,medium,True,False
True,2013-10-23 19:31:00,lengthy,False,False
True,2013-10-23 21:05:30,very short,True,False
True,2013-10-23 21:10:46,very short,True,False
True,2013-10-24 13:08:29,very short,False,False
True,2013-10-24 14:36:56,very short,False,False
True,2013-10-24 20:20:58,very short,True,False
True,2013-10-24 21:12:18,lengthy,True,False
True,2013-10-25 00:24:58,lengthy,True,False
True,2013-10-25 05:29:41,very short,True,False
True,2013-10-25 14:30:52,very short,True,False
True,2013-10-25 14:46:18,very short,True,False
True,2013-10-25 16:27:27,very short,True,False
True,2013-10-25 21:22:13,short,True,False
True,2013-10-25 21:53:26,short,True,False
False,2013-10-25 21:54:24,lengthy,False,False
True,2013-10-26 02:50:29,very short,True,False
True,2013-10-28 19:06:40,very short,True,False
True,2013-10-28 23:48:57,very short,True,False
True,2013-10-29 03:58:10,very short,True,False
True,2013-10-29 05:18:33,very short,True,False
True,2013-10-29 13:52:52,very short,False,False
True,2013-10-30 08:47:40,medium,True,False
True,2013-10-30 16:47:43,very short,True,False
True,2013-10-30 17:28:57,very short,True,False
True,2013-10-30 18:48:56,very short,True,False
True,2013-10-30 20:14:37,very short,True,False
True,2013-10-31 00:55:05,very short,True,False
True,2013-11-01 02:50:23,lengthy,True,False
True,2013-11-02 15:20:10,lengthy,True,False
True,2013-11-02 15:40:15,lengthy,True,False
True,2013-11-03 10:26:19,lengthy,True,False
True,2013-11-04 07:41:16,medium,True,False
True,2013-11-04 18:11:49,very short,True,False
True,2013-11-04 23:30:32,very short,True,False
True,2013-11-05 17:53:48,very short,True,False
True,2013-11-05 19:53:12,very short,True,False
True,2013-11-06 17:33:24,medium,True,False
True,2013-11-06 21:06:42,very short,True,False
True,2013-11-07 01:37:20,short,True,False
True,2013-11-07 07:44:46,medium,True,False
True,2013-11-07 13:50:37,short,True,False
False,2013-11-07 20:50:54,lengthy,True,False
True,2013-11-07 21:04:57,medium,True,False
True,2013-11-07 21:56:22,lengthy,True,False
True,2013-11-08 00:09:50,medium,False,True
True,2013-11-08 05:42:35,very short,False,False
True,2013-11-08 22:17:55,short,True,False
False,2013-11-09 17:32:24,very short,False,True
True,2013-11-11 18:22:23,short,True,False
True,2013-11-11 20:02:17,very short,True,False
True,2013-11-11 20:19:41,very short,True,False
True,2013-11-11 21:21:17,very short,True,False
True,2013-11-12 03:25:56,very short,True,False
True,2013-11-12 11:26:23,very short,False,True
True,2013-11-12 11:40:21,short,False,False
True,2013-11-12 11:50:58,medium,False,False
True,2013-11-12 13:08:30,short,True,False
True,2013-11-12 18:44:08,medium,True,False
True,2013-11-13 16:13:20,lengthy,False,False
True,2013-11-13 17:39:53,very short,True,False
True,2013-11-13 17:42:47,very short,True,False
True,2013-11-13 20:40:45,very short,True,False
True,2013-11-13 22:39:06,short,True,False
True,2013-11-14 15:16:17,very short,True,False
True,2013-11-14 20:25:45,very short,True,False
True,2013-11-15 06:07:08,medium,True,False
True,2013-11-15 14:03:02,medium,True,False
True,2013-11-15 16:40:54,lengthy,True,False
True,2013-11-16 01:38:41,short,True,False
True,2013-11-17 09:10:46,lengthy,False,False
True,2013-11-17 22:30:14,very short,True,False
True,2013-11-18 01:28:42,lengthy,False,True
True,2013-11-18 03:19:19,medium,False,False
True,2013-11-18 22:16:55,very short,True,False
True,2013-11-19 16:31:10,medium,True,False
True,2013-11-19 20:09:58,very short,True,False
True,2013-11-19 21:21:57,lengthy,True,False
True,2013-11-20 09:51:11,lengthy,True,False
True,2013-11-20 18:46:48,short,True,False
True,2013-11-20 20:11:18,very short,True,False
True,2013-11-20 20:34:55,lengthy,True,False
True,2013-11-20 20:51:00,very short,True,False
False,2013-11-20 20:52:07,short,False,False
True,2013-11-20 21:09:16,very short,True,False
True,2013-11-20 21:29:49,very short,True,False
True,2013-11-20 21:32:19,lengthy,True,False
True,2013-11-20 21:37:58,lengthy,False,False
True,2013-11-20 22:41:09,very short,True,False
True,2013-11-20 23:41:46,very short,True,False
True,2013-11-21 03:35:06,medium,False,False
True,2013-11-21 23:43:57,very short,True,False
True,2013-11-22 02:50:44,very short,True,False
True,2013-11-22 09:28:21,medium,True,False
True,2013-11-22 17:23:05,very short,True,False
True,2013-11-22 20:21:35,lengthy,False,False
True,2013-11-22 23:09:40,short,True,False
True,2013-11-22 23:48:43,short,True,False
True,2013-11-23 04:17:35,very short,True,False
True,2013-11-23 06:56:18,short,True,False
True,2013-11-23 16:23:08,lengthy,False,False
True,2013-11-23 16:57:25,medium,False,False
True,2013-11-24 07:03:57,very short,True,False
True,2013-11-24 16:44:32,lengthy,True,False
True,2013-11-25 05:03:32,very short,True,False
True,2013-11-25 16:32:33,very short,True,False
True,2013-11-26 00:16:46,short,True,False
True,2013-11-26 04:50:05,very short,True,False
True,2013-11-26 14:11:59,very short,True,False
True,2013-11-26 16:55:27,very short,True,False
True,2013-11-26 19:33:00,very short,True,False
True,2013-11-26 20:53:09,very short,True,False
True,2013-11-27 06:12:42,short,True,False
True,2013-11-27 06:51:50,very short,True,False
True,2013-11-27 09:20:03,medium,False,False
True,2013-11-27 10:40:35,medium,True,False
True,2013-11-27 17:24:44,very short,True,False
True,2013-11-27 17:58:57,very short,True,False
True,2013-11-27 20:43:07,medium,True,False
True,2013-11-27 21:38:13,medium,True,False
True,2013-11-28 01:25:56,medium,True,False
True,2013-11-28 01:52:13,very short,True,False
True,2013-11-28 16:54:07,very short,True,False
True,2013-11-29 09:46:29,medium,False,True
True,2013-11-30 05:15:41,short,True,False
True,2013-11-30 21:10:18,short,True,True
True,2013-12-02 22:19:47,very short,True,False
True,2013-12-03 05:17:32,very short,False,False
True,2013-12-03 13:51:16,lengthy,False,True
False,2013-12-03 18:36:17,very short,True,False
True,2013-12-03 19:01:51,short,True,False
True,2013-12-03 21:32:56,medium,False,False
True,2013-12-03 22:51:27,medium,True,False
True,2013-12-04 06:13:55,short,True,False
True,2013-12-04 06:31:46,very short,True,False
True,2013-12-04 22:59:47,short,False,True
True,2013-12-04 23:24:05,short,True,False
True,2013-12-05 06:01:54,lengthy,True,False
True,2013-12-05 06:34:11,very short,True,False
True,2013-12-05 08:25:30,very short,True,False
True,2013-12-05 22:06:11,medium,True,False
True,2013-12-06 04:57:44,very short,True,False
True,2013-12-06 06:47:05,very short,True,False
True,2013-12-06 19:53:17,short,True,False
True,2013-12-07 23:47:39,short,True,False
True,2013-12-08 01:32:13,lengthy,True,False
True,2013-12-08 04:28:50,short,True,False
True,2013-12-08 11:31:33,lengthy,True,False
True,2013-12-08 11:37:43,medium,True,False
True,2013-12-08 17:16:48,lengthy,False,False
True,2013-12-08 18:18:21,lengthy,True,False
True,2013-12-08 23:49:51,very short,True,False
True,2013-12-09 07:13:33,very short,False,True
True,2013-12-09 10:58:22,lengthy,False,False
True,2013-12-09 14:26:16,short,True,False
True,2013-12-09 18:15:35,medium,True,False
True,2013-12-09 18:20:57,medium,True,False
True,2013-12-09 20:03:07,very short,True,False
True,2013-12-10 03:32:21,very short,True,False
True,2013-12-10 14:50:59,very short,True,False
True,2013-12-10 16:48:39,very short,True,False
False,2013-12-10 17:05:37,short,True,False
True,2013-12-10 22:37:04,very short,True,False
True,2013-12-11 12:58:33,medium,False,False
True,2013-12-11 15:01:21,short,True,False
True,2013-12-11 23:32:29,lengthy,False,True
True,2013-12-12 08:40:05,very short,True,False
True,2013-12-12 15:32:46,short,True,False
True,2013-12-13 02:26:14,medium,False,False
True,2013-12-13 22:01:04,very short,True,False
True,2013-12-13 22:10:09,medium,True,False
True,2013-12-13 23:33:39,lengthy,False,False
False,2013-12-14 20:32:25,lengthy,True,False
True,2013-12-15 14:37:38,medium,False,True
False,2013-12-16 12:55:29,lengthy,True,False
True,2013-12-16 14:02:10,lengthy,True,False
True,2013-12-16 18:50:57,very short,True,False
True,2013-12-16 20:16:46,very short,True,False
True,2013-12-16 20:58:37,very short,True,False
True,2013-12-16 21:06:22,very short,True,False
True,2013-12-16 22:31:55,very short,True,False
True,2013-12-17 18:39:54,short,True,False
True,2013-12-17 19:49:32,very short,True,False
True,2013-12-17 19:50:27,short,True,False
True,2013-12-17 22:46:40,very short,True,False
True,2013-12-18 20:07:23,very short,True,False
True,2013-12-18 21:06:58,medium,True,False
True,2013-12-18 21:55:26,short,True,False
True,2013-12-19 03:04:05,short,True,False
False,2013-12-19 03:32:37,lengthy,True,False
True,2013-12-19 09:33:14,short,False,False
True,2013-12-19 16:42:31,very short,True,False
True,2013-12-19 17:55:14,medium,True,False
True,2013-12-20 00:01:04,medium,True,False
True,2013-12-20 11:01:40,very short,False,False
True,2013-12-20 21:42:54,medium,False,True
True,2013-12-21 00:31:06,lengthy,False,False
True,2013-12-21 09:05:59,medium,True,False
True,2013-12-21 09:59:15,lengthy,False,True
True,2013-12-22 21:05:54,medium,True,False
True,2013-12-23 16:30:40,very short,True,False
True,2013-12-23 22:45:51,very short,True,False
True,2013-12-24 12:02:56,very short,False,False
True,2013-12-24 20:07:51,very short,True,False
True,2013-12-25 04:15:07,medium,False,False
False,2013-12-26 12:03:43,lengthy,False,True
True,2013-12-26 16:38:35,very short,True,False
True,2013-12-26 18:41:20,medium,True,False
True,2013-12-27 17:06:39,medium,True,False
True,2013-12-27 22:48:04,very short,True,False
True,2013-12-29 19:11:27,very short,True,False
True,2013-12-30 16:16:56,lengthy,True,False
False,2013-12-30 17:04:24,lengthy,True,False
True,2013-12-30 20:01:40,lengthy,True,False
True,2013-12-30 20:29:54,very short,True,False
True,2013-12-31 00:15:05,very short,True,False
True,2013-12-31 00:49:04,medium,True,False
True,2013-12-31 17:16:18,very short,True,False
True,2013-12-31 20:50:22,very short,True,False
True,2013-12-31 22:08:13,short,True,False
True,2013-12-31 22:45:52,short,True,False
True,2014-01-02 17:26:32,medium,True,False
True,2014-01-02 22:13:40,very short,True,False
True,2014-01-03 01:49:37,medium,False,False
True,2014-01-03 02:01:09,medium,False,False
True,2014-01-03 19:39:58,very short,True,False
True,2014-01-04 20:27:15,very short,True,False
True,2014-01-05 01:35:17,short,True,False
True,2014-01-05 17:27:09,medium,True,False
True,2014-01-06 18:13:24,very short,True,False
True,2014-01-06 19:48:07,very short,True,False
False,2014-01-06 23:03:07,lengthy,True,False
True,2014-01-07 16:12:42,medium,True,False
True,2014-01-07 16:22:58,short,True,False
True,2014-01-07 16:27:35,very short,True,False
True,2014-01-07 20:41:31,medium,False,True
True,2014-01-07 21:02:57,medium,False,False
True,2014-01-07 21:06:15,medium,False,False
True,2014-01-07 21:08:13,medium,False,False
True,2014-01-07 21:09:56,medium,False,False
True,2014-01-07 21:11:19,medium,False,False
True,2014-01-07 21:12:41,medium,False,False
True,2014-01-07 21:14:13,medium,False,False
True,2014-01-07 23:13:31,short,True,False
True,2014-01-08 00:10:13,short,True,False
True,2014-01-08 18:47:14,medium,True,False
True,2014-01-08 20:55:35,short,True,False
True,2014-01-08 22:17:54,very short,False,True
True,2014-01-08 22:32:47,very short,True,False
True,2014-01-09 02:33:22,medium,True,False
True,2014-01-09 06:21:56,short,True,False
True,2014-01-09 19:35:36,medium,False,False
True,2014-01-09 20:56:09,very short,True,False
True,2014-01-09 21:03:55,very short,True,False
True,2014-01-09 21:07:31,very short,True,False
True,2014-01-09 23:42:08,very short,True,False
False,2014-01-10 08:36:51,medium,False,True
False,2014-01-10 11:36:14,lengthy,False,False
True,2014-01-10 21:16:15,short,True,False
False,2014-01-10 22:24:04,lengthy,False,False
True,2014-01-10 23:17:56,short,True,False
False,2014-01-11 10:48:27,short,False,True
True,2014-01-11 19:48:37,short,False,False
True,2014-01-12 17:53:35,very short,True,False
True,2014-01-12 22:18:18,very short,True,False
True,2014-01-13 19:36:30,very short,True,False
True,2014-01-13 20:00:26,very short,True,False
True,2014-01-13 20:44:40,very short,True,False
True,2014-01-13 21:05:17,very short,True,False
True,2014-01-13 21:20:46,very short,True,False
True,2014-01-13 22:01:34,medium,False,False
True,2014-01-13 23:19:14,medium,True,False
True,2014-01-13 23:38:35,very short,True,False
True,2014-01-14 01:07:27,very short,False,True
True,2014-01-14 04:00:25,short,False,False
True,2014-01-14 12:57:23,very short,False,False
True,2014-01-14 17:37:19,very short,True,False
True,2014-01-14 20:37:02,very short,True,False
True,2014-01-16 22:40:19,very short,True,False
True,2014-01-16 23:07:57,medium,True,False
True,2014-01-16 23:21:54,lengthy,True,False
True,2014-01-17 05:14:35,lengthy,False,True
True,2014-01-17 06:56:19,medium,True,False
True,2014-01-17 17:52:32,very short,True,False
True,2014-01-17 19:44:17,medium,True,False
True,2014-01-18 16:14:04,lengthy,False,True
True,2014-01-19 23:31:06,medium,True,False
True,2014-01-21 05:51:38,medium,True,False
True,2014-01-21 15:28:42,very short,True,False
True,2014-01-21 17:42:28,very short,True,False
True,2014-01-21 19:31:30,very short,True,False
True,2014-01-21 21:58:32,very short,True,False
True,2014-01-22 09:38:36,very short,True,False
True,2014-01-22 09:46:02,lengthy,True,False
True,2014-01-22 21:36:52,short,True,False
True,2014-01-23 06:53:20,short,True,False
True,2014-01-23 16:41:06,very short,True,False
True,2014-01-23 20:54:32,very short,True,False
True,2014-01-24 00:08:26,very short,True,False
True,2014-01-24 01:03:34,lengthy,False,False
True,2014-01-24 01:04:28,very short,True,False
True,2014-01-24 04:54:22,medium,True,False
True,2014-01-24 09:45:30,medium,False,False
True,2014-01-24 16:24:41,very short,True,False
True,2014-01-24 16:38:48,lengthy,True,False
True,2014-01-24 23:57:20,very short,True,False
True,2014-01-25 01:44:01,medium,True,False
False,2014-01-25 14:58:29,lengthy,False,False
True,2014-01-25 23:47:33,short,True,False
True,2014-01-26 00:25:36,medium,True,False
True,2014-01-26 18:57:22,medium,True,False
True,2014-01-28 02:15:12,medium,False,True
True,2014-01-29 13:12:26,medium,True,False
True,2014-01-30 13:58:32,lengthy,True,False
True,2014-01-30 18:39:25,short,True,False
True,2014-01-30 21:32:42,very short,True,False
True,2014-02-01 20:22:05,short,False,False
True,2014-02-02 18:13:20,very short,True,False
True,2014-02-02 19:12:19,medium,True,False
True,2014-02-02 23:27:43,very short,True,False
True,2014-02-03 07:12:36,very short,True,False
True,2014-02-03 15:19:32,lengthy,True,False
True,2014-02-03 16:31:36,medium,False,False
True,2014-02-03 19:25:06,very short,True,False
True,2014-02-04 20:02:02,short,True,False
True,2014-02-04 20:30:49,very short,True,False
True,2014-02-04 20:41:02,short,True,False
True,2014-02-04 20:51:47,very short,True,False
True,2014-02-05 18:30:43,lengthy,False,False
True,2014-02-05 18:31:22,lengthy,False,False
True,2014-02-05 20:33:22,short,True,False
True,2014-02-05 21:50:04,medium,True,False
True,2014-02-07 00:37:48,very short,True,False
True,2014-02-07 14:10:46,medium,True,False
True,2014-02-07 15:34:31,medium,False,True
True,2014-02-08 01:05:36,lengthy,True,False
True,2014-02-08 03:29:15,short,False,True
True,2014-02-08 12:28:42,short,True,False
True,2014-02-08 13:33:50,very short,True,False
True,2014-02-08 19:11:18,lengthy,True,False
False,2014-02-09 18:50:18,very short,False,False
True,2014-02-10 16:57:50,very short,True,False
True,2014-02-10 17:04:09,very short,True,False
True,2014-02-10 20:06:18,lengthy,False,False
True,2014-02-10 20:07:01,short,False,False
True,2014-02-10 20:46:05,very short,True,False
True,2014-02-10 22:02:37,medium,True,False
True,2014-02-10 23:25:20,very short,True,False
True,2014-02-10 23:37:20,very short,True,False
False,2014-02-11 22:49:07,very short,True,False
False,2014-02-12 03:38:46,lengthy,False,False
False,2014-02-12 04:03:27,very short,True,False
False,2014-02-12 06:19:28,medium,True,False
False,2014-02-12 06:25:10,very short,True,False
False,2014-02-12 17:06:44,lengthy,False,False
True,2014-02-12 21:34:22,very short,True,False
True,2014-02-13 20:24:30,very short,True,False
True,2014-02-13 21:45:28,very short,True,False
True,2014-02-14 14:38:17,very short,True,False
True,2014-02-14 19:39:10,very short,False,False
False,2014-02-14 21:06:17,lengthy,True,False
False,2014-02-14 21:32:18,lengthy,False,True
False,2014-02-15 16:00:16,medium,True,False
False,2014-02-15 16:52:51,lengthy,False,False
False,2014-02-16 01:36:46,medium,False,True
False,2014-02-16 03:26:55,lengthy,False,False
False,2014-02-16 21:24:40,short,False,True
False,2014-02-17 09:56:24,short,True,False
False,2014-02-17 16:25:26,short,True,False
False,2014-02-18 00:09:26,lengthy,True,False
False,2014-02-18 18:49:53,lengthy,True,False
False,2014-02-18 20:02:35,very short,True,False
False,2014-02-18 23:31:19,lengthy,False,True
True,2014-02-19 09:09:04,medium,True,False
True,2014-02-19 15:25:19,medium,True,False
True,2014-02-19 20:09:49,lengthy,True,False
True,2014-02-19 22:45:20,very short,True,False
True,2014-02-20 15:23:46,lengthy,False,False
True,2014-02-21 17:53:45,lengthy,False,True
False,2014-02-21 18:10:47,very short,False,False
True,2014-02-21 19:27:06,short,True,False
True,2014-02-21 20:53:59,lengthy,False,False
True,2014-02-21 21:04:38,medium,True,False
True,2014-02-21 22:10:23,lengthy,True,False
True,2014-02-22 04:43:15,short,False,False
True,2014-02-22 14:16:22,medium,False,True
True,2014-02-23 11:37:32,short,True,False
True,2014-02-23 21:32:30,medium,True,False
False,2014-02-24 17:24:22,medium,False,False
False,2014-02-24 17:27:42,very short,True,False
False,2014-02-24 20:50:46,very short,True,False
False,2014-02-24 22:18:30,very short,False,False
False,2014-02-25 21:34:33,short,True,False
False,2014-02-25 22:16:50,short,False,False
False,2014-02-25 22:38:17,very short,True,False
False,2014-02-26 19:40:21,lengthy,True,False
False,2014-02-27 18:50:19,short,True,False
False,2014-02-27 18:58:43,very short,True,False
False,2014-02-27 19:45:42,very short,True,False
False,2014-02-27 22:06:09,lengthy,False,False
False,2014-02-28 16:00:40,lengthy,True,False
False,2014-02-28 22:19:38,very short,True,False
False,2014-03-02 16:42:51,short,False,False
False,2014-03-03 02:52:12,medium,True,False
False,2014-03-03 14:17:16,lengthy,True,False
False,2014-03-03 14:58:52,short,True,False
False,2014-03-03 18:17:49,short,True,False
False,2014-03-03 20:14:25,very short,True,False
False,2014-03-03 20:42:51,short,True,False
False,2014-03-03 21:42:54,very short,True,False
False,2014-03-04 00:05:48,very short,False,False
False,2014-03-04 09:45:32,lengthy,True,False
False,2014-03-04 17:32:39,very short,True,False
False,2014-03-04 18:56:40,very short,True,False
False,2014-03-04 20:35:49,very short,True,False
False,2014-03-04 23:18:01,short,True,False
False,2014-03-05 09:35:33,very short,True,False
False,2014-03-05 21:29:33,medium,True,False
False,2014-03-06 01:58:42,very short,False,False
False,2014-03-06 18:01:53,lengthy,False,False
False,2014-03-07 15:02:17,lengthy,False,False
False,2014-03-07 15:08:26,lengthy,False,False
True,2014-03-07 16:31:51,very short,True,False
False,2014-03-07 18:24:10,lengthy,False,False
False,2014-03-09 04:00:48,very short,False,True
False,2014-03-10 19:51:51,very short,True,False
False,2014-03-10 21:14:38,very short,True,False
False,2014-03-10 22:18:54,very short,True,False
False,2014-03-11 05:00:48,medium,True,False
False,2014-03-11 16:14:08,lengthy,True,False
False,2014-03-11 16:14:37,very short,True,False
False,2014-03-11 19:29:30,short,True,False
False,2014-03-11 19:34:03,medium,True,False
False,2014-03-12 10:29:42,lengthy,False,True
False,2014-03-12 13:58:25,short,True,False
False,2014-03-12 16:21:29,very short,True,False
False,2014-03-12 17:51:25,medium,True,False
False,2014-03-12 20:24:02,lengthy,True,False
False,2014-03-12 22:28:07,short,True,False
False,2014-03-13 04:11:06,very short,True,False
False,2014-03-13 14:50:33,very short,True,False
False,2014-03-14 15:34:26,very short,True,False
False,2014-03-14 18:55:13,very short,False,True
False,2014-03-14 19:23:19,very short,False,False
False,2014-03-15 18:53:50,very short,True,False
False,2014-03-17 02:06:06,very short,False,False
False,2014-03-17 08:52:11,very short,True,False
False,2014-03-17 14:51:06,short,True,False
False,2014-03-17 18:18:31,lengthy,False,False
False,2014-03-17 18:30:18,very short,True,False
True,2014-03-18 16:29:03,very short,True,False
True,2014-03-18 18:53:34,medium,True,False
True,2014-03-18 19:59:56,very short,True,False
True,2014-03-18 23:02:40,short,True,False
True,2014-03-19 09:04:30,lengthy,True,False
True,2014-03-19 22:07:29,very short,True,False
True,2014-03-20 03:11:55,very short,True,False
True,2014-03-20 03:56:40,very short,True,False
True,2014-03-20 11:41:58,medium,True,False
True,2014-03-20 14:43:18,very short,True,True
True,2014-03-20 17:23:41,very short,True,False
False,2014-03-20 17:31:39,very short,True,False
True,2014-03-21 15:42:48,medium,False,False
True,2014-03-22 02:50:13,short,True,False
False,2014-03-23 19:09:58,short,False,True
True,2014-03-24 17:18:42,very short,True,False
True,2014-03-24 17:19:30,very short,True,False
True,2014-03-24 20:55:28,very short,True,False
True,2014-03-25 02:57:08,very short,True,False
True,2014-03-25 08:41:05,very short,True,False
True,2014-03-25 16:42:29,short,True,False
True,2014-03-25 19:40:14,very short,True,False
True,2014-03-25 23:50:33,very short,True,False
True,2014-03-26 14:51:09,lengthy,True,False
True,2014-03-26 18:24:43,very short,True,False
True,2014-03-26 18:55:24,very short,True,False
True,2014-03-26 19:05:03,lengthy,True,False
True,2014-03-26 20:42:19,lengthy,False,True
True,2014-03-27 04:55:52,lengthy,False,True
True,2014-03-27 05:30:58,short,True,False
True,2014-03-27 06:00:42,short,True,False
True,2014-03-27 14:11:37,very short,False,False
True,2014-03-28 16:18:40,very short,True,False
True,2014-03-28 20:49:18,medium,True,False
True,2014-03-28 22:06:51,short,True,False
True,2014-03-29 00:01:23,medium,False,False
True,2014-03-29 01:38:25,very short,True,False
True,2014-03-29 02:01:09,very short,True,False
False,2014-03-29 18:35:52,medium,False,True
True,2014-03-31 17:42:55,very short,True,False
True,2014-03-31 19:56:57,very short,True,False
True,2014-03-31 21:20:19,very short,True,False
True,2014-04-01 14:12:53,very short,True,False
False,2014-04-01 18:55:25,lengthy,False,True
True,2014-04-01 19:16:58,very short,True,False
True,2014-04-01 22:55:52,very short,True,False
True,2014-04-02 04:54:51,very short,True,False
True,2014-04-02 06:06:31,very short,True,False
True,2014-04-02 07:26:51,very short,True,False
True,2014-04-02 08:20:40,lengthy,True,False
True,2014-04-02 16:51:21,very short,True,False
True,2014-04-02 19:15:56,short,True,False
True,2014-04-02 20:10:53,short,True,False
True,2014-04-02 20:25:03,short,True,False
True,2014-04-02 20:26:00,short,True,False
True,2014-04-02 20:36:03,very short,True,False
True,2014-04-03 04:09:43,very short,True,False
True,2014-04-03 16:39:38,very short,True,False
True,2014-04-03 17:36:40,very short,True,False
True,2014-04-03 18:47:27,very short,True,False
True,2014-04-03 20:36:20,medium,True,False
True,2014-04-04 08:22:00,medium,False,False
True,2014-04-05 20:16:54,lengthy,False,False
True,2014-04-05 21:12:33,very short,True,False
False,2014-04-05 23:12:59,very short,False,False
True,2014-04-07 07:18:15,very short,True,False
True,2014-04-07 14:31:25,very short,True,False
True,2014-04-07 16:59:49,short,True,False
True,2014-04-07 17:19:34,very short,True,False
True,2014-04-07 18:44:43,lengthy,False,False
True,2014-04-07 19:25:17,very short,True,False
False,2014-04-07 21:28:47,lengthy,False,True
True,2014-04-07 21:42:08,lengthy,True,False
True,2014-04-07 23:07:05,very short,True,False
True,2014-04-08 15:52:56,very short,True,False
True,2014-04-08 18:54:09,very short,True,False
True,2014-04-08 19:08:27,very short,True,False
True,2014-04-08 19:15:44,very short,True,False
True,2014-04-08 19:41:04,short,False,True
True,2014-04-09 02:27:02,very short,True,False
True,2014-04-09 07:25:24,very short,True,False
True,2014-04-09 08:26:41,very short,False,False
True,2014-04-09 13:10:00,very short,True,False
True,2014-04-09 14:39:42,very short,True,False
True,2014-04-09 14:44:35,very short,True,False
True,2014-04-09 14:54:39,very short,True,False
False,2014-04-09 15:31:11,very short,False,True
True,2014-04-09 15:49:21,very short,True,False
True,2014-04-09 16:04:36,very short,True,False
True,2014-04-09 18:18:30,very short,True,False
False,2014-04-09 18:20:09,short,False,True
True,2014-04-09 18:22:48,very short,True,False
True,2014-04-09 18:45:07,very short,True,False
True,2014-04-09 22:00:40,short,True,False
True,2014-04-09 22:05:45,very short,True,False
True,2014-04-09 22:09:30,very short,True,False
True,2014-04-09 22:10:46,very short,True,False
True,2014-04-09 22:24:59,very short,True,False
True,2014-04-10 00:41:12,medium,True,False
False,2014-04-10 13:25:22,very short,False,True
True,2014-04-10 19:04:28,very short,True,False
True,2014-04-10 19:09:27,very short,True,False
True,2014-04-10 20:58:22,very short,False,False
True,2014-04-10 21:01:33,very short,True,False
True,2014-04-10 21:08:53,very short,True,False
True,2014-04-10 22:22:41,medium,True,False
True,2014-04-11 02:43:28,very short,True,False
True,2014-04-11 02:45:10,very short,True,False
True,2014-04-11 13:33:50,medium,False,True
True,2014-04-11 14:05:19,lengthy,False,True
True,2014-04-11 19:41:34,very short,False,True
True,2014-04-11 20:09:17,very short,True,False
False,2014-04-11 20:22:08,lengthy,True,False
False,2014-04-11 20:56:11,very short,True,False
False,2014-04-11 21:21:07,short,True,False
False,2014-04-11 21:59:50,very short,True,False
False,2014-04-12 07:39:29,lengthy,True,False
False,2014-04-13 02:09:43,medium,False,True
False,2014-04-14 09:24:46,very short,True,False
False,2014-04-14 15:38:59,lengthy,False,True
True,2014-04-14 17:30:25,very short,True,False
True,2014-04-14 20:08:32,very short,True,False
True,2014-04-15 01:09:40,short,True,True
False,2014-04-15 13:04:52,very short,True,False
True,2014-04-15 20:21:45,very short,True,False
True,2014-04-15 23:00:06,very short,True,False
True,2014-04-16 15:32:38,short,True,False
False,2014-04-16 20:19:43,medium,True,False
False,2014-04-16 23:35:38,lengthy,True,False
False,2014-04-17 02:50:01,lengthy,False,False
False,2014-04-17 17:50:49,lengthy,False,False
True,2014-04-17 19:32:01,very short,True,False
False,2014-04-18 13:55:40,very short,True,False
True,2014-04-18 14:40:47,very short,True,False
True,2014-04-18 15:15:12,very short,True,False
True,2014-04-18 20:09:03,very short,True,False
True,2014-04-18 21:49:18,medium,True,False
True,2014-04-19 22:40:05,medium,True,False
True,2014-04-19 22:46:50,lengthy,True,False
False,2014-04-20 17:34:48,lengthy,False,True
True,2014-04-21 03:21:18,very short,True,False
True,2014-04-21 16:29:34,lengthy,False,False
True,2014-04-21 19:01:15,very short,True,False
True,2014-04-21 21:35:44,short,False,True
False,2014-04-22 06:28:02,lengthy,False,False
True,2014-04-22 07:23:00,medium,True,False
True,2014-04-23 14:27:03,short,True,False
True,2014-04-24 10:36:31,lengthy,False,False
True,2014-04-24 17:37:37,very short,True,False
True,2014-04-24 20:13:33,medium,True,False
True,2014-04-24 22:40:49,medium,False,False
True,2014-04-25 19:32:20,medium,True,False
True,2014-04-25 19:36:26,short,True,False
True,2014-04-26 13:52:36,short,False,True
True,2014-04-27 20:40:54,lengthy,False,True
True,2014-04-28 01:16:26,very short,True,False
True,2014-04-28 01:23:34,lengthy,False,False
True,2014-04-28 13:37:02,very short,False,True
True,2014-04-28 13:40:09,very short,True,False
True,2014-04-28 13:51:53,lengthy,False,True
True,2014-04-28 18:44:54,medium,True,False
True,2014-04-28 18:53:56,very short,True,False
True,2014-04-29 02:00:08,short,False,False
True,2014-04-29 18:42:58,lengthy,False,True
True,2014-04-30 00:05:10,medium,False,False
True,2014-04-30 02:46:01,very short,True,False
True,2014-04-30 20:13:40,very short,False,False
True,2014-04-30 21:37:14,very short,True,False
True,2014-05-01 11:38:24,lengthy,False,False
True,2014-05-01 13:44:54,lengthy,False,False
True,2014-05-01 19:47:04,lengthy,True,False
False,2014-05-02 03:08:40,very short,False,True
False,2014-05-02 03:18:49,very short,False,False
True,2014-05-02 11:19:24,lengthy,True,False
True,2014-05-02 14:28:30,very short,False,False
True,2014-05-02 23:57:46,short,True,False
True,2014-05-04 01:11:23,short,True,False
True,2014-05-04 17:33:29,very short,False,False
True,2014-05-05 08:57:31,very short,False,False
True,2014-05-05 18:27:35,very short,True,False
True,2014-05-05 18:49:46,very short,True,False
True,2014-05-05 20:20:24,very short,True,False
True,2014-05-07 22:22:17,short,True,False
True,2014-05-08 07:31:47,very short,True,False
True,2014-05-08 19:46:33,lengthy,False,True
True,2014-05-09 19:16:19,lengthy,False,True
True,2014-05-13 19:22:18,medium,True,False
True,2014-05-14 20:09:33,very short,True,False
True,2014-05-15 18:46:17,medium,True,False
True,2014-05-15 18:46:48,medium,True,False
True,2014-05-16 16:44:54,medium,False,False
True,2014-05-17 15:07:25,short,False,False
True,2014-05-19 09:54:12,very short,True,False
True,2014-05-19 10:19:36,lengthy,True,False
True,2014-05-19 14:01:22,very short,True,False
True,2014-05-19 16:49:52,lengthy,True,False
True,2014-05-19 16:52:53,medium,True,False
True,2014-05-19 23:48:27,very short,True,True
True,2014-05-20 07:00:07,lengthy,False,True
True,2014-05-20 21:30:30,lengthy,True,False
True,2014-05-20 22:44:13,very short,True,False
True,2014-05-20 23:47:20,very short,True,False
True,2014-05-22 16:35:48,very short,True,False
True,2014-05-22 17:48:25,medium,True,False
True,2014-05-22 21:20:44,very short,False,True
True,2014-05-23 18:54:14,lengthy,True,False
True,2014-05-23 22:36:13,medium,True,False
True,2014-05-25 03:38:15,lengthy,True,False
True,2014-05-25 13:11:20,medium,True,False
True,2014-05-25 17:30:17,short,True,False
True,2014-05-25 19:22:02,very short,True,False
True,2014-05-25 20:35:34,very short,True,False
True,2014-05-27 09:24:02,lengthy,False,False
True,2014-05-27 15:42:15,very short,True,False
True,2014-05-28 17:22:23,very short,True,False
True,2014-05-28 18:33:16,very short,True,False
True,2014-05-29 09:44:23,very short,True,False
True,2014-05-29 11:46:39,lengthy,True,False
True,2014-05-29 16:39:59,short,True,False
True,2014-05-29 16:43:46,lengthy,True,False
True,2014-05-29 16:46:24,lengthy,True,False
True,2014-05-29 17:02:15,very short,True,False
True,2014-05-29 17:38:45,medium,True,False
True,2014-05-29 22:03:00,lengthy,False,False
True,2014-05-30 16:02:34,lengthy,True,False
True,2014-05-30 18:43:36,very short,False,False
True,2014-05-30 19:36:16,very short,True,False
True,2014-05-30 21:02:55,medium,True,False
True,2014-05-31 20:19:52,short,True,False
True,2014-06-01 10:56:29,lengthy,True,False
True,2014-06-01 11:28:25,lengthy,True,False
True,2014-06-02 18:23:30,very short,True,False
False,2014-06-03 03:38:07,lengthy,True,False
True,2014-06-04 01:49:41,lengthy,False,False
True,2014-06-04 15:30:16,lengthy,True,False
True,2014-06-05 15:41:41,very short,True,False
True,2014-06-05 16:52:14,short,True,False
False,2014-06-05 21:51:47,very short,True,False
False,2014-06-05 22:18:44,very short,True,False
True,2014-06-05 22:19:37,medium,True,False
True,2014-06-06 21:52:21,medium,True,False
True,2014-06-06 22:06:07,medium,True,False
True,2014-06-07 02:31:50,short,False,False
True,2014-06-07 16:23:18,medium,True,False
True,2014-06-07 20:43:35,short,False,False
True,2014-06-07 22:56:13,short,True,False
True,2014-06-08 11:26:13,medium,False,False
True,2014-06-08 16:11:16,very short,True,False
True,2014-06-08 16:14:42,medium,True,False
True,2014-06-09 18:43:32,very short,True,False
True,2014-06-09 22:43:01,very short,True,False
True,2014-06-10 09:51:57,short,True,False
True,2014-06-11 20:18:03,very short,True,False
True,2014-06-11 20:52:30,lengthy,False,False
True,2014-06-12 02:09:27,medium,True,False
True,2014-06-12 17:26:43,very short,True,False
True,2014-06-12 18:27:27,very short,True,False
True,2014-06-12 18:39:26,very short,False,True
True,2014-06-12 18:45:21,very short,True,False
True,2014-06-12 18:48:54,very short,True,False
True,2014-06-16 04:49:42,very short,True,False
True,2014-06-16 16:42:43,very short,True,False
True,2014-06-16 17:14:44,medium,True,False
True,2014-06-16 20:18:22,lengthy,True,False
True,2014-06-17 13:46:26,very short,True,False
True,2014-06-17 19:05:51,very short,True,False
True,2014-06-17 20:06:51,very short,True,False
True,2014-06-18 15:15:30,medium,True,False
False,2014-06-19 16:48:17,lengthy,False,True
True,2014-06-19 17:25:49,lengthy,False,True
True,2014-06-19 20:34:34,short,True,False
True,2014-06-20 00:09:12,medium,True,False
True,2014-06-20 19:14:32,medium,True,False
True,2014-06-22 04:20:03,short,True,False
True,2014-06-22 20:57:42,lengthy,True,False
False,2014-06-23 00:07:46,medium,False,True
True,2014-06-23 14:21:30,medium,True,False
True,2014-06-23 16:20:58,very short,True,False
True,2014-06-24 17:29:50,medium,True,False
True,2014-06-25 19:14:16,very short,True,False
True,2014-06-28 21:27:05,lengthy,True,False
True,2014-06-29 20:56:17,medium,True,False
True,2014-06-29 22:26:05,lengthy,True,False
True,2014-06-30 01:58:55,lengthy,False,False
True,2014-06-30 05:54:02,very short,True,False
True,2014-06-30 07:52:03,lengthy,True,False
True,2014-07-01 01:14:31,medium,True,False
True,2014-07-02 08:35:48,short,True,False
True,2014-07-02 17:01:53,short,False,True
True,2014-07-03 10:27:04,very short,True,False
True,2014-07-03 21:40:44,very short,True,False
True,2014-07-04 16:01:36,lengthy,True,False
True,2014-07-05 18:19:41,very short,True,False
True,2014-07-06 08:56:24,very short,True,False
False,2014-07-06 15:04:29,very short,True,False
True,2014-07-06 19:50:12,medium,True,False
True,2014-07-06 21:00:20,short,True,False
True,2014-07-07 09:55:25,very short,True,False
True,2014-07-07 16:34:36,very short,True,False
True,2014-07-07 17:41:14,very short,True,False
False,2014-07-08 02:53:41,lengthy,False,False
False,2014-07-08 20:29:46,short,True,False
False,2014-07-08 20:43:54,short,True,False
False,2014-07-08 21:16:59,lengthy,False,False
False,2014-07-08 21:56:21,short,True,False
False,2014-07-09 21:57:12,lengthy,True,False
False,2014-07-10 14:11:29,short,True,False
False,2014-07-10 16:44:21,very short,True,False
True,2014-07-10 18:41:20,very short,True,False
True,2014-07-10 21:45:41,very short,True,False
False,2014-07-11 17:22:13,very short,False,False
False,2014-07-11 17:47:11,very short,True,False
False,2014-07-11 18:07:50,very short,False,False
True,2014-07-13 09:32:27,lengthy,False,False
True,2014-07-13 13:08:19,very short,True,False
True,2014-07-13 16:59:29,lengthy,False,False
True,2014-07-14 10:14:33,very short,False,True
True,2014-07-14 15:22:04,very short,True,False
True,2014-07-14 16:00:04,very short,True,False
True,2014-07-14 18:20:34,very short,False,False
True,2014-07-14 18:32:57,very short,True,False
True,2014-07-14 19:38:13,short,True,False
True,2014-07-14 22:16:47,lengthy,False,False
True,2014-07-15 15:31:41,very short,True,False
True,2014-07-15 17:56:15,short,False,False
True,2014-07-15 18:15:00,short,True,False
True,2014-07-15 19:44:53,short,False,False
True,2014-07-15 22:51:33,very short,True,False
True,2014-07-16 01:22:34,medium,False,True
True,2014-07-16 11:25:28,short,False,True
True,2014-07-16 14:54:49,lengthy,False,True
True,2014-07-16 18:08:19,very short,True,False
True,2014-07-16 20:32:07,very short,True,False
True,2014-07-16 22:14:55,very short,False,False
True,2014-07-17 13:52:52,short,True,False
True,2014-07-17 15:22:56,lengthy,False,False
True,2014-07-17 15:23:11,very short,True,False
True,2014-07-17 17:24:59,medium,False,False
True,2014-07-17 17:33:55,lengthy,True,False
True,2014-07-18 00:34:33,lengthy,False,False
False,2014-07-18 04:25:51,very short,False,True
True,2014-07-18 20:22:52,short,True,False
True,2014-07-19 20:58:57,very short,True,False
True,2014-07-20 21:48:05,very short,True,False
True,2014-07-20 22:00:36,very short,True,False
False,2014-07-21 18:24:32,short,True,False
True,2014-07-21 22:43:29,medium,True,False
False,2014-07-21 23:42:22,short,True,False
False,2014-07-22 14:03:13,very short,True,False
True,2014-07-22 14:44:35,short,True,False
True,2014-07-22 15:06:19,medium,True,False
False,2014-07-22 17:48:28,short,True,False
True,2014-07-22 20:31:58,lengthy,True,False
True,2014-07-22 21:27:42,short,True,False
True,2014-07-23 18:27:50,medium,False,False
False,2014-07-23 21:29:22,very short,False,True
True,2014-07-24 04:48:42,lengthy,True,False
True,2014-07-24 18:13:34,very short,False,False
True,2014-07-25 03:55:51,lengthy,False,False
True,2014-07-25 07:51:46,lengthy,False,True
True,2014-07-25 13:52:16,lengthy,False,True
True,2014-07-26 09:14:00,lengthy,False,False
True,2014-07-27 23:56:22,very short,True,False
True,2014-07-28 17:54:10,very short,False,True
False,2014-07-28 20:17:41,short,True,False
True,2014-07-28 20:25:59,very short,True,False
False,2014-07-28 20:39:28,medium,True,False
False,2014-07-29 00:33:42,very short,True,False
False,2014-07-29 17:16:31,very short,True,False
True,2014-07-29 17:52:23,very short,True,False
True,2014-07-29 18:37:24,very short,True,False
False,2014-07-29 18:38:16,very short,True,False
True,2014-07-29 19:04:20,very short,True,False
False,2014-07-29 20:21:21,short,False,True
False,2014-07-29 20:55:09,short,True,False
True,2014-07-29 21:57:19,medium,True,False
True,2014-07-29 22:13:59,medium,True,False
True,2014-07-29 23:50:00,very short,True,False
True,2014-07-30 19:07:59,very short,True,False
True,2014-07-30 19:38:23,medium,True,False
False,2014-07-31 08:23:41,lengthy,False,True
False,2014-07-31 18:40:04,short,True,False
False,2014-07-31 20:06:11,very short,False,False
True,2014-07-31 20:25:11,very short,True,False
False,2014-07-31 21:25:11,medium,True,False
True,2014-08-01 13:41:59,medium,True,False
False,2014-08-01 21:01:08,lengthy,True,False
False,2014-08-02 06:13:47,very short,True,False
True,2014-08-02 19:33:38,short,True,False
True,2014-08-02 20:53:22,short,True,False
True,2014-08-03 18:42:46,very short,True,False
True,2014-08-04 00:24:01,very short,False,True
True,2014-08-04 10:07:06,lengthy,False,True
True,2014-08-04 17:38:16,very short,True,False
False,2014-08-04 19:09:48,very short,True,False
True,2014-08-04 19:35:42,medium,True,False
False,2014-08-05 01:16:41,very short,True,False
False,2014-08-05 02:42:15,lengthy,True,False
False,2014-08-05 03:39:54,lengthy,True,False
True,2014-08-05 07:44:11,short,False,True
False,2014-08-05 15:20:46,very short,True,False
False,2014-08-05 18:47:03,lengthy,False,False
True,2014-08-06 03:32:51,medium,False,False
False,2014-08-06 05:17:22,very short,False,False
False,2014-08-07 01:01:46,very short,True,False
True,2014-08-07 09:42:46,very short,True,False
True,2014-08-07 14:13:10,very short,True,False
True,2014-08-07 16:23:22,short,True,False
True,2014-08-07 16:28:08,short,True,False
True,2014-08-07 18:52:39,very short,False,True
True,2014-08-07 18:52:41,short,True,False
True,2014-08-07 22:53:58,medium,True,False
True,2014-08-07 23:02:51,medium,True,False
True,2014-08-08 02:00:15,lengthy,False,False
True,2014-08-09 07:11:08,medium,True,False
False,2014-08-09 08:33:37,lengthy,False,False
True,2014-08-11 15:02:42,short,False,True
True,2014-08-12 15:43:35,short,True,False
False,2014-08-12 15:53:26,very short,True,False
False,2014-08-12 16:01:21,very short,True,False
True,2014-08-12 16:46:29,very short,True,False
False,2014-08-12 16:51:11,medium,True,False
False,2014-08-12 19:02:19,short,True,False
True,2014-08-13 10:01:56,very short,True,False
True,2014-08-13 10:37:52,very short,True,False
True,2014-08-14 03:31:04,medium,False,True
True,2014-08-14 16:19:23,very short,True,False
True,2014-08-15 01:38:42,lengthy,False,True
True,2014-08-15 01:42:07,lengthy,False,False
True,2014-08-15 16:31:24,medium,True,False
True,2014-08-15 16:36:25,very short,True,False
True,2014-08-15 20:12:28,short,True,False
True,2014-08-15 21:40:53,very short,True,False
True,2014-08-16 23:29:33,short,False,False
True,2014-08-17 22:36:19,very short,True,False
True,2014-08-18 16:11:11,very short,True,False
True,2014-08-18 16:40:43,short,True,False
True,2014-08-18 16:40:53,very short,True,False
False,2014-08-18 17:14:30,very short,True,False
True,2014-08-18 18:26:14,very short,True,False
True,2014-08-18 18:37:37,very short,True,False
True,2014-08-18 18:58:57,very short,True,False
True,2014-08-18 20:34:38,short,True,False
True,2014-08-18 21:00:15,very short,True,False
True,2014-08-19 15:29:15,very short,True,False
True,2014-08-19 15:30:55,medium,True,False
True,2014-08-19 20:37:18,very short,True,False
True,2014-08-19 21:49:13,short,True,False
True,2014-08-19 22:48:09,very short,True,False
True,2014-08-20 02:37:06,short,True,False
True,2014-08-20 05:02:56,lengthy,False,True
False,2014-08-20 15:27:47,very short,True,False
True,2014-08-20 15:28:02,lengthy,True,False
True,2014-08-20 16:06:27,very short,True,False
True,2014-08-20 20:42:03,very short,True,False
True,2014-08-21 01:04:28,lengthy,False,False
True,2014-08-21 01:29:39,medium,False,False
True,2014-08-21 14:34:38,short,False,True
False,2014-08-21 17:37:42,lengthy,False,False
True,2014-08-22 19:50:04,medium,True,False
True,2014-08-23 12:34:04,medium,True,False
True,2014-08-23 16:24:17,medium,True,False
True,2014-08-24 06:15:50,lengthy,True,False
True,2014-08-24 14:58:18,lengthy,True,False
True,2014-08-24 22:10:48,lengthy,False,True
True,2014-08-25 17:51:37,lengthy,True,False
True,2014-08-25 19:35:31,lengthy,True,False
True,2014-08-25 20:05:01,lengthy,False,False
True,2014-08-25 20:38:35,medium,True,False
True,2014-08-25 22:52:21,very short,True,False
False,2014-08-26 08:02:23,lengthy,False,False
True,2014-08-26 11:58:24,short,False,False
True,2014-08-26 14:59:10,medium,False,True
True,2014-08-26 16:15:17,very short,True,False
True,2014-08-26 20:43:03,very short,True,False
True,2014-08-26 21:43:30,very short,True,False
True,2014-08-27 01:40:00,very short,True,False
True,2014-08-27 22:36:39,lengthy,True,False
True,2014-08-28 12:57:14,very short,True,False
True,2014-08-28 13:47:19,lengthy,True,False
True,2014-08-28 13:54:46,very short,False,False
True,2014-08-28 21:31:16,very short,True,False
True,2014-08-29 13:08:00,lengthy,False,False
True,2014-08-30 23:38:24,medium,False,True
True,2014-08-31 06:31:42,medium,True,False
True,2014-08-31 15:37:33,short,False,False
True,2014-08-31 18:42:33,lengthy,False,False
True,2014-08-31 19:08:10,lengthy,True,False
True,2014-09-01 07:02:08,medium,False,False
True,2014-09-01 12:01:23,medium,True,False
True,2014-09-02 17:32:07,short,True,False
True,2014-09-02 18:37:48,lengthy,True,False
True,2014-09-02 18:38:19,very short,True,False
True,2014-09-02 22:10:35,short,False,False
True,2014-09-02 22:14:18,short,False,False
True,2014-09-03 00:07:47,medium,True,False
False,2014-09-03 16:33:46,lengthy,True,False
True,2014-09-04 15:39:35,lengthy,False,True
True,2014-09-04 17:42:06,medium,True,False
True,2014-09-04 19:26:39,very short,True,False
True,2014-09-04 19:31:19,medium,True,False
True,2014-09-04 19:40:46,very short,True,False
True,2014-09-04 20:04:36,very short,True,False
True,2014-09-04 22:10:21,short,True,False
True,2014-09-04 23:06:42,lengthy,True,False
True,2014-09-05 18:37:02,very short,True,False
True,2014-09-05 19:58:07,lengthy,True,False
True,2014-09-05 21:08:15,very short,True,False
True,2014-09-06 21:00:36,very short,True,False
True,2014-09-08 04:36:57,medium,True,False
True,2014-09-08 15:47:54,medium,False,True
False,2014-09-08 16:47:44,lengthy,False,True
True,2014-09-08 17:01:24,short,True,False
True,2014-09-08 19:02:03,very short,True,False
True,2014-09-08 19:44:32,medium,True,False
True,2014-09-08 20:34:43,very short,True,False
True,2014-09-08 23:17:47,lengthy,True,False
True,2014-09-09 19:29:51,lengthy,True,False
True,2014-09-09 19:50:12,lengthy,False,False
True,2014-09-10 05:50:33,very short,True,False
False,2014-09-10 13:05:07,very short,True,False
True,2014-09-10 14:58:40,very short,True,False
True,2014-09-10 20:23:57,very short,True,False
True,2014-09-10 23:07:53,medium,True,False
True,2014-09-10 23:27:18,very short,False,False
True,2014-09-11 05:15:39,short,True,False
True,2014-09-11 10:40:12,very short,False,True
False,2014-09-11 21:21:45,medium,True,False
True,2014-09-12 03:03:36,very short,True,False
True,2014-09-12 03:35:58,very short,True,False
True,2014-09-12 15:53:50,very short,True,False
True,2014-09-12 19:35:53,very short,True,False
True,2014-09-15 05:05:22,lengthy,False,True
True,2014-09-15 18:50:39,short,True,False
True,2014-09-15 18:57:53,short,True,False
True,2014-09-15 22:05:58,lengthy,True,False
True,2014-09-16 12:38:21,very short,False,False
True,2014-09-16 17:48:49,very short,True,False
True,2014-09-16 18:33:56,very short,True,False
True,2014-09-16 20:26:59,very short,True,False
True,2014-09-16 21:43:40,very short,True,False
True,2014-09-16 21:47:13,very short,True,False
True,2014-09-16 21:52:40,medium,True,False
True,2014-09-17 20:51:47,very short,True,False
True,2014-09-18 17:15:23,very short,True,False
True,2014-09-18 19:25:16,medium,False,False
True,2014-09-18 20:54:32,very short,True,False
True,2014-09-19 15:28:38,very short,True,False
True,2014-09-19 17:31:35,medium,False,True
False,2014-09-20 00:13:48,very short,True,False
True,2014-09-20 20:17:57,short,False,False
True,2014-09-20 22:50:19,short,True,False
False,2014-09-20 23:20:34,short,False,False
True,2014-09-20 23:59:25,short,True,False
True,2014-09-21 01:39:42,short,False,False
True,2014-09-21 23:36:14,very short,True,False
False,2014-09-22 04:51:21,medium,True,False
True,2014-09-22 15:18:08,very short,True,False
False,2014-09-22 17:18:21,lengthy,True,False
False,2014-09-22 18:28:17,lengthy,True,False
False,2014-09-22 19:11:39,very short,True,False
True,2014-09-22 19:55:17,very short,True,False
False,2014-09-23 07:58:32,very short,False,True
False,2014-09-24 04:11:08,very short,True,False
False,2014-09-24 05:39:36,medium,True,False
False,2014-09-24 20:41:44,very short,True,False
False,2014-09-24 21:32:34,lengthy,False,True
False,2014-09-24 22:46:20,very short,True,False
False,2014-09-25 03:42:19,very short,True,False
True,2014-09-25 05:34:31,very short,True,False
False,2014-09-25 05:56:28,very short,True,False
True,2014-09-25 18:30:51,very short,True,False
True,2014-09-25 23:44:30,very short,True,False
True,2014-09-26 01:19:50,very short,True,False
True,2014-09-26 03:19:59,very short,True,False
False,2014-09-26 07:50:42,very short,True,False
False,2014-09-26 14:37:39,lengthy,True,False
False,2014-09-26 19:30:46,short,True,False
True,2014-09-26 21:02:33,very short,True,False
False,2014-09-27 11:45:01,short,True,False
False,2014-09-27 15:48:04,lengthy,True,False
True,2014-09-27 17:36:53,very short,True,False
False,2014-09-27 18:37:06,short,False,False
False,2014-09-27 23:02:09,short,True,False
False,2014-09-28 00:26:50,medium,True,False
False,2014-09-28 09:32:47,lengthy,False,True
False,2014-09-29 07:49:20,lengthy,False,False
True,2014-09-29 22:03:14,very short,True,False
True,2014-09-29 22:23:18,very short,True,False
True,2014-09-30 16:08:02,very short,True,False
True,2014-09-30 16:40:31,very short,True,False
False,2014-09-30 17:33:10,medium,True,False
False,2014-09-30 20:29:32,medium,True,False
False,2014-09-30 21:45:22,short,True,False
True,2014-09-30 22:20:05,very short,True,False
True,2014-09-30 22:23:01,very short,True,False
True,2014-09-30 22:26:07,very short,True,False
False,2014-10-01 19:17:58,very short,True,False
False,2014-10-01 19:27:12,very short,True,False
False,2014-10-01 19:53:12,lengthy,False,False
True,2014-10-01 22:02:47,very short,True,False
True,2014-10-01 23:02:26,very short,True,False
False,2014-10-02 03:38:59,very short,True,False
False,2014-10-02 04:39:37,very short,True,False
False,2014-10-02 14:18:34,very short,True,False
False,2014-10-02 21:05:48,very short,True,False
False,2014-10-02 23:18:38,very short,True,True
False,2014-10-03 10:08:11,lengthy,False,False
False,2014-10-03 20:59:08,medium,True,False
False,2014-10-06 03:10:14,medium,True,False
False,2014-10-06 12:25:07,short,False,False
True,2014-10-06 13:53:11,lengthy,True,False
False,2014-10-06 19:05:30,very short,True,False
False,2014-10-06 20:54:44,very short,True,False
False,2014-10-07 14:40:26,very short,True,False
False,2014-10-07 19:48:13,lengthy,False,True
False,2014-10-07 19:55:49,medium,True,False
False,2014-10-07 22:53:07,lengthy,False,False
False,2014-10-07 22:56:44,lengthy,False,False
False,2014-10-08 09:20:56,very short,False,False
False,2014-10-08 15:29:58,very short,True,False
True,2014-10-08 17:00:47,medium,True,False
True,2014-10-08 20:10:33,lengthy,True,False
True,2014-10-09 04:59:29,very short,True,False
True,2014-10-09 05:49:04,very short,True,False
True,2014-10-09 18:53:08,lengthy,True,False
True,2014-10-09 19:18:35,lengthy,True,False
True,2014-10-09 19:39:55,lengthy,True,False
True,2014-10-10 03:18:43,lengthy,True,False
True,2014-10-10 06:12:24,short,True,False
True,2014-10-10 08:30:01,lengthy,False,False
True,2014-10-10 15:30:21,short,True,False
True,2014-10-10 16:24:55,short,False,False
False,2014-10-10 20:19:45,medium,False,False
True,2014-10-11 16:12:43,medium,True,False
True,2014-10-12 02:40:19,medium,True,False
True,2014-10-12 23:15:38,lengthy,True,False
True,2014-10-13 06:01:36,medium,False,True
True,2014-10-13 08:24:27,lengthy,False,True
True,2014-10-13 15:29:01,short,True,False
True,2014-10-13 19:54:24,very short,True,False
True,2014-10-14 10:25:35,very short,False,False
True,2014-10-14 17:08:55,very short,True,False
True,2014-10-14 17:53:16,very short,True,False
True,2014-10-14 18:41:19,very short,True,False
True,2014-10-14 19:58:07,medium,True,False
True,2014-10-14 20:22:25,very short,True,False
True,2014-10-15 05:41:18,medium,False,True
True,2014-10-15 06:26:13,very short,True,False
True,2014-10-15 15:30:57,very short,True,False
True,2014-10-15 17:33:47,very short,True,False
True,2014-10-15 18:36:29,very short,True,False
True,2014-10-15 19:05:54,very short,True,False
True,2014-10-15 19:18:45,very short,True,False
True,2014-10-15 20:24:31,medium,True,False
True,2014-10-16 00:01:38,very short,True,False
True,2014-10-16 12:34:25,very short,True,False
True,2014-10-16 15:29:12,short,True,False
False,2014-10-16 19:59:31,lengthy,True,False
True,2014-10-16 21:45:53,very short,True,False
True,2014-10-17 15:29:21,medium,True,False
True,2014-10-17 15:35:13,medium,True,False
True,2014-10-17 15:53:57,very short,True,False
True,2014-10-17 16:50:39,very short,True,False
True,2014-10-17 19:12:14,very short,True,False
True,2014-10-17 19:36:56,medium,True,False
True,2014-10-17 20:51:32,medium,True,False
True,2014-10-19 09:06:35,very short,False,False
True,2014-10-19 18:04:02,medium,False,False
False,2014-10-20 16:02:50,very short,True,False
True,2014-10-20 21:31:14,very short,True,False
True,2014-10-21 01:41:49,lengthy,True,False
True,2014-10-21 18:52:54,lengthy,True,False
True,2014-10-21 19:43:40,medium,True,False
True,2014-10-21 21:36:24,very short,True,False
True,2014-10-22 00:05:01,very short,True,False
True,2014-10-22 20:25:52,very short,True,False
False,2014-10-23 04:13:50,lengthy,False,False
False,2014-10-23 05:54:40,lengthy,False,False
True,2014-10-24 00:08:44,medium,True,False
True,2014-10-24 00:51:23,lengthy,False,False
False,2014-10-24 01:31:23,lengthy,False,False
True,2014-10-24 02:14:34,lengthy,False,False
True,2014-10-24 15:18:50,very short,True,False
True,2014-10-24 16:13:59,very short,True,False
False,2014-10-24 16:55:03,very short,True,False
True,2014-10-24 17:34:04,medium,True,False
True,2014-10-26 20:53:42,very short,True,False
True,2014-10-27 06:38:53,medium,False,True
True,2014-10-27 15:27:47,very short,True,False
True,2014-10-27 21:01:18,very short,True,False
True,2014-10-27 22:24:26,short,False,False
True,2014-10-27 23:19:01,very short,True,False
True,2014-10-28 00:56:26,medium,True,False
True,2014-10-28 01:21:04,short,False,False
True,2014-10-28 03:23:46,very short,True,False
True,2014-10-28 04:09:59,very short,True,False
True,2014-10-28 04:43:49,very short,True,False
True,2014-10-28 16:23:23,short,False,False
False,2014-10-28 17:01:25,medium,True,False
True,2014-10-28 17:13:58,very short,False,False
True,2014-10-28 21:47:58,lengthy,True,False
True,2014-10-29 21:07:37,lengthy,False,False
True,2014-10-29 22:26:47,lengthy,True,False
False,2014-10-30 13:21:24,lengthy,False,False
True,2014-10-30 15:52:33,medium,True,False
True,2014-10-30 20:33:13,very short,True,False
True,2014-10-30 22:06:07,very short,True,False
True,2014-10-31 00:31:07,medium,True,False
True,2014-10-31 01:58:26,medium,True,False
True,2014-10-31 04:41:30,very short,True,False
True,2014-10-31 17:41:43,very short,True,False
True,2014-10-31 20:36:01,lengthy,True,False
True,2014-10-31 21:45:47,very short,True,False
True,2014-11-03 17:34:28,medium,True,False
True,2014-11-03 19:42:49,very short,True,False
True,2014-11-03 20:20:32,short,True,False
True,2014-11-03 21:33:45,short,True,False
True,2014-11-04 10:59:59,very short,True,False
True,2014-11-04 17:02:00,lengthy,True,False
True,2014-11-04 19:44:35,medium,True,False
True,2014-11-05 19:12:21,medium,True,False
True,2014-11-05 19:23:04,very short,True,False
True,2014-11-05 21:28:59,very short,True,False
True,2014-11-05 22:04:03,short,True,False
True,2014-11-05 23:17:38,very short,True,False
True,2014-11-06 02:21:26,lengthy,False,True
True,2014-11-06 04:25:01,very short,True,False
True,2014-11-06 04:31:32,very short,True,False
True,2014-11-08 11:26:57,medium,True,False
True,2014-11-09 02:07:10,short,True,False
True,2014-11-09 08:43:59,short,False,True
True,2014-11-09 13:23:29,medium,False,False
True,2014-11-09 20:30:25,very short,True,False
True,2014-11-10 18:18:48,medium,True,False
True,2014-11-10 19:31:13,very short,True,False
True,2014-11-10 20:57:01,very short,True,False
True,2014-11-10 21:27:53,very short,True,False
True,2014-11-11 18:29:41,lengthy,True,False
True,2014-11-11 20:19:39,very short,True,False
True,2014-11-11 20:40:05,very short,True,False
True,2014-11-11 20:54:16,very short,True,False
True,2014-11-11 21:08:26,short,True,False
True,2014-11-11 21:16:34,very short,True,False
True,2014-11-11 21:24:02,very short,True,False
True,2014-11-11 21:39:01,very short,True,False
True,2014-11-11 21:58:43,very short,True,False
False,2014-11-11 22:33:22,medium,True,False
True,2014-11-12 07:22:39,very short,True,False
True,2014-11-12 16:01:52,medium,True,False
True,2014-11-12 16:55:16,lengthy,False,False
True,2014-11-12 17:17:23,very short,True,False
True,2014-11-12 18:53:05,medium,True,False
True,2014-11-12 19:51:46,short,True,False
True,2014-11-12 22:10:39,very short,True,False
True,2014-11-13 00:51:28,short,True,False
True,2014-11-13 07:09:29,very short,True,False
True,2014-11-13 17:29:43,very short,True,False
True,2014-11-13 19:05:57,very short,True,False
True,2014-11-13 20:33:31,short,False,False
True,2014-11-13 20:54:17,very short,True,False
True,2014-11-14 01:40:26,lengthy,True,False
True,2014-11-14 15:41:23,very short,True,False
True,2014-11-14 17:49:55,medium,True,False
True,2014-11-14 18:15:34,lengthy,True,False
True,2014-11-14 19:05:24,medium,True,False
True,2014-11-14 21:53:04,short,True,False
True,2014-11-14 23:14:14,lengthy,True,False
True,2014-11-14 23:30:12,short,True,False
True,2014-11-15 01:29:03,lengthy,False,False
False,2014-11-17 00:51:21,very short,True,False
False,2014-11-17 00:54:15,very short,True,False
False,2014-11-17 16:08:07,very short,True,False
True,2014-11-17 17:43:52,very short,True,False
True,2014-11-17 18:43:07,lengthy,True,True
True,2014-11-17 19:12:43,medium,True,False
True,2014-11-17 19:36:02,medium,True,False
False,2014-11-18 00:04:33,lengthy,True,False
False,2014-11-18 02:09:02,very short,True,False
False,2014-11-18 18:20:00,very short,False,True
True,2014-11-18 19:06:24,lengthy,False,True
True,2014-11-18 19:31:54,medium,True,False
False,2014-11-18 20:57:17,very short,True,False
True,2014-11-19 05:16:00,medium,True,True
False,2014-11-19 16:21:32,very short,True,False
False,2014-11-19 20:13:25,very short,False,False
False,2014-11-19 20:29:12,very short,False,False
False,2014-11-19 22:07:59,short,True,False
False,2014-11-20 16:08:11,very short,False,False
False,2014-11-20 18:26:22,very short,True,False
True,2014-11-22 14:16:08,very short,False,True
True,2014-11-22 18:51:53,very short,True,False
True,2014-11-22 23:26:35,short,True,False
True,2014-11-22 23:31:12,medium,True,False
True,2014-11-24 08:33:31,medium,False,True
True,2014-11-24 14:38:46,short,True,False
True,2014-11-24 16:52:43,very short,True,False
True,2014-11-25 16:19:25,very short,True,False
True,2014-11-25 18:38:47,medium,True,False
True,2014-11-25 20:06:13,very short,True,False
True,2014-11-25 22:19:19,very short,True,False
True,2014-11-26 06:57:33,very short,True,False
True,2014-11-26 15:20:24,short,False,True
True,2014-11-26 19:58:09,medium,True,False
True,2014-11-27 02:20:17,medium,True,False
True,2014-11-27 03:57:22,lengthy,True,False
True,2014-11-27 21:48:12,very short,False,False
False,2014-11-27 22:46:47,medium,True,False
True,2014-11-28 17:24:48,medium,False,True
True,2014-11-28 21:04:01,medium,True,False
True,2014-11-30 00:15:05,lengthy,True,False
True,2014-12-01 07:27:29,very short,True,False
True,2014-12-01 13:58:18,medium,True,False
True,2014-12-01 16:52:57,lengthy,True,False
True,2014-12-01 18:28:52,very short,True,False
True,2014-12-02 05:28:02,lengthy,False,True
True,2014-12-02 07:21:44,very short,True,False
True,2014-12-02 17:45:33,medium,True,False
True,2014-12-02 19:08:45,lengthy,True,False
True,2014-12-02 19:57:33,lengthy,True,False
True,2014-12-02 20:05:53,very short,True,False
True,2014-12-02 23:18:19,very short,True,False
True,2014-12-02 23:26:49,very short,True,False
False,2014-12-03 00:00:37,lengthy,False,True
False,2014-12-03 02:05:56,short,True,False
True,2014-12-03 20:03:23,short,True,False
True,2014-12-04 17:12:11,very short,True,False
True,2014-12-04 19:02:03,short,True,False
True,2014-12-04 19:13:02,short,True,False
True,2014-12-04 20:22:47,lengthy,True,False
True,2014-12-04 21:34:27,very short,True,False
True,2014-12-04 22:22:40,lengthy,True,False
True,2014-12-04 23:16:10,very short,True,False
False,2014-12-04 23:36:21,lengthy,False,True
True,2014-12-05 08:21:08,lengthy,True,False
True,2014-12-05 10:26:01,medium,True,False
True,2014-12-05 17:24:47,medium,True,False
True,2014-12-05 17:43:07,medium,True,False
True,2014-12-06 02:29:19,medium,True,False
True,2014-12-06 19:15:04,medium,False,False
False,2014-12-06 21:44:35,short,True,False
True,2014-12-08 15:03:51,lengthy,True,False
True,2014-12-08 16:50:45,short,True,False
True,2014-12-08 16:58:59,very short,True,False
True,2014-12-08 18:20:55,medium,False,False
True,2014-12-08 20:42:20,very short,True,False
True,2014-12-08 21:04:48,short,True,False
True,2014-12-09 09:30:15,medium,False,True
True,2014-12-09 17:40:52,very short,True,False
True,2014-12-09 18:27:08,medium,True,False
True,2014-12-09 21:58:46,very short,True,False
True,2014-12-10 21:44:16,very short,False,False
True,2014-12-10 22:32:12,lengthy,True,False
True,2014-12-11 03:41:10,medium,False,True
True,2014-12-11 17:19:25,very short,True,False
True,2014-12-11 21:25:18,very short,True,False
True,2014-12-11 21:27:49,very short,True,False
True,2014-12-11 22:12:17,very short,True,False
True,2014-12-11 22:31:16,very short,True,False
True,2014-12-11 22:35:23,very short,True,False
True,2014-12-12 02:07:32,very short,True,False
True,2014-12-12 08:15:15,lengthy,True,False
True,2014-12-12 12:17:54,very short,True,False
True,2014-12-12 19:12:15,very short,True,False
True,2014-12-12 19:37:37,very short,True,False
True,2014-12-12 19:59:35,lengthy,True,False
True,2014-12-12 23:34:46,short,True,False
True,2014-12-13 16:04:04,lengthy,True,False
True,2014-12-13 18:28:19,short,True,False
True,2014-12-13 19:00:35,very short,True,False
True,2014-12-13 20:51:59,lengthy,True,False
True,2014-12-14 05:11:57,short,False,False
True,2014-12-15 18:58:12,short,True,False
True,2014-12-16 06:14:44,very short,True,False
True,2014-12-16 15:45:14,very short,True,False
True,2014-12-17 14:25:54,very short,True,False
True,2014-12-17 16:01:57,lengthy,True,True
True,2014-12-17 18:51:10,very short,True,False
True,2014-12-17 23:54:23,short,True,True
False,2014-12-18 00:16:31,very short,False,True
True,2014-12-18 00:43:42,very short,True,False
True,2014-12-18 01:45:49,very short,False,True
True,2014-12-18 15:24:44,very short,True,False
True,2014-12-18 15:40:28,very short,True,False
True,2014-12-18 20:50:00,very short,True,False
True,2014-12-19 01:23:59,very short,True,False
True,2014-12-19 09:30:41,very short,True,False
True,2014-12-19 19:43:00,very short,True,False
True,2014-12-19 19:53:18,very short,True,False
True,2014-12-19 20:59:50,very short,True,False
True,2014-12-19 22:18:59,short,True,False
True,2014-12-19 23:36:18,lengthy,True,False
True,2014-12-20 06:40:39,medium,True,False
True,2014-12-20 17:40:23,lengthy,False,False
True,2014-12-21 16:04:04,medium,False,False
False,2014-12-22 10:45:39,very short,False,False
False,2014-12-22 19:39:37,short,True,False
False,2014-12-22 21:01:43,very short,True,False
False,2014-12-23 00:08:30,medium,True,False
False,2014-12-23 06:25:08,very short,True,False
False,2014-12-23 11:01:01,medium,False,False
False,2014-12-23 11:19:03,medium,True,False
False,2014-12-23 17:48:34,medium,True,False
False,2014-12-24 04:38:51,very short,False,True
False,2014-12-26 16:17:34,medium,False,False
False,2014-12-27 21:23:20,very short,False,False
True,2014-12-28 23:39:26,short,True,False
True,2014-12-29 14:24:23,very short,True,False
True,2014-12-29 16:44:13,lengthy,True,False
False,2014-12-29 17:14:28,lengthy,False,True
True,2014-12-29 17:24:27,short,True,False
True,2014-12-29 18:40:02,short,True,False
True,2014-12-29 21:11:02,medium,False,False
True,2014-12-29 23:07:25,very short,True,False
True,2014-12-30 00:55:50,very short,True,False
True,2014-12-30 08:13:42,very short,True,False
True,2014-12-30 16:20:04,very short,True,False
True,2014-12-30 17:56:37,lengthy,True,False
True,2014-12-30 20:25:00,medium,True,False
True,2014-12-31 02:05:21,medium,True,False
True,2014-12-31 09:47:04,medium,True,False
True,2014-12-31 17:46:32,very short,True,False
False,2014-12-31 18:13:07,very short,True,False
False,2014-12-31 20:17:41,very short,True,False
False,2014-12-31 20:31:27,very short,True,False
False,2014-12-31 22:01:28,lengthy,True,False
False,2015-01-01 22:14:00,very short,True,False
False,2015-01-02 02:07:57,very short,True,False
False,2015-01-02 10:32:10,lengthy,False,True
False,2015-01-02 11:53:20,lengthy,False,False
False,2015-01-02 17:48:01,very short,True,False
False,2015-01-02 19:39:20,very short,True,False
False,2015-01-02 22:38:33,short,True,False
False,2015-01-03 08:34:49,short,True,False
True,2015-01-03 14:47:33,short,True,False
False,2015-01-04 15:49:15,lengthy,False,False
False,2015-01-04 17:08:42,lengthy,True,False
True,2015-01-04 19:53:08,lengthy,False,True
False,2015-01-05 11:46:32,short,False,False
True,2015-01-05 17:57:04,very short,True,False
True,2015-01-06 10:34:45,short,True,False
True,2015-01-06 11:07:45,lengthy,True,False
True,2015-01-06 18:51:05,very short,True,False
True,2015-01-06 20:35:49,short,True,False
True,2015-01-07 10:02:39,very short,False,True
True,2015-01-07 16:43:03,short,True,False
True,2015-01-07 17:23:16,short,True,False
True,2015-01-07 17:46:50,very short,True,False
True,2015-01-07 18:13:31,very short,True,False
True,2015-01-07 18:39:48,very short,True,False
True,2015-01-07 19:45:16,very short,True,False
True,2015-01-07 21:38:07,lengthy,True,False
True,2015-01-07 22:04:35,very short,True,False
True,2015-01-07 22:12:15,short,True,False
True,2015-01-07 23:00:33,short,False,False
True,2015-01-08 04:53:29,very short,False,True
True,2015-01-08 05:51:58,very short,True,False
True,2015-01-08 15:43:14,very short,True,False
True,2015-01-08 18:48:31,very short,True,False
True,2015-01-08 22:38:43,very short,True,False
True,2015-01-08 23:01:37,lengthy,True,False
True,2015-01-09 15:41:00,very short,True,False
True,2015-01-09 21:08:07,very short,True,False
True,2015-01-09 21:15:04,lengthy,True,False
True,2015-01-09 23:22:59,very short,True,False
True,2015-01-10 21:30:01,lengthy,False,False
True,2015-01-12 17:20:22,short,True,False
True,2015-01-13 02:49:04,medium,True,False
True,2015-01-13 05:45:06,very short,False,True
False,2015-01-13 08:20:31,lengthy,False,False
True,2015-01-13 18:31:10,short,True,False
True,2015-01-13 20:49:59,medium,False,False
True,2015-01-14 03:36:51,lengthy,False,True
True,2015-01-14 17:00:11,medium,True,False
True,2015-01-14 21:08:11,very short,False,False
True,2015-01-15 21:12:08,very short,True,False
True,2015-01-15 23:14:24,short,True,False
True,2015-01-16 17:44:30,medium,False,True
False,2015-01-16 21:10:44,lengthy,False,True
True,2015-01-16 23:19:33,medium,True,False
True,2015-01-17 08:08:52,lengthy,True,False
True,2015-01-18 13:49:27,very short,False,True
True,2015-01-18 16:21:10,lengthy,False,False
True,2015-01-19 04:30:57,very short,True,False
True,2015-01-19 07:39:27,very short,True,False
True,2015-01-19 12:22:58,lengthy,False,False
True,2015-01-19 17:08:37,lengthy,True,False
True,2015-01-19 17:27:30,very short,False,True
True,2015-01-20 03:53:05,very short,True,False
True,2015-01-20 10:17:07,short,True,False
True,2015-01-20 19:24:06,lengthy,True,False
True,2015-01-20 21:44:50,short,True,False
True,2015-01-20 22:06:09,very short,True,False
True,2015-01-21 06:14:37,very short,True,False
True,2015-01-21 06:32:02,very short,True,False
True,2015-01-21 17:53:59,very short,True,False
True,2015-01-21 22:13:38,very short,True,False
True,2015-01-22 19:47:24,very short,True,False
True,2015-01-22 20:29:02,very short,True,False
True,2015-01-23 09:04:30,very short,True,False
True,2015-01-23 15:20:49,very short,True,False
True,2015-01-24 08:50:56,short,True,False
True,2015-01-26 06:33:51,very short,True,False
True,2015-01-26 14:46:41,medium,True,False
True,2015-01-26 17:00:55,very short,True,False
True,2015-01-26 22:07:48,very short,True,False
True,2015-01-27 02:47:35,short,True,False
True,2015-01-27 03:40:41,very short,False,False
True,2015-01-27 06:26:11,very short,True,False
True,2015-01-27 16:36:32,very short,True,False
True,2015-01-27 16:57:15,lengthy,True,False
True,2015-01-27 17:03:39,very short,True,False
True,2015-01-27 18:33:26,very short,True,False
True,2015-01-27 19:38:23,short,True,False
True,2015-01-27 19:42:07,medium,True,False
True,2015-01-28 02:22:38,very short,True,False
True,2015-01-28 11:32:57,medium,False,True
False,2015-01-28 17:08:47,medium,False,False
True,2015-01-28 19:43:48,medium,True,False
True,2015-01-28 19:46:20,medium,True,False
True,2015-01-28 20:30:24,very short,True,False
True,2015-01-28 23:01:32,very short,True,False
True,2015-01-29 00:26:03,very short,True,False
True,2015-01-29 02:48:56,medium,False,False
True,2015-01-29 19:55:49,very short,True,False
False,2015-01-29 20:46:56,medium,False,False
True,2015-01-29 21:56:08,very short,False,True
True,2015-01-29 22:32:36,lengthy,False,True
True,2015-01-29 22:57:27,very short,True,False
True,2015-01-30 01:30:10,very short,True,False
True,2015-01-30 14:30:20,very short,True,False
True,2015-01-30 18:58:15,medium,True,False
True,2015-01-30 18:58:59,medium,False,True
True,2015-01-30 20:31:16,very short,True,False
True,2015-01-30 21:17:47,very short,True,False
True,2015-01-30 21:52:35,short,True,False
True,2015-01-30 23:42:34,very short,False,False
True,2015-01-31 21:02:32,medium,True,False
True,2015-02-01 05:59:42,short,True,False
True,2015-02-01 08:59:10,lengthy,False,False
True,2015-02-02 02:10:16,very short,True,False
True,2015-02-02 06:22:31,very short,True,False
True,2015-02-02 18:34:55,medium,False,False
True,2015-02-02 19:04:58,very short,True,False
True,2015-02-02 19:14:01,short,True,False
True,2015-02-02 22:40:08,very short,True,False
True,2015-02-02 22:57:44,short,False,True
True,2015-02-03 03:09:41,very short,True,False
True,2015-02-03 04:31:30,very short,True,False
True,2015-02-03 22:27:39,medium,False,False
True,2015-02-04 14:54:14,very short,False,False
True,2015-02-05 08:06:01,very short,True,False
True,2015-02-05 10:45:18,very short,True,False
True,2015-02-05 18:38:08,very short,True,False
False,2015-02-06 01:23:55,lengthy,True,False
True,2015-02-06 17:09:27,medium,False,True
True,2015-02-06 17:53:54,lengthy,True,False
True,2015-02-06 19:06:45,short,True,False
True,2015-02-06 20:01:35,lengthy,False,False
True,2015-02-06 20:58:19,lengthy,True,False
True,2015-02-06 21:19:43,very short,True,False
True,2015-02-07 20:20:59,very short,True,False
True,2015-02-09 18:36:25,very short,True,False
True,2015-02-09 19:44:35,very short,True,False
True,2015-02-09 19:50:34,very short,True,False
True,2015-02-09 21:48:54,very short,True,False
True,2015-02-10 18:43:58,very short,True,False
True,2015-02-10 20:55:30,lengthy,True,False
True,2015-02-11 01:02:49,short,True,False
True,2015-02-11 01:22:12,short,False,False
True,2015-02-11 17:20:24,very short,True,False
True,2015-02-11 18:06:59,very short,False,False
True,2015-02-11 18:42:54,very short,True,False
True,2015-02-11 19:31:26,very short,True,False
False,2015-02-11 19:50:42,very short,False,False
True,2015-02-12 14:56:40,very short,True,False
True,2015-02-12 18:15:33,very short,True,False
True,2015-02-12 18:28:17,medium,True,False
True,2015-02-12 20:23:01,very short,True,False
True,2015-02-12 22:20:34,very short,True,False
True,2015-02-12 22:22:54,very short,True,False
True,2015-02-12 22:37:19,medium,True,False
True,2015-02-12 23:18:08,very short,True,False
True,2015-02-13 05:11:31,medium,False,False
True,2015-02-13 18:44:55,very short,False,False
True,2015-02-13 19:29:11,very short,False,False
False,2015-02-13 20:25:27,very short,True,False
True,2015-02-13 23:43:00,medium,True,False
True,2015-02-14 13:15:12,medium,False,False
True,2015-02-15 15:51:09,medium,False,False
True,2015-02-16 14:51:45,short,True,False
False,2015-02-17 09:33:52,very short,True,False
False,2015-02-17 11:50:52,very short,True,False
False,2015-02-17 16:58:18,very short,True,False
False,2015-02-17 17:53:28,short,True,True
False,2015-02-17 18:43:13,very short,True,False
False,2015-02-17 19:07:36,very short,True,False
False,2015-02-17 20:57:39,very short,True,False
False,2015-02-18 01:59:13,lengthy,False,True
False,2015-02-18 02:48:22,very short,True,False
False,2015-02-18 03:03:43,very short,True,False
False,2015-02-18 06:07:39,very short,True,False
False,2015-02-18 06:34:27,very short,True,False
True,2015-02-18 15:54:29,lengthy,False,False
False,2015-02-18 17:31:11,short,False,False
False,2015-02-18 18:35:49,very short,False,False
False,2015-02-18 19:49:31,lengthy,False,False
False,2015-02-18 23:09:29,very short,True,False
False,2015-02-19 06:07:22,short,False,True
False,2015-02-19 16:53:50,short,True,False
False,2015-02-19 21:07:12,very short,False,True
False,2015-02-19 21:18:44,very short,False,False
False,2015-02-20 07:07:47,very short,True,False
False,2015-02-20 17:18:54,short,True,False
False,2015-02-20 18:26:21,very short,True,False
False,2015-02-21 02:09:05,very short,False,False
False,2015-02-21 02:16:13,short,True,False
False,2015-02-21 03:18:58,medium,True,False
False,2015-02-21 03:40:32,very short,True,False
False,2015-02-21 04:01:30,short,True,False
False,2015-02-21 04:58:02,short,True,False
False,2015-02-21 06:36:48,short,True,False
False,2015-02-21 14:40:56,very short,True,False
False,2015-02-21 17:35:01,medium,True,False
False,2015-02-22 01:25:43,medium,False,False
False,2015-02-22 08:41:35,short,True,False
True,2015-02-22 21:49:48,very short,True,False
True,2015-02-22 22:40:00,very short,True,False
True,2015-02-23 20:03:37,very short,True,False
True,2015-02-23 20:06:15,very short,True,False
True,2015-02-24 05:20:17,medium,True,False
True,2015-02-24 11:22:14,very short,True,False
True,2015-02-24 11:25:08,very short,True,False
True,2015-02-24 14:54:21,very short,True,False
True,2015-02-24 17:17:47,medium,True,False
True,2015-02-24 18:47:13,very short,True,False
False,2015-02-24 21:23:14,very short,True,False
True,2015-02-25 03:04:01,very short,True,False
True,2015-02-25 16:55:25,very short,True,False
True,2015-02-25 21:17:46,short,True,False
True,2015-02-26 03:10:16,lengthy,False,False
True,2015-02-26 14:09:46,lengthy,False,False
True,2015-02-26 17:28:25,lengthy,True,False
True,2015-02-26 20:16:02,lengthy,False,False
True,2015-02-26 20:54:05,very short,True,False
True,2015-02-26 21:15:48,very short,True,False
True,2015-02-26 22:06:15,medium,True,False
True,2015-02-27 18:49:33,medium,True,False
True,2015-02-27 23:22:40,medium,True,False
True,2015-02-27 23:29:08,very short,True,False
False,2015-03-01 03:49:10,very short,True,False
False,2015-03-01 12:46:53,lengthy,False,True
False,2015-03-01 13:03:08,medium,False,False
True,2015-03-02 21:35:16,very short,True,False
True,2015-03-04 00:42:36,very short,True,False
False,2015-03-04 05:59:05,lengthy,False,True
True,2015-03-04 18:20:40,very short,True,False
True,2015-03-04 22:49:26,medium,True,False
True,2015-03-05 01:31:42,medium,True,False
True,2015-03-05 06:20:32,medium,True,False
True,2015-03-05 06:42:10,very short,True,False
True,2015-03-05 18:53:12,very short,True,False
True,2015-03-05 21:51:52,very short,True,False
True,2015-03-06 05:36:39,short,False,False
True,2015-03-06 15:04:53,lengthy,False,True
True,2015-03-07 19:51:55,medium,False,False
True,2015-03-07 22:05:36,very short,True,False
True,2015-03-08 00:14:13,very short,True,False
True,2015-03-08 02:48:17,short,True,False
True,2015-03-09 15:59:32,medium,True,False
True,2015-03-09 22:07:10,short,True,False
True,2015-03-10 00:06:11,very short,True,False
True,2015-03-10 09:37:34,short,False,True
True,2015-03-10 22:15:20,very short,True,False
True,2015-03-10 22:19:01,short,True,False
True,2015-03-11 17:30:03,medium,True,False
True,2015-03-11 23:34:11,very short,True,False
True,2015-03-12 00:52:27,very short,True,False
True,2015-03-12 00:53:28,very short,True,False
True,2015-03-12 02:47:22,short,True,False
False,2015-03-12 04:10:46,lengthy,False,True
True,2015-03-12 04:31:54,short,True,False
True,2015-03-12 06:14:04,short,True,False
True,2015-03-12 07:47:38,very short,True,False
True,2015-03-12 15:15:08,very short,True,False
True,2015-03-12 23:41:59,lengthy,True,False
True,2015-03-13 05:36:45,very short,True,False
True,2015-03-13 09:41:29,lengthy,True,False
True,2015-03-13 12:03:39,medium,True,False
True,2015-03-13 13:58:22,lengthy,True,False
True,2015-03-13 19:53:47,very short,True,False
True,2015-03-14 12:18:44,short,False,False
True,2015-03-14 21:04:52,medium,True,False
True,2015-03-16 01:34:55,very short,True,False
True,2015-03-16 05:18:02,short,True,False
True,2015-03-16 19:15:35,very short,False,True
True,2015-03-16 23:15:56,very short,True,False
False,2015-03-17 01:16:17,lengthy,True,False
True,2015-03-17 10:14:19,medium,True,False
True,2015-03-17 11:23:41,medium,True,False
False,2015-03-17 18:27:08,lengthy,True,False
True,2015-03-17 21:26:23,short,True,False
True,2015-03-18 09:03:27,very short,True,False
True,2015-03-18 20:29:13,very short,False,False
True,2015-03-18 21:17:07,very short,True,False
True,2015-03-18 21:30:08,very short,True,False
True,2015-03-19 03:59:33,very short,True,False
True,2015-03-19 17:46:16,short,True,False
True,2015-03-19 19:26:17,very short,True,False
True,2015-03-19 20:51:46,very short,True,False
True,2015-03-19 22:12:12,very short,True,False
True,2015-03-19 22:35:42,short,True,False
True,2015-03-20 03:54:41,medium,True,False
True,2015-03-20 18:41:43,very short,True,False
True,2015-03-20 19:20:28,very short,True,False
True,2015-03-20 21:28:41,very short,True,False
True,2015-03-20 22:09:56,very short,False,True
True,2015-03-20 22:42:59,very short,False,False
True,2015-03-21 02:05:35,medium,True,False
True,2015-03-21 02:35:25,very short,True,False
True,2015-03-21 03:29:14,short,True,False
True,2015-03-21 17:00:08,medium,True,False
True,2015-03-23 01:29:19,very short,True,False
True,2015-03-23 06:27:50,very short,True,False
True,2015-03-23 07:19:43,very short,True,False
True,2015-03-23 14:26:35,lengthy,False,True
True,2015-03-23 19:44:06,short,False,True
True,2015-03-23 20:05:25,lengthy,True,False
True,2015-03-23 20:59:27,medium,True,False
True,2015-03-24 00:32:26,very short,True,False
True,2015-03-24 05:24:03,short,True,False
True,2015-03-24 05:46:51,very short,True,False
True,2015-03-24 05:56:06,very short,True,False
True,2015-03-24 08:41:14,very short,False,False
True,2015-03-24 16:12:41,very short,True,False
True,2015-03-24 17:10:20,very short,True,False
True,2015-03-24 17:13:54,very short,True,False
True,2015-03-24 21:31:21,very short,True,False
True,2015-03-24 22:40:53,very short,False,False
True,2015-03-25 00:24:28,lengthy,True,False
True,2015-03-25 16:22:07,very short,True,False
True,2015-03-25 17:52:58,medium,True,False
True,2015-03-25 18:41:01,very short,True,False
False,2015-03-26 15:19:50,lengthy,False,False
True,2015-03-27 07:41:51,medium,True,False
True,2015-03-27 08:30:52,medium,True,False
True,2015-03-27 11:48:06,lengthy,False,False
True,2015-03-27 17:33:22,medium,True,False
True,2015-03-27 18:30:11,very short,False,True
True,2015-03-27 18:38:38,short,False,True
True,2015-03-27 22:59:16,medium,True,False
True,2015-03-28 01:29:23,short,True,False
True,2015-03-29 00:51:43,short,False,False
False,2015-03-29 00:58:18,short,False,False
True,2015-03-29 01:11:42,short,False,False
True,2015-03-29 20:57:38,very short,True,False
True,2015-03-29 23:57:16,medium,True,False
True,2015-03-30 19:43:00,short,True,False
True,2015-03-30 22:23:44,short,True,False
True,2015-03-31 04:45:57,very short,True,False
False,2015-03-31 13:54:52,very short,True,False
True,2015-03-31 16:03:43,very short,True,False
True,2015-03-31 19:19:39,very short,True,False
True,2015-04-01 10:17:59,medium,True,False
True,2015-04-01 11:41:28,very short,True,False
True,2015-04-01 17:18:37,short,True,False
True,2015-04-01 17:43:55,short,True,False
True,2015-04-01 18:16:40,very short,True,False
True,2015-04-01 19:08:26,very short,True,False
True,2015-04-01 21:40:05,short,True,False
True,2015-04-01 22:53:54,short,True,False
True,2015-04-01 23:05:09,short,True,False
True,2015-04-02 11:27:27,short,False,False
True,2015-04-02 16:23:46,short,True,False
True,2015-04-02 18:55:15,very short,True,False
True,2015-04-03 03:44:09,very short,True,False
True,2015-04-03 05:19:12,very short,True,False
True,2015-04-03 16:37:26,very short,True,False
True,2015-04-03 20:40:49,very short,True,False
True,2015-04-04 04:51:44,lengthy,True,False
True,2015-04-04 18:56:31,short,True,False
False,2015-04-05 07:31:40,lengthy,False,False
True,2015-04-05 10:30:09,very short,False,False
True,2015-04-05 10:34:36,very short,False,False
True,2015-04-06 03:05:10,lengthy,True,False
True,2015-04-06 05:07:43,medium,True,False
True,2015-04-06 05:44:02,very short,False,False
True,2015-04-06 14:25:23,very short,True,False
True,2015-04-06 17:45:37,very short,True,False
True,2015-04-06 20:27:24,very short,False,False
False,2015-04-06 20:57:41,very short,False,False
True,2015-04-06 21:01:13,short,True,False
True,2015-04-06 23:54:04,very short,True,False
True,2015-04-07 01:20:04,short,True,False
True,2015-04-07 15:08:06,lengthy,True,False
True,2015-04-07 18:09:26,very short,True,False
False,2015-04-07 18:31:38,lengthy,True,False
True,2015-04-07 20:38:41,lengthy,True,False
True,2015-04-07 23:26:14,very short,True,False
True,2015-04-08 07:41:48,lengthy,True,False
True,2015-04-08 21:03:38,very short,True,False
True,2015-04-09 04:34:00,very short,True,False
True,2015-04-09 05:56:45,lengthy,True,False
True,2015-04-09 06:42:05,very short,False,True
True,2015-04-09 06:56:51,short,False,False
True,2015-04-09 13:41:54,very short,True,False
True,2015-04-09 14:46:48,medium,True,False
True,2015-04-09 21:02:22,very short,False,False
True,2015-04-09 21:45:07,medium,True,False
True,2015-04-09 22:18:51,very short,True,False
True,2015-04-09 22:19:24,very short,True,False
True,2015-04-09 23:13:57,very short,True,False
True,2015-04-10 00:40:52,very short,True,False
True,2015-04-10 04:56:24,very short,False,False
True,2015-04-10 10:03:30,very short,False,False
True,2015-04-10 10:09:52,very short,False,False
True,2015-04-10 18:08:13,lengthy,True,False
True,2015-04-10 20:37:32,very short,False,False
True,2015-04-12 01:13:46,short,True,False
True,2015-04-12 17:24:48,short,True,False
True,2015-04-13 00:26:49,medium,True,False
True,2015-04-13 07:11:39,medium,True,False
True,2015-04-13 15:51:12,very short,True,False
True,2015-04-13 21:52:48,short,True,False
True,2015-04-14 02:02:55,short,True,False
True,2015-04-14 03:03:20,medium,True,False
True,2015-04-14 03:35:54,very short,True,False
True,2015-04-14 06:36:48,very short,True,False
True,2015-04-14 06:53:50,short,True,False
True,2015-04-14 18:37:21,very short,True,False
True,2015-04-14 19:03:07,short,True,False
True,2015-04-14 20:25:38,very short,True,False
True,2015-04-14 23:40:27,short,True,False
True,2015-04-15 04:09:01,lengthy,False,True
True,2015-04-15 04:40:11,short,True,False
True,2015-04-15 06:16:35,very short,True,False
True,2015-04-15 06:45:14,very short,True,False
True,2015-04-15 14:49:35,medium,True,False
True,2015-04-15 18:31:52,very short,True,False
True,2015-04-15 19:21:05,short,True,False
True,2015-04-15 20:34:25,very short,True,False
True,2015-04-15 21:17:55,medium,True,False
True,2015-04-15 21:56:35,medium,True,False
True,2015-04-15 21:56:58,medium,True,False
True,2015-04-15 23:00:02,short,True,False
True,2015-04-16 02:24:39,very short,True,False
True,2015-04-16 10:28:20,very short,True,False
True,2015-04-16 11:56:26,very short,True,False
True,2015-04-16 12:58:55,very short,True,False
True,2015-04-16 13:02:25,very short,True,False
True,2015-04-16 13:35:07,medium,True,False
True,2015-04-16 14:57:21,medium,True,False
True,2015-04-16 15:00:24,very short,True,False
True,2015-04-16 15:11:23,lengthy,False,False
True,2015-04-16 15:34:00,very short,True,False
True,2015-04-16 18:05:15,very short,True,False
True,2015-04-16 18:13:27,medium,True,False
True,2015-04-16 19:29:21,very short,True,False
True,2015-04-16 20:50:00,very short,True,False
True,2015-04-16 20:50:52,medium,False,True
True,2015-04-17 04:28:45,lengthy,False,True
True,2015-04-17 10:40:52,very short,True,False
True,2015-04-17 19:08:40,very short,True,False
True,2015-04-17 21:04:30,lengthy,True,False
True,2015-04-17 21:16:56,short,True,False
True,2015-04-17 21:43:55,medium,True,False
False,2015-04-17 22:02:07,lengthy,False,True
True,2015-04-19 02:46:08,short,True,False
True,2015-04-19 16:31:56,short,True,False
False,2015-04-19 19:29:20,very short,False,True
True,2015-04-19 19:54:31,medium,False,False
False,2015-04-19 19:58:00,lengthy,False,False
True,2015-04-19 22:13:34,very short,True,False
True,2015-04-19 23:13:39,medium,True,False
True,2015-04-20 06:52:08,very short,True,False
True,2015-04-20 08:40:01,very short,True,False
True,2015-04-20 19:09:35,short,False,True
True,2015-04-20 22:07:16,very short,True,False
True,2015-04-20 22:21:27,lengthy,True,False
True,2015-04-21 02:13:08,medium,True,False
True,2015-04-21 10:43:01,lengthy,True,False
True,2015-04-21 17:28:57,medium,True,False
True,2015-04-21 22:21:13,very short,True,False
True,2015-04-22 06:11:45,short,False,False
False,2015-04-22 08:11:30,short,True,False
True,2015-04-22 08:31:35,lengthy,True,False
True,2015-04-23 06:43:25,short,True,False
True,2015-04-23 07:16:48,medium,False,False
False,2015-04-23 19:20:55,very short,True,False
True,2015-04-24 07:12:07,lengthy,False,False
True,2015-04-24 07:35:52,very short,True,False
True,2015-04-24 09:25:18,very short,True,False
True,2015-04-24 15:14:43,very short,False,False
True,2015-04-24 17:19:54,short,True,False
True,2015-04-25 07:58:20,lengthy,True,False
True,2015-04-26 00:06:46,lengthy,True,False
True,2015-04-26 01:04:58,lengthy,True,False
False,2015-04-26 01:43:53,short,True,False
False,2015-04-26 04:33:41,short,True,False
False,2015-04-26 06:19:17,short,True,False
False,2015-04-27 03:25:38,very short,True,False
True,2015-04-27 21:09:26,very short,True,False
True,2015-04-28 02:04:30,very short,True,False
True,2015-04-28 19:30:17,very short,True,False
True,2015-04-28 21:56:38,very short,False,True
True,2015-04-29 08:59:55,lengthy,True,False
True,2015-04-29 15:33:20,lengthy,True,False
True,2015-04-29 17:39:45,very short,False,False
True,2015-04-29 19:30:42,very short,True,False
True,2015-04-29 22:56:10,very short,True,False
True,2015-04-30 08:08:52,lengthy,False,True
True,2015-04-30 13:51:12,very short,True,False
True,2015-04-30 13:54:20,very short,True,False
True,2015-04-30 13:57:49,very short,True,False
True,2015-04-30 14:15:07,lengthy,True,False
True,2015-04-30 15:45:01,very short,True,False
True,2015-04-30 17:35:45,very short,True,False
True,2015-04-30 20:23:38,very short,True,False
True,2015-04-30 21:50:23,medium,True,False
True,2015-04-30 23:23:20,very short,False,False
True,2015-05-01 23:53:28,short,True,False
True,2015-05-02 14:53:53,medium,True,False
True,2015-05-02 15:15:06,short,True,False
True,2015-05-02 16:35:17,short,True,False
True,2015-05-03 15:43:18,very short,True,False
True,2015-05-03 19:11:32,very short,False,False
True,2015-05-04 08:34:57,very short,True,False
True,2015-05-04 21:19:11,medium,False,False
True,2015-05-05 02:53:06,medium,True,False
True,2015-05-05 12:31:45,lengthy,True,False
True,2015-05-05 19:21:42,very short,False,False
True,2015-05-05 19:37:16,short,True,False
True,2015-05-05 22:55:08,very short,True,False
True,2015-05-06 02:27:52,very short,False,True
True,2015-05-06 02:43:32,short,True,False
True,2015-05-06 14:29:50,very short,True,False
True,2015-05-06 16:35:45,very short,True,False
True,2015-05-06 16:41:54,short,True,False
True,2015-05-06 17:02:29,very short,True,False
True,2015-05-06 18:14:01,very short,True,False
True,2015-05-06 21:26:45,very short,True,False
True,2015-05-07 18:35:31,short,True,False
True,2015-05-07 22:03:19,very short,True,False
True,2015-05-08 17:57:20,short,False,False
True,2015-05-08 18:24:33,very short,False,False
True,2015-05-09 15:45:15,very short,True,False
True,2015-05-10 14:23:15,medium,True,False
True,2015-05-10 20:52:07,medium,False,False
True,2015-05-11 12:44:57,lengthy,True,False
True,2015-05-11 15:43:31,medium,True,False
True,2015-05-11 16:04:08,medium,True,False
True,2015-05-11 18:10:54,very short,False,True
True,2015-05-11 19:28:48,medium,True,False
True,2015-05-11 22:48:27,very short,True,False
True,2015-05-13 00:30:15,short,True,False
True,2015-05-13 05:27:52,short,True,False
False,2015-05-13 09:54:25,medium,False,False
True,2015-05-13 15:36:25,short,True,False
True,2015-05-13 21:36:43,short,True,False
True,2015-05-14 18:55:14,lengthy,True,False
True,2015-05-14 23:00:41,medium,True,False
True,2015-05-14 23:29:22,very short,True,False
True,2015-05-15 12:34:50,medium,False,True
True,2015-05-15 20:13:30,very short,True,False
True,2015-05-17 07:04:25,very short,False,False
True,2015-05-17 07:16:45,very short,True,False
True,2015-05-17 07:56:04,very short,True,False
True,2015-05-17 13:10:30,medium,False,False
True,2015-05-17 16:09:43,lengthy,False,False
True,2015-05-17 20:04:25,lengthy,False,False
True,2015-05-17 23:32:45,very short,True,False
True,2015-05-18 06:14:11,lengthy,True,False
True,2015-05-18 11:37:00,lengthy,True,False
True,2015-05-18 18:50:08,very short,True,False
True,2015-05-18 19:29:32,very short,True,False
True,2015-05-18 19:39:28,lengthy,True,False
True,2015-05-18 20:56:22,short,True,False
True,2015-05-19 00:45:37,medium,True,False
True,2015-05-19 05:20:07,short,True,False
True,2015-05-19 15:10:27,lengthy,False,False
True,2015-05-19 15:12:32,lengthy,False,False
True,2015-05-19 18:03:34,very short,False,False
True,2015-05-19 19:47:29,medium,True,False
True,2015-05-19 23:24:48,lengthy,True,False
False,2015-05-20 17:21:05,medium,False,True
False,2015-05-20 21:40:41,short,True,False
False,2015-05-20 21:52:18,lengthy,False,False
True,2015-05-20 22:19:51,lengthy,False,False
True,2015-05-21 05:16:14,lengthy,False,False
False,2015-05-21 05:35:21,medium,True,False
False,2015-05-21 06:08:21,very short,False,False
False,2015-05-21 15:31:52,lengthy,True,False
False,2015-05-21 17:56:25,lengthy,True,False
False,2015-05-21 18:32:17,very short,True,False
False,2015-05-21 20:26:25,short,True,False
False,2015-05-21 21:35:23,medium,True,False
False,2015-05-22 01:43:57,very short,True,False
False,2015-05-23 09:48:39,medium,False,False
False,2015-05-24 13:54:35,lengthy,False,False
False,2015-05-25 10:15:54,lengthy,True,False
False,2015-05-25 13:02:12,lengthy,True,False
False,2015-05-25 13:13:45,lengthy,True,False
False,2015-05-25 19:11:42,lengthy,False,False
False,2015-05-26 05:55:11,lengthy,True,False
False,2015-05-26 20:21:57,very short,True,False
False,2015-05-26 22:02:18,very short,True,False
False,2015-05-26 22:30:58,short,True,False
False,2015-05-27 11:56:14,short,True,False
False,2015-05-27 22:11:49,very short,True,False
False,2015-05-27 23:17:03,short,True,False
False,2015-05-28 06:35:44,short,True,False
False,2015-05-28 10:34:46,very short,False,True
False,2015-05-28 17:05:20,lengthy,False,True
True,2015-05-28 19:40:25,very short,True,False
True,2015-05-29 15:25:31,very short,True,False
True,2015-05-29 15:36:52,very short,True,False
False,2015-05-29 21:09:37,very short,True,False
False,2015-05-30 01:09:51,lengthy,False,False
False,2015-06-01 07:43:27,very short,True,False
False,2015-06-01 15:13:42,medium,False,False
False,2015-06-01 15:39:57,medium,True,False
False,2015-06-01 21:47:59,very short,True,False
False,2015-06-02 02:25:01,medium,True,False
False,2015-06-02 05:28:09,medium,True,False
False,2015-06-02 06:04:34,medium,True,False
True,2015-06-02 09:37:56,lengthy,False,False
False,2015-06-02 09:58:54,very short,True,False
False,2015-06-02 15:26:06,medium,True,False
False,2015-06-02 17:26:21,medium,True,False
False,2015-06-03 05:54:11,lengthy,True,False
False,2015-06-03 06:47:58,lengthy,True,False
False,2015-06-03 12:06:29,lengthy,True,False
False,2015-06-03 18:54:05,lengthy,True,False
False,2015-06-03 20:49:18,lengthy,True,False
False,2015-06-03 20:50:09,lengthy,True,False
False,2015-06-03 20:51:24,lengthy,True,False
False,2015-06-03 20:52:41,lengthy,True,False
False,2015-06-03 20:54:59,lengthy,True,False
False,2015-06-03 21:38:25,medium,True,False
False,2015-06-03 22:02:00,very short,True,False
False,2015-06-03 22:36:10,very short,False,False
False,2015-06-04 01:12:40,lengthy,True,False
False,2015-06-04 04:31:59,lengthy,True,False
False,2015-06-04 17:19:19,very short,True,False
False,2015-06-04 21:14:50,very short,True,False
False,2015-06-04 23:21:47,lengthy,True,False
False,2015-06-04 23:28:22,very short,True,False
False,2015-06-04 23:46:48,very short,True,False
False,2015-06-05 04:16:17,very short,True,False
False,2015-06-05 04:48:34,very short,True,False
True,2015-06-05 07:16:20,lengthy,False,False
True,2015-06-05 10:45:44,lengthy,False,False
False,2015-06-05 16:54:49,very short,True,False
False,2015-06-05 21:50:07,very short,True,False
True,2015-06-06 05:57:03,lengthy,True,False
True,2015-06-06 18:53:56,lengthy,True,False
False,2015-06-06 19:32:33,very short,True,False
False,2015-06-06 22:08:46,very short,True,False
False,2015-06-07 05:58:31,lengthy,False,False
False,2015-06-07 06:59:46,very short,False,False
False,2015-06-07 15:47:25,very short,False,False
False,2015-06-08 07:51:46,lengthy,False,False
False,2015-06-08 09:47:16,medium,False,False
False,2015-06-08 10:00:48,short,False,False
False,2015-06-08 16:33:34,short,True,False
False,2015-06-08 21:29:23,lengthy,True,False
False,2015-06-08 23:49:58,lengthy,False,False
False,2015-06-09 00:12:41,lengthy,False,False
False,2015-06-09 02:42:59,lengthy,True,False
False,2015-06-09 16:56:22,very short,True,False
False,2015-06-09 20:54:53,lengthy,False,True
False,2015-06-09 21:02:59,very short,True,False
True,2015-06-10 09:23:29,medium,False,False
True,2015-06-10 16:11:00,very short,True,False
False,2015-06-10 17:32:27,very short,True,False
False,2015-06-10 19:23:47,very short,True,False
False,2015-06-11 22:41:09,medium,True,False
False,2015-06-12 19:06:27,very short,True,False
False,2015-06-12 20:32:52,short,False,False
True,2015-06-13 12:37:12,medium,False,True
False,2015-06-13 17:21:21,medium,False,False
False,2015-06-13 23:28:24,very short,True,False
False,2015-06-14 06:36:15,lengthy,True,False
False,2015-06-15 19:23:02,very short,True,False
True,2015-06-15 19:51:10,medium,True,False
True,2015-06-15 21:11:25,medium,True,False
False,2015-06-15 21:22:03,lengthy,False,False
True,2015-06-16 02:27:42,medium,True,False
True,2015-06-16 08:28:49,medium,False,False
True,2015-06-16 11:51:16,medium,False,False
True,2015-06-16 14:28:15,medium,True,False
False,2015-06-16 16:09:04,very short,True,False
False,2015-06-16 17:34:53,very short,False,False
False,2015-06-16 23:08:49,very short,False,False
False,2015-06-16 23:38:29,very short,True,False
False,2015-06-17 13:05:05,medium,False,False
True,2015-06-17 17:20:56,short,False,True
True,2015-06-18 08:37:03,short,False,False
True,2015-06-18 17:49:04,very short,True,False
True,2015-06-18 18:11:33,very short,True,False
True,2015-06-18 18:28:24,very short,True,False
True,2015-06-18 23:54:38,very short,True,False
True,2015-06-19 09:16:33,very short,True,False
False,2015-06-19 09:48:22,lengthy,False,True
True,2015-06-19 19:04:50,very short,False,False
True,2015-06-19 19:56:00,very short,True,False
True,2015-06-19 20:09:12,very short,True,False
True,2015-06-19 21:01:34,lengthy,True,False
False,2015-06-21 16:08:57,lengthy,True,False
True,2015-06-22 14:45:42,short,False,False
True,2015-06-22 22:57:53,medium,True,False
True,2015-06-23 12:40:05,lengthy,False,False
True,2015-06-23 14:58:06,very short,True,False
True,2015-06-23 15:28:49,very short,True,False
True,2015-06-23 17:37:31,very short,True,False
True,2015-06-23 19:23:16,very short,True,False
True,2015-06-23 20:08:35,very short,True,False
False,2015-06-23 21:11:15,very short,False,True
True,2015-06-23 22:02:41,medium,True,False
True,2015-06-24 07:15:16,lengthy,True,False
True,2015-06-24 13:29:13,very short,True,False
False,2015-06-24 17:36:20,very short,True,False
True,2015-06-24 18:47:10,very short,True,False
True,2015-06-24 18:52:14,short,False,True
True,2015-06-24 19:52:12,very short,True,False
True,2015-06-24 21:16:37,very short,True,False
True,2015-06-25 01:13:22,medium,True,False
False,2015-06-25 08:33:55,lengthy,False,True
True,2015-06-25 19:13:52,very short,True,False
True,2015-06-25 22:24:07,very short,True,False
True,2015-06-26 04:53:23,medium,True,False
False,2015-06-26 16:54:40,very short,False,True
True,2015-06-26 17:19:25,lengthy,False,True
True,2015-06-26 17:20:59,very short,True,False
False,2015-06-26 17:46:30,lengthy,False,True
True,2015-06-26 20:52:02,lengthy,False,False
True,2015-06-26 23:10:23,very short,True,False
True,2015-06-27 08:29:31,very short,True,False
True,2015-06-29 05:48:14,very short,True,False
True,2015-06-29 15:26:45,very short,True,False
True,2015-06-29 16:13:44,very short,False,False
True,2015-06-29 17:21:49,short,True,False
False,2015-06-29 19:15:40,lengthy,False,True
True,2015-06-29 19:47:38,short,True,False
False,2015-06-30 16:32:18,short,True,False
False,2015-07-01 08:21:04,lengthy,True,False
False,2015-07-01 10:36:49,lengthy,False,True
True,2015-07-01 10:44:20,lengthy,False,False
True,2015-07-01 19:16:02,very short,True,False
True,2015-07-01 21:09:19,very short,True,False
True,2015-07-02 01:53:43,very short,True,False
True,2015-07-02 04:06:44,very short,True,False
False,2015-07-02 06:45:02,lengthy,False,False
False,2015-07-02 06:56:28,lengthy,True,False
False,2015-07-02 16:01:53,lengthy,True,False
False,2015-07-02 18:50:44,very short,True,False
True,2015-07-02 19:50:11,lengthy,True,False
True,2015-07-02 20:54:54,lengthy,True,False
True,2015-07-05 23:25:29,lengthy,True,False
True,2015-07-07 06:00:51,medium,True,False
True,2015-07-07 16:24:38,very short,True,False
True,2015-07-07 17:43:34,very short,True,False
True,2015-07-07 19:15:54,very short,True,False
True,2015-07-07 20:44:45,very short,True,False
True,2015-07-08 17:14:35,very short,True,False
True,2015-07-09 18:12:02,medium,True,False
True,2015-07-10 06:26:30,very short,True,False
True,2015-07-10 06:30:02,very short,True,False
True,2015-07-10 16:15:59,very short,True,False
True,2015-07-10 17:10:29,medium,True,False
True,2015-07-11 01:34:14,lengthy,True,False
True,2015-07-11 06:01:50,very short,True,False
True,2015-07-11 15:09:05,lengthy,False,False
True,2015-07-11 15:51:00,short,False,False
True,2015-07-12 18:40:34,lengthy,False,False
True,2015-07-13 03:42:22,short,True,False
True,2015-07-13 05:17:31,very short,True,False
True,2015-07-13 15:27:49,very short,True,False
True,2015-07-13 17:44:28,very short,True,False
True,2015-07-13 17:46:58,very short,True,False
True,2015-07-13 17:50:45,very short,True,False
True,2015-07-13 17:52:47,very short,True,False
True,2015-07-13 17:54:33,very short,True,False
True,2015-07-13 17:57:50,very short,True,False
False,2015-07-14 12:58:30,lengthy,True,False
True,2015-07-14 15:16:23,lengthy,False,False
True,2015-07-14 18:45:37,very short,True,False
True,2015-07-14 20:26:50,medium,True,False
True,2015-07-14 21:50:29,very short,True,False
True,2015-07-15 03:00:16,medium,True,False
True,2015-07-15 18:05:07,short,True,True
True,2015-07-15 23:40:07,short,True,False
False,2015-07-16 00:15:34,very short,True,False
True,2015-07-16 05:37:59,medium,True,False
True,2015-07-16 05:38:37,medium,True,False
True,2015-07-16 16:01:17,medium,True,False
True,2015-07-16 20:00:20,short,True,False
True,2015-07-16 21:02:58,medium,True,False
True,2015-07-17 21:59:07,medium,True,False
True,2015-07-18 19:15:16,medium,True,False
False,2015-07-20 00:31:14,lengthy,False,False
False,2015-07-20 16:28:09,lengthy,True,False
False,2015-07-20 17:41:50,lengthy,False,False
True,2015-07-20 21:32:28,very short,True,False
True,2015-07-20 21:34:31,medium,True,False
True,2015-07-22 02:53:14,short,True,False
True,2015-07-22 14:17:21,very short,False,True
True,2015-07-23 03:07:18,very short,True,False
True,2015-07-23 05:11:02,short,True,False
True,2015-07-23 06:46:52,short,True,False
True,2015-07-23 22:12:22,very short,True,False
False,2015-07-23 23:10:21,lengthy,True,False
True,2015-07-24 01:50:25,very short,True,False
False,2015-07-24 19:20:56,lengthy,True,False
True,2015-07-25 22:41:01,very short,True,False
True,2015-07-25 23:12:08,short,True,False
False,2015-07-26 19:40:25,lengthy,False,True
True,2015-07-27 19:23:04,medium,True,False
True,2015-07-27 19:56:07,short,True,False
True,2015-07-27 22:32:08,medium,True,False
True,2015-07-28 00:35:09,short,True,False
True,2015-07-28 11:34:13,short,True,False
True,2015-07-28 14:59:12,very short,False,False
False,2015-07-28 19:35:11,lengthy,True,False
True,2015-07-29 17:36:05,very short,True,False
True,2015-07-30 04:59:11,short,True,False
True,2015-07-30 14:57:17,short,True,False
True,2015-07-30 17:33:28,short,False,True
False,2015-07-30 21:34:49,lengthy,False,False
True,2015-08-01 00:03:59,very short,True,False
False,2015-08-01 19:55:48,lengthy,True,False
False,2015-08-01 21:44:08,lengthy,True,False
True,2015-08-01 22:19:35,short,True,False
False,2015-08-01 22:27:16,lengthy,True,False
False,2015-08-03 06:45:35,lengthy,True,False
False,2015-08-04 07:12:28,lengthy,True,False
False,2015-08-06 13:43:13,lengthy,False,False
False,2015-08-08 01:26:35,medium,False,False
True,2015-08-09 23:41:29,medium,True,False
True,2015-08-10 16:25:16,medium,False,True
False,2015-08-10 20:28:05,lengthy,True,False
True,2015-08-11 16:55:17,very short,True,False
False,2015-08-12 03:35:47,lengthy,False,False
False,2015-08-12 18:58:00,lengthy,True,False
True,2015-08-12 20:12:03,very short,True,False
False,2015-08-12 20:55:01,medium,False,False
False,2015-08-12 21:25:01,medium,True,False
True,2015-08-13 16:18:45,short,True,False
True,2015-08-13 17:34:53,very short,True,False
False,2015-08-13 18:48:52,lengthy,True,False
True,2015-08-13 19:43:57,very short,True,False
False,2015-08-13 20:46:42,lengthy,False,False
False,2015-08-14 04:42:35,medium,True,False
True,2015-08-14 17:14:02,very short,True,False
True,2015-08-15 00:52:23,very short,True,False
True,2015-08-15 13:34:26,lengthy,False,False
False,2015-08-15 23:03:00,medium,True,False
False,2015-08-17 15:10:21,medium,True,False
True,2015-08-17 16:17:10,very short,True,False
True,2015-08-17 19:00:20,very short,True,False
True,2015-08-17 19:46:32,very short,True,False
False,2015-08-17 20:09:22,short,True,False
True,2015-08-17 22:11:24,very short,True,False
False,2015-08-17 23:27:54,short,True,False
True,2015-08-17 23:28:08,very short,True,False
False,2015-08-19 06:28:25,lengthy,False,False
False,2015-08-19 23:42:39,lengthy,True,False
False,2015-08-20 03:51:48,lengthy,True,False
False,2015-08-20 07:19:06,medium,True,False
True,2015-08-20 17:15:30,short,True,False
True,2015-08-20 19:12:19,very short,True,False
True,2015-08-21 17:40:42,short,True,False
True,2015-08-22 06:22:07,short,True,False
False,2015-08-23 07:38:00,short,False,False
True,2015-08-23 19:18:59,medium,True,False
True,2015-08-23 21:04:32,very short,True,False
True,2015-08-24 03:32:22,lengthy,False,False
True,2015-08-24 14:32:27,short,True,False
True,2015-08-24 14:59:16,short,True,False
True,2015-08-24 17:49:58,medium,True,False
True,2015-08-24 18:04:18,very short,True,False
True,2015-08-24 21:51:12,lengthy,True,False
True,2015-08-25 00:04:07,medium,True,False
True,2015-08-25 16:52:58,lengthy,True,False
True,2015-08-25 17:25:57,lengthy,False,False
True,2015-08-26 15:08:49,very short,True,False
True,2015-08-26 15:12:10,medium,True,False
True,2015-08-26 20:46:04,short,True,False
True,2015-08-27 16:37:09,medium,True,False
True,2015-08-27 19:48:31,medium,True,False
True,2015-08-28 01:33:52,medium,True,False
True,2015-08-28 17:33:41,medium,True,False
False,2015-08-31 17:05:48,lengthy,True,False
True,2015-08-31 20:40:46,short,True,False
True,2015-09-01 06:46:24,very short,True,False
False,2015-09-01 07:10:25,lengthy,True,False
True,2015-09-01 07:59:20,short,True,False
True,2015-09-01 16:48:26,very short,True,False
True,2015-09-01 17:44:20,short,True,False
True,2015-09-01 23:27:17,very short,False,True
True,2015-09-01 23:39:19,short,True,False
True,2015-09-02 04:31:37,very short,True,False
True,2015-09-02 08:02:11,short,False,False
True,2015-09-02 16:20:07,very short,False,False
True,2015-09-02 20:15:09,short,False,False
True,2015-09-02 20:18:27,very short,True,False
False,2015-09-03 17:33:35,lengthy,True,False
True,2015-09-03 17:54:25,very short,True,False
False,2015-09-03 18:30:47,lengthy,False,False
True,2015-09-04 15:27:46,very short,True,False
False,2015-09-04 17:23:12,lengthy,False,False
False,2015-09-04 18:49:08,lengthy,True,False
False,2015-09-04 20:10:14,lengthy,True,False
False,2015-09-04 23:58:38,lengthy,True,False
False,2015-09-06 03:58:10,short,True,False
False,2015-09-07 03:32:32,lengthy,False,False
False,2015-09-07 16:55:41,medium,False,True
False,2015-09-07 21:01:51,medium,False,False
True,2015-09-08 02:23:48,very short,True,False
False,2015-09-08 05:13:21,lengthy,False,False
False,2015-09-08 13:42:34,lengthy,True,False
False,2015-09-08 15:44:09,short,True,False
True,2015-09-08 17:02:37,very short,False,True
True,2015-09-09 04:26:16,short,True,False
True,2015-09-09 14:04:30,short,True,False
True,2015-09-09 18:28:25,very short,True,False
False,2015-09-10 00:16:34,lengthy,True,False
False,2015-09-10 03:06:35,medium,True,False
True,2015-09-10 21:00:13,very short,True,False
True,2015-09-10 21:06:36,very short,True,False
True,2015-09-11 07:22:09,medium,True,False
True,2015-09-11 20:11:02,short,True,False
True,2015-09-13 06:11:45,short,True,False
True,2015-09-14 16:37:25,very short,True,False
False,2015-09-14 18:27:02,lengthy,True,False
False,2015-09-15 15:08:14,short,True,False
False,2015-09-15 18:39:17,lengthy,True,False
False,2015-09-16 06:10:56,medium,True,False
True,2015-09-16 10:07:43,very short,True,False
False,2015-09-17 16:12:13,lengthy,True,False
False,2015-09-21 03:52:17,medium,True,False
True,2015-09-21 18:21:48,very short,True,False
True,2015-09-21 19:39:34,short,True,False
False,2015-09-21 22:57:44,lengthy,True,False
True,2015-09-22 16:16:31,very short,True,True
False,2015-09-22 20:50:29,medium,True,True
False,2015-09-22 22:44:03,medium,True,False
False,2015-09-23 19:48:08,lengthy,True,False
False,2015-09-24 11:09:59,medium,False,False
False,2015-09-25 15:50:24,medium,True,False
False,2015-09-26 22:42:39,short,True,False
False,2015-09-27 22:08:25,medium,True,False
False,2015-09-28 18:16:29,medium,True,False
False,2015-09-28 19:33:48,very short,False,True
False,2015-09-28 19:49:46,medium,True,False
True,2015-09-28 21:11:54,very short,True,False
False,2015-09-29 02:17:03,lengthy,False,False
True,2015-09-29 10:53:15,medium,True,False
True,2015-09-29 10:58:11,medium,True,False
True,2015-09-30 11:31:39,short,False,False
True,2015-09-30 12:47:23,lengthy,True,False
True,2015-09-30 15:52:47,very short,True,False
True,2015-09-30 17:36:49,medium,True,False
True,2015-09-30 19:37:54,very short,False,True
True,2015-10-01 01:21:15,very short,True,False
True,2015-10-01 15:50:12,short,True,False
True,2015-10-01 15:59:34,very short,True,False
True,2015-10-01 16:48:33,very short,True,False
False,2015-10-02 09:18:11,lengthy,False,False
False,2015-10-02 11:07:13,very short,False,True
True,2015-10-02 12:28:52,very short,True,False
True,2015-10-02 15:05:57,medium,True,False
True,2015-10-02 16:39:40,very short,True,False
True,2015-10-02 17:45:28,lengthy,False,False
True,2015-10-02 18:09:24,medium,True,False
False,2015-10-04 09:02:51,short,True,False
False,2015-10-05 16:06:31,very short,True,False
False,2015-10-05 20:17:45,very short,True,False
True,2015-10-05 21:44:14,short,True,False
False,2015-10-07 03:21:37,medium,False,False
False,2015-10-07 06:52:40,short,True,False
True,2015-10-07 09:56:23,lengthy,False,False
True,2015-10-07 21:14:44,lengthy,True,False
False,2015-10-08 19:02:28,short,True,False
False,2015-10-08 21:57:45,medium,True,False
False,2015-10-09 02:50:43,lengthy,False,False
False,2015-10-09 16:06:16,very short,True,False
False,2015-10-09 16:27:46,very short,True,False
False,2015-10-10 00:52:22,very short,True,False
False,2015-10-10 14:26:53,lengthy,False,False
False,2015-10-11 17:56:48,short,True,False
False,2015-10-12 02:32:25,lengthy,True,False
False,2015-10-12 22:07:29,very short,True,False
False,2015-10-12 22:14:09,very short,True,False
False,2015-10-13 12:18:28,medium,False,True
True,2015-10-13 22:57:52,very short,True,False
False,2015-10-15 14:54:49,very short,True,False
False,2015-10-15 17:02:38,lengthy,True,False
False,2015-10-15 21:24:38,very short,True,False
False,2015-10-16 15:55:37,short,False,False
False,2015-10-16 20:14:57,medium,True,False
False,2015-10-17 16:54:30,lengthy,True,False
False,2015-10-19 15:45:12,very short,True,False
True,2015-10-19 23:13:02,very short,True,False
False,2015-10-20 17:48:04,very short,True,False
False,2015-10-20 20:41:04,lengthy,True,False
False,2015-10-20 21:20:36,very short,True,False
False,2015-10-21 04:04:35,lengthy,False,True
False,2015-10-21 14:51:32,very short,False,False
False,2015-10-21 18:22:41,very short,True,False
False,2015-10-21 21:43:10,lengthy,True,False
False,2015-10-21 22:01:49,very short,True,False
False,2015-10-21 22:46:19,medium,True,False
False,2015-10-22 14:51:43,very short,True,False
False,2015-10-22 20:06:06,medium,True,False
False,2015-10-22 20:18:10,short,True,False
False,2015-10-22 21:15:45,very short,True,False
False,2015-10-23 00:52:44,medium,False,False
False,2015-10-23 17:41:57,very short,True,False
False,2015-10-24 19:52:34,very short,True,False
False,2015-10-25 01:25:28,lengthy,False,False
False,2015-10-26 21:43:56,very short,True,False
False,2015-10-27 04:13:07,very short,True,False
False,2015-10-27 15:24:28,short,False,False
False,2015-10-27 17:44:15,short,True,False
False,2015-10-27 19:27:08,medium,False,False
False,2015-10-27 19:39:35,short,True,False
False,2015-10-27 22:48:18,lengthy,True,False
True,2015-10-28 16:54:29,very short,True,False
False,2015-10-28 16:56:05,medium,False,False
False,2015-10-28 17:30:04,short,True,False
False,2015-10-28 21:40:13,short,True,False
False,2015-10-29 18:39:30,medium,True,False
False,2015-10-29 21:26:37,very short,True,False
False,2015-10-30 14:37:46,very short,True,False
False,2015-10-30 18:11:40,medium,True,False
False,2015-10-30 19:16:19,medium,True,False
False,2015-10-31 13:54:45,very short,False,False
False,2015-11-02 16:48:33,very short,True,False
False,2015-11-02 18:19:24,lengthy,True,False
False,2015-11-02 19:51:49,lengthy,True,False
False,2015-11-02 20:36:45,short,True,False
False,2015-11-03 03:19:33,lengthy,False,False
False,2015-11-03 05:46:12,medium,False,True
False,2015-11-03 15:45:52,medium,False,True
False,2015-11-03 17:15:10,very short,True,True
False,2015-11-03 22:36:42,very short,True,False
False,2015-11-05 10:25:36,lengthy,False,False
False,2015-11-05 12:47:11,short,False,True
False,2015-11-05 14:56:15,very short,False,False
True,2015-11-05 19:57:20,very short,True,False
True,2015-11-05 20:34:10,very short,True,False
True,2015-11-06 14:04:29,medium,False,True
True,2015-11-06 16:29:20,lengthy,False,False
True,2015-11-06 18:16:56,medium,True,False
True,2015-11-06 19:56:48,very short,True,False
True,2015-11-06 19:57:23,lengthy,False,False
True,2015-11-06 21:32:59,short,True,False
False,2015-11-07 10:57:55,short,False,True
True,2015-11-08 05:14:34,medium,False,False
True,2015-11-08 05:38:04,medium,False,False
False,2015-11-09 16:13:07,short,False,False
True,2015-11-09 22:04:13,short,True,False
True,2015-11-09 22:07:41,very short,True,False
False,2015-11-10 02:41:54,short,True,False
False,2015-11-10 17:44:58,lengthy,False,True
True,2015-11-10 22:58:34,medium,True,False
True,2015-11-11 01:51:25,very short,False,False
True,2015-11-11 05:31:27,lengthy,True,False
True,2015-11-11 20:19:28,medium,True,False
True,2015-11-12 02:36:58,lengthy,False,False
True,2015-11-12 10:10:39,medium,False,False
True,2015-11-12 21:22:51,short,True,False
True,2015-11-12 23:55:29,medium,False,False
True,2015-11-13 13:24:50,short,False,True
False,2015-11-13 15:47:43,lengthy,True,False
False,2015-11-14 16:37:25,lengthy,False,True
False,2015-11-14 18:37:21,lengthy,False,True
False,2015-11-16 18:17:24,very short,True,False
False,2015-11-16 18:22:17,medium,True,False
False,2015-11-16 19:20:21,lengthy,False,True
False,2015-11-17 00:00:48,very short,True,False
False,2015-11-17 00:08:20,lengthy,True,False
False,2015-11-17 16:01:10,lengthy,True,False
True,2015-11-18 11:18:33,very short,False,False
True,2015-11-18 17:47:22,lengthy,True,False
True,2015-11-19 13:34:47,medium,False,False
True,2015-11-19 14:26:45,medium,True,False
True,2015-11-20 21:37:23,lengthy,True,False
True,2015-11-20 23:18:57,lengthy,True,False
True,2015-11-25 01:22:51,medium,True,False
True,2015-11-25 19:29:03,medium,True,False
True,2015-11-26 00:15:34,very short,True,False
True,2015-11-26 06:26:20,medium,True,False
True,2015-11-26 16:20:07,very short,False,False
True,2015-11-26 17:32:26,medium,True,False
True,2015-11-27 00:33:44,medium,True,False
True,2015-11-27 03:06:09,lengthy,False,False
True,2015-11-27 09:22:38,medium,False,False
True,2015-11-29 20:48:28,lengthy,True,False
True,2015-12-01 16:43:13,very short,True,True
True,2015-12-01 17:27:25,medium,True,False
False,2015-12-01 19:08:10,short,False,True
True,2015-12-01 21:34:09,very short,True,False
True,2015-12-01 23:09:30,very short,True,False
True,2015-12-03 04:15:29,medium,True,False
True,2015-12-03 15:21:27,lengthy,True,False
True,2015-12-03 16:33:50,lengthy,False,False
True,2015-12-03 23:37:27,very short,True,False
True,2015-12-04 03:01:48,medium,True,False
True,2015-12-04 09:16:42,very short,True,False
True,2015-12-04 21:35:25,medium,True,False
True,2015-12-05 16:15:00,lengthy,True,False
True,2015-12-05 23:08:08,lengthy,True,False
True,2015-12-06 06:22:38,medium,True,False
True,2015-12-07 02:37:57,medium,True,False
True,2015-12-07 21:39:38,very short,True,False
True,2015-12-07 23:14:11,medium,True,False
False,2015-12-08 22:27:58,short,True,False
False,2015-12-09 04:28:18,lengthy,True,False
False,2015-12-10 15:56:58,very short,False,False
False,2015-12-11 16:40:43,very short,True,False
False,2015-12-11 17:14:07,short,True,False
False,2015-12-11 20:58:46,very short,True,False
False,2015-12-12 21:49:58,very short,False,True
False,2015-12-12 23:28:32,short,False,True
True,2015-12-14 12:20:44,lengthy,False,False
False,2015-12-14 15:28:02,very short,True,False
False,2015-12-14 17:00:47,very short,True,False
True,2015-12-14 17:23:32,very short,False,False
False,2015-12-14 17:30:29,very short,True,False
True,2015-12-14 19:23:18,very short,True,False
True,2015-12-14 20:31:01,very short,True,False
True,2015-12-15 07:20:26,short,True,False
True,2015-12-15 16:22:49,short,True,False
True,2015-12-15 23:23:46,short,True,False
True,2015-12-16 04:33:39,very short,True,False
True,2015-12-16 11:39:51,very short,False,False
True,2015-12-18 04:47:00,medium,True,False
True,2015-12-18 05:07:07,very short,True,False
True,2015-12-18 17:28:45,very short,True,False
True,2015-12-18 21:57:34,short,True,False
True,2015-12-19 03:20:08,medium,True,False
True,2015-12-20 07:55:23,lengthy,False,False
True,2015-12-20 22:19:34,lengthy,True,False
True,2015-12-21 18:08:24,lengthy,True,False
True,2015-12-21 18:37:04,lengthy,True,False
True,2015-12-22 05:12:50,short,True,False
True,2015-12-22 11:34:28,very short,False,False
True,2015-12-22 12:44:44,very short,False,True
True,2015-12-22 14:46:37,very short,True,False
True,2015-12-22 16:19:31,lengthy,True,False
True,2015-12-22 17:30:56,medium,True,False
True,2015-12-22 20:38:10,very short,True,False
True,2015-12-22 21:40:15,lengthy,True,False
True,2015-12-22 22:58:07,lengthy,True,False
True,2015-12-23 16:42:37,very short,True,False
True,2015-12-23 17:55:17,very short,True,False
True,2015-12-24 15:20:45,medium,False,False
True,2015-12-24 17:15:31,very short,True,False
True,2015-12-24 17:21:44,very short,True,False
False,2015-12-26 16:02:04,lengthy,True,False
False,2015-12-27 12:26:53,lengthy,False,False
False,2015-12-28 01:28:53,lengthy,False,False
True,2015-12-28 15:18:44,lengthy,False,False
True,2015-12-28 20:27:50,lengthy,True,False
True,2015-12-29 21:14:09,short,True,False
True,2015-12-30 10:58:53,lengthy,True,False
True,2015-12-30 19:21:48,medium,True,False
True,2015-12-31 13:07:44,medium,True,False
False,2015-12-31 17:45:24,medium,False,True
True,2015-12-31 18:02:33,very short,True,False
True,2015-12-31 22:59:36,medium,True,False
True,2016-01-01 06:13:19,medium,True,False
True,2016-01-01 12:28:40,lengthy,False,True
True,2016-01-03 04:50:24,lengthy,True,False
True,2016-01-03 07:38:49,lengthy,True,False
True,2016-01-03 14:55:59,short,False,True
True,2016-01-04 04:58:51,short,True,False
True,2016-01-04 09:53:07,short,False,True
True,2016-01-04 13:52:48,lengthy,True,False
True,2016-01-04 22:03:42,very short,True,False
True,2016-01-04 22:22:22,very short,False,False
False,2016-01-05 02:37:39,very short,True,False
True,2016-01-05 03:27:56,very short,True,False
True,2016-01-05 04:19:37,very short,False,False
True,2016-01-05 05:07:12,very short,True,False
True,2016-01-05 06:09:15,very short,True,False
True,2016-01-05 15:10:27,medium,True,False
True,2016-01-06 04:44:04,very short,True,False
True,2016-01-06 04:44:14,short,True,False
False,2016-01-07 03:36:49,lengthy,False,False
True,2016-01-07 21:54:42,very short,True,False
False,2016-01-07 23:38:15,medium,True,False
False,2016-01-08 00:15:17,medium,True,False
False,2016-01-08 02:32:47,medium,False,True
False,2016-01-08 14:53:53,lengthy,True,False
False,2016-01-08 23:14:55,medium,True,False
False,2016-01-09 15:08:21,medium,False,False
False,2016-01-10 18:40:17,lengthy,False,False
False,2016-01-11 21:28:04,very short,False,False
False,2016-01-12 16:57:16,lengthy,False,False
False,2016-01-12 20:09:50,medium,True,False
False,2016-01-13 15:05:20,short,False,False
False,2016-01-13 17:06:39,very short,True,False
True,2016-01-13 18:03:48,lengthy,False,False
False,2016-01-14 19:20:14,very short,True,False
False,2016-01-17 00:31:38,lengthy,True,False
False,2016-01-17 18:54:17,medium,False,False
False,2016-01-19 19:33:01,medium,True,False
False,2016-01-20 12:18:59,very short,False,False
False,2016-01-20 23:19:31,lengthy,False,True
False,2016-01-22 01:45:08,medium,True,False
False,2016-01-22 06:07:23,medium,True,False
False,2016-01-22 14:04:10,medium,False,False
False,2016-01-22 20:09:17,very short,True,False
False,2016-01-22 20:51:18,very short,True,False
False,2016-01-23 08:25:16,very short,True,False
False,2016-01-23 17:24:28,lengthy,True,False
False,2016-01-25 12:37:48,lengthy,True,False
False,2016-01-26 23:25:52,lengthy,False,True
False,2016-01-27 02:25:00,very short,True,False
False,2016-01-28 20:32:08,very short,True,False
False,2016-01-28 22:39:27,very short,True,True
False,2016-01-30 22:57:43,lengthy,False,False
False,2016-01-31 15:20:08,lengthy,True,False
False,2016-02-01 03:15:35,lengthy,False,False
False,2016-02-01 15:33:29,medium,True,False
False,2016-02-01 20:57:47,very short,True,False
False,2016-02-02 11:58:55,short,True,False
False,2016-02-02 15:59:52,lengthy,True,False
True,2016-02-03 06:51:54,lengthy,False,True
False,2016-02-03 15:58:41,lengthy,True,False
True,2016-02-03 20:55:44,medium,True,True
False,2016-02-03 22:32:36,lengthy,True,False
False,2016-02-03 23:00:37,medium,True,False
False,2016-02-03 23:55:48,lengthy,True,False
False,2016-02-03 23:58:52,lengthy,True,False
False,2016-02-04 00:24:14,very short,True,False
False,2016-02-04 22:40:07,lengthy,True,False
False,2016-02-06 17:27:18,very short,False,True
False,2016-02-06 19:25:51,medium,True,False
False,2016-02-07 18:30:00,short,True,False
False,2016-02-08 05:20:24,short,True,False
False,2016-02-08 12:16:25,lengthy,False,True
False,2016-02-08 21:22:58,medium,False,True
False,2016-02-08 23:21:31,very short,True,False
False,2016-02-09 00:48:03,short,True,False
False,2016-02-09 17:33:18,lengthy,False,False
False,2016-02-09 18:06:11,very short,False,False
False,2016-02-10 03:29:00,very short,True,False
True,2016-02-10 04:49:14,lengthy,False,True
False,2016-02-10 07:47:17,medium,False,False
False,2016-02-10 14:23:14,medium,False,True
False,2016-02-10 14:24:34,medium,False,False
False,2016-02-10 14:25:46,medium,False,False
False,2016-02-10 16:38:25,medium,False,True
False,2016-02-10 19:43:20,medium,False,True
False,2016-02-10 22:53:13,lengthy,True,False
False,2016-02-11 00:55:57,very short,True,False
False,2016-02-11 15:00:32,lengthy,False,False
False,2016-02-12 16:59:08,very short,True,False
False,2016-02-14 08:57:04,lengthy,True,False
False,2016-02-14 09:01:16,medium,True,False
False,2016-02-15 01:18:28,lengthy,False,False
False,2016-02-15 04:52:29,lengthy,True,False
False,2016-02-15 19:14:33,lengthy,True,False
True,2016-02-16 04:24:27,lengthy,True,False
False,2016-02-16 15:16:19,medium,True,False
False,2016-02-16 17:38:36,lengthy,True,False
False,2016-02-17 16:00:46,short,True,False
False,2016-02-17 20:34:50,short,True,False
False,2016-02-18 03:53:34,lengthy,True,False
True,2016-02-18 20:00:18,very short,True,False
False,2016-02-18 21:22:10,very short,True,False
True,2016-02-19 00:47:02,very short,True,False
True,2016-02-19 02:48:03,lengthy,True,False
True,2016-02-19 17:58:54,medium,True,False
True,2016-02-19 21:16:03,medium,False,True
True,2016-02-20 08:25:18,lengthy,True,False
True,2016-02-22 01:29:32,very short,False,False
True,2016-02-22 18:48:25,lengthy,True,False
True,2016-02-22 22:29:56,medium,True,False
True,2016-02-23 16:46:34,lengthy,False,False
True,2016-02-25 20:36:12,lengthy,False,False
False,2016-02-26 20:25:10,very short,True,False
True,2016-02-26 22:53:40,medium,False,True
True,2016-02-29 03:11:38,lengthy,False,False
True,2016-02-29 17:01:18,medium,True,False
True,2016-02-29 18:45:52,very short,True,False
False,2016-02-29 20:58:05,very short,True,False
True,2016-03-01 01:26:04,medium,True,False
True,2016-03-01 01:51:12,lengthy,False,True
True,2016-03-01 15:58:56,short,True,False
True,2016-03-01 17:07:56,short,True,False
False,2016-03-01 18:08:02,very short,True,False
True,2016-03-02 16:05:54,very short,True,False
True,2016-03-03 03:53:17,medium,True,False
True,2016-03-05 01:02:37,lengthy,False,False
False,2016-03-05 16:34:07,lengthy,False,True
True,2016-03-05 19:26:51,medium,False,False
True,2016-03-06 05:23:25,lengthy,True,False
True,2016-03-07 04:14:24,medium,True,False
True,2016-03-07 04:20:12,short,True,False
True,2016-03-07 09:00:07,very short,True,False
True,2016-03-07 19:19:48,very short,True,False
True,2016-03-07 23:21:31,medium,True,False
True,2016-03-08 13:03:39,medium,True,False
True,2016-03-08 21:22:45,very short,True,False
True,2016-03-09 17:15:13,short,True,False
True,2016-03-10 21:41:56,short,True,False
True,2016-03-11 06:05:39,short,True,False
False,2016-03-11 06:23:02,short,True,False
True,2016-03-11 17:09:11,very short,True,False
True,2016-03-11 17:40:32,short,True,False
True,2016-03-11 19:55:04,short,True,False
True,2016-03-11 21:48:29,short,True,False
True,2016-03-12 00:56:50,short,True,False
True,2016-03-13 19:04:53,very short,True,False
True,2016-03-13 19:59:09,very short,True,False
True,2016-03-14 05:35:20,very short,True,False
True,2016-03-15 16:19:27,very short,True,False
True,2016-03-15 19:55:07,short,True,False
True,2016-03-15 22:47:23,lengthy,True,False
True,2016-03-16 03:03:30,short,True,False
True,2016-03-16 03:13:03,very short,True,False
True,2016-03-16 17:34:34,very short,True,False
True,2016-03-16 20:27:15,very short,True,False
True,2016-03-17 13:21:17,very short,True,False
True,2016-03-17 16:25:31,medium,True,False
True,2016-03-18 04:35:33,lengthy,True,False
True,2016-03-19 18:01:13,short,True,False
False,2016-03-20 07:11:54,very short,False,True
True,2016-03-21 06:06:58,medium,True,False
True,2016-03-21 07:35:20,medium,False,False
True,2016-03-21 19:19:24,medium,True,False
False,2016-03-21 23:08:39,lengthy,False,False
True,2016-03-22 17:31:42,medium,True,False
True,2016-03-22 17:47:48,short,True,False
True,2016-03-22 19:03:14,very short,True,False
True,2016-03-23 00:43:52,very short,True,False
True,2016-03-23 15:55:58,very short,True,False
True,2016-03-23 16:15:50,very short,True,False
True,2016-03-23 21:29:16,short,False,False
True,2016-03-24 13:27:56,medium,False,True
True,2016-03-24 22:28:47,lengthy,True,False
True,2016-03-24 23:40:55,medium,True,False
True,2016-03-25 03:12:46,medium,True,False
True,2016-03-25 04:16:33,lengthy,False,True
True,2016-03-26 11:10:54,medium,True,False
True,2016-03-28 14:09:03,short,True,True
True,2016-03-28 23:47:00,short,True,False
True,2016-03-29 02:04:09,lengthy,False,False
True,2016-03-29 04:13:16,very short,True,False
True,2016-03-29 05:31:55,medium,True,False
True,2016-03-29 14:56:18,short,True,False
True,2016-03-29 18:42:55,very short,True,False
True,2016-03-29 23:06:56,very short,True,False
True,2016-03-30 04:29:24,very short,True,False
True,2016-03-30 16:55:00,very short,True,False
True,2016-03-30 20:33:27,lengthy,True,False
True,2016-03-30 23:07:04,medium,True,False
True,2016-03-31 00:53:50,very short,True,False
True,2016-03-31 04:05:10,very short,True,False
True,2016-03-31 14:33:43,lengthy,True,False
True,2016-03-31 21:41:06,short,True,False
True,2016-04-01 02:05:18,lengthy,False,False
True,2016-04-01 20:01:00,medium,True,False
True,2016-04-02 04:25:48,medium,False,False
True,2016-04-02 18:21:57,very short,True,False
True,2016-04-04 20:35:29,short,True,False
True,2016-04-05 00:14:02,very short,False,True
True,2016-04-05 15:09:11,medium,True,False
True,2016-04-05 18:26:17,medium,True,False
True,2016-04-05 20:13:52,medium,True,False
True,2016-04-06 05:53:37,lengthy,True,False
True,2016-04-06 15:21:06,short,True,True
True,2016-04-07 03:13:04,very short,True,False
True,2016-04-07 13:50:27,very short,True,False
True,2016-04-07 16:14:31,short,True,False
True,2016-04-07 18:20:49,very short,True,False
True,2016-04-07 23:28:06,very short,True,False
True,2016-04-08 16:42:37,lengthy,True,False
True,2016-04-08 20:29:55,medium,True,False
True,2016-04-09 18:55:32,very short,True,False
True,2016-04-10 22:19:08,medium,True,False
True,2016-04-12 00:52:28,medium,True,False
True,2016-04-12 16:33:31,very short,False,False
True,2016-04-12 18:46:37,very short,True,False
True,2016-04-12 22:26:45,very short,True,False
True,2016-04-13 03:06:56,lengthy,False,True
True,2016-04-13 22:53:54,very short,True,False
True,2016-04-14 04:48:47,very short,False,False
False,2016-04-15 00:21:49,lengthy,True,False
True,2016-04-17 04:36:41,medium,False,True
True,2016-04-18 00:39:40,very short,False,False
True,2016-04-18 19:01:01,very short,True,False
True,2016-04-20 11:55:41,very short,True,False
True,2016-04-20 15:30:07,very short,False,False
True,2016-04-20 16:09:10,lengthy,False,False
False,2016-04-20 18:13:11,short,True,False
True,2016-04-21 04:49:02,very short,True,False
True,2016-04-21 23:29:04,very short,False,False
True,2016-04-22 03:26:55,very short,True,False
True,2016-04-22 07:18:05,very short,True,False
False,2016-04-23 10:48:49,very short,False,True
True,2016-04-23 16:04:09,short,True,False
True,2016-04-23 17:38:04,lengthy,True,False
True,2016-04-24 15:50:56,very short,True,False
True,2016-04-25 07:16:39,lengthy,True,False
True,2016-04-25 19:47:56,medium,True,False
True,2016-04-26 15:41:15,very short,True,False
True,2016-04-26 18:15:34,short,True,False
True,2016-04-27 20:26:31,very short,True,False
True,2016-04-28 16:58:17,medium,True,False
True,2016-04-29 03:57:56,very short,True,False
True,2016-04-29 04:16:42,lengthy,True,False
True,2016-04-29 16:47:13,lengthy,False,False
True,2016-04-30 16:07:06,short,True,False
True,2016-05-01 00:09:45,short,False,False
True,2016-05-02 07:45:57,medium,True,False
True,2016-05-02 19:17:12,very short,True,False
True,2016-05-02 19:27:27,very short,True,False
True,2016-05-02 20:46:36,very short,True,False
True,2016-05-03 04:23:54,short,True,False
True,2016-05-04 05:53:18,short,True,False
True,2016-05-04 07:34:06,short,True,False
True,2016-05-04 18:21:20,very short,True,False
True,2016-05-04 20:16:25,very short,True,False
True,2016-05-05 14:59:07,medium,True,False
True,2016-05-05 16:30:36,short,True,False
False,2016-05-07 11:53:31,very short,False,True
True,2016-05-08 19:12:23,medium,True,False
True,2016-05-09 11:35:06,lengthy,True,False
True,2016-05-09 19:27:59,short,True,False
True,2016-05-10 09:28:59,medium,True,False
True,2016-05-11 04:19:14,short,True,False
True,2016-05-12 03:45:16,medium,True,False
True,2016-05-12 21:00:34,medium,True,False
True,2016-05-14 01:02:21,very short,True,False
True,2016-05-14 22:25:03,very short,False,False
False,2016-05-15 09:36:15,very short,False,True
True,2016-05-15 17:39:28,short,True,False
True,2016-05-16 15:09:45,lengthy,True,False
True,2016-05-17 08:28:06,medium,True,False
True,2016-05-17 09:16:20,medium,True,False
True,2016-05-17 13:52:04,lengthy,False,True
True,2016-05-17 16:52:29,very short,True,False
True,2016-05-17 22:14:47,medium,True,False
True,2016-05-17 22:59:43,short,True,False
True,2016-05-18 02:22:20,medium,True,False
True,2016-05-18 13:44:04,very short,True,False
True,2016-05-19 23:31:22,very short,True,False
True,2016-05-20 01:59:47,short,False,True
False,2016-05-20 15:55:50,lengthy,True,False
True,2016-05-20 22:06:01,very short,True,False
True,2016-05-20 22:13:16,very short,True,False
True,2016-05-23 19:48:55,very short,True,False
True,2016-05-23 20:35:58,short,True,False
True,2016-05-23 20:51:18,very short,True,False
True,2016-05-23 21:29:40,very short,True,False
True,2016-05-23 23:22:59,short,False,False
True,2016-05-24 05:59:03,very short,True,False
True,2016-05-24 12:21:02,very short,True,False
True,2016-05-24 12:52:46,very short,True,False
True,2016-05-24 17:05:23,very short,False,True
True,2016-05-26 11:40:29,very short,True,False
True,2016-05-27 13:49:12,medium,False,False
True,2016-05-27 16:32:05,medium,True,False
True,2016-05-27 21:34:10,lengthy,True,False
True,2016-05-30 06:41:41,medium,True,False
True,2016-05-30 06:42:23,short,False,True
True,2016-05-30 10:34:29,medium,True,False
True,2016-05-30 14:31:06,medium,True,False
True,2016-05-31 16:50:42,short,True,False
True,2016-05-31 22:05:49,medium,False,True
True,2016-06-01 03:06:42,very short,False,False
True,2016-06-01 17:00:39,lengthy,False,True
True,2016-06-01 18:53:09,very short,True,False
True,2016-06-01 21:36:19,very short,True,False
True,2016-06-02 14:36:48,very short,False,True
True,2016-06-02 15:50:44,very short,False,True
True,2016-06-02 21:15:30,medium,True,False
True,2016-06-03 17:23:21,medium,False,False
True,2016-06-04 00:42:57,short,True,False
True,2016-06-06 15:42:20,short,True,False
True,2016-06-07 18:50:42,very short,True,False
True,2016-06-07 21:09:13,short,False,True
True,2016-06-08 08:42:54,very short,False,True
True,2016-06-08 20:09:45,short,True,False
True,2016-06-09 12:45:45,lengthy,False,False
True,2016-06-09 15:50:07,medium,False,False
True,2016-06-09 20:26:26,very short,True,False
True,2016-06-09 20:27:02,medium,True,False
True,2016-06-10 01:08:17,lengthy,True,False
True,2016-06-10 02:42:16,medium,False,False
True,2016-06-10 03:31:56,medium,True,False
True,2016-06-12 01:03:46,lengthy,True,False
True,2016-06-13 00:40:56,very short,False,False
True,2016-06-13 20:29:34,lengthy,False,False
True,2016-06-13 20:41:03,medium,True,False
True,2016-06-13 23:06:21,very short,True,False
True,2016-06-14 16:22:05,short,True,False
True,2016-06-15 11:53:08,very short,True,False
True,2016-06-15 16:35:17,very short,True,False
True,2016-06-15 22:56:57,medium,True,False
True,2016-06-17 07:37:03,lengthy,False,True
True,2016-06-17 20:13:14,very short,True,False
True,2016-06-18 17:24:08,medium,True,False
True,2016-06-19 12:29:43,lengthy,False,True
True,2016-06-19 23:43:02,medium,True,False
True,2016-06-20 02:49:22,lengthy,True,False
True,2016-06-20 04:46:38,very short,True,False
True,2016-06-20 14:40:03,very short,False,True
True,2016-06-20 15:45:54,lengthy,True,False
True,2016-06-20 18:48:00,short,True,False
False,2016-06-21 00:11:16,lengthy,False,True
True,2016-06-21 01:48:37,lengthy,True,False
True,2016-06-21 19:17:34,short,True,False
True,2016-06-21 19:35:21,lengthy,False,True
True,2016-06-22 15:43:39,medium,True,False
True,2016-06-23 00:09:13,lengthy,True,False
True,2016-06-23 10:36:02,medium,True,False
True,2016-06-23 13:25:13,lengthy,True,False
False,2016-06-23 22:01:35,lengthy,True,False
True,2016-06-24 18:58:40,lengthy,True,False
True,2016-06-25 04:30:33,medium,True,False
True,2016-06-27 06:01:00,medium,True,False
True,2016-06-27 16:22:53,lengthy,False,True
True,2016-06-27 20:01:56,very short,True,False
True,2016-06-28 06:52:39,medium,False,False
True,2016-06-28 08:29:42,lengthy,False,True
False,2016-06-28 15:27:45,very short,True,False
True,2016-06-28 18:47:07,very short,True,False
True,2016-06-28 19:45:50,short,True,False
True,2016-06-28 20:23:02,very short,True,False
True,2016-06-28 21:02:31,very short,True,False
True,2016-06-28 21:11:52,short,True,False
True,2016-06-29 21:33:26,very short,True,False
True,2016-06-29 21:36:55,lengthy,True,False
True,2016-06-30 16:31:41,lengthy,True,False
True,2016-06-30 19:30:53,very short,True,False
True,2016-06-30 20:45:04,very short,True,False
True,2016-06-30 22:31:53,very short,True,False
True,2016-06-30 23:04:17,lengthy,False,True
True,2016-07-01 22:24:45,very short,True,False
True,2016-07-03 22:27:32,medium,False,True
True,2016-07-04 20:08:33,lengthy,True,False
True,2016-07-04 20:29:50,lengthy,False,False
True,2016-07-05 08:52:24,medium,True,False
True,2016-07-05 11:57:45,very short,False,True
True,2016-07-05 20:51:55,very short,True,False
True,2016-07-06 02:17:35,very short,True,False
True,2016-07-06 04:59:32,very short,True,False
False,2016-07-06 15:10:27,lengthy,False,False
True,2016-07-06 15:51:43,medium,True,False
True,2016-07-07 01:40:15,medium,True,False
True,2016-07-07 16:50:53,short,True,False
True,2016-07-10 17:13:40,lengthy,False,True
True,2016-07-11 00:35:46,short,False,False
True,2016-07-11 17:13:20,very short,True,False
True,2016-07-11 20:27:37,very short,False,False
True,2016-07-11 20:27:45,short,True,False
True,2016-07-11 20:35:49,very short,True,False
True,2016-07-12 02:21:47,lengthy,False,True
True,2016-07-12 03:28:26,lengthy,True,False
False,2016-07-12 19:11:38,lengthy,False,False
True,2016-07-15 21:02:29,short,True,False
True,2016-07-17 03:59:48,medium,False,False
True,2016-07-17 08:56:22,medium,False,False
True,2016-07-18 19:05:06,short,False,False
True,2016-07-19 07:50:24,lengthy,False,True
True,2016-07-20 22:05:10,short,True,False
True,2016-07-21 16:53:14,very short,True,False
True,2016-07-21 17:53:47,lengthy,False,False
True,2016-07-21 18:13:18,very short,True,False
True,2016-07-22 01:50:10,very short,True,False
True,2016-07-22 14:55:44,medium,True,False
True,2016-07-23 05:10:00,medium,False,False
True,2016-07-23 21:45:26,very short,False,True
True,2016-07-25 20:43:32,very short,True,False
True,2016-07-25 22:22:50,very short,True,False
True,2016-07-26 04:19:50,short,True,False
True,2016-07-26 04:25:06,short,True,False
True,2016-07-27 00:21:32,very short,True,False
True,2016-07-27 17:42:08,short,True,False
True,2016-07-27 17:49:58,very short,True,False
True,2016-07-27 22:10:51,lengthy,True,False
True,2016-07-28 21:40:59,very short,True,False
True,2016-07-28 22:07:54,very short,True,False
True,2016-07-29 15:50:07,lengthy,True,False
True,2016-07-29 19:10:05,medium,False,False
True,2016-07-30 03:07:31,very short,True,False
True,2016-07-30 03:14:07,short,True,False
True,2016-07-31 16:59:05,short,True,False
True,2016-08-01 00:37:36,very short,True,False
True,2016-08-01 16:39:23,very short,True,False
True,2016-08-01 18:49:37,short,True,False
True,2016-08-02 19:50:55,lengthy,True,False
True,2016-08-03 00:46:33,very short,True,False
True,2016-08-03 22:55:21,medium,True,False
True,2016-08-04 16:31:59,medium,True,False
True,2016-08-04 16:34:28,medium,True,False
True,2016-08-04 16:36:04,medium,True,False
True,2016-08-04 21:13:16,very short,True,False
True,2016-08-05 18:23:37,short,False,True
True,2016-08-08 16:51:24,lengthy,False,True
True,2016-08-09 10:38:57,lengthy,False,False
True,2016-08-09 18:40:42,short,False,False
True,2016-08-10 20:32:55,very short,True,False
True,2016-08-11 15:43:03,short,True,False
True,2016-08-12 20:42:54,very short,True,False
True,2016-08-13 13:22:46,short,False,True
True,2016-08-14 16:03:19,lengthy,False,False
True,2016-08-15 19:07:20,lengthy,True,False
True,2016-08-15 19:23:26,short,True,False
True,2016-08-15 20:57:36,short,True,False
True,2016-08-16 05:02:28,very short,True,False
True,2016-08-16 20:39:41,short,True,False
True,2016-08-17 04:13:01,short,True,False
True,2016-08-18 22:17:40,medium,True,False
True,2016-08-19 00:28:24,very short,True,False
True,2016-08-19 13:37:48,medium,True,False
True,2016-08-19 16:46:17,lengthy,False,False
True,2016-08-19 20:15:10,short,True,False
True,2016-08-19 20:27:09,medium,True,False
True,2016-08-21 17:50:50,lengthy,True,False
True,2016-08-22 14:01:00,very short,True,False
True,2016-08-22 16:00:04,short,True,False
True,2016-08-22 20:10:58,very short,True,False
False,2016-08-23 20:37:03,lengthy,False,True
True,2016-08-24 04:10:01,short,True,False
True,2016-08-24 15:59:04,very short,True,False
True,2016-08-24 18:27:35,very short,True,False
True,2016-08-25 19:04:38,very short,True,False
True,2016-08-26 01:40:43,lengthy,True,False
True,2016-08-26 19:34:16,lengthy,True,False
True,2016-08-26 21:35:00,short,True,False
True,2016-08-29 03:54:19,medium,False,True
True,2016-08-29 18:32:30,very short,True,False
True,2016-08-30 08:07:23,lengthy,False,True
True,2016-08-30 15:48:59,medium,True,False
True,2016-08-30 21:14:25,lengthy,True,False
False,2016-08-30 21:23:48,very short,False,True
True,2016-08-31 10:40:11,lengthy,False,False
True,2016-08-31 21:37:58,very short,True,False
True,2016-09-01 09:31:46,lengthy,True,False
True,2016-09-01 16:40:58,very short,True,False
True,2016-09-02 15:43:32,lengthy,False,False
True,2016-09-02 23:31:10,lengthy,False,False
True,2016-09-03 17:45:11,medium,True,False
True,2016-09-05 16:37:14,lengthy,True,False
True,2016-09-05 20:56:03,medium,True,False
True,2016-09-06 15:56:23,short,True,False
True,2016-09-06 16:33:36,short,True,False
True,2016-09-06 17:37:17,very short,True,False
False,2016-09-06 19:16:53,lengthy,True,False
True,2016-09-06 20:20:12,medium,True,False
True,2016-09-07 00:00:00,medium,False,False
True,2016-09-07 00:28:29,lengthy,False,False
True,2016-09-07 00:32:22,lengthy,False,False
True,2016-09-07 00:57:20,medium,False,False
True,2016-09-07 02:48:43,medium,False,True
True,2016-09-07 04:11:08,very short,True,False
True,2016-09-07 20:39:18,very short,True,False
True,2016-09-09 00:33:39,lengthy,True,False
True,2016-09-10 00:58:47,medium,False,True
True,2016-09-11 07:20:09,lengthy,False,False
True,2016-09-12 17:10:16,very short,True,False
True,2016-09-12 21:09:03,short,True,False
True,2016-09-13 01:29:46,medium,True,False
True,2016-09-13 06:35:25,very short,False,True
True,2016-09-13 11:41:36,medium,False,False
True,2016-09-13 16:12:29,very short,True,False
True,2016-09-13 17:52:22,very short,True,False
True,2016-09-13 23:40:05,very short,True,False
True,2016-09-14 00:40:35,very short,True,False
True,2016-09-14 04:11:23,lengthy,True,False
True,2016-09-14 04:52:53,very short,True,False
True,2016-09-14 05:14:29,very short,True,False
True,2016-09-14 17:32:12,medium,True,False
True,2016-09-14 18:24:47,very short,True,False
True,2016-09-15 17:31:35,very short,True,False
True,2016-09-16 00:36:23,very short,True,False
True,2016-09-16 06:05:17,lengthy,True,False
True,2016-09-16 10:08:56,lengthy,False,True
True,2016-09-19 00:06:35,medium,True,False
True,2016-09-19 00:10:50,very short,True,False
True,2016-09-19 19:59:19,short,True,False
True,2016-09-19 20:25:24,short,True,False
True,2016-09-19 20:48:46,medium,False,True
True,2016-09-19 21:11:22,medium,False,False
True,2016-09-20 23:00:31,very short,True,False
True,2016-09-21 04:21:27,short,False,True
True,2016-09-21 16:05:19,very short,True,False
True,2016-09-21 23:08:31,short,True,False
True,2016-09-22 06:18:22,medium,True,False
True,2016-09-22 12:14:26,medium,True,False
True,2016-09-22 18:10:59,short,False,True
True,2016-09-23 02:12:41,lengthy,True,False
True,2016-09-23 16:05:57,very short,False,True
True,2016-09-23 16:13:57,short,True,False
True,2016-09-24 14:03:28,very short,False,False
True,2016-09-26 00:04:52,very short,True,False
True,2016-09-26 03:02:34,very short,False,True
True,2016-09-27 07:20:43,lengthy,True,False
True,2016-09-27 12:46:43,short,True,False
True,2016-09-27 16:05:10,very short,True,False
True,2016-09-27 16:57:44,short,True,False
True,2016-09-28 11:43:49,very short,True,False
False,2016-09-28 16:11:52,medium,True,False
True,2016-09-28 16:33:20,short,True,False
True,2016-09-28 19:05:30,medium,False,False
True,2016-09-28 22:16:02,very short,True,False
True,2016-09-29 04:11:30,short,False,True
True,2016-09-29 23:21:42,lengthy,True,False
True,2016-09-30 01:16:30,lengthy,False,False
True,2016-09-30 02:36:19,lengthy,True,False
True,2016-09-30 03:32:38,lengthy,False,False
True,2016-09-30 14:04:55,very short,True,False
True,2016-10-01 18:39:58,short,True,False
True,2016-10-03 00:51:35,very short,True,False
True,2016-10-03 20:12:54,short,True,False
True,2016-10-03 20:34:22,very short,True,False
True,2016-10-04 01:43:09,very short,True,False
True,2016-10-04 04:38:08,very short,False,True
True,2016-10-04 08:40:11,very short,False,False
True,2016-10-05 03:11:25,very short,True,False
True,2016-10-05 03:26:31,lengthy,True,False
True,2016-10-05 16:55:36,very short,True,False
True,2016-10-05 20:05:21,very short,False,True
True,2016-10-05 21:04:26,very short,False,False
True,2016-10-05 23:31:23,medium,False,True
True,2016-10-06 23:32:59,medium,True,False
True,2016-10-07 17:53:01,very short,True,False
True,2016-10-07 23:29:11,short,False,True
True,2016-10-08 01:16:18,very short,True,False
True,2016-10-09 04:01:39,very short,True,False
True,2016-10-09 19:30:27,short,False,False
True,2016-10-09 23:05:14,short,True,False
True,2016-10-10 06:33:29,lengthy,False,False
True,2016-10-10 14:28:34,lengthy,True,False
False,2016-10-10 16:22:54,very short,False,True
True,2016-10-10 22:57:18,short,False,False
True,2016-10-11 09:21:41,medium,True,False
True,2016-10-11 19:12:09,short,True,False
True,2016-10-11 19:47:45,short,False,False
True,2016-10-11 21:21:52,short,True,False
True,2016-10-11 22:44:28,medium,True,False
True,2016-10-13 20:38:46,lengthy,True,False
True,2016-10-13 21:28:27,very short,False,False
False,2016-10-14 19:42:01,short,False,True
True,2016-10-15 01:59:44,short,True,False
True,2016-10-15 16:34:32,short,True,False
True,2016-10-16 08:02:58,very short,False,False
True,2016-10-17 14:05:08,lengthy,False,True
True,2016-10-17 15:09:07,medium,False,False
True,2016-10-17 19:34:57,lengthy,True,False
True,2016-10-18 22:38:27,medium,True,False
True,2016-10-19 03:56:52,short,False,False
True,2016-10-19 21:09:17,lengthy,True,False
True,2016-10-19 23:51:56,medium,True,False
True,2016-10-22 04:55:19,lengthy,False,False
False,2016-10-22 22:33:44,lengthy,True,False
True,2016-10-23 20:12:29,short,True,False
False,2016-10-24 13:38:08,medium,False,True
True,2016-10-24 14:00:12,very short,True,False
True,2016-10-24 21:23:28,very short,True,False
True,2016-10-24 22:31:19,very short,True,False
True,2016-10-24 23:48:43,very short,True,False
True,2016-10-26 09:53:13,very short,True,False
True,2016-10-26 21:19:11,medium,False,False
True,2016-10-26 22:15:03,medium,False,True
True,2016-10-27 08:35:25,medium,True,False
True,2016-10-27 18:34:19,very short,False,False
True,2016-10-28 03:05:36,lengthy,False,False
True,2016-10-28 21:36:47,lengthy,True,False
True,2016-10-28 22:30:04,lengthy,True,False
True,2016-10-29 05:21:45,lengthy,True,False
True,2016-10-29 10:21:17,short,False,False
False,2016-10-29 16:46:43,lengthy,False,True
True,2016-10-29 20:53:09,very short,True,False
True,2016-10-29 22:30:26,medium,True,False
True,2016-10-30 19:02:09,very short,False,True
True,2016-10-31 15:24:19,short,False,False
True,2016-10-31 16:33:31,short,True,False
True,2016-10-31 18:59:38,very short,True,False
True,2016-11-01 13:10:15,short,True,False
True,2016-11-01 19:28:58,short,True,False
True,2016-11-01 19:36:16,very short,True,False
True,2016-11-03 05:00:48,lengthy,True,False
True,2016-11-03 20:31:29,very short,False,True
True,2016-11-03 22:16:35,very short,True,False
True,2016-11-04 17:40:50,lengthy,True,False
True,2016-11-04 18:57:18,lengthy,True,False
True,2016-11-06 11:14:57,lengthy,False,True
True,2016-11-06 15:21:04,very short,False,False
True,2016-11-07 05:40:40,medium,False,False
True,2016-11-07 17:52:02,lengthy,True,False
True,2016-11-08 23:33:31,very short,True,False
True,2016-11-09 23:05:03,very short,False,False
False,2016-11-10 03:35:47,very short,False,True
True,2016-11-10 17:21:07,medium,True,False
True,2016-11-11 14:27:29,very short,False,False
True,2016-11-11 16:38:06,very short,True,False
True,2016-11-11 17:44:28,medium,False,True
True,2016-11-14 18:29:58,very short,True,True
True,2016-11-14 20:31:49,very short,True,False
True,2016-11-16 01:38:04,short,True,False
False,2016-11-16 03:33:17,short,False,False
True,2016-11-16 15:41:33,very short,False,True
True,2016-11-17 04:18:50,short,False,False
True,2016-11-17 13:58:04,short,False,False
True,2016-11-17 14:18:05,lengthy,False,False
True,2016-11-17 15:01:33,short,False,False
True,2016-11-17 16:24:56,very short,False,False
True,2016-11-17 21:54:10,very short,True,False
True,2016-11-18 17:44:11,lengthy,True,False
True,2016-11-18 17:58:05,medium,True,False
True,2016-11-21 07:13:47,lengthy,True,False
True,2016-11-21 16:21:38,very short,False,False
True,2016-11-21 17:00:13,very short,False,True
True,2016-11-21 17:10:00,very short,False,False
True,2016-11-21 21:02:26,medium,True,False
True,2016-11-21 21:56:50,lengthy,True,False
True,2016-11-21 23:43:55,very short,False,False
True,2016-11-22 02:41:08,medium,False,False
True,2016-11-22 02:57:42,medium,False,True
True,2016-11-22 15:36:42,very short,True,False
True,2016-11-22 17:47:02,medium,True,False
True,2016-11-22 22:56:59,lengthy,False,False
True,2016-11-23 10:54:33,lengthy,False,True
True,2016-11-23 16:02:26,very short,False,False
False,2016-11-23 17:31:32,medium,False,False
True,2016-11-23 20:48:24,medium,False,False
True,2016-11-23 21:02:36,very short,False,False
True,2016-11-23 21:11:55,very short,True,False
True,2016-11-25 22:02:34,very short,False,True
True,2016-11-28 20:03:57,very short,True,False
True,2016-11-28 20:29:37,very short,True,False
True,2016-11-28 23:30:52,very short,True,False
True,2016-11-29 06:50:41,medium,True,False
True,2016-11-29 15:19:50,lengthy,True,False
True,2016-11-29 16:52:09,short,True,False
True,2016-11-29 19:00:18,very short,False,False
True,2016-11-29 21:01:25,very short,False,False
True,2016-11-30 05:23:12,lengthy,True,False
True,2016-11-30 06:05:47,very short,True,False
True,2016-11-30 20:31:31,very short,True,False
True,2016-11-30 22:27:29,very short,True,False
True,2016-12-01 17:11:18,short,True,False
True,2016-12-01 21:32:43,very short,True,False
True,2016-12-01 21:42:15,very short,True,False
True,2016-12-02 16:55:50,very short,True,False
True,2016-12-02 21:13:35,very short,True,False
True,2016-12-03 00:10:15,very short,True,False
True,2016-12-03 03:09:21,lengthy,True,False
True,2016-12-04 17:38:21,lengthy,True,False
True,2016-12-05 16:45:10,short,True,False
True,2016-12-05 20:19:21,very short,True,False
True,2016-12-06 21:36:14,very short,True,False
True,2016-12-07 02:57:44,very short,False,False
True,2016-12-07 05:00:03,very short,True,False
True,2016-12-07 09:43:30,lengthy,False,False
True,2016-12-07 20:43:43,short,True,False
True,2016-12-07 22:54:43,medium,True,False
True,2016-12-08 06:09:02,lengthy,True,False
True,2016-12-08 18:28:50,very short,False,False
True,2016-12-08 21:05:38,lengthy,True,False
True,2016-12-09 00:21:43,very short,True,False
True,2016-12-09 00:35:27,medium,False,False
True,2016-12-09 04:44:28,medium,False,True
False,2016-12-09 21:02:21,medium,True,False
True,2016-12-09 21:23:18,very short,True,False
True,2016-12-09 22:23:47,very short,True,False
True,2016-12-10 00:48:13,short,True,False
True,2016-12-10 10:51:49,lengthy,False,True
True,2016-12-10 21:12:10,medium,True,False
True,2016-12-11 08:18:32,lengthy,False,False
True,2016-12-12 01:23:02,very short,True,False
True,2016-12-12 23:08:58,lengthy,True,False
True,2016-12-16 01:18:47,very short,True,False
True,2016-12-16 19:35:16,medium,False,True
True,2016-12-16 21:52:16,short,True,False
True,2016-12-16 22:14:37,short,True,False
True,2016-12-19 07:09:04,short,True,False
True,2016-12-20 03:43:04,medium,False,False
True,2016-12-20 18:43:35,short,False,True
True,2016-12-20 22:15:09,short,True,False
True,2016-12-20 23:38:53,very short,True,False
True,2016-12-20 23:44:28,very short,True,False
True,2016-12-21 01:17:50,very short,True,False
True,2016-12-21 05:45:55,short,True,False
True,2016-12-21 06:00:15,very short,True,False
True,2016-12-23 00:52:47,medium,True,False
True,2016-12-23 19:39:24,short,True,False
True,2016-12-23 22:26:00,lengthy,True,False
True,2016-12-23 22:53:10,very short,True,False
True,2016-12-25 10:37:23,medium,False,False
True,2016-12-25 16:50:57,very short,True,False
True,2016-12-26 01:55:13,very short,True,False
True,2016-12-26 15:04:43,lengthy,False,True
True,2016-12-27 13:09:43,short,True,False
True,2016-12-27 21:42:47,very short,True,False
True,2016-12-27 21:50:49,very short,True,False
True,2016-12-28 15:46:50,lengthy,False,True
True,2016-12-28 20:08:13,medium,False,True
True,2016-12-29 17:18:54,short,False,False
True,2016-12-29 18:31:23,medium,True,False
True,2016-12-29 22:24:12,medium,True,False
True,2016-12-30 20:19:25,lengthy,True,False
True,2016-12-30 21:06:29,very short,True,False
True,2016-12-31 01:05:38,lengthy,True,False
True,2017-01-01 21:03:33,medium,True,False
True,2017-01-02 14:30:13,medium,True,False
True,2017-01-02 17:31:44,lengthy,True,False
True,2017-01-03 14:51:58,lengthy,False,True
True,2017-01-03 22:01:02,very short,True,False
True,2017-01-04 17:56:24,medium,True,False
True,2017-01-04 23:21:21,lengthy,False,False
True,2017-01-05 03:54:47,very short,False,False
True,2017-01-05 12:38:26,lengthy,True,False
True,2017-01-05 18:14:48,medium,True,False
True,2017-01-06 10:00:32,lengthy,False,False
True,2017-01-06 19:47:12,very short,True,False
True,2017-01-07 00:29:13,medium,False,True
True,2017-01-07 03:53:48,lengthy,False,False
True,2017-01-07 18:26:24,medium,True,False
True,2017-01-07 19:02:29,medium,False,False
True,2017-01-09 17:55:22,short,True,False
True,2017-01-09 20:21:31,lengthy,True,False
True,2017-01-09 20:47:32,lengthy,True,False
True,2017-01-10 15:49:06,lengthy,False,True
True,2017-01-10 20:13:27,very short,True,False
True,2017-01-10 22:45:14,very short,True,False
True,2017-01-11 23:33:42,lengthy,False,True
True,2017-01-12 15:22:32,lengthy,True,False
True,2017-01-12 17:59:27,lengthy,True,False
True,2017-01-12 18:00:37,lengthy,True,False
True,2017-01-12 18:02:05,lengthy,True,False
True,2017-01-12 20:24:04,short,True,False
True,2017-01-12 20:41:50,short,True,False
True,2017-01-12 21:54:05,very short,True,False
True,2017-01-13 23:06:11,lengthy,True,False
True,2017-01-15 08:31:52,very short,True,False
True,2017-01-15 18:15:52,medium,True,False
True,2017-01-16 14:51:01,short,True,False
True,2017-01-16 17:52:06,short,True,False
True,2017-01-17 01:25:55,lengthy,True,False
True,2017-01-17 02:38:15,short,False,True
True,2017-01-17 17:42:26,very short,True,False
False,2017-01-17 21:04:24,lengthy,False,True
True,2017-01-18 17:11:16,very short,True,False
True,2017-01-19 06:15:50,short,True,False
True,2017-01-19 06:18:23,medium,True,False
True,2017-01-19 06:59:36,short,True,False
True,2017-01-19 09:58:41,medium,True,False
True,2017-01-19 19:37:11,short,False,False
True,2017-01-19 21:49:08,very short,True,False
True,2017-01-20 18:29:18,short,True,False
True,2017-01-20 23:19:58,short,True,False
True,2017-01-21 00:06:44,short,True,False
True,2017-01-21 05:14:07,very short,True,False
True,2017-01-21 07:56:51,lengthy,True,False
True,2017-01-23 15:12:47,very short,True,False
True,2017-01-23 21:42:15,very short,True,False
True,2017-01-25 02:01:56,very short,True,False
True,2017-01-26 00:19:08,short,True,False
True,2017-01-26 15:12:49,lengthy,False,True
True,2017-01-26 20:00:15,very short,True,False
True,2017-01-26 20:57:02,very short,True,False
True,2017-01-26 22:29:16,lengthy,False,False
True,2017-01-27 17:25:25,very short,True,False
True,2017-01-27 22:26:38,very short,True,False
True,2017-01-27 23:01:48,very short,True,False
True,2017-01-30 00:32:16,very short,True,False
True,2017-01-30 01:23:06,very short,True,False
True,2017-01-30 20:20:12,medium,True,False
True,2017-01-31 12:25:22,lengthy,False,False
True,2017-01-31 21:23:17,very short,True,False
True,2017-01-31 22:10:00,short,True,False
True,2017-01-31 22:19:08,lengthy,False,False
True,2017-01-31 23:20:25,lengthy,False,False
True,2017-02-01 21:50:41,very short,True,False
True,2017-02-02 22:48:24,lengthy,True,False
True,2017-02-03 01:17:37,short,True,False
True,2017-02-03 13:51:32,medium,True,False
True,2017-02-04 07:08:02,very short,False,True
True,2017-02-04 10:38:59,short,True,False
True,2017-02-04 15:51:57,short,False,True
True,2017-02-04 22:39:50,lengthy,False,False
True,2017-02-04 23:00:12,lengthy,False,False
True,2017-02-05 18:52:06,medium,False,False
True,2017-02-05 22:00:32,medium,True,False
True,2017-02-06 07:28:40,medium,True,False
True,2017-02-06 11:03:13,short,False,False
True,2017-02-07 17:43:18,short,True,False
True,2017-02-07 18:05:09,short,True,False
True,2017-02-08 00:12:44,very short,False,False
True,2017-02-08 00:13:43,very short,False,False
True,2017-02-08 22:52:38,very short,True,False
True,2017-02-09 04:29:49,lengthy,False,False
True,2017-02-09 21:06:02,very short,True,False
True,2017-02-10 02:57:09,medium,False,False
True,2017-02-10 03:08:31,medium,True,False
True,2017-02-10 23:39:25,very short,True,False
True,2017-02-11 06:09:36,lengthy,False,False
True,2017-02-12 22:43:53,very short,True,False
True,2017-02-13 00:10:43,medium,True,False
True,2017-02-13 04:19:05,lengthy,True,False
True,2017-02-13 04:34:12,very short,True,False
False,2017-02-13 06:34:25,lengthy,True,False
True,2017-02-14 03:20:11,very short,True,False
True,2017-02-14 04:11:09,lengthy,True,False
True,2017-02-14 06:08:33,very short,True,False
True,2017-02-14 12:21:02,lengthy,True,False
True,2017-02-14 22:46:54,short,True,False
True,2017-02-15 13:56:35,short,False,False
True,2017-02-15 15:40:55,medium,True,False
True,2017-02-15 21:12:58,short,False,False
True,2017-02-15 22:08:04,very short,False,True
True,2017-02-16 00:26:54,medium,False,False
True,2017-02-16 00:39:55,lengthy,False,False
True,2017-02-16 03:36:40,lengthy,False,False
True,2017-02-16 13:22:39,medium,False,False
True,2017-02-16 18:36:24,medium,True,False
True,2017-02-16 21:40:21,medium,True,False
False,2017-02-17 05:40:19,very short,False,True
False,2017-02-17 16:49:42,very short,False,True
True,2017-02-17 21:55:56,very short,True,False
True,2017-02-18 22:47:48,medium,True,False
True,2017-02-19 20:42:07,short,True,False
True,2017-02-20 19:01:41,medium,False,False
True,2017-02-20 20:48:39,very short,False,True
True,2017-02-21 18:02:07,very short,True,False
True,2017-02-22 05:23:12,short,False,False
True,2017-02-22 17:55:01,short,False,True
True,2017-02-22 18:55:21,short,False,False
True,2017-02-22 19:56:09,short,True,False
True,2017-02-22 22:14:27,lengthy,False,False
True,2017-02-22 23:20:58,medium,False,False
True,2017-02-23 03:17:28,very short,True,False
False,2017-02-23 11:13:20,very short,False,True
False,2017-02-23 15:14:19,very short,False,False
True,2017-02-23 23:05:32,lengthy,False,False
True,2017-02-23 23:18:07,short,True,False
True,2017-02-24 08:07:53,lengthy,False,False
True,2017-02-24 09:26:28,lengthy,False,False
True,2017-02-24 09:37:25,lengthy,False,False
True,2017-02-24 14:09:19,lengthy,False,False
True,2017-02-24 14:19:17,lengthy,False,False
True,2017-02-24 21:08:17,very short,True,False
True,2017-02-25 00:26:16,medium,True,True
True,2017-02-25 11:18:49,short,True,False
True,2017-02-26 02:32:17,lengthy,True,False
True,2017-02-26 04:19:59,lengthy,True,False
True,2017-02-26 19:36:36,short,True,False
True,2017-02-27 17:17:19,very short,True,False
True,2017-02-27 19:23:49,medium,True,False
True,2017-02-27 21:33:31,very short,True,False
False,2017-02-27 22:22:12,lengthy,False,False
True,2017-02-28 02:10:11,very short,True,False
True,2017-02-28 05:17:15,lengthy,False,False
True,2017-03-01 02:41:24,lengthy,False,False
True,2017-03-01 03:36:53,lengthy,False,False
True,2017-03-01 04:36:21,lengthy,True,False
True,2017-03-01 19:10:56,short,False,True
True,2017-03-01 22:19:17,lengthy,False,True
True,2017-03-02 00:33:18,lengthy,True,False
True,2017-03-02 07:32:44,short,True,False
True,2017-03-02 22:58:44,medium,True,False
True,2017-03-02 23:29:41,medium,True,False
True,2017-03-03 02:33:10,lengthy,False,False
True,2017-03-03 02:50:01,lengthy,False,False
True,2017-03-03 15:01:30,lengthy,False,False
True,2017-03-03 18:02:36,very short,True,False
True,2017-03-03 22:19:09,very short,True,False
True,2017-03-04 17:11:56,lengthy,True,False
True,2017-03-04 20:43:55,medium,True,False
True,2017-03-05 00:26:55,lengthy,False,True
True,2017-03-05 11:07:03,lengthy,False,True
True,2017-03-06 20:36:03,very short,False,True
True,2017-03-07 07:04:50,lengthy,False,False
True,2017-03-07 12:15:47,very short,False,False
False,2017-03-07 14:08:09,very short,False,True
True,2017-03-07 21:23:53,very short,False,False
True,2017-03-07 21:50:05,medium,False,False
True,2017-03-07 23:05:40,medium,True,False
True,2017-03-08 02:22:43,medium,True,False
True,2017-03-08 06:33:07,medium,False,False
True,2017-03-08 16:06:15,medium,False,False
True,2017-03-09 14:57:12,lengthy,False,True
True,2017-03-09 21:32:34,very short,True,False
True,2017-03-10 10:06:51,lengthy,False,False
True,2017-03-10 13:19:05,medium,True,False
False,2017-03-11 23:38:29,lengthy,False,True
True,2017-03-11 23:52:40,very short,True,False
True,2017-03-13 06:02:20,lengthy,False,False
True,2017-03-13 16:56:08,medium,False,True
True,2017-03-13 18:18:39,short,True,False
True,2017-03-13 21:36:53,lengthy,True,False
True,2017-03-14 01:29:45,very short,True,False
True,2017-03-14 15:21:13,short,False,False
False,2017-03-14 18:40:44,very short,False,True
True,2017-03-14 19:18:26,very short,True,False
True,2017-03-14 21:33:08,very short,False,False
True,2017-03-15 04:38:34,medium,False,False
True,2017-03-15 21:39:54,short,False,False
True,2017-03-15 21:46:29,short,True,False
True,2017-03-16 09:25:01,medium,True,False
True,2017-03-16 16:01:19,short,False,True
True,2017-03-16 16:01:20,short,False,True
True,2017-03-17 19:05:48,lengthy,False,False
True,2017-03-18 18:53:15,short,True,False
True,2017-03-19 04:32:57,very short,False,False
True,2017-03-19 13:02:17,very short,False,False
True,2017-03-20 13:52:28,medium,False,False
True,2017-03-20 16:24:52,short,False,True
True,2017-03-21 15:41:35,very short,True,False
True,2017-03-21 16:28:38,very short,True,False
True,2017-03-21 17:31:29,lengthy,False,False
False,2017-03-21 22:15:50,very short,False,True
True,2017-03-22 08:34:53,very short,True,False
True,2017-03-22 14:00:58,short,False,True
True,2017-03-22 15:06:02,medium,False,True
True,2017-03-23 15:08:13,very short,True,False
True,2017-03-23 15:56:47,short,True,False
True,2017-03-24 15:49:07,very short,False,False
True,2017-03-24 16:50:34,very short,True,False
True,2017-03-24 19:53:44,very short,False,False
True,2017-03-24 22:37:37,medium,False,False
True,2017-03-26 17:12:13,short,False,False
True,2017-03-27 06:23:11,lengthy,True,False
True,2017-03-27 14:00:50,short,False,False
True,2017-03-27 23:14:09,medium,False,True
True,2017-03-29 04:39:53,short,False,False
True,2017-03-29 16:11:03,short,True,False
True,2017-03-29 19:14:10,very short,True,False
True,2017-03-29 20:39:03,lengthy,False,False
True,2017-03-30 18:07:11,very short,True,False
True,2017-03-31 07:32:06,short,False,False
True,2017-03-31 16:05:02,lengthy,True,False
True,2017-03-31 17:38:56,very short,True,False
True,2017-03-31 18:41:00,very short,True,False
True,2017-04-01 02:37:55,short,True,False
True,2017-04-01 03:56:03,lengthy,False,False
True,2017-04-02 09:07:05,short,False,False
True,2017-04-03 07:28:24,short,True,False
True,2017-04-03 18:21:33,very short,True,False
True,2017-04-04 08:01:40,lengthy,True,False
True,2017-04-04 08:06:31,medium,True,False
True,2017-04-04 23:00:25,very short,True,False
True,2017-04-05 05:01:51,medium,False,False
True,2017-04-05 14:04:30,very short,False,False
False,2017-04-05 16:39:29,short,False,False
True,2017-04-05 16:54:17,very short,False,True
True,2017-04-05 18:20:12,medium,True,False
True,2017-04-05 18:39:16,very short,True,False
True,2017-04-05 21:02:31,short,True,False
True,2017-04-06 16:04:16,short,True,False
True,2017-04-06 18:17:55,very short,True,False
True,2017-04-06 20:10:24,medium,False,False
True,2017-04-06 21:22:48,lengthy,False,False
True,2017-04-06 23:05:27,medium,False,False
False,2017-04-07 01:07:37,lengthy,False,True
True,2017-04-07 07:19:35,very short,True,False
True,2017-04-09 16:53:59,very short,True,False
True,2017-04-10 11:02:35,medium,False,True
True,2017-04-10 19:10:16,medium,False,False
True,2017-04-10 20:21:16,medium,True,False
True,2017-04-11 03:50:12,lengthy,True,False
True,2017-04-11 10:03:48,lengthy,True,False
True,2017-04-11 12:27:50,medium,True,False
True,2017-04-11 12:31:58,lengthy,True,False
True,2017-04-11 14:36:29,very short,True,False
True,2017-04-11 19:36:02,short,False,False
True,2017-04-12 04:29:18,very short,True,False
True,2017-04-12 17:27:59,very short,True,False
True,2017-04-12 18:28:17,short,True,False
True,2017-04-13 15:58:58,short,True,False
True,2017-04-13 20:52:48,very short,True,False
True,2017-04-15 12:12:39,medium,False,False
True,2017-04-15 19:13:16,short,False,True
True,2017-04-17 03:40:38,very short,True,False
True,2017-04-17 03:55:42,very short,True,False
True,2017-04-17 06:13:54,medium,True,False
True,2017-04-17 16:18:50,very short,True,False
True,2017-04-17 17:35:33,very short,False,True
True,2017-04-18 00:42:24,medium,True,False
True,2017-04-18 09:36:39,lengthy,False,True
True,2017-04-18 19:24:15,very short,True,False
True,2017-04-18 20:45:02,medium,False,False
True,2017-04-19 09:58:33,medium,False,False
True,2017-04-19 15:58:27,lengthy,False,False
True,2017-04-19 19:19:03,short,True,False
True,2017-04-20 14:35:14,short,False,True
True,2017-04-20 21:09:46,medium,False,False
True,2017-04-21 16:08:23,lengthy,True,False
True,2017-04-21 19:11:57,lengthy,False,False
True,2017-04-22 00:49:40,medium,True,False
True,2017-04-22 18:07:09,medium,True,False
True,2017-04-23 15:42:21,short,True,False
True,2017-04-23 18:24:34,short,False,False
True,2017-04-23 18:50:27,short,False,False
True,2017-04-23 19:13:13,short,True,False
True,2017-04-23 19:51:18,short,True,False
True,2017-04-24 21:42:09,very short,False,False
True,2017-04-25 04:12:22,lengthy,False,False
True,2017-04-25 14:34:46,short,True,False
True,2017-04-25 22:25:31,lengthy,True,False
True,2017-04-25 22:39:00,lengthy,True,False
True,2017-04-26 01:15:33,very short,True,False
True,2017-04-26 02:14:08,lengthy,True,False
True,2017-04-26 02:32:43,short,True,False
True,2017-04-26 03:06:38,lengthy,False,True
True,2017-04-26 04:35:21,very short,True,False
True,2017-04-26 08:06:30,very short,True,False
True,2017-04-26 14:21:10,lengthy,False,False
True,2017-04-26 21:12:13,short,True,False
True,2017-04-26 23:16:48,medium,True,False
True,2017-04-27 08:38:06,medium,True,False
False,2017-04-28 02:14:38,lengthy,False,False
True,2017-04-28 15:01:59,medium,True,False
True,2017-04-29 12:30:55,lengthy,False,False
True,2017-04-29 15:29:14,very short,False,False
True,2017-04-30 08:45:43,very short,True,False
True,2017-04-30 14:46:10,lengthy,False,True
True,2017-04-30 15:53:05,lengthy,True,False
True,2017-04-30 23:00:26,very short,False,True
True,2017-05-01 21:38:47,lengthy,False,False
True,2017-05-01 22:29:48,lengthy,True,False
True,2017-05-02 16:52:28,very short,True,False
True,2017-05-02 19:01:13,lengthy,False,False
True,2017-05-02 22:14:30,medium,False,False
True,2017-05-03 02:23:13,medium,False,False
True,2017-05-03 16:26:07,short,False,False
True,2017-05-03 16:31:07,medium,False,False
True,2017-05-03 19:42:54,short,True,False
True,2017-05-03 21:15:54,very short,True,False
True,2017-05-03 22:03:18,very short,True,False
True,2017-05-04 09:42:27,lengthy,False,False
True,2017-05-04 13:41:34,very short,False,False
True,2017-05-04 13:43:56,lengthy,False,False
False,2017-05-04 19:42:20,lengthy,False,False
True,2017-05-05 02:41:55,lengthy,True,False
True,2017-05-05 06:20:36,medium,True,False
True,2017-05-05 07:56:04,lengthy,False,False
True,2017-05-05 15:45:01,very short,False,True
True,2017-05-07 06:55:34,short,False,False
True,2017-05-08 18:27:28,short,True,False
True,2017-05-08 20:20:46,very short,True,False
True,2017-05-08 20:52:15,very short,True,False
True,2017-05-08 22:36:31,very short,True,False
True,2017-05-09 15:18:38,very short,False,True
True,2017-05-09 16:25:15,short,True,False
True,2017-05-10 07:38:43,very short,True,False
True,2017-05-10 19:55:20,very short,True,False
True,2017-05-10 20:09:45,very short,False,True
True,2017-05-10 21:15:08,very short,True,False
True,2017-05-11 02:52:48,medium,False,False
True,2017-05-11 13:10:20,very short,True,False
True,2017-05-11 21:18:36,very short,True,False
True,2017-05-12 00:31:35,medium,True,False
True,2017-05-12 02:47:48,medium,True,False
True,2017-05-12 18:51:14,medium,False,True
True,2017-05-13 18:47:09,short,True,False
True,2017-05-14 16:28:11,short,True,False
True,2017-05-15 00:21:37,short,False,False
True,2017-05-16 01:23:25,medium,False,False
True,2017-05-16 01:35:20,very short,True,False
True,2017-05-16 14:45:00,very short,False,False
True,2017-05-16 16:10:00,short,False,False
True,2017-05-16 19:27:13,very short,False,True
True,2017-05-17 09:55:30,very short,False,False
True,2017-05-17 15:13:48,very short,False,False
True,2017-05-18 10:28:00,very short,True,False
True,2017-05-18 16:13:54,medium,False,False
True,2017-05-18 16:28:58,very short,True,False
True,2017-05-18 20:57:19,very short,False,True
True,2017-05-19 20:12:15,medium,True,False
True,2017-05-19 21:43:11,short,False,False
True,2017-05-19 23:02:25,medium,False,False
True,2017-05-20 00:51:22,lengthy,False,False
True,2017-05-20 20:29:50,short,True,False
True,2017-05-22 00:28:07,short,True,False
True,2017-05-22 10:32:05,very short,True,False
True,2017-05-22 11:54:44,very short,True,False
True,2017-05-22 18:33:13,lengthy,False,False
True,2017-05-22 23:23:34,very short,True,False
True,2017-05-23 06:44:14,lengthy,True,False
True,2017-05-23 12:46:05,lengthy,False,True
True,2017-05-23 19:58:04,medium,False,False
True,2017-05-25 00:48:03,very short,True,False
True,2017-05-25 03:56:25,lengthy,True,False
True,2017-05-25 10:16:22,lengthy,False,False
True,2017-05-25 17:15:32,very short,False,True
True,2017-05-25 21:11:58,very short,True,False
True,2017-05-26 12:38:21,very short,True,False
True,2017-05-26 22:05:11,medium,True,False
True,2017-05-26 23:32:35,very short,False,False
True,2017-05-27 05:32:32,lengthy,False,False
True,2017-05-28 01:16:11,very short,False,False
False,2017-05-28 12:27:47,lengthy,False,True
True,2017-05-29 04:35:15,short,True,False
True,2017-05-30 08:29:00,short,False,False
True,2017-05-30 09:19:09,short,False,False
True,2017-05-30 13:10:34,very short,True,False
True,2017-05-30 19:17:31,short,True,False
True,2017-05-30 20:01:36,lengthy,True,False
True,2017-05-31 02:42:04,lengthy,True,False
True,2017-05-31 12:51:08,lengthy,False,False
True,2017-05-31 15:57:06,short,True,False
False,2017-05-31 18:05:02,lengthy,False,False
True,2017-05-31 19:36:07,medium,True,False
True,2017-06-01 00:07:59,lengthy,True,False
True,2017-06-01 01:27:19,medium,True,False
True,2017-06-02 18:04:29,very short,True,False
True,2017-06-02 19:43:56,medium,False,True
True,2017-06-02 20:34:20,very short,False,False
True,2017-06-03 03:11:57,medium,True,False
True,2017-06-03 08:30:55,short,False,True
True,2017-06-03 11:32:25,lengthy,False,True
True,2017-06-03 17:56:07,lengthy,False,False
True,2017-06-05 04:30:33,very short,True,False
True,2017-06-05 07:11:03,lengthy,True,False
True,2017-06-05 17:06:40,lengthy,False,True
True,2017-06-05 17:38:33,very short,True,False
True,2017-06-05 20:23:44,very short,True,False
True,2017-06-05 21:06:23,short,True,False
True,2017-06-05 21:37:43,short,True,False
True,2017-06-06 18:38:34,lengthy,False,True
True,2017-06-06 21:19:46,lengthy,False,True
True,2017-06-07 02:34:45,lengthy,True,False
True,2017-06-08 04:53:55,medium,True,False
True,2017-06-08 22:47:38,very short,False,False
True,2017-06-08 22:58:27,very short,False,True
True,2017-06-09 06:48:23,very short,True,False
True,2017-06-09 18:38:40,very short,True,False
True,2017-06-09 22:31:24,medium,False,True
True,2017-06-09 22:45:57,medium,False,False
True,2017-06-10 08:52:56,lengthy,False,False
True,2017-06-10 09:44:22,lengthy,False,False
True,2017-06-11 17:01:50,medium,False,False
True,2017-06-12 05:32:43,lengthy,False,False
False,2017-06-12 14:16:58,medium,False,False
True,2017-06-13 05:39:23,lengthy,True,False
True,2017-06-13 12:36:33,short,False,False
True,2017-06-14 22:01:24,short,True,False
True,2017-06-15 01:21:42,lengthy,True,False
True,2017-06-15 18:05:04,very short,True,False
True,2017-06-15 20:18:07,lengthy,False,False
True,2017-06-16 00:54:07,very short,True,False
True,2017-06-16 01:54:41,medium,False,False
True,2017-06-16 15:36:20,medium,False,True
False,2017-06-17 00:48:02,lengthy,False,False
True,2017-06-17 00:58:16,lengthy,True,False
False,2017-06-17 01:04:25,short,True,False
True,2017-06-17 01:39:41,lengthy,False,False
True,2017-06-17 09:43:23,short,False,True
True,2017-06-17 20:49:34,medium,True,False
True,2017-06-17 21:02:56,short,False,False
True,2017-06-18 11:07:34,lengthy,False,False
True,2017-06-18 13:18:45,short,False,False
True,2017-06-19 06:59:47,very short,True,False
True,2017-06-19 22:58:11,lengthy,True,False
True,2017-06-20 02:33:56,short,True,False
True,2017-06-21 08:15:54,very short,True,False
True,2017-06-21 13:50:06,short,True,False
True,2017-06-21 17:31:47,very short,True,False
True,2017-06-21 18:02:46,very short,True,False
True,2017-06-22 15:01:26,very short,True,False
True,2017-06-22 21:06:03,short,True,False
True,2017-06-23 05:53:17,medium,False,True
True,2017-06-23 11:37:11,very short,False,True
True,2017-06-23 19:17:40,medium,True,False
True,2017-06-23 22:08:02,very short,True,False
True,2017-06-24 20:55:10,medium,True,False
True,2017-06-24 21:58:04,short,False,False
False,2017-06-25 17:30:48,very short,False,True
False,2017-06-25 18:05:12,very short,False,False
True,2017-06-25 18:50:05,lengthy,True,False
False,2017-06-25 19:14:57,very short,False,False
False,2017-06-26 23:53:37,lengthy,True,False
True,2017-06-27 03:10:46,very short,True,False
True,2017-06-27 05:43:42,very short,True,False
True,2017-06-27 05:48:45,medium,True,False
True,2017-06-27 07:54:26,lengthy,True,False
True,2017-06-28 00:29:02,lengthy,False,False
True,2017-06-28 19:51:31,very short,True,False
True,2017-06-29 00:01:41,lengthy,True,False
True,2017-06-29 00:25:08,lengthy,True,False
True,2017-06-29 19:11:50,very short,False,False
True,2017-06-30 16:13:04,lengthy,True,False
False,2017-07-02 15:21:34,medium,False,False
True,2017-07-03 12:35:17,very short,False,True
True,2017-07-03 21:32:03,very short,True,False
True,2017-07-04 20:16:20,medium,False,True
True,2017-07-05 08:38:27,medium,False,False
True,2017-07-05 09:09:57,medium,False,False
True,2017-07-06 08:45:21,medium,False,False
True,2017-07-06 23:20:34,very short,False,False
True,2017-07-07 03:46:12,very short,True,False
True,2017-07-07 19:28:06,very short,False,True
True,2017-07-09 00:18:20,medium,True,False
True,2017-07-09 09:15:52,short,False,True
True,2017-07-09 18:40:21,short,False,True
True,2017-07-09 21:49:47,short,False,True
True,2017-07-10 07:44:00,lengthy,False,False
True,2017-07-10 14:40:58,medium,True,False
True,2017-07-10 16:00:26,short,True,False
True,2017-07-10 16:22:23,lengthy,True,False
True,2017-07-10 21:10:50,lengthy,True,False
True,2017-07-10 21:26:39,very short,False,False
True,2017-07-10 22:01:33,lengthy,True,False
True,2017-07-11 01:26:42,lengthy,False,True
True,2017-07-11 21:25:11,very short,True,False
True,2017-07-12 13:04:36,short,True,False
True,2017-07-12 16:54:31,very short,True,False
True,2017-07-12 18:42:05,very short,True,False
False,2017-07-12 21:21:17,very short,False,False
True,2017-07-12 22:45:17,short,True,False
True,2017-07-13 23:11:31,lengthy,True,False
False,2017-07-14 03:51:18,very short,False,False
False,2017-07-14 03:55:25,very short,False,False
True,2017-07-14 04:10:55,very short,False,False
True,2017-07-14 05:12:36,lengthy,False,False
True,2017-07-14 11:08:04,medium,True,False
True,2017-07-15 21:38:51,lengthy,False,True
True,2017-07-16 09:52:15,lengthy,False,False
True,2017-07-16 13:21:47,short,True,False
True,2017-07-17 20:21:07,short,True,False
True,2017-07-18 03:08:03,medium,False,False
True,2017-07-18 16:48:55,lengthy,True,False
True,2017-07-18 19:33:28,medium,True,False
True,2017-07-18 20:52:01,medium,True,False
True,2017-07-20 09:42:47,short,False,False
True,2017-07-21 04:25:13,very short,True,False
True,2017-07-21 06:42:55,lengthy,False,True
True,2017-07-21 20:36:23,short,False,True
True,2017-07-23 09:58:19,lengthy,False,False
True,2017-07-23 14:49:53,very short,True,False
True,2017-07-24 14:11:29,lengthy,False,False
True,2017-07-24 15:35:27,medium,False,False
True,2017-07-24 19:45:14,lengthy,False,True
True,2017-07-24 22:50:50,very short,True,False
True,2017-07-25 19:02:53,medium,False,False
True,2017-07-25 22:26:00,lengthy,False,True
True,2017-07-25 23:56:19,medium,False,True
True,2017-07-26 05:40:44,lengthy,False,False
True,2017-07-26 13:24:22,lengthy,False,True
True,2017-07-27 06:56:35,medium,False,True
True,2017-07-28 06:07:40,lengthy,False,False
False,2017-07-28 13:52:57,lengthy,False,False
True,2017-07-29 16:22:56,lengthy,False,True
True,2017-07-31 04:20:53,lengthy,True,False
False,2017-08-02 02:58:28,very short,False,True
True,2017-08-02 11:22:08,short,True,False
True,2017-08-03 23:19:58,lengthy,False,True
True,2017-08-04 21:11:35,medium,True,False
True,2017-08-06 00:32:31,lengthy,False,False
True,2017-08-06 23:28:02,medium,False,False
True,2017-08-07 03:09:40,lengthy,False,True
True,2017-08-07 17:22:30,lengthy,False,False
True,2017-08-07 18:58:49,lengthy,True,False
True,2017-08-08 04:52:52,medium,True,False
True,2017-08-08 20:20:09,medium,True,False
True,2017-08-09 13:36:10,medium,True,False
True,2017-08-09 17:22:18,lengthy,False,False
True,2017-08-09 19:33:34,very short,True,False
True,2017-08-10 04:53:49,lengthy,True,False
True,2017-08-10 15:48:55,very short,True,False
True,2017-08-10 20:28:26,lengthy,True,False
True,2017-08-11 17:40:31,very short,False,False
True,2017-08-13 03:44:08,lengthy,False,True
True,2017-08-13 03:51:13,lengthy,True,False
True,2017-08-13 09:19:03,medium,False,False
True,2017-08-14 06:35:36,very short,False,False
True,2017-08-14 13:33:57,lengthy,False,True
True,2017-08-15 03:59:32,very short,False,False
False,2017-08-15 12:17:24,very short,False,True
True,2017-08-16 08:22:08,very short,False,True
True,2017-08-17 07:27:41,very short,True,False
True,2017-08-17 10:49:50,medium,True,False
True,2017-08-17 10:57:15,short,True,False
True,2017-08-17 20:49:17,very short,True,False
True,2017-08-17 22:16:58,short,False,False
True,2017-08-18 06:27:24,short,False,False
True,2017-08-18 15:35:42,very short,True,False
True,2017-08-18 16:06:08,very short,True,False
True,2017-08-18 20:28:49,short,False,True
False,2017-08-18 21:03:30,very short,False,True
True,2017-08-19 10:14:09,short,False,False
True,2017-08-21 08:52:35,very short,True,False
True,2017-08-21 17:11:26,short,False,True
True,2017-08-21 17:34:23,very short,True,False
True,2017-08-21 19:27:31,lengthy,True,False
True,2017-08-21 21:41:29,short,True,False
True,2017-08-22 00:35:26,short,False,False
True,2017-08-22 11:51:54,short,True,False
True,2017-08-22 21:44:16,lengthy,True,False
True,2017-08-23 15:27:05,very short,True,False
True,2017-08-23 22:03:26,very short,True,False
True,2017-08-23 23:50:32,very short,True,False
True,2017-08-24 00:58:37,very short,False,True
True,2017-08-25 01:41:30,medium,True,False
True,2017-08-25 14:00:13,very short,True,False
True,2017-08-26 23:37:40,lengthy,False,False
True,2017-08-27 00:28:45,very short,False,False
True,2017-08-27 17:27:31,very short,False,True
True,2017-08-28 12:49:35,very short,False,True
True,2017-08-28 13:29:59,medium,True,False
True,2017-08-28 14:58:13,very short,True,False
True,2017-08-28 16:31:59,very short,True,False
True,2017-08-28 17:36:29,very short,True,False
True,2017-08-28 20:38:44,very short,True,False
True,2017-08-29 05:21:41,short,True,False
True,2017-08-30 01:37:32,lengthy,False,True
True,2017-08-30 20:41:07,medium,True,False
True,2017-08-31 04:43:00,short,False,False
True,2017-08-31 16:42:04,very short,True,False
True,2017-08-31 21:40:51,lengthy,True,False
True,2017-09-03 03:40:19,lengthy,False,False
True,2017-09-05 08:39:09,short,True,False
True,2017-09-06 00:08:28,medium,False,False
True,2017-09-06 01:53:16,short,True,False
True,2017-09-06 08:13:10,lengthy,True,False
True,2017-09-06 11:18:23,very short,False,True
True,2017-09-07 05:41:39,lengthy,False,False
True,2017-09-07 08:37:36,lengthy,True,False
False,2017-09-07 11:06:23,very short,True,False
True,2017-09-07 21:58:56,very short,True,False
True,2017-09-08 01:22:16,medium,True,False
True,2017-09-08 06:58:06,short,False,False
True,2017-09-10 07:23:09,lengthy,False,False
True,2017-09-11 04:05:34,lengthy,True,False
True,2017-09-11 08:58:51,lengthy,True,False
False,2017-09-12 00:55:50,very short,False,True
True,2017-09-12 02:03:28,medium,False,False
True,2017-09-12 03:27:14,lengthy,False,False
True,2017-09-12 13:01:35,short,False,False
True,2017-09-12 13:56:23,medium,True,False
True,2017-09-12 16:43:32,lengthy,False,False
True,2017-09-13 16:03:20,short,False,True
True,2017-09-14 02:11:36,medium,True,False
True,2017-09-14 16:27:25,very short,True,False
True,2017-09-15 08:31:02,lengthy,True,False
True,2017-09-16 03:38:20,very short,False,False
True,2017-09-17 18:37:43,short,False,False
True,2017-09-17 20:02:01,medium,True,False
False,2017-09-18 08:06:00,very short,False,True
True,2017-09-18 20:10:34,medium,False,False
True,2017-09-18 20:48:53,very short,True,False
True,2017-09-20 01:05:37,lengthy,False,False
True,2017-09-20 10:07:22,very short,True,False
True,2017-09-21 23:47:04,very short,True,False
True,2017-09-22 05:57:10,very short,False,False
True,2017-09-22 11:40:29,lengthy,False,False
True,2017-09-23 21:52:46,lengthy,False,True
True,2017-09-24 22:31:11,lengthy,False,False
True,2017-09-25 13:15:33,lengthy,True,False
True,2017-09-25 14:08:56,very short,True,False
True,2017-09-26 09:00:18,very short,False,True
True,2017-09-27 02:15:43,lengthy,True,False
True,2017-09-27 05:42:28,medium,True,False
True,2017-09-27 06:37:27,very short,True,False
True,2017-09-27 18:18:56,very short,False,False
True,2017-09-27 23:44:33,very short,True,False
False,2017-09-28 15:15:58,very short,False,False
True,2017-09-29 01:45:45,medium,False,False
True,2017-09-29 07:47:22,very short,True,False
True,2017-09-29 20:42:00,medium,True,False
True,2017-09-29 21:34:59,medium,True,False
True,2017-09-29 23:06:13,medium,True,False
True,2017-09-29 23:40:30,medium,False,False
True,2017-10-01 10:29:44,lengthy,True,False
True,2017-10-01 15:07:28,medium,True,False
True,2017-10-01 23:53:03,medium,True,False
True,2017-10-02 15:36:11,very short,False,True
True,2017-10-04 02:38:08,very short,True,False
True,2017-10-04 09:13:25,very short,False,False
True,2017-10-05 15:34:34,lengthy,True,False
True,2017-10-06 15:42:35,lengthy,False,True
True,2017-10-06 16:44:41,medium,False,False
False,2017-10-06 18:56:26,very short,False,True
True,2017-10-07 08:37:46,very short,False,False
True,2017-10-08 11:55:59,lengthy,False,False
True,2017-10-08 15:18:23,short,False,False
True,2017-10-08 15:19:23,short,False,False
True,2017-10-09 18:03:54,medium,False,False
True,2017-10-09 18:33:22,short,True,False
True,2017-10-09 21:08:18,medium,False,True
True,2017-10-10 03:01:37,short,False,True
True,2017-10-10 06:53:52,lengthy,False,False
True,2017-10-10 17:03:08,very short,False,False
True,2017-10-11 04:30:10,medium,True,False
True,2017-10-11 09:32:25,very short,False,False
True,2017-10-11 09:53:24,very short,False,False
True,2017-10-11 10:04:32,very short,False,False
True,2017-10-11 10:49:20,very short,False,False
True,2017-10-11 11:03:18,very short,False,False
True,2017-10-11 13:50:27,lengthy,False,True
True,2017-10-11 18:18:28,very short,True,False
True,2017-10-12 13:54:02,medium,False,False
True,2017-10-13 01:41:03,medium,True,False
True,2017-10-13 04:15:36,very short,True,False
True,2017-10-13 18:27:22,lengthy,False,False
True,2017-10-13 18:27:42,lengthy,False,False
True,2017-10-14 18:00:27,short,False,False
True,2017-10-14 18:01:12,short,False,False
True,2017-10-16 20:10:24,very short,False,False
True,2017-10-17 11:59:06,medium,False,True
True,2017-10-17 21:28:11,very short,True,False
True,2017-10-18 18:18:44,very short,False,False
True,2017-10-18 18:52:46,short,False,False
True,2017-10-20 00:20:30,very short,False,True
True,2017-10-20 05:40:34,very short,True,False
True,2017-10-21 00:56:17,short,False,False
True,2017-10-21 03:25:11,lengthy,True,False
True,2017-10-21 03:51:55,lengthy,False,False
True,2017-10-23 10:25:00,lengthy,False,True
True,2017-10-23 14:25:17,very short,False,False
True,2017-10-24 03:41:57,very short,True,False
True,2017-10-24 08:13:54,short,True,False
False,2017-10-24 14:56:42,very short,False,False
True,2017-10-24 22:01:07,very short,True,False
False,2017-10-25 05:12:38,very short,False,False
True,2017-10-25 05:20:23,lengthy,True,False
True,2017-10-25 15:44:48,very short,True,False
False,2017-10-26 17:31:20,lengthy,False,False
True,2017-10-26 20:08:02,very short,True,False
True,2017-10-27 04:23:23,lengthy,False,True
True,2017-10-27 09:19:03,medium,True,False
True,2017-10-27 16:35:08,medium,False,False
True,2017-10-27 17:15:32,very short,True,False
True,2017-10-29 12:38:27,short,True,False
True,2017-10-29 20:07:09,short,True,False
True,2017-10-31 09:49:30,very short,True,False
True,2017-10-31 15:15:40,lengthy,True,False
True,2017-10-31 16:31:38,lengthy,False,False
True,2017-11-01 15:14:22,lengthy,False,False
True,2017-11-01 16:54:40,very short,True,False
True,2017-11-01 17:02:51,very short,True,False
True,2017-11-02 20:06:14,medium,False,False
True,2017-11-03 09:31:06,lengthy,True,False
True,2017-11-06 06:49:52,very short,True,False
True,2017-11-06 07:34:14,very short,True,False
True,2017-11-07 09:05:34,lengthy,False,False
True,2017-11-07 15:12:10,lengthy,False,False
True,2017-11-07 20:32:34,very short,True,False
True,2017-11-08 02:38:02,very short,True,False
True,2017-11-08 16:03:29,very short,True,False
True,2017-11-08 17:02:50,lengthy,True,False
True,2017-11-09 21:19:46,very short,True,False
False,2017-11-10 17:16:59,lengthy,False,True
False,2017-11-10 18:02:01,lengthy,False,True
True,2017-11-10 22:06:42,medium,False,False
True,2017-11-11 22:28:06,lengthy,True,False
True,2017-11-13 09:26:45,lengthy,False,False
True,2017-11-13 21:25:39,lengthy,False,True
True,2017-11-14 06:34:46,lengthy,False,False
True,2017-11-15 02:18:04,lengthy,True,False
True,2017-11-15 09:28:03,very short,True,False
True,2017-11-15 15:53:38,lengthy,False,False
True,2017-11-15 20:08:55,lengthy,True,False
True,2017-11-16 02:07:03,lengthy,True,False
True,2017-11-16 18:07:52,lengthy,False,False
True,2017-11-16 20:01:49,lengthy,False,True
True,2017-11-17 19:00:09,lengthy,False,True
True,2017-11-20 22:58:46,very short,True,False
True,2017-11-20 23:29:09,very short,True,False
True,2017-11-21 19:52:20,lengthy,False,False
True,2017-11-21 21:31:00,very short,True,True
False,2017-11-21 23:15:42,lengthy,True,False
True,2017-11-21 23:27:06,very short,True,False
True,2017-11-21 23:53:32,very short,True,False
True,2017-11-22 04:46:37,lengthy,True,False
True,2017-11-22 10:09:31,lengthy,True,False
True,2017-11-22 13:10:38,very short,False,False
False,2017-11-23 06:53:17,short,True,False
True,2017-11-23 10:40:09,very short,False,True
False,2017-11-24 21:30:13,lengthy,False,True
True,2017-11-28 10:59:07,lengthy,True,False
True,2017-11-28 12:58:01,lengthy,False,False
True,2017-11-28 13:29:33,lengthy,False,True
False,2017-11-28 14:08:22,very short,False,True
True,2017-11-28 20:42:00,short,True,False
True,2017-11-29 03:43:57,very short,True,False
True,2017-11-29 08:10:50,very short,True,False
True,2017-11-29 12:22:25,lengthy,True,False
False,2017-11-29 12:29:19,short,True,False
True,2017-11-30 01:45:22,very short,True,False
True,2017-11-30 12:21:56,medium,True,False
True,2017-11-30 17:14:51,lengthy,False,True
True,2017-12-01 17:02:57,lengthy,True,False
True,2017-12-01 21:19:29,lengthy,False,True
True,2017-12-02 01:24:24,lengthy,False,True
True,2017-12-02 16:10:01,lengthy,False,True
True,2017-12-05 01:59:42,very short,False,False
True,2017-12-05 04:33:56,short,True,False
True,2017-12-06 19:35:30,short,True,False
True,2017-12-06 20:51:49,lengthy,True,False
True,2017-12-07 02:49:37,medium,False,False
True,2017-12-07 16:36:07,medium,True,False
True,2017-12-07 19:16:45,very short,True,False
True,2017-12-07 23:01:16,medium,False,False
True,2017-12-09 08:25:22,short,False,False
True,2017-12-09 08:34:03,very short,False,False
True,2017-12-12 05:33:54,very short,False,True
True,2017-12-14 05:49:01,very short,True,False
True,2017-12-14 14:40:16,medium,False,False
True,2017-12-14 20:41:20,lengthy,True,False
True,2017-12-15 01:53:29,very short,True,False
True,2017-12-15 18:58:40,medium,True,False
True,2017-12-15 21:58:43,lengthy,False,True
True,2017-12-16 17:08:02,short,False,False
True,2017-12-18 21:26:21,very short,True,False
True,2017-12-19 15:57:12,lengthy,True,False
True,2017-12-20 12:11:24,very short,False,False
True,2017-12-20 14:17:23,lengthy,False,False
True,2017-12-20 15:07:13,very short,False,True
True,2017-12-20 20:45:27,medium,True,False
True,2017-12-21 19:15:18,lengthy,False,False
True,2017-12-21 23:55:10,lengthy,False,False
True,2017-12-22 15:08:19,lengthy,False,False
False,2017-12-26 19:00:25,short,True,False
True,2017-12-28 02:20:32,short,False,False
True,2017-12-28 22:37:17,lengthy,True,False
True,2017-12-29 02:09:07,medium,False,False
True,2017-12-29 07:20:52,lengthy,False,False
True,2017-12-29 18:30:06,very short,True,False
True,2017-12-29 19:46:18,lengthy,True,False
True,2017-12-30 00:14:06,lengthy,True,False
True,2017-12-31 15:55:01,medium,False,False
True,2018-01-01 09:24:11,medium,False,False
True,2018-01-01 23:11:47,lengthy,True,False
False,2018-01-02 21:53:05,lengthy,True,False
True,2018-01-03 06:20:46,lengthy,True,False
True,2018-01-04 20:30:40,medium,False,False
True,2018-01-04 21:22:33,very short,True,False
True,2018-01-05 11:30:50,medium,True,False
True,2018-01-05 11:30:51,medium,True,False
True,2018-01-05 16:29:11,medium,True,False
True,2018-01-05 20:11:51,lengthy,False,True
True,2018-01-07 04:39:14,very short,True,False
True,2018-01-07 23:03:52,very short,True,False
True,2018-01-08 19:51:19,very short,True,False
True,2018-01-08 20:18:00,very short,False,True
True,2018-01-08 21:44:42,medium,True,False
True,2018-01-09 21:11:01,medium,True,False
True,2018-01-12 07:23:57,lengthy,True,False
True,2018-01-12 12:07:44,very short,False,True
True,2018-01-13 05:21:29,medium,True,False
True,2018-01-14 01:46:24,lengthy,False,True
True,2018-01-14 05:59:39,lengthy,True,False
True,2018-01-15 11:26:08,medium,False,True
True,2018-01-15 13:51:22,short,True,False
True,2018-01-15 20:52:22,medium,False,False
True,2018-01-16 03:45:26,very short,False,True
True,2018-01-16 14:53:02,lengthy,True,False
True,2018-01-16 14:55:00,lengthy,False,False
True,2018-01-17 03:54:25,medium,True,False
False,2018-01-17 05:00:54,lengthy,False,False
True,2018-01-17 22:32:20,medium,False,True
True,2018-01-17 23:05:11,medium,True,False
True,2018-01-18 11:58:49,medium,True,False
True,2018-01-18 21:00:11,medium,False,False
True,2018-01-19 15:20:47,medium,False,False
True,2018-01-22 14:45:46,lengthy,True,False
True,2018-01-22 18:54:32,lengthy,True,False
True,2018-01-22 22:03:40,lengthy,False,True
True,2018-01-22 22:35:20,medium,True,False
False,2018-01-24 11:08:01,short,False,True
False,2018-01-24 14:51:20,very short,False,True
True,2018-01-24 20:48:45,medium,False,False
True,2018-01-26 23:49:30,very short,True,False
False,2018-01-27 22:45:28,lengthy,False,True
True,2018-01-28 05:12:19,lengthy,True,False
True,2018-01-28 09:14:54,very short,True,False
True,2018-01-29 04:42:47,medium,False,False
False,2018-01-29 20:44:31,short,False,False
True,2018-01-30 02:58:21,short,False,False
True,2018-01-30 15:42:50,medium,True,False
True,2018-02-01 04:49:49,very short,False,False
True,2018-02-02 22:36:31,medium,True,False
True,2018-02-02 22:37:36,very short,True,False
True,2018-02-02 23:03:56,very short,True,False
True,2018-02-03 00:06:06,very short,True,False
True,2018-02-03 01:56:56,short,False,False
True,2018-02-05 13:47:10,lengthy,True,False
True,2018-02-05 16:25:44,lengthy,True,False
True,2018-02-05 21:20:41,lengthy,True,False
True,2018-02-06 04:56:16,medium,True,False
True,2018-02-06 12:43:47,lengthy,False,True
True,2018-02-06 20:04:53,medium,True,False
True,2018-02-08 13:43:58,very short,False,False
True,2018-02-09 09:34:24,lengthy,True,False
True,2018-02-09 10:29:39,lengthy,False,True
True,2018-02-09 18:50:56,very short,True,False
True,2018-02-10 01:54:51,medium,True,False
False,2018-02-10 14:12:27,medium,False,False
True,2018-02-11 06:46:50,very short,True,False
False,2018-02-11 17:55:09,lengthy,False,False
True,2018-02-12 02:46:55,medium,False,True
True,2018-02-12 17:23:05,very short,False,True
True,2018-02-12 17:25:14,very short,True,False
True,2018-02-13 10:35:32,very short,False,False
True,2018-02-13 11:32:51,very short,True,False
True,2018-02-13 20:41:46,very short,True,False
True,2018-02-13 23:01:08,lengthy,False,False
True,2018-02-14 14:49:34,very short,True,False
True,2018-02-14 15:23:42,short,True,False
True,2018-02-14 17:08:36,short,True,False
True,2018-02-14 20:38:32,medium,False,False
True,2018-02-15 09:30:18,very short,False,False
True,2018-02-15 13:03:33,very short,False,True
True,2018-02-15 19:58:21,very short,True,False
True,2018-02-16 10:22:34,lengthy,False,False
True,2018-02-16 16:41:42,short,True,False
True,2018-02-17 00:07:45,very short,True,False
True,2018-02-17 21:58:30,short,False,False
True,2018-02-18 12:23:09,very short,False,True
False,2018-02-18 23:50:42,medium,False,True
True,2018-02-20 05:53:29,very short,True,False
True,2018-02-20 07:22:37,short,False,True
True,2018-02-20 10:02:14,lengthy,True,False
True,2018-02-20 11:49:17,very short,False,False
True,2018-02-20 15:47:16,very short,True,False
True,2018-02-20 21:58:24,very short,True,False
True,2018-02-20 21:59:42,very short,False,False
True,2018-02-20 22:03:54,lengthy,False,True
True,2018-02-21 01:07:02,medium,True,False
True,2018-02-21 18:54:15,lengthy,False,True
True,2018-02-21 20:33:09,short,True,False
True,2018-02-21 21:25:11,very short,True,False
True,2018-02-22 03:59:50,very short,True,False
True,2018-02-22 06:28:27,medium,False,True
True,2018-02-22 09:23:02,lengthy,True,False
True,2018-02-22 10:41:37,short,True,False
True,2018-02-22 16:27:39,medium,False,True
True,2018-02-22 16:47:10,very short,True,False
True,2018-02-22 17:33:15,very short,True,False
True,2018-02-23 02:22:13,lengthy,False,False
True,2018-02-23 02:44:08,lengthy,True,False
False,2018-02-23 20:33:17,short,False,False
True,2018-02-23 21:51:25,lengthy,False,True
True,2018-02-24 21:09:55,very short,True,False
True,2018-02-26 12:07:53,lengthy,True,False
True,2018-02-26 17:31:24,very short,True,False
True,2018-02-26 19:29:43,lengthy,False,False
False,2018-02-26 20:41:08,very short,False,False
True,2018-02-26 21:32:11,lengthy,False,False
True,2018-02-26 23:00:19,lengthy,True,False
False,2018-02-26 23:42:56,lengthy,True,False
True,2018-02-27 02:19:37,lengthy,False,False
False,2018-02-27 03:44:12,lengthy,False,False
True,2018-02-27 10:02:12,short,True,False
True,2018-02-27 10:32:06,short,True,False
True,2018-02-27 22:17:27,very short,False,True
True,2018-02-27 22:32:23,lengthy,False,False
True,2018-02-28 14:47:56,very short,False,False
True,2018-02-28 16:33:50,short,True,False
True,2018-03-01 14:45:47,very short,True,False
True,2018-03-01 20:44:43,very short,True,False
True,2018-03-01 21:37:43,very short,False,True
True,2018-03-01 21:57:52,lengthy,False,False
True,2018-03-02 12:14:56,short,False,False
True,2018-03-02 15:04:24,very short,False,True
True,2018-03-02 17:35:22,very short,False,True
True,2018-03-02 22:31:32,very short,True,False
True,2018-03-04 23:56:38,very short,True,False
True,2018-03-05 03:27:23,lengthy,False,False
True,2018-03-05 16:06:17,very short,False,True
True,2018-03-05 19:42:40,lengthy,True,False
True,2018-03-06 13:22:48,very short,False,False
True,2018-03-07 02:15:25,very short,True,False
True,2018-03-07 21:00:03,lengthy,False,False
False,2018-03-07 21:04:20,lengthy,False,False
True,2018-03-07 23:26:06,medium,True,False
True,2018-03-08 13:34:15,lengthy,False,True
True,2018-03-09 02:34:10,medium,True,False
True,2018-03-11 20:16:09,lengthy,False,True
True,2018-03-12 08:54:05,lengthy,False,True
True,2018-03-13 06:59:50,short,False,False
True,2018-03-13 11:08:55,lengthy,False,False
True,2018-03-13 22:06:28,very short,True,False
False,2018-03-15 11:06:01,very short,False,True
True,2018-03-15 21:12:37,medium,False,False
True,2018-03-16 13:28:10,lengthy,True,False
True,2018-03-17 06:09:07,very short,True,False
True,2018-03-20 00:11:15,lengthy,True,False
True,2018-03-20 10:07:15,very short,False,True
True,2018-03-20 13:13:36,lengthy,True,False
True,2018-03-20 15:23:47,very short,True,False
True,2018-03-20 16:04:46,lengthy,False,False
True,2018-03-20 19:52:41,very short,True,False
True,2018-03-20 21:35:55,lengthy,True,False
True,2018-03-21 14:37:57,very short,True,False
True,2018-03-21 22:22:58,medium,True,False
True,2018-03-22 06:22:51,lengthy,True,False
True,2018-03-22 15:08:02,very short,False,False
True,2018-03-22 20:02:31,lengthy,True,False
True,2018-03-23 01:25:26,very short,True,False
True,2018-03-23 19:59:27,lengthy,True,False
True,2018-03-23 20:08:35,lengthy,False,False
True,2018-03-24 01:16:13,lengthy,True,False
True,2018-03-24 23:11:09,lengthy,True,False
False,2018-03-25 14:06:06,lengthy,False,False
True,2018-03-25 18:00:01,short,True,False
True,2018-03-26 08:47:04,short,True,False
True,2018-03-26 16:51:18,very short,True,False
True,2018-03-26 19:44:43,very short,False,False
True,2018-03-26 23:10:15,very short,True,False
True,2018-03-27 17:30:40,very short,True,False
True,2018-03-27 18:32:06,medium,True,False
True,2018-03-27 20:57:20,short,True,False
True,2018-03-28 18:44:39,lengthy,False,True
True,2018-03-29 06:47:14,lengthy,False,False
True,2018-03-29 11:56:08,very short,True,False
True,2018-03-30 07:05:35,lengthy,False,False
True,2018-03-30 10:47:58,very short,True,False
True,2018-03-30 15:08:09,very short,True,False
True,2018-03-30 17:27:27,medium,True,False
True,2018-03-31 03:29:49,short,True,False
True,2018-04-02 17:16:53,very short,True,False
True,2018-04-02 19:12:53,very short,True,False
True,2018-04-03 18:20:22,very short,True,False
True,2018-04-04 17:15:36,medium,True,False
True,2018-04-04 18:28:45,medium,True,False
True,2018-04-04 18:43:50,very short,True,False
True,2018-04-04 21:48:46,lengthy,True,False
True,2018-04-04 22:37:45,very short,True,False
True,2018-04-05 19:32:21,lengthy,False,False
True,2018-04-05 23:38:25,medium,True,False
True,2018-04-06 09:18:27,medium,False,False
True,2018-04-06 13:12:51,lengthy,False,False
True,2018-04-06 16:10:20,very short,True,False
True,2018-04-06 16:19:43,lengthy,False,False
True,2018-04-07 17:55:15,medium,True,False
True,2018-04-07 21:33:51,short,True,False
True,2018-04-09 14:44:57,very short,False,False
False,2018-04-09 16:24:17,lengthy,True,False
True,2018-04-09 18:37:27,very short,True,False
True,2018-04-09 19:00:18,very short,True,False
True,2018-04-10 03:04:12,lengthy,True,False
True,2018-04-10 11:12:22,lengthy,True,False
False,2018-04-10 16:23:25,very short,False,False
True,2018-04-10 16:23:55,very short,True,False
True,2018-04-10 16:51:22,lengthy,False,False
True,2018-04-10 21:39:44,lengthy,True,False
True,2018-04-10 23:00:40,very short,True,False
True,2018-04-11 15:15:55,medium,False,False
True,2018-04-11 16:06:58,very short,True,False
True,2018-04-11 19:23:04,very short,True,False
True,2018-04-12 09:31:11,lengthy,False,True
True,2018-04-12 16:24:13,lengthy,True,False
True,2018-04-12 19:58:40,very short,False,False
True,2018-04-13 03:55:08,medium,True,False
True,2018-04-13 11:51:56,very short,False,False
True,2018-04-13 23:27:06,lengthy,True,False
True,2018-04-14 07:25:20,lengthy,True,False
True,2018-04-14 13:21:02,lengthy,False,True
True,2018-04-16 08:18:08,lengthy,False,False
True,2018-04-18 00:43:08,lengthy,True,False
True,2018-04-18 02:00:19,medium,True,False
True,2018-04-18 15:26:47,medium,True,False
True,2018-04-18 15:42:33,very short,True,False
False,2018-04-18 17:14:33,very short,False,True
True,2018-04-19 07:27:58,short,True,False
True,2018-04-19 17:12:20,lengthy,False,False
True,2018-04-20 20:52:48,lengthy,True,False
True,2018-04-20 21:43:56,very short,True,False
True,2018-04-21 09:14:28,medium,False,True
True,2018-04-21 15:33:44,short,True,False
True,2018-04-22 20:38:08,medium,False,False
True,2018-04-23 06:20:21,very short,True,False
True,2018-04-23 10:03:49,lengthy,True,False
False,2018-04-23 15:18:10,very short,False,True
False,2018-04-23 16:04:31,medium,False,False
True,2018-04-23 17:44:06,lengthy,True,False
True,2018-04-24 16:13:56,very short,True,False
True,2018-04-24 19:23:03,very short,True,False
True,2018-04-24 23:09:17,very short,True,False
True,2018-04-25 15:00:32,lengthy,False,False
False,2018-04-25 15:08:44,lengthy,False,False
True,2018-04-26 06:14:53,lengthy,False,True
True,2018-04-26 15:02:14,very short,True,False
True,2018-04-26 19:42:59,very short,True,False
True,2018-04-26 19:58:36,very short,True,False
True,2018-04-26 23:16:57,lengthy,False,False
True,2018-04-27 03:17:43,medium,False,False
True,2018-04-27 19:23:32,very short,True,False
True,2018-04-27 19:52:40,medium,False,False
False,2018-04-27 20:20:20,lengthy,False,True
True,2018-04-27 20:56:14,lengthy,False,False
True,2018-04-28 01:34:56,lengthy,True,False
True,2018-04-28 03:41:13,medium,False,False
True,2018-04-29 06:48:22,short,True,False
False,2018-04-30 00:49:01,very short,False,False
True,2018-04-30 04:15:13,very short,True,False
True,2018-04-30 13:33:50,lengthy,False,False
True,2018-05-01 02:45:46,lengthy,False,False
True,2018-05-01 10:01:11,short,True,False
True,2018-05-01 14:41:29,very short,True,False
True,2018-05-02 07:04:33,lengthy,True,False
True,2018-05-02 15:13:08,lengthy,False,False
True,2018-05-03 09:44:14,very short,False,False
True,2018-05-03 13:01:55,lengthy,True,False
False,2018-05-04 11:30:09,medium,False,False
True,2018-05-05 04:56:25,lengthy,True,False
True,2018-05-05 05:23:21,lengthy,False,False
True,2018-05-05 14:58:16,lengthy,True,False
True,2018-05-05 20:50:39,short,True,False
True,2018-05-07 07:13:49,lengthy,True,False
True,2018-05-07 13:27:29,very short,False,False
True,2018-05-07 20:05:13,lengthy,True,False
True,2018-05-07 20:44:00,medium,False,True
True,2018-05-08 21:44:17,very short,True,False
True,2018-05-08 22:49:16,very short,True,False
True,2018-05-08 22:55:08,very short,True,False
True,2018-05-09 16:00:52,lengthy,False,True
True,2018-05-09 16:14:50,medium,True,False
False,2018-05-09 18:19:33,lengthy,False,False
True,2018-05-09 18:43:06,medium,True,False
False,2018-05-10 13:14:23,short,False,False
True,2018-05-11 03:42:37,medium,True,False
True,2018-05-11 18:14:34,medium,True,False
True,2018-05-12 06:21:59,lengthy,True,False
True,2018-05-13 19:21:16,medium,False,True
True,2018-05-14 18:36:57,lengthy,True,False
False,2018-05-14 21:00:19,short,False,True
True,2018-05-14 21:46:33,very short,False,False
True,2018-05-14 22:22:43,medium,True,False
True,2018-05-15 07:30:19,very short,False,False
True,2018-05-15 07:52:55,lengthy,False,False
True,2018-05-15 13:36:01,lengthy,True,False
True,2018-05-15 14:39:27,very short,False,False
True,2018-05-15 14:49:35,very short,False,False
True,2018-05-15 22:48:28,medium,True,False
True,2018-05-17 08:34:17,medium,False,False
True,2018-05-17 13:19:36,medium,True,False
False,2018-05-17 16:05:28,lengthy,False,True
True,2018-05-17 21:44:31,very short,True,False
True,2018-05-17 22:02:15,lengthy,True,False
True,2018-05-18 16:53:36,lengthy,False,False
True,2018-05-18 19:50:39,lengthy,False,False
True,2018-05-19 01:17:20,lengthy,False,True
False,2018-05-19 16:17:33,lengthy,False,False
True,2018-05-19 16:50:58,lengthy,False,False
True,2018-05-21 03:37:17,short,False,False
True,2018-05-21 12:22:00,very short,False,False
True,2018-05-21 19:26:47,very short,False,False
True,2018-05-22 18:28:07,very short,True,False
True,2018-05-22 22:31:00,medium,True,False
True,2018-05-23 07:33:57,very short,False,False
False,2018-05-23 16:34:46,very short,False,False
True,2018-05-23 19:26:33,short,True,False
True,2018-05-24 18:00:28,lengthy,True,False
True,2018-05-24 18:09:50,medium,True,False
True,2018-05-24 20:35:35,medium,True,False
True,2018-05-25 01:16:47,medium,True,False
True,2018-05-26 08:06:33,very short,True,False
True,2018-05-26 21:29:39,lengthy,True,False
True,2018-05-27 00:06:42,medium,True,False
True,2018-05-27 17:11:50,very short,False,False
True,2018-05-27 20:27:46,medium,True,False
True,2018-05-27 21:14:03,lengthy,True,False
True,2018-05-28 13:40:13,lengthy,True,False
True,2018-05-29 15:20:51,lengthy,False,True
True,2018-05-29 16:05:48,medium,False,False
False,2018-05-29 17:03:33,lengthy,False,True
False,2018-05-30 01:28:26,lengthy,False,False
True,2018-05-30 16:39:37,medium,False,False
False,2018-05-30 17:45:51,very short,False,True
True,2018-05-31 12:40:29,medium,True,False
True,2018-05-31 16:43:14,lengthy,False,True
True,2018-05-31 18:39:49,lengthy,True,False
True,2018-05-31 19:39:52,short,True,False
True,2018-06-01 12:17:04,lengthy,False,False
False,2018-06-01 20:49:23,lengthy,False,True
True,2018-06-03 05:45:19,lengthy,True,False
True,2018-06-04 15:28:52,medium,True,False
False,2018-06-05 03:39:59,medium,False,False
True,2018-06-05 03:56:17,medium,False,False
True,2018-06-07 12:06:06,very short,True,False
True,2018-06-07 16:08:58,medium,False,False
True,2018-06-08 02:38:08,lengthy,False,False
True,2018-06-08 08:39:04,lengthy,False,False
True,2018-06-08 21:00:28,very short,True,False
True,2018-06-09 02:23:18,lengthy,False,False
True,2018-06-09 06:15:05,lengthy,False,False
True,2018-06-09 16:50:53,short,False,False
True,2018-06-12 08:36:07,short,False,False
True,2018-06-12 22:14:06,short,True,False
True,2018-06-13 19:33:08,very short,False,False
False,2018-06-14 03:55:29,very short,False,False
True,2018-06-14 09:06:57,lengthy,False,False
True,2018-06-14 13:16:05,short,False,False
True,2018-06-15 16:08:29,lengthy,True,False
True,2018-06-18 16:27:29,short,True,False
True,2018-06-18 19:13:13,short,True,False
True,2018-06-18 19:24:59,lengthy,True,False
True,2018-06-20 17:24:35,very short,True,False
True,2018-06-21 13:09:44,very short,True,False
True,2018-06-21 19:04:14,very short,True,False
True,2018-06-22 08:10:53,medium,True,False
True,2018-06-22 17:33:37,medium,True,False
True,2018-06-25 09:55:30,lengthy,False,False
False,2018-06-25 18:24:36,very short,False,True
True,2018-06-26 16:09:04,very short,True,False
False,2018-06-27 14:44:45,lengthy,False,True
True,2018-06-27 15:38:17,short,False,False
True,2018-06-27 21:32:11,very short,True,False
True,2018-06-27 21:57:37,very short,True,False
True,2018-06-27 22:44:48,medium,False,False
True,2018-06-28 01:20:45,very short,False,False
True,2018-06-28 07:17:59,medium,True,False
True,2018-06-28 10:23:59,lengthy,False,False
True,2018-06-28 12:17:42,very short,True,False
True,2018-06-28 14:49:39,very short,True,False
True,2018-06-29 05:19:19,lengthy,True,False
True,2018-06-30 06:34:36,lengthy,False,True
True,2018-07-02 15:03:14,very short,True,False
True,2018-07-02 17:21:25,medium,False,True
True,2018-07-02 21:09:54,very short,True,False
True,2018-07-03 07:24:41,short,True,False
True,2018-07-03 10:38:26,lengthy,False,True
True,2018-07-03 21:11:08,very short,True,False
True,2018-07-04 00:34:25,short,True,False
False,2018-07-04 04:04:01,lengthy,False,False
True,2018-07-04 16:51:14,lengthy,False,False
False,2018-07-05 17:08:29,medium,False,True
True,2018-07-05 18:36:29,medium,True,False
True,2018-07-05 21:06:11,very short,True,False
True,2018-07-05 21:46:41,very short,False,False
True,2018-07-06 19:29:56,medium,True,False
True,2018-07-06 20:01:01,medium,True,False
False,2018-07-07 15:06:59,short,False,False
True,2018-07-08 06:12:30,medium,True,False
False,2018-07-08 21:00:51,very short,False,True
True,2018-07-08 23:48:12,very short,True,False
True,2018-07-09 00:01:11,very short,True,False
True,2018-07-09 18:29:08,medium,True,False
True,2018-07-09 21:05:21,short,True,False
True,2018-07-10 16:30:25,medium,True,False
True,2018-07-10 18:29:06,very short,True,False
True,2018-07-10 23:04:23,short,False,False
True,2018-07-11 07:25:35,very short,True,False
True,2018-07-12 18:34:12,short,True,False
True,2018-07-12 19:58:41,short,True,False
True,2018-07-12 21:59:46,very short,True,False
True,2018-07-12 22:42:44,very short,True,False
True,2018-07-12 22:52:01,very short,True,False
True,2018-07-12 23:38:33,lengthy,True,False
True,2018-07-13 04:44:44,very short,True,False
True,2018-07-13 06:08:21,lengthy,False,False
True,2018-07-13 10:35:05,very short,True,False
True,2018-07-13 15:10:16,lengthy,False,False
True,2018-07-13 19:23:56,medium,True,False
True,2018-07-14 11:03:10,medium,False,False
False,2018-07-15 10:05:04,lengthy,False,False
True,2018-07-15 14:25:28,short,True,False
True,2018-07-15 15:36:52,short,True,False
True,2018-07-16 02:33:16,lengthy,False,False
True,2018-07-16 07:13:56,medium,False,True
True,2018-07-16 07:41:54,lengthy,False,False
True,2018-07-16 20:32:04,very short,True,False
True,2018-07-16 20:58:14,short,True,False
True,2018-07-17 14:10:13,short,True,False
True,2018-07-17 18:55:47,short,True,False
True,2018-07-17 20:13:59,very short,True,False
True,2018-07-17 23:48:47,lengthy,False,False
True,2018-07-18 01:53:47,very short,True,False
True,2018-07-18 08:08:02,lengthy,False,True
True,2018-07-18 10:54:31,very short,False,True
True,2018-07-18 15:26:31,very short,True,False
True,2018-07-18 22:10:47,medium,True,False
True,2018-07-19 15:05:22,very short,True,False
False,2018-07-19 17:54:56,very short,False,True
True,2018-07-19 18:04:16,medium,True,False
True,2018-07-19 18:24:15,short,True,False
True,2018-07-19 20:37:33,lengthy,True,True
True,2018-07-19 22:27:40,medium,True,False
False,2018-07-20 10:38:01,very short,False,True
True,2018-07-20 11:20:00,lengthy,False,True
False,2018-07-20 11:25:02,lengthy,False,False
True,2018-07-21 15:07:43,medium,True,False
True,2018-07-22 01:38:17,lengthy,True,False
True,2018-07-23 00:53:57,very short,True,False
True,2018-07-23 18:40:33,very short,True,False
True,2018-07-24 03:27:59,short,True,False
True,2018-07-24 16:51:07,short,True,False
True,2018-07-24 17:17:21,very short,True,False
True,2018-07-24 20:01:46,very short,True,False
True,2018-07-24 22:09:03,very short,True,False
False,2018-07-25 06:11:48,lengthy,False,True
True,2018-07-25 16:44:37,very short,True,False
True,2018-07-25 19:57:06,very short,True,False
True,2018-07-26 02:20:35,very short,True,False
True,2018-07-26 02:51:46,medium,True,False
True,2018-07-26 09:46:25,lengthy,False,False
True,2018-07-26 21:01:42,very short,True,False
True,2018-07-27 09:51:30,medium,False,False
True,2018-07-27 14:55:12,very short,True,False
True,2018-07-29 01:50:41,lengthy,False,False
True,2018-07-30 12:05:33,lengthy,False,False
True,2018-07-30 17:48:57,very short,True,False
True,2018-07-30 18:22:09,very short,True,False
True,2018-07-30 20:26:44,lengthy,False,False
True,2018-07-31 05:39:34,very short,False,False
True,2018-07-31 12:30:53,lengthy,False,False
True,2018-07-31 14:50:46,short,True,False
True,2018-07-31 16:43:43,short,True,False
True,2018-08-01 02:50:19,very short,True,False
True,2018-08-01 14:41:55,medium,True,False
True,2018-08-01 15:52:42,very short,True,False
True,2018-08-01 18:34:21,short,True,False
True,2018-08-03 05:48:36,short,False,False
True,2018-08-03 06:20:17,lengthy,False,False
True,2018-08-03 07:03:40,short,True,False
True,2018-08-04 13:30:53,medium,False,False
True,2018-08-04 20:40:55,very short,True,False
True,2018-08-04 23:00:45,very short,True,False
True,2018-08-05 17:07:20,very short,False,False
True,2018-08-06 05:58:55,short,False,False
False,2018-08-06 15:29:01,very short,False,False
True,2018-08-06 17:02:42,lengthy,False,False
True,2018-08-07 18:55:53,lengthy,True,False
True,2018-08-07 18:59:38,lengthy,False,True
True,2018-08-08 23:01:10,very short,True,False
True,2018-08-09 00:24:14,lengthy,True,False
True,2018-08-10 09:56:00,short,False,False
False,2018-08-10 17:03:38,lengthy,False,True
True,2018-08-11 10:46:22,lengthy,False,False
True,2018-08-11 10:47:33,lengthy,False,False
True,2018-08-11 16:06:36,medium,True,False
True,2018-08-11 19:30:19,medium,True,False
True,2018-08-12 03:32:58,medium,True,False
True,2018-08-12 20:28:42,lengthy,True,False
True,2018-08-13 06:27:39,short,False,False
True,2018-08-13 21:46:52,short,True,False
True,2018-08-14 01:33:48,short,False,False
True,2018-08-14 02:15:40,very short,False,False
True,2018-08-14 11:24:10,short,True,False
True,2018-08-14 18:52:24,short,True,False
True,2018-08-15 20:57:28,very short,True,False
True,2018-08-15 21:05:25,very short,True,False
True,2018-08-16 12:03:17,medium,False,False
True,2018-08-16 12:40:38,medium,False,False
True,2018-08-16 15:41:31,very short,True,False
True,2018-08-16 17:30:22,medium,True,False
True,2018-08-17 10:56:36,lengthy,False,True
True,2018-08-17 21:00:48,short,True,False
True,2018-08-17 21:25:09,lengthy,True,False
False,2018-08-17 23:48:56,very short,False,True
True,2018-08-17 23:54:28,short,True,False
True,2018-08-19 08:18:54,lengthy,True,False
True,2018-08-19 18:13:32,lengthy,False,False
True,2018-08-19 22:19:28,medium,False,True
True,2018-08-20 15:50:35,very short,True,False
True,2018-08-20 17:47:00,very short,False,False
True,2018-08-20 18:04:33,very short,False,False
True,2018-08-20 18:50:44,very short,False,False
True,2018-08-20 21:39:19,very short,True,False
True,2018-08-21 03:12:11,very short,False,False
True,2018-08-21 13:27:01,short,True,False
True,2018-08-21 13:52:55,medium,True,False
True,2018-08-22 14:01:53,lengthy,True,False
True,2018-08-23 20:37:12,short,True,False
True,2018-08-23 21:18:07,very short,True,False
True,2018-08-24 02:56:13,medium,True,False
True,2018-08-24 07:51:56,short,False,False
True,2018-08-24 15:54:23,very short,True,False
True,2018-08-26 04:14:17,short,True,False
True,2018-08-27 16:56:37,medium,True,False
False,2018-08-27 17:39:59,lengthy,False,False
True,2018-08-27 19:04:47,lengthy,False,False
True,2018-08-27 19:45:40,short,True,False
True,2018-08-28 18:40:55,very short,False,True
True,2018-08-28 18:45:50,very short,False,False
True,2018-08-28 22:01:21,medium,True,False
True,2018-08-29 19:13:29,very short,False,False
True,2018-08-29 19:36:33,medium,True,False
True,2018-08-29 21:39:20,lengthy,False,False
True,2018-08-29 23:24:35,lengthy,False,False
True,2018-08-30 08:49:03,lengthy,False,False
True,2018-08-30 14:50:39,lengthy,False,True
True,2018-08-30 15:24:21,lengthy,False,True
True,2018-08-30 18:33:28,lengthy,True,False
True,2018-08-30 20:13:31,medium,True,False
True,2018-08-30 20:50:40,very short,True,False
True,2018-08-30 23:33:29,very short,True,False
True,2018-08-31 11:03:15,very short,True,False
False,2018-08-31 14:10:35,very short,False,True
True,2018-08-31 22:04:41,lengthy,True,False
True,2018-08-31 23:21:09,lengthy,False,True
True,2018-09-01 16:08:25,lengthy,True,False
False,2018-09-02 18:14:24,medium,False,True
False,2018-09-03 08:42:53,lengthy,False,False
True,2018-09-04 09:27:02,short,True,False
True,2018-09-04 12:53:19,very short,True,False
True,2018-09-05 17:12:54,medium,True,False
True,2018-09-05 23:20:44,very short,True,False
True,2018-09-06 00:04:46,very short,True,False
True,2018-09-06 05:12:21,medium,True,False
True,2018-09-06 10:09:09,lengthy,False,False
True,2018-09-06 17:30:05,medium,True,False
True,2018-09-07 16:59:41,very short,True,False
True,2018-09-07 19:30:21,very short,True,False
True,2018-09-07 22:39:33,lengthy,False,True
True,2018-09-10 01:18:07,very short,True,False
True,2018-09-10 01:28:05,very short,True,False
True,2018-09-11 01:26:36,lengthy,True,False
True,2018-09-11 03:33:23,very short,True,False
True,2018-09-11 07:10:22,very short,True,False
True,2018-09-11 07:22:56,short,True,False
True,2018-09-11 08:08:17,medium,True,False
True,2018-09-11 09:20:52,very short,True,False
False,2018-09-11 21:55:54,very short,False,True
True,2018-09-11 22:59:32,medium,True,False
True,2018-09-12 00:12:35,medium,True,False
True,2018-09-12 02:16:49,medium,True,False
True,2018-09-12 22:32:30,very short,True,False
True,2018-09-13 08:25:41,very short,True,False
True,2018-09-13 08:53:25,very short,True,False
True,2018-09-13 19:24:03,short,True,False
True,2018-09-13 20:53:18,very short,True,False
True,2018-09-15 06:25:37,very short,True,False
True,2018-09-15 21:46:41,lengthy,False,False
False,2018-09-16 05:12:51,lengthy,False,False
True,2018-09-16 05:56:19,medium,True,False
True,2018-09-16 07:33:25,short,True,False
True,2018-09-17 14:32:39,short,False,False
True,2018-09-17 16:55:28,very short,True,False
True,2018-09-18 07:20:09,medium,True,False
True,2018-09-18 07:34:13,lengthy,False,False
True,2018-09-18 07:59:08,very short,True,False
True,2018-09-18 10:59:39,very short,True,False
True,2018-09-18 17:35:30,lengthy,True,False
True,2018-09-18 18:38:26,short,True,False
True,2018-09-18 20:53:40,lengthy,True,False
True,2018-09-19 07:40:15,lengthy,False,True
True,2018-09-19 16:22:47,very short,True,False
True,2018-09-19 19:21:02,lengthy,True,False
True,2018-09-19 20:25:47,lengthy,False,False
True,2018-09-20 22:28:57,very short,True,False
True,2018-09-21 00:53:36,medium,True,False
True,2018-09-21 06:02:06,lengthy,True,False
True,2018-09-21 06:32:51,very short,True,False
True,2018-09-23 03:45:29,short,True,False
True,2018-09-24 09:15:58,very short,True,False
True,2018-09-24 19:10:00,short,True,False
True,2018-09-25 10:34:30,lengthy,True,False
False,2018-09-25 16:08:52,lengthy,False,False
True,2018-09-26 04:19:59,short,True,False
True,2018-09-26 20:58:38,medium,False,True
True,2018-09-26 22:24:21,short,True,False
True,2018-09-27 00:23:55,medium,True,False
True,2018-09-28 04:57:44,medium,True,False
True,2018-09-28 06:27:33,very short,True,False
True,2018-09-28 16:10:51,lengthy,False,False
True,2018-09-28 17:50:09,very short,True,False
True,2018-09-28 21:55:33,very short,True,False
True,2018-09-30 08:24:57,short,True,False
True,2018-09-30 19:56:53,very short,False,True
True,2018-09-30 20:04:38,very short,False,False
True,2018-10-01 09:03:22,short,True,False
True,2018-10-01 18:02:45,very short,False,False
True,2018-10-01 18:50:03,medium,True,False
True,2018-10-02 03:15:16,lengthy,True,False
True,2018-10-02 03:52:18,very short,True,False
True,2018-10-02 14:00:47,very short,False,True
True,2018-10-02 18:31:23,short,True,False
True,2018-10-03 10:44:51,lengthy,False,True
True,2018-10-03 12:19:20,short,False,False
True,2018-10-03 20:48:23,very short,True,False
True,2018-10-04 00:23:49,very short,False,True
True,2018-10-04 14:25:55,short,True,False
True,2018-10-04 19:08:13,short,True,False
True,2018-10-04 21:08:34,very short,True,False
True,2018-10-05 02:22:48,very short,True,False
True,2018-10-05 06:17:08,very short,True,False
True,2018-10-05 09:36:54,very short,True,False
True,2018-10-05 16:51:26,very short,True,False
True,2018-10-05 19:10:04,very short,True,False
True,2018-10-06 16:48:52,lengthy,True,False
True,2018-10-06 20:50:35,very short,True,False
True,2018-10-07 17:38:03,short,False,False
True,2018-10-08 05:21:04,very short,False,True
True,2018-10-08 05:30:26,lengthy,True,False
True,2018-10-08 06:04:27,lengthy,False,False
True,2018-10-08 14:35:21,very short,True,False
True,2018-10-08 15:44:13,very short,True,False
True,2018-10-08 18:28:11,very short,True,False
True,2018-10-08 19:18:14,very short,True,False
True,2018-10-10 09:39:29,very short,False,True
True,2018-10-10 14:07:04,very short,True,False
True,2018-10-10 14:46:15,very short,False,False
True,2018-10-10 15:22:11,very short,True,False
True,2018-10-10 16:12:43,very short,True,False
True,2018-10-10 19:42:23,very short,True,False
True,2018-10-10 21:56:40,very short,False,False
True,2018-10-10 22:48:30,short,False,False
True,2018-10-11 05:05:17,lengthy,False,True
True,2018-10-11 13:44:08,medium,False,False
True,2018-10-11 15:45:00,lengthy,False,False
True,2018-10-11 20:19:27,medium,True,False
True,2018-10-11 21:07:19,lengthy,True,False
True,2018-10-12 03:15:09,medium,True,False
True,2018-10-12 15:17:31,lengthy,False,False
False,2018-10-13 05:47:57,very short,False,True
True,2018-10-15 09:16:43,lengthy,True,False
True,2018-10-16 14:07:25,very short,False,False
True,2018-10-16 16:14:44,medium,True,False
True,2018-10-16 19:03:32,very short,True,False
True,2018-10-17 02:13:06,short,True,False
True,2018-10-17 06:36:37,short,True,False
True,2018-10-17 09:48:12,medium,True,False
False,2018-10-17 10:52:58,lengthy,True,False
True,2018-10-17 16:48:10,lengthy,True,False
True,2018-10-17 20:24:31,very short,True,False
True,2018-10-17 22:52:41,short,True,False
True,2018-10-18 03:53:06,lengthy,True,False
True,2018-10-18 16:57:32,short,True,False
True,2018-10-19 19:42:03,lengthy,False,True
True,2018-10-19 20:15:42,very short,True,False
True,2018-10-20 07:07:16,lengthy,True,False
True,2018-10-20 18:09:22,very short,True,False
False,2018-10-21 06:14:51,lengthy,False,True
True,2018-10-21 18:03:34,lengthy,False,False
True,2018-10-21 20:33:16,lengthy,True,False
True,2018-10-22 16:04:49,very short,False,False
True,2018-10-23 00:55:12,lengthy,True,False
True,2018-10-23 01:01:49,very short,True,False
True,2018-10-23 07:02:54,very short,True,False
True,2018-10-23 10:18:33,medium,False,True
True,2018-10-23 13:52:56,very short,True,False
True,2018-10-23 15:58:35,very short,True,False
True,2018-10-23 17:29:51,short,True,False
True,2018-10-24 02:14:07,medium,False,True
True,2018-10-24 04:28:45,lengthy,True,False
True,2018-10-24 07:06:31,short,True,False
False,2018-10-24 13:08:47,very short,False,False
True,2018-10-24 20:35:38,very short,True,False
True,2018-10-25 07:38:07,very short,True,False
True,2018-10-25 19:49:35,very short,True,False
True,2018-10-26 21:20:55,lengthy,False,True
True,2018-10-28 01:03:45,medium,True,False
True,2018-10-28 01:31:32,medium,True,False
True,2018-10-28 15:58:40,lengthy,False,True
True,2018-10-28 16:16:31,lengthy,False,False
True,2018-10-28 19:53:42,lengthy,False,False
False,2018-10-28 20:20:01,lengthy,False,True
True,2018-10-30 04:33:44,lengthy,True,False
False,2018-10-30 05:53:00,lengthy,False,False
True,2018-10-30 16:38:40,medium,True,False
False,2018-10-31 04:55:56,lengthy,False,True
True,2018-11-01 07:21:14,medium,True,False
True,2018-11-01 18:36:00,very short,False,True
True,2018-11-01 19:17:33,very short,True,False
True,2018-11-01 22:34:27,very short,True,False
True,2018-11-01 23:10:09,very short,True,False
True,2018-11-02 01:16:45,very short,True,False
True,2018-11-04 05:24:25,very short,True,False
False,2018-11-04 05:40:27,very short,False,True
True,2018-11-04 06:08:51,short,True,False
False,2018-11-04 09:29:41,very short,False,True
True,2018-11-04 15:13:31,lengthy,False,False
True,2018-11-04 15:43:03,short,False,False
True,2018-11-05 02:51:42,very short,True,False
False,2018-11-05 09:36:05,very short,False,False
True,2018-11-05 23:19:36,very short,True,False
True,2018-11-05 23:53:52,medium,True,False
True,2018-11-06 03:08:27,medium,True,False
False,2018-11-06 03:31:05,very short,False,False
True,2018-11-06 19:24:34,very short,True,False
True,2018-11-08 21:06:19,lengthy,True,False
True,2018-11-09 02:33:11,medium,True,False
True,2018-11-09 16:07:09,lengthy,True,False
True,2018-11-10 13:26:16,lengthy,True,False
True,2018-11-10 16:14:16,very short,True,False
True,2018-11-10 22:14:12,lengthy,False,False
True,2018-11-11 09:37:02,lengthy,True,False
True,2018-11-12 14:07:17,very short,True,False
True,2018-11-12 22:48:17,lengthy,False,True
True,2018-11-13 02:29:57,lengthy,True,False
True,2018-11-13 17:16:52,medium,True,False
True,2018-11-14 15:41:43,lengthy,False,False
True,2018-11-14 22:22:52,lengthy,True,False
True,2018-11-15 02:18:31,lengthy,True,False
True,2018-11-16 02:13:53,very short,True,False
True,2018-11-16 09:09:32,very short,True,False
True,2018-11-16 09:21:09,medium,True,False
True,2018-11-16 09:24:16,medium,True,False
True,2018-11-16 10:21:07,lengthy,True,False
True,2018-11-16 13:23:15,medium,False,False
True,2018-11-18 02:45:59,medium,True,False
True,2018-11-19 02:34:25,medium,True,False
True,2018-11-19 19:22:52,very short,True,False
True,2018-11-19 23:58:58,short,True,False
True,2018-11-20 06:33:46,very short,True,False
True,2018-11-20 14:08:53,medium,True,False
True,2018-11-21 04:44:23,very short,False,True
True,2018-11-21 09:11:11,very short,False,True
True,2018-11-21 10:46:18,very short,True,False
True,2018-11-21 20:43:20,very short,True,False
True,2018-11-21 21:05:45,very short,True,False
True,2018-11-21 21:23:40,very short,True,False
True,2018-11-22 01:26:13,short,True,False
True,2018-11-24 02:22:00,very short,False,False
False,2018-11-24 10:17:32,lengthy,False,False
True,2018-11-24 21:19:11,very short,True,False
True,2018-11-25 01:28:26,short,True,False
True,2018-11-25 04:13:10,short,True,False
True,2018-11-25 04:45:24,short,False,True
True,2018-11-27 23:17:09,very short,True,False
True,2018-11-28 01:34:25,very short,True,False
True,2018-11-28 21:37:13,short,True,False
True,2018-11-29 07:50:10,lengthy,True,False
True,2018-11-29 11:55:05,lengthy,False,True
True,2018-11-29 14:19:44,lengthy,False,False
True,2018-11-29 23:33:16,very short,True,False
False,2018-11-30 06:35:34,short,False,True
True,2018-11-30 13:29:04,very short,True,False
True,2018-12-01 18:10:08,short,True,False
True,2018-12-03 05:33:16,lengthy,False,True
True,2018-12-03 06:48:59,very short,True,False
True,2018-12-03 07:09:05,very short,True,False
True,2018-12-03 16:28:30,very short,True,False
True,2018-12-03 19:02:40,very short,True,False
True,2018-12-03 22:51:35,very short,True,False
True,2018-12-03 23:46:24,very short,True,False
True,2018-12-04 11:53:31,short,True,False
True,2018-12-04 18:49:57,lengthy,True,False
True,2018-12-05 00:34:55,short,True,False
True,2018-12-05 11:12:40,short,True,False
True,2018-12-05 18:55:31,short,True,False
True,2018-12-05 21:25:05,short,True,False
False,2018-12-05 22:16:05,very short,False,True
True,2018-12-06 02:51:27,lengthy,False,False
True,2018-12-06 13:09:21,very short,True,False
True,2018-12-06 19:13:52,lengthy,False,False
True,2018-12-06 21:03:06,very short,True,False
True,2018-12-07 03:21:59,short,True,False
True,2018-12-07 14:35:33,short,True,False
True,2018-12-07 19:52:07,short,False,True
True,2018-12-07 20:06:39,lengthy,True,False
True,2018-12-08 13:30:41,very short,True,False
False,2018-12-08 21:51:40,very short,False,True
True,2018-12-09 04:16:50,short,True,False
False,2018-12-09 04:49:40,very short,False,False
True,2018-12-09 06:24:01,lengthy,False,False
True,2018-12-09 07:25:42,short,True,False
True,2018-12-09 15:05:13,very short,False,False
True,2018-12-09 15:55:39,lengthy,True,False
False,2018-12-10 03:22:24,short,False,False
False,2018-12-10 09:13:30,very short,False,False
True,2018-12-10 10:32:45,very short,False,False
True,2018-12-10 21:44:13,medium,False,False
True,2018-12-11 01:01:23,medium,True,False
True,2018-12-11 01:45:30,short,False,False
True,2018-12-11 16:19:31,very short,True,False
True,2018-12-12 17:14:16,medium,True,False
True,2018-12-12 22:24:25,lengthy,True,False
True,2018-12-13 17:34:27,very short,True,False
True,2018-12-13 18:05:24,very short,True,False
True,2018-12-13 19:59:44,very short,True,False
True,2018-12-13 23:17:30,very short,True,False
True,2018-12-14 16:57:37,very short,False,False
True,2018-12-14 19:02:00,lengthy,True,False
True,2018-12-14 19:06:02,lengthy,True,False
True,2018-12-14 19:13:33,very short,True,False
True,2018-12-15 03:19:19,medium,True,False
True,2018-12-16 01:31:30,lengthy,False,True
True,2018-12-16 02:54:42,lengthy,False,True
True,2018-12-16 14:04:29,lengthy,False,False
True,2018-12-16 14:05:02,short,True,False
True,2018-12-16 14:26:28,lengthy,False,False
True,2018-12-17 07:59:15,medium,True,False
True,2018-12-17 18:28:36,very short,False,True
True,2018-12-18 12:31:56,lengthy,True,False
True,2018-12-18 15:38:28,lengthy,True,False
True,2018-12-18 19:54:52,lengthy,True,False
True,2018-12-19 14:39:39,lengthy,False,False
True,2018-12-20 00:25:00,very short,True,False
True,2018-12-20 18:29:40,very short,True,False
True,2018-12-20 23:24:26,lengthy,True,False
True,2018-12-21 10:07:07,lengthy,True,False
True,2018-12-21 12:23:06,very short,False,False
True,2018-12-21 13:41:18,very short,True,False
True,2018-12-21 14:13:31,lengthy,False,False
True,2018-12-21 20:57:57,very short,True,False
True,2018-12-22 03:49:43,lengthy,True,False
True,2018-12-23 09:51:52,lengthy,True,False
True,2018-12-24 08:03:50,lengthy,True,False
True,2018-12-25 07:08:06,very short,False,False
True,2018-12-25 10:03:15,lengthy,True,False
False,2018-12-26 10:15:47,lengthy,False,True
False,2018-12-26 16:18:20,very short,False,True
True,2018-12-27 02:54:20,very short,True,False
True,2018-12-28 21:48:37,medium,True,False
True,2018-12-28 23:37:22,medium,True,False
True,2018-12-29 11:28:05,lengthy,True,False
True,2018-12-31 21:22:40,medium,True,False
True,2018-12-31 22:00:31,medium,True,False
True,2019-01-01 20:05:50,lengthy,True,False
True,2019-01-02 20:30:47,lengthy,True,False
True,2019-01-03 06:01:38,lengthy,True,False
True,2019-01-03 19:24:52,very short,True,False
True,2019-01-03 19:53:56,very short,True,False
True,2019-01-05 02:45:49,medium,True,False
True,2019-01-05 02:56:13,medium,True,False
False,2019-01-06 04:16:45,very short,False,True
False,2019-01-06 19:36:02,short,True,False
True,2019-01-06 22:00:15,medium,False,False
True,2019-01-07 20:34:10,short,True,False
True,2019-01-08 06:37:34,lengthy,False,False
True,2019-01-08 21:43:38,very short,True,False
True,2019-01-09 03:57:45,short,True,False
True,2019-01-09 12:35:35,short,True,False
True,2019-01-09 13:37:14,short,False,False
True,2019-01-09 18:43:11,lengthy,False,True
True,2019-01-09 20:31:16,lengthy,False,False
True,2019-01-09 23:50:18,very short,True,False
True,2019-01-10 01:35:11,very short,True,False
True,2019-01-10 06:36:27,very short,True,False
True,2019-01-10 09:56:35,very short,False,True
False,2019-01-10 14:52:39,medium,False,True
True,2019-01-10 15:16:55,very short,True,False
True,2019-01-10 16:28:31,medium,False,False
True,2019-01-10 17:36:26,very short,True,False
True,2019-01-10 18:44:53,very short,True,False
True,2019-01-10 19:07:52,short,True,False
True,2019-01-11 18:31:52,medium,True,False
True,2019-01-11 22:39:57,lengthy,True,False
True,2019-01-12 08:38:05,medium,True,False
True,2019-01-12 09:05:26,lengthy,True,False
True,2019-01-13 03:35:31,short,False,False
True,2019-01-13 23:19:03,lengthy,False,False
True,2019-01-14 21:13:09,very short,True,False
False,2019-01-14 22:13:28,lengthy,False,False
True,2019-01-15 03:28:29,medium,True,False
True,2019-01-15 04:47:38,short,True,False
True,2019-01-15 13:05:51,very short,True,False
True,2019-01-16 10:26:08,short,False,False
True,2019-01-16 11:20:53,medium,True,False
True,2019-01-16 16:50:47,very short,True,False
True,2019-01-16 21:42:07,medium,True,False
True,2019-01-17 19:46:30,medium,True,False
True,2019-01-17 20:18:51,medium,True,False
True,2019-01-18 02:22:19,medium,True,False
True,2019-01-18 17:51:48,very short,True,False
True,2019-01-18 18:49:54,lengthy,True,False
True,2019-01-19 00:46:19,lengthy,True,False
False,2019-01-19 13:53:03,very short,False,True
True,2019-01-19 16:42:46,lengthy,False,False
True,2019-01-19 21:12:08,very short,False,True
True,2019-01-20 09:08:21,short,True,False
True,2019-01-21 10:04:21,lengthy,True,False
True,2019-01-21 10:10:14,lengthy,True,False
True,2019-01-21 10:13:32,lengthy,True,False
True,2019-01-21 10:16:21,lengthy,True,False
True,2019-01-21 10:22:06,lengthy,True,False
True,2019-01-22 13:36:08,very short,True,False
True,2019-01-22 22:38:35,medium,True,False
True,2019-01-23 11:24:30,very short,True,False
True,2019-01-23 15:53:49,lengthy,True,False
True,2019-01-23 16:56:56,very short,True,False
True,2019-01-24 19:13:42,medium,True,False
True,2019-01-24 19:55:27,medium,True,False
True,2019-01-25 11:51:51,medium,False,True
False,2019-01-27 11:20:33,lengthy,False,False
True,2019-01-28 01:39:35,short,True,False
True,2019-01-28 21:54:34,very short,True,False
True,2019-01-29 13:16:13,short,False,True
True,2019-01-29 17:14:31,very short,True,False
True,2019-01-29 21:23:39,medium,True,False
True,2019-01-29 21:24:24,very short,True,False
True,2019-01-30 14:56:27,medium,True,False
True,2019-01-31 01:23:21,lengthy,True,False
True,2019-01-31 06:13:35,very short,True,False
True,2019-01-31 19:25:16,very short,True,False
True,2019-02-01 04:09:52,very short,True,False
False,2019-02-01 05:54:28,lengthy,True,False
True,2019-02-01 19:54:59,medium,True,False
True,2019-02-01 22:46:53,medium,True,False
True,2019-02-02 04:45:37,short,True,False
True,2019-02-02 15:28:01,short,True,False
True,2019-02-03 05:27:03,medium,True,False
True,2019-02-03 05:35:40,very short,False,True
True,2019-02-03 15:34:01,medium,True,False
True,2019-02-03 18:42:40,medium,True,False
True,2019-02-04 21:13:05,short,True,False
True,2019-02-05 13:40:55,very short,True,False
True,2019-02-06 05:35:48,very short,True,False
True,2019-02-06 23:13:29,very short,True,False
False,2019-02-08 13:20:43,very short,False,True
True,2019-02-08 13:43:28,very short,True,False
True,2019-02-09 12:59:22,lengthy,False,False
True,2019-02-11 14:49:40,short,False,False
True,2019-02-11 19:01:05,very short,True,False
True,2019-02-13 11:49:33,very short,False,False
True,2019-02-13 15:22:08,lengthy,False,False
True,2019-02-13 21:24:40,very short,False,True
True,2019-02-13 22:00:35,very short,True,False
True,2019-02-13 23:55:22,medium,True,False
True,2019-02-14 00:07:55,very short,True,False
True,2019-02-14 12:45:29,medium,True,False
True,2019-02-14 14:53:29,medium,True,False
True,2019-02-15 01:20:53,medium,True,False
True,2019-02-15 03:52:35,very short,True,False
True,2019-02-15 07:17:10,very short,True,False
True,2019-02-15 08:38:11,short,True,False
True,2019-02-15 21:09:30,lengthy,False,True
True,2019-02-16 20:42:23,short,False,False
True,2019-02-17 17:32:16,lengthy,False,True
True,2019-02-18 20:00:08,very short,True,False
True,2019-02-19 11:56:33,very short,False,False
True,2019-02-19 13:42:06,very short,False,False
True,2019-02-19 17:55:26,very short,False,False
True,2019-02-19 18:36:41,very short,False,False
True,2019-02-21 18:39:43,medium,False,False
True,2019-02-21 18:44:00,medium,True,False
True,2019-02-21 20:06:46,medium,False,False
True,2019-02-22 04:05:34,very short,True,False
True,2019-02-22 04:59:57,very short,True,False
True,2019-02-22 09:38:39,medium,False,False
True,2019-02-22 15:01:58,very short,False,False
True,2019-02-22 15:27:40,medium,False,False
True,2019-02-22 19:14:35,very short,True,False
True,2019-02-22 22:24:31,lengthy,True,False
True,2019-02-25 13:09:11,medium,False,True
True,2019-02-25 15:05:10,lengthy,False,True
True,2019-02-25 17:22:41,very short,True,False
True,2019-02-27 04:27:24,very short,True,False
True,2019-02-28 12:01:48,very short,True,False
True,2019-02-28 17:09:30,short,True,False
True,2019-02-28 22:56:21,very short,True,False
True,2019-03-01 19:41:00,very short,True,False
False,2019-03-04 15:57:46,very short,False,False
True,2019-03-05 14:30:18,short,False,False
False,2019-03-05 15:57:01,very short,False,True
True,2019-03-05 21:38:27,very short,True,False
True,2019-03-06 17:18:42,very short,True,False
True,2019-03-06 23:29:42,very short,True,False
True,2019-03-09 03:10:48,short,True,False
True,2019-03-10 17:31:08,short,False,True
True,2019-03-10 20:27:44,lengthy,True,False
True,2019-03-11 19:24:00,very short,True,False
True,2019-03-12 23:28:45,very short,True,False
True,2019-03-13 14:25:12,very short,True,False
True,2019-03-16 20:32:05,medium,True,False
True,2019-03-18 08:14:44,lengthy,False,False
True,2019-03-19 13:53:16,very short,True,False
True,2019-03-19 16:56:07,lengthy,False,True
True,2019-03-19 23:03:47,medium,False,False
True,2019-03-20 12:24:36,lengthy,False,False
True,2019-03-20 17:49:03,lengthy,False,True
True,2019-03-21 09:20:02,medium,True,False
True,2019-03-21 09:38:10,very short,True,False
True,2019-03-22 16:44:15,lengthy,False,False
True,2019-03-23 01:23:16,very short,True,False
True,2019-03-23 01:32:31,very short,False,False
True,2019-03-23 08:36:32,very short,True,False
True,2019-03-23 18:48:24,medium,True,False
True,2019-03-24 12:07:14,medium,True,False
True,2019-03-24 23:05:05,short,True,False
True,2019-03-25 23:52:36,very short,True,False
True,2019-03-26 15:50:24,very short,True,False
True,2019-03-26 18:59:41,short,True,False
True,2019-03-26 20:04:09,medium,True,False
True,2019-03-26 22:55:37,very short,True,False
True,2019-03-27 10:22:10,lengthy,False,True
True,2019-03-27 17:10:14,very short,True,False
True,2019-03-28 01:26:24,lengthy,False,False
False,2019-03-28 16:33:32,very short,False,True
True,2019-03-29 01:25:56,medium,True,False
True,2019-03-29 02:15:05,very short,True,False
True,2019-03-29 12:34:23,lengthy,False,False
True,2019-03-29 23:16:56,medium,True,False
True,2019-03-30 14:56:18,lengthy,False,True
True,2019-03-31 03:08:55,lengthy,True,False
True,2019-03-31 16:33:28,lengthy,False,False
True,2019-04-01 12:39:57,medium,True,False
True,2019-04-01 18:30:03,lengthy,True,False
True,2019-04-01 23:19:41,lengthy,False,True
True,2019-04-01 23:55:48,very short,True,False
True,2019-04-02 17:54:21,very short,True,False
True,2019-04-03 14:25:08,very short,False,False
True,2019-04-03 14:25:20,medium,False,True
True,2019-04-04 15:02:57,medium,False,False
True,2019-04-07 00:56:00,very short,True,False
True,2019-04-07 20:57:50,lengthy,False,False
True,2019-04-08 09:07:02,medium,False,False
True,2019-04-08 21:02:30,very short,True,False
True,2019-04-08 22:57:04,very short,True,False
True,2019-04-09 14:18:25,very short,True,False
True,2019-04-11 14:46:42,very short,True,False
True,2019-04-11 14:57:02,very short,False,True
False,2019-04-11 16:00:56,very short,False,False
True,2019-04-12 00:36:03,medium,True,False
True,2019-04-12 17:45:41,very short,True,False
True,2019-04-12 21:13:23,lengthy,True,False
True,2019-04-12 23:37:44,medium,True,False
True,2019-04-15 18:35:59,medium,False,False
True,2019-04-17 00:49:18,medium,True,False
True,2019-04-18 07:31:34,medium,False,False
True,2019-04-18 07:41:38,very short,True,False
True,2019-04-18 08:46:37,short,True,False
True,2019-04-19 17:08:04,lengthy,True,False
True,2019-04-21 04:05:25,very short,True,False
True,2019-04-21 11:11:46,short,True,False
True,2019-04-22 19:47:10,short,True,False
True,2019-04-23 19:03:47,very short,True,False
True,2019-04-23 21:30:52,very short,True,False
True,2019-04-24 17:27:15,very short,True,False
True,2019-04-25 21:09:04,very short,False,True
True,2019-04-25 21:30:54,very short,True,False
True,2019-04-25 21:38:04,medium,True,False
True,2019-04-26 01:34:58,lengthy,False,False
True,2019-04-26 02:01:57,medium,True,False
True,2019-04-26 17:05:02,short,True,False
True,2019-04-26 19:14:23,medium,True,False
True,2019-04-29 20:46:54,lengthy,False,True
True,2019-04-30 16:38:36,lengthy,False,False
True,2019-04-30 17:49:58,very short,False,False
True,2019-04-30 22:10:57,very short,True,False
True,2019-05-02 00:20:09,lengthy,False,True
True,2019-05-02 15:06:28,very short,True,False
True,2019-05-02 20:25:34,lengthy,True,False
True,2019-05-03 09:44:30,lengthy,True,False
True,2019-05-05 21:32:12,lengthy,False,True
True,2019-05-06 09:13:55,short,True,False
True,2019-05-06 20:35:44,lengthy,True,False
True,2019-05-07 05:55:20,medium,True,False
True,2019-05-07 06:00:43,medium,True,False
True,2019-05-07 18:18:39,short,True,False
True,2019-05-07 19:59:28,lengthy,True,False
True,2019-05-09 20:32:53,medium,False,False
True,2019-05-10 15:49:44,very short,False,True
True,2019-05-10 18:05:56,lengthy,True,False
True,2019-05-10 20:45:27,medium,True,False
False,2019-05-11 14:56:00,very short,False,False
True,2019-05-16 07:41:39,very short,False,False
True,2019-05-16 07:57:41,medium,False,False
True,2019-05-16 21:34:02,medium,True,False
True,2019-05-17 03:11:08,medium,False,False
True,2019-05-20 07:59:44,medium,True,False
True,2019-05-20 17:48:45,short,False,False
True,2019-05-20 18:14:22,short,True,False
True,2019-05-21 20:15:57,short,True,False
False,2019-05-22 11:50:17,very short,False,False
True,2019-05-22 13:12:13,very short,True,False
True,2019-05-22 17:34:12,short,False,False
True,2019-05-22 19:00:25,very short,True,False
True,2019-05-22 20:45:45,very short,True,False
False,2019-05-23 15:11:40,very short,False,True
True,2019-05-23 16:51:50,very short,True,False
True,2019-05-23 19:39:18,very short,True,False
True,2019-05-23 20:43:27,very short,True,False
True,2019-05-24 18:03:35,medium,False,False
True,2019-05-24 21:09:46,very short,False,False
True,2019-05-24 22:39:51,very short,True,False
True,2019-05-25 10:22:01,very short,False,True
True,2019-05-25 22:47:53,medium,False,False
True,2019-05-27 07:10:40,very short,False,True
True,2019-05-29 00:03:12,short,False,False
True,2019-05-29 16:35:08,very short,True,False
True,2019-05-30 03:40:36,very short,True,False
True,2019-05-31 17:29:33,very short,True,False
True,2019-05-31 20:02:08,very short,True,False
False,2019-06-01 03:05:04,very short,False,True
False,2019-06-01 03:25:38,very short,False,False
True,2019-06-01 09:24:43,lengthy,False,True
True,2019-06-01 12:41:22,short,False,True
True,2019-06-02 02:27:21,lengthy,True,False
True,2019-06-02 15:35:02,lengthy,False,False
True,2019-06-02 16:28:28,very short,True,False
True,2019-06-02 17:47:38,very short,True,False
True,2019-06-02 18:36:53,short,False,False
True,2019-06-02 19:53:51,short,False,False
True,2019-06-03 13:30:48,short,False,False
True,2019-06-03 19:10:50,medium,False,False
True,2019-06-03 22:10:50,medium,True,False
True,2019-06-04 09:08:22,very short,False,False
True,2019-06-04 18:34:40,short,True,False
True,2019-06-05 10:44:42,very short,True,False
True,2019-06-06 05:47:31,medium,False,False
True,2019-06-06 10:57:09,lengthy,True,False
True,2019-06-06 23:41:30,very short,False,False
True,2019-06-08 10:42:38,very short,False,False
True,2019-06-10 02:28:54,medium,True,False
True,2019-06-10 22:32:23,short,False,False
True,2019-06-11 03:48:41,medium,False,False
True,2019-06-11 08:02:21,lengthy,False,False
True,2019-06-11 16:18:26,medium,True,False
True,2019-06-13 22:08:33,lengthy,False,False
True,2019-06-14 21:21:57,very short,False,False
True,2019-06-16 15:34:22,short,False,True
True,2019-06-17 06:15:20,lengthy,False,False
True,2019-06-17 20:58:48,medium,True,True
True,2019-06-18 20:40:13,lengthy,False,False
True,2019-06-19 13:32:00,very short,False,False
True,2019-06-20 15:44:52,short,False,False
True,2019-06-20 18:02:32,medium,True,False
True,2019-06-23 08:51:58,lengthy,True,False
False,2019-06-24 09:06:49,short,False,True
True,2019-06-24 19:13:52,very short,False,False
True,2019-06-25 16:38:03,lengthy,True,False
True,2019-06-25 16:42:26,lengthy,True,False
True,2019-06-25 17:54:05,very short,True,False
True,2019-06-26 15:03:38,very short,True,False
True,2019-06-26 21:27:24,very short,True,True
True,2019-06-27 22:16:33,very short,False,False
True,2019-06-28 02:34:51,short,True,False
True,2019-06-28 02:50:08,lengthy,True,False
True,2019-06-28 03:21:48,very short,True,False
False,2019-06-28 05:36:50,lengthy,True,False
True,2019-06-28 19:33:09,very short,True,False
True,2019-06-29 03:53:46,short,True,False
True,2019-06-29 16:44:15,lengthy,True,False
True,2019-06-29 16:48:56,lengthy,True,False
True,2019-07-01 08:36:42,lengthy,True,False
True,2019-07-01 20:03:14,short,True,False
True,2019-07-02 14:05:23,medium,True,False
True,2019-07-02 19:35:40,very short,True,False
False,2019-07-03 17:32:42,medium,False,False
True,2019-07-06 14:54:52,lengthy,False,False
True,2019-07-06 15:00:05,lengthy,False,False
True,2019-07-07 14:52:03,medium,True,False
True,2019-07-07 23:07:21,lengthy,True,False
True,2019-07-08 01:51:35,lengthy,True,False
True,2019-07-08 18:33:28,medium,True,False
True,2019-07-10 22:27:38,very short,False,False
True,2019-07-10 22:49:45,very short,False,False
True,2019-07-11 19:04:35,lengthy,True,False
True,2019-07-11 19:11:10,very short,True,False
True,2019-07-11 20:40:11,short,True,False
True,2019-07-12 18:52:22,very short,True,False
True,2019-07-16 14:13:52,medium,True,False
True,2019-07-16 17:05:48,lengthy,True,True
False,2019-07-18 07:57:03,medium,False,True
True,2019-07-19 05:39:39,lengthy,False,False
True,2019-07-19 16:28:02,medium,True,False
True,2019-07-19 23:17:29,short,True,False
True,2019-07-21 12:01:48,short,True,False
True,2019-07-22 01:00:35,short,True,False
True,2019-07-22 22:21:01,medium,True,False
True,2019-07-24 17:59:01,short,True,False
True,2019-07-24 22:50:44,medium,True,False
True,2019-07-25 21:47:41,very short,False,False
True,2019-07-26 14:02:01,medium,False,False
True,2019-07-26 19:20:28,medium,True,False
True,2019-07-26 23:45:54,short,True,False
True,2019-07-26 23:51:15,short,True,False
True,2019-07-27 09:11:20,lengthy,True,False
True,2019-07-27 17:03:00,short,True,False
True,2019-07-27 17:16:12,short,False,True
True,2019-07-27 17:32:54,lengthy,True,False
True,2019-07-27 19:50:33,short,True,True
False,2019-07-28 14:24:40,lengthy,True,False
True,2019-07-28 17:00:57,very short,False,True
False,2019-07-28 22:19:21,lengthy,False,True
True,2019-07-30 17:06:57,lengthy,False,False
False,2019-07-30 21:46:41,lengthy,False,True
True,2019-07-30 21:52:21,very short,False,False
True,2019-07-31 13:51:10,very short,False,False
True,2019-08-01 07:43:57,lengthy,True,False
True,2019-08-02 15:32:30,very short,False,False
True,2019-08-02 16:13:01,very short,False,False
True,2019-08-04 01:10:11,medium,True,False
False,2019-08-05 22:08:32,lengthy,True,False
True,2019-08-06 20:34:33,lengthy,False,False
True,2019-08-07 01:45:39,very short,False,False
True,2019-08-07 12:30:28,very short,False,False
True,2019-08-08 02:10:52,very short,True,False
True,2019-08-08 17:41:18,lengthy,True,False
True,2019-08-08 17:50:59,lengthy,True,False
False,2019-08-09 04:55:04,lengthy,False,False
True,2019-08-10 13:48:29,medium,True,False
True,2019-08-12 00:45:32,medium,False,False
True,2019-08-13 00:33:37,very short,False,False
True,2019-08-13 16:01:05,lengthy,True,False
True,2019-08-15 01:50:30,very short,True,False
True,2019-08-15 02:46:28,very short,True,False
True,2019-08-15 12:42:05,very short,False,False
True,2019-08-15 21:35:43,very short,False,False
True,2019-08-15 23:15:13,very short,True,False
True,2019-08-16 10:08:17,medium,True,False
True,2019-08-19 13:32:21,lengthy,True,False
True,2019-08-19 17:50:13,very short,True,False
False,2019-08-20 01:38:59,lengthy,True,False
False,2019-08-20 08:32:05,lengthy,False,True
True,2019-08-20 11:56:12,very short,False,False
True,2019-08-21 07:07:50,short,True,False
False,2019-08-21 13:05:02,lengthy,True,True
True,2019-08-21 13:52:08,very short,True,False
True,2019-08-22 16:40:46,medium,False,False
True,2019-08-24 05:37:12,lengthy,False,False
True,2019-08-24 05:50:47,lengthy,False,False
True,2019-08-26 17:29:36,lengthy,False,False
True,2019-08-27 16:03:40,lengthy,True,False
True,2019-08-28 03:58:03,short,False,False
True,2019-08-28 04:00:55,short,False,False
False,2019-08-28 20:45:55,short,False,False
True,2019-08-30 05:07:06,medium,False,False
True,2019-08-30 11:52:37,very short,False,True
True,2019-08-30 17:23:14,very short,False,False
True,2019-08-30 20:41:17,very short,False,False
True,2019-08-31 10:39:15,lengthy,True,False
True,2019-09-01 18:46:17,very short,True,False
True,2019-09-03 02:35:23,short,True,False
True,2019-09-03 06:58:57,medium,True,False
True,2019-09-03 14:22:00,very short,True,False
True,2019-09-04 05:26:31,medium,True,True
True,2019-09-04 12:11:09,lengthy,False,False
True,2019-09-05 15:11:59,lengthy,False,False
True,2019-09-05 17:09:28,very short,False,False
True,2019-09-06 23:34:59,medium,True,False
True,2019-09-07 11:28:32,very short,False,False
True,2019-09-08 04:43:43,very short,True,False
True,2019-09-08 14:32:42,lengthy,False,False
True,2019-09-09 12:01:26,very short,True,False
True,2019-09-09 17:03:16,short,False,False
True,2019-09-10 23:42:19,short,False,False
True,2019-09-11 11:03:36,very short,True,False
True,2019-09-11 16:19:20,lengthy,True,False
True,2019-09-11 17:03:42,lengthy,True,False
True,2019-09-11 17:50:16,very short,False,False
True,2019-09-11 17:55:51,lengthy,True,False
False,2019-09-12 00:30:34,lengthy,True,False
True,2019-09-12 09:41:18,lengthy,True,False
True,2019-09-12 21:14:44,medium,False,False
True,2019-09-13 18:14:02,short,False,False
True,2019-09-18 17:26:17,very short,False,False
True,2019-09-22 22:53:02,short,False,False
True,2019-09-24 13:50:11,very short,True,False
True,2019-09-24 14:21:20,very short,False,False
True,2019-09-25 07:50:07,very short,False,False
True,2019-09-25 16:15:27,very short,True,False
True,2019-09-25 21:01:28,lengthy,True,False
True,2019-09-25 21:22:06,lengthy,True,False
True,2019-09-25 22:01:39,lengthy,False,False
True,2019-09-26 01:27:57,lengthy,True,False
True,2019-09-26 16:13:56,lengthy,False,False
True,2019-09-26 23:08:20,medium,True,False
True,2019-09-30 21:15:10,very short,True,False
True,2019-09-30 21:44:47,medium,False,False
True,2019-09-30 22:00:21,very short,True,False
True,2019-10-01 00:21:26,very short,True,False
True,2019-10-01 19:07:06,lengthy,True,True
True,2019-10-02 10:36:08,lengthy,False,False
True,2019-10-02 12:24:19,short,True,False
True,2019-10-03 00:03:31,very short,False,False
True,2019-10-03 00:25:53,short,False,False
True,2019-10-03 14:52:15,lengthy,True,False
True,2019-10-03 16:29:50,short,True,True
True,2019-10-03 16:38:51,short,True,False
True,2019-10-03 16:45:22,short,True,False
True,2019-10-03 16:48:09,short,True,False
True,2019-10-03 22:48:21,very short,False,False
True,2019-10-04 11:18:16,short,True,False
True,2019-10-04 13:40:38,lengthy,False,False
True,2019-10-04 14:23:35,medium,False,False
True,2019-10-04 20:26:46,medium,True,True
True,2019-10-05 10:06:00,medium,True,False
True,2019-10-05 16:18:01,lengthy,True,True
True,2019-10-05 18:41:20,very short,True,False
True,2019-10-05 18:41:48,very short,True,False
True,2019-10-05 18:42:56,very short,True,False
True,2019-10-07 01:28:45,medium,True,False
False,2019-10-07 07:57:23,short,True,True
True,2019-10-07 08:12:46,medium,True,False
True,2019-10-07 12:21:50,lengthy,True,True
True,2019-10-07 14:50:24,medium,True,True
True,2019-10-07 16:34:06,very short,False,False
True,2019-10-08 00:35:39,lengthy,True,True
True,2019-10-08 01:44:57,lengthy,True,False
False,2019-10-08 05:52:10,very short,False,True
True,2019-10-08 13:53:36,very short,False,False
True,2019-10-08 15:31:17,medium,False,False
False,2019-10-08 17:32:34,very short,False,True
True,2019-10-08 19:01:29,very short,True,True
True,2019-10-09 07:33:11,very short,True,False
True,2019-10-09 13:32:21,very short,False,False
True,2019-10-09 15:02:57,lengthy,False,True
True,2019-10-09 16:28:52,very short,True,False
True,2019-10-09 17:00:27,short,True,False
True,2019-10-09 17:59:16,short,True,False
True,2019-10-09 19:08:17,short,True,False
True,2019-10-09 23:41:24,lengthy,False,False
True,2019-10-11 02:17:29,very short,False,False
True,2019-10-11 15:47:12,very short,False,False
True,2019-10-12 14:58:30,lengthy,True,False
True,2019-10-13 09:20:20,lengthy,True,False
True,2019-10-13 13:49:25,medium,True,False
True,2019-10-15 12:09:39,medium,True,False
True,2019-10-15 18:56:59,medium,True,False
True,2019-10-15 19:40:07,medium,True,False
True,2019-10-15 21:05:46,lengthy,False,False
True,2019-10-15 21:27:04,medium,False,False
True,2019-10-16 23:08:28,medium,True,True
True,2019-10-17 01:20:06,lengthy,False,False
True,2019-10-17 07:37:01,medium,True,False
True,2019-10-17 10:57:57,lengthy,False,False
True,2019-10-18 17:31:48,medium,True,True
False,2019-10-19 13:28:13,lengthy,True,False
True,2019-10-21 06:08:48,short,True,False
True,2019-10-21 14:48:07,lengthy,True,False
True,2019-10-21 19:26:07,medium,True,False
False,2019-10-22 16:31:39,lengthy,False,True
True,2019-10-22 18:02:46,lengthy,True,False
False,2019-10-22 18:35:29,short,False,True
True,2019-10-23 00:27:42,short,False,False
True,2019-10-23 01:13:58,very short,True,False
False,2019-10-23 12:34:36,lengthy,True,False
True,2019-10-23 14:34:01,lengthy,True,False
False,2019-10-24 09:24:48,lengthy,True,True
True,2019-10-24 18:02:02,very short,False,True
True,2019-10-24 22:14:50,lengthy,True,False
True,2019-10-25 20:09:35,lengthy,False,False
True,2019-10-26 02:18:10,lengthy,True,False
True,2019-10-27 04:50:57,lengthy,True,False
True,2019-10-27 06:45:26,lengthy,True,False
True,2019-10-28 03:16:28,short,True,False
True,2019-10-28 11:32:14,very short,False,False
True,2019-10-28 18:41:11,lengthy,True,True
True,2019-10-29 09:59:52,very short,False,False
True,2019-10-29 15:52:53,medium,True,False
True,2019-10-29 17:36:11,very short,False,False
True,2019-10-29 17:49:35,lengthy,False,False
True,2019-10-30 02:43:04,medium,True,False
True,2019-10-30 22:16:13,very short,True,True
True,2019-10-31 01:45:29,lengthy,False,False
True,2019-10-31 03:31:05,lengthy,True,False
False,2019-10-31 11:47:06,very short,False,True
True,2019-10-31 18:26:56,medium,True,False
True,2019-10-31 21:32:36,lengthy,True,True
False,2019-11-01 02:19:45,lengthy,False,False
False,2019-11-01 02:47:27,lengthy,False,False
True,2019-11-01 11:27:40,lengthy,True,True
True,2019-11-01 16:37:55,lengthy,True,False
True,2019-11-01 20:04:20,lengthy,True,False
True,2019-11-01 23:31:52,lengthy,True,False
True,2019-11-02 21:56:41,lengthy,True,False
True,2019-11-03 00:29:08,medium,True,False
True,2019-11-03 14:48:51,medium,True,False
True,2019-11-05 15:02:23,medium,False,False
True,2019-11-05 18:38:36,medium,False,True
True,2019-11-06 08:10:21,lengthy,True,False
True,2019-11-07 09:52:44,very short,True,False
True,2019-11-07 15:02:55,very short,False,True
False,2019-11-08 08:44:34,very short,False,False
True,2019-11-09 02:54:27,short,False,False
True,2019-11-10 07:29:26,lengthy,True,True
True,2019-11-10 09:48:15,very short,True,False
False,2019-11-12 11:42:57,lengthy,False,True
True,2019-11-12 21:56:53,short,True,True
True,2019-11-13 00:40:26,lengthy,True,False
True,2019-11-13 04:39:37,short,False,False
True,2019-11-13 14:32:19,lengthy,False,False
True,2019-11-15 02:02:05,lengthy,True,False
False,2019-11-15 08:35:14,very short,False,True
True,2019-11-16 00:48:38,short,False,False
True,2019-11-16 04:10:12,short,True,False
True,2019-11-16 04:49:54,short,True,False
True,2019-11-16 04:49:54,short,True,False
True,2019-11-17 18:48:47,short,True,False
True,2019-11-17 19:02:37,lengthy,True,False
True,2019-11-18 20:33:10,very short,True,True
True,2019-11-19 09:17:22,very short,True,True
True,2019-11-19 21:21:05,medium,True,False
True,2019-11-20 23:07:36,medium,False,False
True,2019-11-21 09:50:34,lengthy,True,False
True,2019-11-21 22:39:54,medium,False,False
True,2019-11-24 23:33:08,short,True,False
True,2019-11-25 20:07:06,very short,False,False
True,2019-11-25 22:45:05,very short,False,False
True,2019-11-26 04:26:44,medium,False,False
True,2019-11-26 14:38:58,very short,True,False
True,2019-11-26 23:24:54,medium,False,False
True,2019-11-27 02:37:50,medium,True,False
True,2019-11-27 23:33:56,medium,False,False
True,2019-11-28 15:07:02,lengthy,False,False
False,2019-11-28 21:30:36,lengthy,False,True
True,2019-11-29 12:09:45,lengthy,True,False
True,2019-11-29 12:22:07,very short,True,False
True,2019-11-30 06:14:55,medium,True,False
True,2019-11-30 07:22:30,medium,True,False
True,2019-12-02 14:48:35,lengthy,True,False
False,2019-12-02 15:11:36,lengthy,False,False
True,2019-12-03 06:12:28,very short,True,False
True,2019-12-03 06:22:22,very short,True,False
True,2019-12-03 17:12:42,very short,True,False
True,2019-12-03 17:48:36,very short,False,False
True,2019-12-03 20:18:54,very short,False,False
True,2019-12-04 20:32:05,medium,True,False
True,2019-12-04 22:11:04,medium,True,True
True,2019-12-04 23:58:52,short,False,False
False,2019-12-05 12:05:17,very short,False,True
True,2019-12-05 14:11:54,medium,True,False
False,2019-12-06 06:03:06,very short,False,False
True,2019-12-06 11:40:26,very short,False,False
True,2019-12-06 11:43:59,medium,True,False
True,2019-12-06 17:38:17,very short,False,False
True,2019-12-06 17:43:21,very short,False,False
True,2019-12-06 19:42:11,lengthy,False,False
True,2019-12-07 05:05:21,short,True,False
True,2019-12-07 07:52:09,medium,True,False
True,2019-12-08 01:41:03,short,True,False
False,2019-12-08 20:58:32,lengthy,True,False
True,2019-12-08 21:13:05,very short,True,False
True,2019-12-10 01:12:57,medium,False,False
True,2019-12-10 14:42:04,very short,False,False
True,2019-12-10 14:54:23,short,True,False
True,2019-12-10 21:28:43,medium,True,False
True,2019-12-11 01:12:59,short,False,False
True,2019-12-11 06:38:55,lengthy,True,False
True,2019-12-11 13:41:03,medium,False,False
True,2019-12-11 17:18:12,very short,False,False
True,2019-12-11 18:12:13,lengthy,True,False
True,2019-12-11 21:46:06,lengthy,False,False
True,2019-12-11 23:08:39,medium,True,False
True,2019-12-12 15:49:27,medium,False,False
True,2019-12-12 17:40:10,lengthy,True,False
True,2019-12-12 19:14:53,very short,True,False
False,2019-12-14 08:07:22,medium,False,True
True,2019-12-14 16:01:16,lengthy,True,False
False,2019-12-14 18:47:49,lengthy,True,False
True,2019-12-15 02:50:32,short,True,False
False,2019-12-15 04:13:03,lengthy,False,True
True,2019-12-15 07:32:17,very short,True,False
False,2019-12-16 13:18:03,very short,False,True
False,2019-12-16 15:53:33,lengthy,False,False
True,2019-12-16 16:07:53,very short,False,False
True,2019-12-16 19:03:38,lengthy,True,False
True,2019-12-16 23:16:40,very short,False,True
True,2019-12-17 00:08:42,lengthy,True,False
True,2019-12-17 00:43:48,very short,True,False
True,2019-12-17 01:45:26,very short,False,False
True,2019-12-17 20:24:18,very short,False,False
True,2019-12-18 19:56:17,medium,True,False
True,2019-12-20 15:06:29,very short,True,False
True,2019-12-21 07:34:29,lengthy,True,False
True,2019-12-24 18:35:09,lengthy,True,False
True,2019-12-25 05:05:46,lengthy,True,False
True,2019-12-25 07:26:28,lengthy,True,False
True,2019-12-26 10:58:12,lengthy,True,False
True,2019-12-26 16:12:37,very short,True,False
True,2019-12-30 22:43:09,lengthy,True,True
False,2019-12-31 02:43:40,lengthy,False,True
True,2020-01-01 09:42:30,lengthy,True,False
True,2020-01-02 15:58:51,lengthy,False,False
True,2020-01-03 14:06:42,medium,True,False
True,2020-01-03 20:02:25,lengthy,True,False
True,2020-01-04 15:59:18,very short,True,False
True,2020-01-04 17:50:51,very short,True,False
True,2020-01-04 18:50:13,lengthy,True,False
True,2020-01-05 21:28:23,medium,True,False
False,2020-01-06 02:46:23,lengthy,True,False
True,2020-01-06 16:43:56,lengthy,True,False
True,2020-01-07 06:53:24,medium,False,False
True,2020-01-08 12:23:57,short,True,False
True,2020-01-09 13:10:32,medium,True,True
True,2020-01-09 14:01:16,very short,True,False
True,2020-01-09 17:32:01,very short,False,False
True,2020-01-10 01:09:55,lengthy,True,False
True,2020-01-10 07:04:49,medium,True,False
True,2020-01-11 12:01:26,short,True,False
True,2020-01-11 21:24:47,very short,False,False
True,2020-01-11 22:50:13,short,True,True
True,2020-01-12 17:30:44,short,True,False
True,2020-01-13 02:01:19,lengthy,True,False
True,2020-01-14 09:13:56,short,True,False
True,2020-01-14 15:54:38,very short,False,False
True,2020-01-15 01:59:06,lengthy,True,False
True,2020-01-15 02:04:46,medium,True,False
True,2020-01-15 02:14:16,short,True,True
True,2020-01-15 21:59:55,very short,False,False
False,2020-01-16 08:05:58,very short,False,False
False,2020-01-16 16:12:05,very short,False,True
False,2020-01-16 17:12:35,lengthy,False,False
False,2020-01-16 18:00:42,lengthy,False,False
True,2020-01-16 20:48:47,very short,True,False
True,2020-01-16 21:06:27,very short,True,False
True,2020-01-17 06:18:28,lengthy,True,True
True,2020-01-18 02:19:45,lengthy,True,False
True,2020-01-18 19:36:00,very short,True,False
True,2020-01-19 00:46:12,short,True,False
True,2020-01-19 11:47:14,medium,True,False
True,2020-01-19 22:17:33,lengthy,True,False
True,2020-01-20 19:13:14,lengthy,False,False
True,2020-01-20 22:13:46,lengthy,True,False
False,2020-01-21 10:16:29,lengthy,False,False
True,2020-01-21 15:53:30,medium,True,False
False,2020-01-21 15:59:06,lengthy,True,False
True,2020-01-21 19:37:40,very short,False,False
True,2020-01-22 11:32:46,very short,False,False
True,2020-01-22 22:45:51,medium,True,False
True,2020-01-28 01:41:44,very short,True,False
True,2020-01-28 04:03:21,short,True,False
True,2020-01-28 09:36:17,short,True,True
True,2020-01-28 15:01:19,very short,False,True
True,2020-01-28 19:26:21,medium,True,False
True,2020-01-29 09:55:48,medium,True,False
True,2020-01-30 18:47:25,lengthy,True,False
True,2020-02-01 00:30:03,medium,True,False
True,2020-02-03 06:20:53,medium,True,True
True,2020-02-03 10:21:55,lengthy,True,False
True,2020-02-03 17:02:28,medium,False,False
True,2020-02-03 17:20:33,very short,True,False
True,2020-02-03 17:31:50,short,False,False
True,2020-02-03 23:30:31,short,True,False
True,2020-02-04 01:10:47,lengthy,True,False
True,2020-02-04 06:48:22,very short,True,False
True,2020-02-04 10:25:29,lengthy,True,False
True,2020-02-05 22:53:50,short,False,False
True,2020-02-06 01:52:42,lengthy,True,True
True,2020-02-06 11:31:05,lengthy,False,False
True,2020-02-06 19:25:46,lengthy,True,False
True,2020-02-10 06:38:49,lengthy,True,True
True,2020-02-12 04:07:49,very short,False,False
True,2020-02-13 03:34:45,lengthy,True,False
True,2020-02-13 15:14:52,medium,True,False
True,2020-02-13 22:58:06,medium,True,False
False,2020-02-14 14:34:06,very short,False,True
True,2020-02-15 14:23:51,medium,True,False
True,2020-02-16 14:42:03,medium,True,False
True,2020-02-17 22:39:47,lengthy,True,False
True,2020-02-18 03:52:37,short,False,False
True,2020-02-18 10:43:03,short,False,False
True,2020-02-18 14:23:59,very short,False,False
True,2020-02-18 15:01:14,very short,False,False
True,2020-02-18 15:27:56,very short,False,False
True,2020-02-18 16:57:19,medium,True,True
True,2020-02-18 17:26:25,medium,True,False
True,2020-02-18 21:06:59,medium,True,False
True,2020-02-19 07:09:37,short,True,False
True,2020-02-19 13:06:44,very short,True,False
True,2020-02-19 15:05:48,lengthy,True,False
True,2020-02-19 16:14:52,medium,False,False
True,2020-02-19 19:02:05,very short,False,False
True,2020-02-20 14:53:39,medium,False,False
False,2020-02-20 15:18:41,lengthy,True,False
True,2020-02-20 16:43:28,very short,True,False
True,2020-02-20 18:23:25,very short,True,False
True,2020-02-21 13:06:13,very short,False,False
True,2020-02-21 22:43:51,very short,False,False
True,2020-02-21 23:06:35,very short,True,False
False,2020-02-22 10:48:38,very short,False,True
True,2020-02-22 12:10:33,lengthy,False,False
True,2020-02-23 01:44:43,very short,True,False
True,2020-02-23 10:37:37,short,True,True
True,2020-02-24 13:47:26,medium,False,False
True,2020-02-24 17:21:23,medium,True,False
True,2020-02-24 18:11:12,lengthy,True,False
True,2020-02-25 00:17:08,medium,False,False
True,2020-02-25 08:54:51,medium,False,False
True,2020-02-25 12:37:04,lengthy,True,True
True,2020-02-25 17:44:06,medium,False,False
True,2020-02-25 19:10:55,lengthy,True,False
False,2020-02-25 19:58:57,lengthy,False,True
True,2020-02-26 01:05:55,very short,False,True
True,2020-02-26 10:52:26,very short,True,False
True,2020-02-26 11:15:10,very short,True,False
True,2020-02-26 14:55:56,very short,True,False
True,2020-02-26 15:18:33,medium,False,False
False,2020-02-26 19:28:06,lengthy,True,False
True,2020-02-27 05:17:45,short,False,False
True,2020-02-27 09:10:12,medium,True,False
True,2020-02-27 15:27:13,lengthy,True,False
True,2020-02-27 17:31:59,very short,True,False
True,2020-02-29 03:31:54,short,False,False
True,2020-02-29 10:59:51,medium,False,False
False,2020-02-29 16:55:15,very short,False,False
True,2020-03-02 09:22:32,very short,True,False
True,2020-03-02 15:59:45,short,False,False
True,2020-03-02 17:43:23,very short,True,False
True,2020-03-02 22:03:34,very short,False,False
True,2020-03-05 01:27:13,very short,True,False
True,2020-03-05 01:52:00,lengthy,True,False
True,2020-03-06 04:51:08,medium,False,False
True,2020-03-06 11:53:58,medium,True,False
True,2020-03-06 16:45:06,very short,True,False
True,2020-03-06 17:02:52,lengthy,False,False
True,2020-03-06 21:29:17,medium,False,False
True,2020-03-06 23:39:32,medium,True,False
True,2020-03-07 09:45:56,short,True,True
True,2020-03-09 19:03:19,lengthy,True,False
True,2020-03-09 20:10:31,very short,False,False
True,2020-03-10 06:26:40,very short,True,False
True,2020-03-10 12:54:34,short,False,False
True,2020-03-10 20:04:15,very short,False,False
True,2020-03-11 13:36:03,short,True,False
True,2020-03-11 15:39:25,lengthy,True,False
True,2020-03-12 01:15:10,short,True,False
True,2020-03-12 07:54:02,short,False,False
True,2020-03-12 09:05:07,very short,False,False
True,2020-03-12 11:11:46,medium,True,True
True,2020-03-12 12:48:32,lengthy,True,False
True,2020-03-12 19:54:24,very short,False,False
True,2020-03-12 21:16:03,medium,False,True
True,2020-03-12 21:53:14,very short,True,False
False,2020-03-13 04:50:01,very short,False,True
True,2020-03-13 19:26:19,very short,True,False
True,2020-03-14 15:13:49,medium,True,True
True,2020-03-16 06:43:36,lengthy,True,False
True,2020-03-18 14:29:18,lengthy,True,False
True,2020-03-18 14:54:09,lengthy,True,False
True,2020-03-19 20:00:07,lengthy,True,False
True,2020-03-20 07:41:32,lengthy,False,False
True,2020-03-20 14:43:33,lengthy,False,True
True,2020-03-20 18:55:47,medium,True,False
True,2020-03-22 06:59:05,lengthy,True,False
False,2020-03-23 09:53:57,short,True,False
True,2020-03-23 17:40:51,very short,True,True
True,2020-03-23 22:35:30,short,False,False
True,2020-03-24 00:07:14,medium,True,False
True,2020-03-24 00:11:07,very short,True,False
True,2020-03-24 10:45:41,short,False,False
True,2020-03-24 11:18:13,very short,False,False
True,2020-03-24 12:47:23,medium,True,False
True,2020-03-24 12:50:43,very short,True,False
True,2020-03-25 09:04:33,lengthy,True,True
True,2020-03-25 14:14:58,short,True,False
True,2020-03-25 15:17:52,very short,False,False
True,2020-03-25 16:00:28,very short,False,False
False,2020-03-25 18:24:25,very short,True,False
True,2020-03-25 21:05:08,very short,True,False
True,2020-03-26 12:41:51,medium,False,False
True,2020-03-27 07:42:56,medium,False,False
True,2020-03-27 16:00:37,lengthy,True,False
True,2020-03-27 17:58:59,medium,False,False
True,2020-03-28 03:13:22,very short,False,False
True,2020-03-28 19:11:35,medium,False,True
True,2020-03-29 22:33:40,lengthy,True,False
True,2020-03-30 07:36:00,short,False,False
False,2020-03-30 15:45:01,short,False,False
True,2020-03-31 02:51:18,very short,True,False
True,2020-03-31 13:08:17,medium,True,False
True,2020-04-02 21:57:55,very short,False,False
True,2020-04-02 23:18:47,medium,True,False
True,2020-04-03 15:17:25,lengthy,True,False
True,2020-04-04 02:08:55,lengthy,True,False
True,2020-04-04 03:58:38,lengthy,True,False
True,2020-04-04 05:02:13,lengthy,True,False
True,2020-04-06 06:29:11,lengthy,False,False
True,2020-04-07 10:15:01,medium,False,False
True,2020-04-07 18:01:35,medium,True,True
True,2020-04-07 21:25:37,very short,True,True
True,2020-04-08 10:41:41,very short,False,False
True,2020-04-08 12:11:16,medium,True,False
False,2020-04-08 14:20:36,lengthy,False,False
True,2020-04-08 18:48:00,medium,True,False
True,2020-04-08 18:50:41,very short,True,False
True,2020-04-09 10:56:03,very short,True,False
True,2020-04-10 13:50:35,very short,True,False
False,2020-04-11 19:58:16,very short,False,True
True,2020-04-12 06:14:36,lengthy,False,True
True,2020-04-12 10:45:49,medium,True,False
True,2020-04-12 21:47:49,lengthy,True,True
True,2020-04-13 06:30:25,very short,True,False
True,2020-04-13 15:41:08,very short,True,False
True,2020-04-14 19:01:21,very short,True,False
True,2020-04-14 20:14:11,very short,False,False
True,2020-04-15 07:46:41,medium,False,False
True,2020-04-15 09:22:28,medium,True,False
True,2020-04-15 13:00:54,very short,False,False
True,2020-04-15 20:07:16,lengthy,False,False
True,2020-04-15 21:00:21,short,True,False
True,2020-04-15 22:01:53,medium,False,False
True,2020-04-16 01:08:27,short,True,False
True,2020-04-16 08:41:25,lengthy,False,False
True,2020-04-16 14:00:59,medium,True,False
True,2020-04-16 16:57:31,very short,True,False
True,2020-04-16 22:41:03,very short,True,False
True,2020-04-16 23:00:33,very short,True,False
True,2020-04-17 05:10:17,lengthy,True,False
True,2020-04-17 15:23:47,very short,True,False
True,2020-04-17 21:13:35,lengthy,True,False
True,2020-04-17 21:48:01,lengthy,True,False
True,2020-04-17 23:01:10,lengthy,True,False
True,2020-04-18 05:32:24,short,True,False
True,2020-04-19 19:23:16,lengthy,True,False
True,2020-04-19 21:27:59,medium,True,False
True,2020-04-21 00:13:20,very short,False,False
True,2020-04-21 08:51:59,lengthy,False,False
True,2020-04-21 08:54:53,lengthy,False,False
True,2020-04-21 19:37:59,lengthy,True,True
True,2020-04-22 05:18:06,lengthy,False,False
True,2020-04-22 14:56:45,lengthy,True,False
False,2020-04-22 15:17:24,short,False,False
False,2020-04-22 17:36:57,lengthy,False,True
True,2020-04-22 19:51:17,very short,True,False
True,2020-04-23 00:21:37,lengthy,True,False
True,2020-04-23 10:02:25,very short,True,False
True,2020-04-23 10:09:14,medium,False,False
True,2020-04-23 16:19:58,very short,True,False
True,2020-04-23 21:36:01,medium,True,False
True,2020-04-23 23:05:36,lengthy,False,False
True,2020-04-24 03:39:59,medium,True,False
True,2020-04-24 11:48:05,medium,True,False
True,2020-04-24 14:16:53,very short,True,False
True,2020-04-24 17:09:24,short,False,False
True,2020-04-26 16:24:12,short,False,False
False,2020-04-26 18:49:53,lengthy,False,True
True,2020-04-26 19:48:53,medium,True,True
True,2020-04-27 17:09:44,very short,True,False
True,2020-04-27 21:27:25,very short,True,False
True,2020-04-28 14:27:43,medium,False,True
False,2020-04-28 15:07:19,very short,False,False
True,2020-04-28 23:55:14,very short,True,False
True,2020-04-29 00:03:08,medium,False,False
True,2020-04-29 10:01:12,very short,False,False
True,2020-04-29 13:37:05,very short,True,False
True,2020-04-29 19:42:30,very short,True,False
True,2020-04-29 22:05:40,medium,False,False
True,2020-04-30 13:54:08,medium,True,False
True,2020-05-01 02:06:28,lengthy,True,False
True,2020-05-01 13:00:56,very short,False,False
True,2020-05-01 13:52:11,lengthy,True,False
True,2020-05-01 14:49:40,short,True,False
True,2020-05-01 16:22:47,very short,False,False
True,2020-05-03 16:03:44,lengthy,True,False
True,2020-05-04 09:58:27,short,False,False
True,2020-05-04 13:24:15,short,False,False
True,2020-05-04 18:52:18,short,True,False
True,2020-05-05 00:11:51,lengthy,False,False
True,2020-05-05 11:38:16,very short,False,False
True,2020-05-05 18:26:43,very short,True,False
False,2020-05-06 01:54:52,lengthy,False,False
True,2020-05-06 09:49:56,medium,True,False
True,2020-05-06 15:11:44,medium,True,False
True,2020-05-06 17:05:41,medium,True,False
True,2020-05-06 18:14:30,medium,True,False
True,2020-05-06 18:37:44,very short,False,False
True,2020-05-07 16:14:59,medium,False,False
True,2020-05-07 16:31:05,very short,False,False
True,2020-05-07 19:11:21,lengthy,True,False
True,2020-05-09 08:01:31,short,False,False
True,2020-05-11 06:11:46,short,True,False
True,2020-05-11 09:23:42,lengthy,False,False
True,2020-05-11 10:51:11,lengthy,False,False
True,2020-05-11 11:10:45,very short,True,False
True,2020-05-11 22:18:23,short,True,False
False,2020-05-11 22:45:34,very short,False,True
False,2020-05-12 11:29:47,lengthy,True,False
True,2020-05-12 18:26:09,lengthy,True,True
True,2020-05-12 21:11:40,medium,True,False
True,2020-05-13 02:13:43,lengthy,True,False
True,2020-05-13 03:01:09,medium,True,False
True,2020-05-13 08:03:00,lengthy,True,False
True,2020-05-14 03:39:53,medium,True,False
True,2020-05-14 05:04:50,short,True,False
False,2020-05-14 16:06:16,medium,True,True
True,2020-05-14 19:14:27,lengthy,True,False
True,2020-05-15 15:23:48,medium,True,False
True,2020-05-15 15:36:45,very short,False,False
True,2020-05-15 16:16:40,medium,False,False
True,2020-05-16 00:15:19,lengthy,True,True
True,2020-05-16 05:38:45,lengthy,True,False
False,2020-05-18 03:42:33,very short,False,True
True,2020-05-18 09:39:58,lengthy,False,False
True,2020-05-18 15:03:40,medium,True,False
False,2020-05-19 01:40:53,lengthy,False,False
False,2020-05-19 05:59:01,very short,False,True
True,2020-05-19 16:23:39,short,True,False
True,2020-05-20 00:32:22,short,True,False
False,2020-05-20 02:07:53,lengthy,True,False
True,2020-05-20 14:52:06,very short,True,False
True,2020-05-21 05:23:49,short,True,False
True,2020-05-21 07:10:11,very short,False,False
True,2020-05-21 12:26:07,lengthy,False,False
True,2020-05-21 12:31:03,very short,True,False
True,2020-05-21 15:03:40,medium,False,False
True,2020-05-23 04:25:20,medium,True,False
True,2020-05-23 08:30:50,medium,True,False
True,2020-05-24 14:27:50,medium,True,False
True,2020-05-25 08:34:46,lengthy,False,False
False,2020-05-26 03:24:16,very short,True,True
True,2020-05-26 18:14:11,lengthy,True,False
True,2020-05-27 00:18:00,short,False,False
False,2020-05-27 11:39:24,lengthy,False,True
True,2020-05-27 12:05:42,lengthy,True,False
True,2020-05-27 13:32:45,very short,False,False
True,2020-05-28 03:59:06,lengthy,False,False
True,2020-05-28 10:58:31,very short,True,False
True,2020-05-28 20:53:35,lengthy,True,False
True,2020-05-29 15:26:04,lengthy,True,False
True,2020-05-30 03:05:07,medium,True,False
True,2020-05-30 03:41:49,medium,True,True
True,2020-05-31 01:13:29,medium,True,False
False,2020-06-02 09:19:58,lengthy,True,False
True,2020-06-02 19:41:43,short,True,False
True,2020-06-03 00:24:21,short,True,False
True,2020-06-03 21:54:41,medium,True,False
True,2020-06-04 18:03:41,very short,False,False
False,2020-06-05 16:01:33,very short,False,True
True,2020-06-06 14:26:21,short,True,False
True,2020-06-07 06:28:54,short,True,False
True,2020-06-08 07:47:52,lengthy,True,False
True,2020-06-08 13:01:54,very short,False,False
True,2020-06-08 15:21:49,very short,True,True
True,2020-06-08 17:34:13,very short,False,False
False,2020-06-08 19:41:11,very short,False,True
True,2020-06-09 00:17:27,very short,True,False
True,2020-06-09 22:08:24,very short,True,False
True,2020-06-09 23:25:10,very short,True,False
True,2020-06-10 11:11:15,very short,True,False
True,2020-06-11 16:24:13,lengthy,True,False
True,2020-06-11 17:34:55,very short,False,False
True,2020-06-11 18:05:57,medium,False,False
True,2020-06-11 18:58:04,lengthy,True,False
True,2020-06-12 04:22:47,lengthy,False,False
True,2020-06-12 05:47:33,medium,True,True
True,2020-06-12 14:53:16,medium,True,False
True,2020-06-12 17:00:32,lengthy,False,False
True,2020-06-12 20:03:45,lengthy,True,False
True,2020-06-13 22:30:44,lengthy,True,False
True,2020-06-14 14:40:50,short,True,False
True,2020-06-14 17:41:40,medium,True,False
False,2020-06-15 00:00:17,short,False,False
True,2020-06-15 10:12:42,medium,False,False
True,2020-06-15 16:46:08,lengthy,True,False
True,2020-06-16 12:49:21,medium,False,False
True,2020-06-16 16:21:40,very short,True,False
True,2020-06-16 17:48:41,lengthy,True,False
True,2020-06-17 15:32:51,lengthy,False,False
True,2020-06-17 18:28:15,very short,True,False
True,2020-06-19 18:29:51,medium,True,False
True,2020-06-19 19:57:24,lengthy,True,False
True,2020-06-20 04:17:30,lengthy,True,False
True,2020-06-21 20:27:32,very short,True,False
True,2020-06-22 10:17:47,lengthy,True,False
True,2020-06-23 08:40:53,short,True,False
True,2020-06-23 22:38:27,lengthy,True,True
True,2020-06-24 20:36:17,medium,False,False
False,2020-06-24 21:41:27,very short,False,True
False,2020-06-24 22:37:42,lengthy,False,False
False,2020-06-24 22:52:38,lengthy,False,False
True,2020-06-25 13:32:42,medium,True,False
True,2020-06-25 16:41:58,lengthy,False,True
True,2020-06-26 04:32:29,very short,False,False
True,2020-06-27 11:02:03,lengthy,False,True
True,2020-06-29 04:02:00,very short,True,False
True,2020-06-29 07:08:44,very short,True,False
True,2020-06-29 21:51:34,medium,False,False
True,2020-06-30 10:50:48,short,True,False
True,2020-06-30 13:36:25,medium,True,True
True,2020-07-01 13:19:13,very short,True,False
True,2020-07-01 18:24:30,very short,True,False
False,2020-07-01 21:24:56,lengthy,True,False
False,2020-07-02 21:08:38,lengthy,True,False
True,2020-07-03 04:47:04,very short,False,False
False,2020-07-05 15:58:48,lengthy,True,False
True,2020-07-05 20:29:47,short,True,False
False,2020-07-06 14:40:50,short,True,False
True,2020-07-06 14:46:20,medium,False,False
False,2020-07-06 20:45:45,lengthy,True,False
True,2020-07-07 10:29:58,lengthy,False,False
True,2020-07-07 15:58:06,very short,True,False
True,2020-07-07 20:46:40,very short,False,False
True,2020-07-08 19:28:55,lengthy,True,False
True,2020-07-08 19:41:00,very short,True,False
True,2020-07-08 21:41:07,medium,True,True
True,2020-07-08 22:07:33,lengthy,False,False
True,2020-07-08 22:15:08,very short,False,False
True,2020-07-09 11:12:16,lengthy,True,False
False,2020-07-09 13:47:25,lengthy,False,False
True,2020-07-09 22:17:31,lengthy,True,False
True,2020-07-09 22:40:35,lengthy,True,False
True,2020-07-13 10:48:35,lengthy,False,True
True,2020-07-15 12:25:22,lengthy,False,False
True,2020-07-15 14:27:20,lengthy,True,False
True,2020-07-16 03:52:17,very short,True,False
True,2020-07-17 06:05:00,medium,False,False
True,2020-07-17 09:45:36,medium,True,False
True,2020-07-18 09:42:17,medium,True,False
True,2020-07-18 11:52:02,lengthy,True,False
True,2020-07-18 23:10:38,medium,True,False
False,2020-07-19 23:02:44,very short,True,False
True,2020-07-20 08:36:34,short,True,False
False,2020-07-20 10:56:46,lengthy,False,False
True,2020-07-20 11:16:15,lengthy,True,False
True,2020-07-20 15:04:30,very short,True,False
True,2020-07-20 16:15:23,short,False,False
True,2020-07-21 16:23:57,medium,True,False
True,2020-07-21 22:20:24,lengthy,False,False
True,2020-07-22 05:53:57,medium,True,False
True,2020-07-22 15:12:59,very short,True,False
True,2020-07-22 15:27:17,very short,True,False
True,2020-07-23 02:26:30,very short,True,True
True,2020-07-23 07:29:40,medium,True,False
True,2020-07-23 21:38:28,lengthy,False,False
True,2020-07-23 22:10:53,medium,False,False
True,2020-07-24 00:56:03,medium,False,False
True,2020-07-24 03:00:19,lengthy,True,False
True,2020-07-24 06:45:26,short,False,False
True,2020-07-24 16:30:00,short,True,False
True,2020-07-24 16:37:39,medium,True,False
True,2020-07-25 08:24:51,medium,False,False
True,2020-07-25 11:17:06,lengthy,False,False
True,2020-07-26 11:24:42,lengthy,True,False
True,2020-07-27 06:41:30,lengthy,False,False
True,2020-07-27 15:43:53,lengthy,True,False
True,2020-07-27 19:36:52,very short,True,False
True,2020-07-29 15:57:15,lengthy,False,False
True,2020-07-29 16:13:17,very short,False,False
True,2020-07-29 16:44:14,very short,False,False
True,2020-07-30 13:47:47,short,False,False
False,2020-08-01 11:36:24,short,True,False
True,2020-08-03 17:40:03,short,True,False
True,2020-08-03 22:18:44,very short,True,False
True,2020-08-04 19:31:15,very short,True,False
True,2020-08-04 23:00:03,short,True,True
True,2020-08-05 08:07:37,lengthy,False,False
False,2020-08-05 11:34:23,lengthy,False,False
True,2020-08-05 22:08:47,very short,False,False
True,2020-08-06 17:31:13,very short,True,False
True,2020-08-07 02:48:41,medium,True,False
True,2020-08-07 08:45:37,very short,True,False
True,2020-08-07 09:05:26,lengthy,True,False
True,2020-08-07 10:53:14,very short,True,False
True,2020-08-07 11:30:58,very short,True,False
True,2020-08-07 13:12:02,medium,False,False
False,2020-08-07 15:32:42,medium,False,False
True,2020-08-07 16:30:27,lengthy,False,False
True,2020-08-09 13:51:33,medium,True,False
True,2020-08-09 22:49:51,medium,True,False
True,2020-08-09 23:23:45,short,True,False
True,2020-08-09 23:29:34,short,True,False
True,2020-08-10 14:53:11,medium,False,False
True,2020-08-10 15:38:26,short,True,False
True,2020-08-10 18:55:18,lengthy,False,False
True,2020-08-10 23:18:30,lengthy,True,True
True,2020-08-11 08:14:40,lengthy,True,False
True,2020-08-11 14:02:31,lengthy,False,False
True,2020-08-11 14:38:34,medium,False,False
True,2020-08-11 14:47:53,lengthy,False,False
True,2020-08-11 17:06:21,medium,True,False
True,2020-08-12 15:54:54,very short,True,False
True,2020-08-13 00:05:19,medium,True,False
True,2020-08-13 06:28:19,lengthy,False,False
True,2020-08-13 13:21:12,medium,True,False
True,2020-08-13 17:39:50,lengthy,True,False
True,2020-08-14 08:42:05,lengthy,False,False
True,2020-08-14 13:27:36,very short,False,False
True,2020-08-14 17:40:26,medium,True,False
True,2020-08-14 20:57:55,short,True,False
False,2020-08-14 21:15:53,medium,True,False
True,2020-08-15 01:17:07,very short,True,False
True,2020-08-17 03:51:01,short,True,True
True,2020-08-17 09:59:46,short,True,False
True,2020-08-17 13:04:53,short,False,True
True,2020-08-17 16:34:51,very short,True,False
True,2020-08-18 05:54:03,medium,True,False
True,2020-08-18 16:03:03,very short,True,False
True,2020-08-19 18:39:37,lengthy,False,False
False,2020-08-19 20:31:47,short,False,True
True,2020-08-20 00:29:55,lengthy,True,False
True,2020-08-20 14:46:37,lengthy,True,False
True,2020-08-20 18:40:33,lengthy,False,False
True,2020-08-20 19:02:57,lengthy,True,False
True,2020-08-21 10:52:54,very short,False,True
True,2020-08-21 15:31:41,medium,True,False
True,2020-08-21 17:28:28,lengthy,True,False
True,2020-08-24 11:49:18,very short,True,False
True,2020-08-24 15:16:31,medium,True,False
True,2020-08-24 16:34:51,very short,True,False
True,2020-08-24 20:07:40,very short,False,False
False,2020-08-24 22:57:14,lengthy,True,False
True,2020-08-25 11:38:31,very short,True,False
True,2020-08-25 13:42:00,lengthy,True,True
True,2020-08-25 21:34:44,short,False,False
True,2020-08-25 23:14:19,medium,True,True
True,2020-08-26 13:57:19,short,False,False
True,2020-08-26 21:11:17,lengthy,False,False
False,2020-08-27 13:54:03,lengthy,False,True
True,2020-08-27 14:26:49,very short,False,False
True,2020-08-27 20:15:38,medium,False,False
True,2020-08-28 10:44:57,medium,False,False
True,2020-08-28 14:00:38,medium,False,False
True,2020-08-28 15:59:00,short,False,False
True,2020-08-28 19:03:00,lengthy,True,False
True,2020-08-28 20:45:50,medium,False,False
True,2020-08-29 17:41:42,lengthy,False,False
True,2020-08-30 07:42:38,short,True,True
True,2020-08-30 12:47:36,lengthy,True,False
True,2020-08-31 12:20:14,short,True,True
False,2020-09-01 00:45:17,short,True,True
True,2020-09-01 18:08:52,short,False,False
True,2020-09-02 15:34:46,very short,True,False
True,2020-09-02 18:31:28,very short,True,False
True,2020-09-04 09:46:04,medium,True,True
True,2020-09-04 10:06:33,medium,False,False
True,2020-09-04 13:07:13,very short,False,False
False,2020-09-04 15:52:04,lengthy,False,True
True,2020-09-04 19:53:01,medium,False,False
True,2020-09-05 16:53:56,medium,False,False
True,2020-09-08 11:10:30,very short,False,False
True,2020-09-08 12:36:24,very short,True,False
True,2020-09-09 15:33:59,short,False,False
True,2020-09-09 15:36:45,very short,False,False
True,2020-09-10 23:57:41,medium,True,False
True,2020-09-11 03:59:36,lengthy,True,False
True,2020-09-11 07:10:02,medium,False,False
True,2020-09-11 17:20:43,lengthy,True,False
True,2020-09-11 18:20:37,medium,True,False
True,2020-09-11 20:14:02,medium,False,False
True,2020-09-11 20:18:47,medium,True,False
True,2020-09-13 03:49:48,lengthy,True,False
True,2020-09-14 18:40:44,medium,True,True
True,2020-09-15 21:00:01,very short,True,False
True,2020-09-15 21:55:10,medium,True,False
False,2020-09-16 09:38:00,short,False,True
True,2020-09-16 11:30:31,short,False,False
True,2020-09-16 15:18:07,very short,True,False
True,2020-09-16 15:19:40,very short,True,True
False,2020-09-17 12:24:24,short,False,False
True,2020-09-17 19:18:40,medium,False,False
True,2020-09-18 08:55:06,medium,True,False
True,2020-09-18 11:54:38,lengthy,False,False
True,2020-09-18 18:14:35,very short,True,False
True,2020-09-18 20:50:05,medium,False,False
True,2020-09-20 23:56:09,medium,True,False
True,2020-09-21 12:01:00,lengthy,False,True
False,2020-09-21 17:06:21,lengthy,True,False
True,2020-09-22 12:18:24,medium,False,False
True,2020-09-22 12:26:13,short,True,True
True,2020-09-22 14:16:55,very short,False,False
True,2020-09-22 21:00:54,short,True,False
True,2020-09-23 10:38:20,very short,True,False
True,2020-09-23 14:54:08,medium,False,False
True,2020-09-23 22:45:06,medium,True,False
True,2020-09-24 06:44:32,lengthy,True,True
True,2020-09-25 12:21:57,medium,False,False
True,2020-09-25 21:14:28,short,False,False
True,2020-09-25 21:18:54,medium,True,True
True,2020-09-28 13:25:52,medium,False,False
False,2020-09-28 14:14:32,short,False,False
True,2020-09-29 13:59:26,medium,False,False
True,2020-09-29 23:49:40,very short,True,False
True,2020-09-30 08:57:20,very short,True,False
True,2020-09-30 12:30:32,lengthy,True,False
True,2020-09-30 14:57:38,lengthy,False,False
True,2020-09-30 18:39:04,very short,False,False
True,2020-09-30 21:44:37,very short,False,False
False,2020-09-30 21:55:56,very short,False,True
True,2020-10-01 04:05:33,lengthy,False,False
True,2020-10-01 16:17:51,very short,False,False
True,2020-10-02 11:24:05,very short,True,False
True,2020-10-02 16:48:52,medium,True,False
True,2020-10-02 17:08:23,very short,False,False
True,2020-10-02 18:07:35,very short,False,False
False,2020-10-03 12:41:38,lengthy,False,True
False,2020-10-04 09:50:35,lengthy,True,False
True,2020-10-04 16:57:52,lengthy,True,False
True,2020-10-04 17:01:46,very short,True,False
True,2020-10-05 16:01:21,lengthy,True,True
True,2020-10-06 15:56:45,lengthy,False,False
True,2020-10-07 00:10:26,short,True,False
False,2020-10-07 07:03:52,short,True,False
True,2020-10-07 10:44:40,very short,False,False
True,2020-10-07 18:15:13,lengthy,False,False
True,2020-10-07 22:09:46,very short,True,False
True,2020-10-07 22:33:32,lengthy,True,False
True,2020-10-08 04:16:38,very short,True,False
True,2020-10-08 11:06:33,very short,True,False
True,2020-10-08 13:49:32,medium,False,False
True,2020-10-08 14:50:16,lengthy,True,False
True,2020-10-08 14:57:23,very short,False,False
True,2020-10-08 20:34:15,very short,True,False
False,2020-10-09 16:14:28,short,True,True
True,2020-10-09 19:23:09,lengthy,True,False
True,2020-10-10 15:53:36,lengthy,True,False
True,2020-10-10 17:45:13,lengthy,True,False
False,2020-10-11 12:59:47,lengthy,False,False
True,2020-10-11 21:47:48,medium,True,False
True,2020-10-13 11:27:50,very short,True,False
True,2020-10-13 16:07:36,lengthy,False,False
True,2020-10-13 23:13:03,medium,True,False
True,2020-10-14 16:10:36,medium,False,False
False,2020-10-14 19:00:54,very short,False,True
True,2020-10-15 12:11:44,lengthy,True,False
True,2020-10-15 20:03:02,lengthy,False,False
False,2020-10-16 13:17:51,very short,False,False
False,2020-10-16 13:46:36,very short,False,False
False,2020-10-16 15:58:58,very short,False,True
False,2020-10-16 17:43:45,lengthy,False,True
False,2020-10-16 20:31:29,very short,False,False
True,2020-10-18 00:40:49,medium,False,True
True,2020-10-18 15:19:11,lengthy,True,False
True,2020-10-19 01:19:30,lengthy,True,False
True,2020-10-19 16:21:33,very short,True,False
False,2020-10-19 20:56:54,medium,False,True
True,2020-10-19 23:21:10,very short,True,False
True,2020-10-20 19:46:50,short,True,False
True,2020-10-20 21:41:29,very short,False,False
False,2020-10-21 01:17:12,very short,False,True
True,2020-10-21 14:09:02,very short,False,False
True,2020-10-21 14:45:54,lengthy,False,False
True,2020-10-21 15:38:25,very short,False,False
True,2020-10-21 20:39:51,very short,True,False
True,2020-10-22 01:31:16,lengthy,True,False
True,2020-10-22 03:27:34,lengthy,False,True
True,2020-10-22 13:23:55,very short,False,False
True,2020-10-22 17:09:49,short,False,False
True,2020-10-23 17:42:32,short,False,False
True,2020-10-23 20:15:42,lengthy,True,False
True,2020-10-24 09:40:35,very short,True,False
True,2020-10-24 13:45:05,very short,True,False
True,2020-10-25 19:47:42,very short,True,False
True,2020-10-27 15:26:57,very short,True,False
True,2020-10-27 19:35:29,lengthy,True,False
False,2020-10-27 20:45:34,very short,False,True
False,2020-10-27 20:50:58,very short,False,False
False,2020-10-27 20:55:17,very short,False,False
False,2020-10-27 21:07:19,very short,False,False
True,2020-10-28 01:35:50,medium,True,False
True,2020-10-29 21:58:13,medium,False,False
True,2020-10-30 06:46:09,lengthy,True,False
True,2020-10-30 09:48:31,lengthy,False,False
True,2020-10-30 10:42:14,medium,False,False
True,2020-10-30 16:32:46,short,True,False
True,2020-10-30 20:12:24,lengthy,True,False
True,2020-10-31 01:29:49,lengthy,True,False
True,2020-11-02 13:45:07,lengthy,True,False
True,2020-11-02 13:57:08,very short,False,False
True,2020-11-02 18:25:06,lengthy,True,False
True,2020-11-03 15:00:24,lengthy,True,False
True,2020-11-03 15:16:01,medium,True,False
True,2020-11-03 21:19:56,lengthy,True,False
False,2020-11-04 15:53:35,short,False,True
True,2020-11-04 20:47:22,very short,True,False
True,2020-11-05 16:21:55,very short,True,False
True,2020-11-05 23:09:00,medium,True,False
True,2020-11-06 15:44:04,lengthy,True,False
True,2020-11-06 21:47:22,short,False,False
False,2020-11-06 23:02:20,lengthy,True,False
True,2020-11-08 12:52:00,lengthy,False,False
True,2020-11-09 02:42:30,lengthy,True,False
True,2020-11-09 12:46:37,short,True,False
True,2020-11-09 20:07:31,very short,True,False
True,2020-11-10 12:31:34,short,True,False
True,2020-11-10 13:02:41,short,False,False
False,2020-11-10 15:34:32,lengthy,False,True
True,2020-11-10 16:02:30,very short,True,False
True,2020-11-10 19:53:58,short,True,False
True,2020-11-11 06:02:08,very short,True,False
True,2020-11-11 12:02:12,short,True,False
True,2020-11-11 13:43:32,very short,True,False
True,2020-11-11 15:18:42,lengthy,True,False
True,2020-11-11 18:42:34,very short,False,False
True,2020-11-11 22:14:12,very short,True,False
True,2020-11-13 23:18:07,medium,False,False
True,2020-11-16 08:22:19,lengthy,False,False
True,2020-11-16 11:39:43,short,False,False
True,2020-11-16 17:42:02,very short,False,False
True,2020-11-17 15:59:48,lengthy,False,True
True,2020-11-17 16:11:19,very short,False,False
False,2020-11-17 23:11:06,very short,False,True
True,2020-11-18 15:13:41,medium,False,False
True,2020-11-19 17:43:25,very short,True,False
True,2020-11-19 19:38:37,lengthy,False,False
True,2020-11-19 20:20:43,lengthy,False,False
True,2020-11-20 13:10:04,lengthy,True,False
True,2020-11-20 13:38:27,medium,True,False
True,2020-11-20 23:36:58,lengthy,False,False
True,2020-11-21 14:02:28,medium,True,False
True,2020-11-21 14:42:08,very short,True,False
True,2020-11-21 15:37:19,lengthy,True,False
True,2020-11-21 17:44:35,medium,True,False
True,2020-11-22 03:15:36,lengthy,True,False
True,2020-11-22 13:01:00,lengthy,True,False
True,2020-11-23 15:15:38,very short,False,False
False,2020-11-23 21:58:57,very short,False,True
True,2020-11-24 06:06:35,short,True,True
True,2020-11-25 04:59:51,lengthy,True,False
True,2020-11-25 12:20:39,lengthy,True,False
True,2020-11-25 17:44:58,lengthy,True,False
True,2020-11-26 09:01:41,lengthy,True,False
True,2020-11-26 11:58:21,very short,True,True
True,2020-11-26 14:12:49,lengthy,False,False
True,2020-11-26 15:07:54,medium,True,False
True,2020-11-30 01:55:03,medium,True,True
True,2020-11-30 05:38:50,very short,False,False
True,2020-11-30 06:52:12,lengthy,False,False
True,2020-11-30 16:46:42,medium,True,False
True,2020-12-01 01:50:00,lengthy,True,False
True,2020-12-01 13:22:14,very short,False,False
True,2020-12-01 23:01:41,medium,False,False
True,2020-12-01 23:17:06,short,False,False
True,2020-12-02 12:31:04,medium,True,False
True,2020-12-03 01:10:11,medium,True,False
True,2020-12-03 17:25:23,short,False,False
True,2020-12-05 06:27:51,medium,True,False
True,2020-12-05 14:16:28,medium,True,False
True,2020-12-06 03:18:14,very short,True,False
False,2020-12-07 13:02:46,very short,False,True
True,2020-12-07 13:35:58,short,False,False
True,2020-12-08 15:25:07,medium,True,False
True,2020-12-08 21:52:21,lengthy,True,False
True,2020-12-09 14:52:12,medium,False,False
True,2020-12-09 18:37:18,short,True,False
True,2020-12-09 21:59:08,very short,False,False
True,2020-12-10 10:44:19,lengthy,True,False
True,2020-12-10 10:59:48,very short,False,False
True,2020-12-10 12:16:37,medium,True,False
True,2020-12-10 19:00:31,medium,True,False
True,2020-12-11 06:24:26,medium,False,False
True,2020-12-11 11:52:14,medium,False,False
True,2020-12-11 15:12:37,short,False,False
True,2020-12-11 15:41:35,very short,False,False
True,2020-12-14 01:23:39,medium,False,False
False,2020-12-14 09:57:30,very short,True,False
True,2020-12-14 17:14:27,lengthy,False,False
True,2020-12-15 00:14:11,short,False,False
True,2020-12-15 15:12:06,lengthy,True,False
True,2020-12-16 01:00:37,medium,False,False
True,2020-12-16 03:13:28,medium,True,True
True,2020-12-17 19:44:01,very short,False,False
True,2020-12-18 23:18:30,very short,False,False
True,2020-12-20 11:20:39,short,True,False
True,2020-12-21 16:21:15,very short,True,False
True,2020-12-21 16:22:38,very short,False,False
True,2020-12-22 16:43:55,lengthy,False,True
True,2020-12-23 03:42:00,very short,True,True
False,2020-12-23 06:50:35,very short,True,False
True,2020-12-23 17:05:16,lengthy,True,True
False,2020-12-23 17:25:40,very short,False,False
True,2020-12-28 20:35:56,lengthy,False,False
True,2020-12-28 21:55:50,lengthy,True,False
False,2020-12-29 04:48:43,very short,False,True
True,2020-12-29 18:40:23,medium,False,False
True,2020-12-30 22:12:22,medium,True,False
True,2021-01-01 17:21:06,lengthy,True,False
True,2021-01-02 19:31:51,lengthy,True,False
True,2021-01-03 22:43:24,lengthy,True,False
True,2021-01-04 12:10:21,very short,True,False
True,2021-01-04 19:32:57,medium,False,False
True,2021-01-05 11:48:13,lengthy,False,False
True,2021-01-05 15:08:17,lengthy,False,False
True,2021-01-05 22:47:15,medium,True,False
True,2021-01-06 21:23:32,very short,False,False
True,2021-01-07 09:36:57,very short,True,True
True,2021-01-07 20:57:29,lengthy,True,False
True,2021-01-08 11:57:10,very short,False,False
True,2021-01-08 15:17:39,lengthy,False,False
True,2021-01-08 15:23:58,lengthy,False,False
True,2021-01-08 23:44:02,medium,False,False
True,2021-01-09 13:33:50,lengthy,True,False
True,2021-01-11 10:27:23,very short,True,False
True,2021-01-11 15:45:17,short,False,False
True,2021-01-11 17:15:50,short,False,False
True,2021-01-12 23:06:10,lengthy,False,False
True,2021-01-13 14:52:38,medium,False,False
True,2021-01-14 13:57:07,very short,False,False
True,2021-01-14 14:19:16,very short,False,False
True,2021-01-15 08:28:29,very short,False,True
True,2021-01-15 19:38:45,lengthy,False,False
True,2021-01-16 00:10:59,medium,True,False
True,2021-01-17 14:25:18,medium,True,False
True,2021-01-17 16:25:26,lengthy,True,True
True,2021-01-18 11:17:04,medium,False,True
True,2021-01-18 14:35:03,medium,False,False
True,2021-01-18 14:53:13,very short,True,False
True,2021-01-18 17:10:41,lengthy,True,False
True,2021-01-19 08:32:59,short,True,True
True,2021-01-19 12:35:54,very short,False,False
True,2021-01-20 00:08:16,very short,True,False
True,2021-01-21 16:45:47,very short,True,False
True,2021-01-21 20:13:50,short,True,False
True,2021-01-21 20:52:06,very short,True,False
True,2021-01-22 06:41:10,very short,True,False
True,2021-01-22 16:51:32,very short,False,False
True,2021-01-22 17:41:50,lengthy,True,False
True,2021-01-22 22:01:24,short,True,False
True,2021-01-22 23:30:21,short,True,False
True,2021-01-24 15:39:59,short,False,False
True,2021-01-25 16:03:04,very short,False,False
True,2021-01-26 00:17:50,very short,True,False
True,2021-01-26 18:06:45,lengthy,True,False
False,2021-01-27 11:54:44,short,False,True
True,2021-01-27 14:48:20,very short,False,True
True,2021-01-27 17:10:38,very short,True,False
True,2021-01-27 20:24:40,medium,False,False
True,2021-01-28 10:30:54,lengthy,True,False
True,2021-01-28 15:47:50,lengthy,False,False
False,2021-01-28 16:43:37,lengthy,False,False
True,2021-01-28 18:43:02,very short,True,False
True,2021-01-29 11:03:13,very short,True,False
True,2021-01-29 11:17:56,very short,True,False
True,2021-01-29 12:28:29,very short,True,False
True,2021-01-29 16:33:29,very short,True,False
True,2021-01-29 19:23:58,lengthy,True,False
False,2021-01-29 19:57:31,medium,True,False
True,2021-01-29 20:12:44,medium,True,False
True,2021-02-01 13:45:20,very short,False,False
True,2021-02-01 15:11:09,very short,True,False
True,2021-02-01 16:33:38,very short,False,False
True,2021-02-01 18:06:35,lengthy,False,False
True,2021-02-01 22:34:56,lengthy,True,False
True,2021-02-01 22:43:54,lengthy,True,False
True,2021-02-01 22:50:43,lengthy,True,False
True,2021-02-01 22:55:24,lengthy,True,False
True,2021-02-01 23:03:44,lengthy,True,False
True,2021-02-02 01:17:57,lengthy,True,False
False,2021-02-02 08:38:33,very short,True,True
True,2021-02-02 13:47:27,very short,True,False
True,2021-02-02 15:02:21,medium,False,False
True,2021-02-03 10:01:33,very short,True,False
True,2021-02-03 14:34:10,medium,True,False
True,2021-02-03 22:50:46,very short,False,False
True,2021-02-04 17:05:54,very short,False,False
True,2021-02-05 07:55:44,very short,True,False
True,2021-02-05 22:47:18,very short,True,False
True,2021-02-06 11:21:33,short,False,False
True,2021-02-09 07:37:01,medium,False,False
True,2021-02-09 20:05:52,lengthy,False,False
True,2021-02-09 23:44:51,short,True,False
True,2021-02-10 00:32:39,medium,True,False
True,2021-02-10 00:40:46,lengthy,True,False
True,2021-02-11 12:40:52,medium,False,False
True,2021-02-11 16:57:44,lengthy,False,False
True,2021-02-11 23:08:01,very short,False,False
True,2021-02-12 04:25:08,very short,True,False
True,2021-02-12 14:42:44,very short,False,False
True,2021-02-12 16:35:03,lengthy,True,False
True,2021-02-13 04:12:02,short,True,False
True,2021-02-15 11:02:16,short,True,False
True,2021-02-15 11:26:43,lengthy,True,False
True,2021-02-15 14:28:32,very short,False,False
True,2021-02-15 20:33:31,very short,True,False
False,2021-02-16 13:17:08,lengthy,False,True
False,2021-02-16 16:50:47,lengthy,False,True
True,2021-02-16 17:01:14,medium,True,False
True,2021-02-17 16:33:14,medium,False,False
True,2021-02-17 21:45:03,lengthy,False,False
True,2021-02-18 12:30:58,medium,True,False
True,2021-02-18 21:22:50,very short,True,False
True,2021-02-19 14:47:50,very short,False,False
True,2021-02-19 15:29:57,lengthy,True,False
True,2021-02-19 17:04:33,very short,False,False
True,2021-02-20 01:57:44,medium,True,False
True,2021-02-21 00:56:26,short,True,False
True,2021-02-22 16:27:56,very short,False,False
True,2021-02-23 00:57:55,lengthy,True,False
True,2021-02-23 02:22:21,lengthy,True,False
False,2021-02-24 07:38:09,very short,False,True
True,2021-02-24 12:38:43,very short,False,False
True,2021-02-24 14:29:32,very short,False,False
True,2021-02-24 16:13:01,very short,True,False
True,2021-02-24 17:36:28,very short,False,False
True,2021-02-24 20:54:24,very short,True,False
True,2021-02-25 06:50:20,lengthy,True,False
True,2021-02-25 14:20:14,very short,False,False
True,2021-02-25 16:42:48,lengthy,True,False
True,2021-02-25 20:16:00,very short,True,False
True,2021-02-26 10:43:19,lengthy,True,False
True,2021-02-26 13:42:28,medium,False,False
True,2021-02-26 22:15:19,medium,True,False
False,2021-02-27 02:08:03,very short,False,True
True,2021-02-28 08:43:02,lengthy,True,True
False,2021-03-01 15:10:51,very short,True,True
True,2021-03-01 17:33:15,lengthy,True,False
True,2021-03-01 18:14:21,lengthy,True,False
True,2021-03-01 19:55:12,lengthy,True,False
True,2021-03-01 20:46:24,lengthy,True,False
True,2021-03-02 02:07:40,very short,False,False
True,2021-03-02 11:01:02,very short,False,False
False,2021-03-02 11:39:41,lengthy,True,False
True,2021-03-02 12:42:34,short,False,False
True,2021-03-02 18:01:40,lengthy,False,False
False,2021-03-02 22:06:34,lengthy,False,True
True,2021-03-02 22:53:14,medium,True,False
True,2021-03-03 02:51:53,short,True,False
True,2021-03-04 10:47:27,very short,True,False
True,2021-03-05 08:04:07,lengthy,True,True
True,2021-03-05 16:33:53,very short,False,False
True,2021-03-07 13:43:14,lengthy,True,False
False,2021-03-08 07:33:29,very short,False,True
True,2021-03-08 13:12:11,medium,False,False
False,2021-03-08 16:43:51,very short,False,True
True,2021-03-09 20:38:30,lengthy,False,True
True,2021-03-10 12:21:41,very short,False,False
True,2021-03-10 13:09:43,very short,True,False
True,2021-03-10 14:42:58,lengthy,False,False
True,2021-03-10 19:42:10,short,False,False
True,2021-03-10 20:24:21,medium,True,False
True,2021-03-11 02:55:54,short,True,True
True,2021-03-11 15:41:46,lengthy,False,False
True,2021-03-11 15:53:36,lengthy,True,False
True,2021-03-11 17:26:11,very short,True,False
True,2021-03-11 18:36:50,very short,True,True
True,2021-03-13 00:41:07,short,True,False
True,2021-03-13 11:32:18,short,False,False
True,2021-03-14 16:40:29,medium,True,False
True,2021-03-14 23:00:52,medium,True,False
True,2021-03-15 10:27:33,very short,True,False
True,2021-03-15 11:21:15,very short,False,False
True,2021-03-15 12:18:13,very short,False,False
True,2021-03-15 22:24:33,short,False,False
True,2021-03-16 14:24:01,very short,False,False
True,2021-03-16 14:40:47,short,False,False
True,2021-03-17 07:51:43,short,True,False
True,2021-03-17 08:13:31,very short,True,False
True,2021-03-17 11:22:21,short,True,False
True,2021-03-17 14:00:00,very short,True,True
True,2021-03-17 19:58:37,very short,True,False
True,2021-03-18 18:02:14,short,False,True
True,2021-03-18 18:20:13,lengthy,False,False
True,2021-03-19 19:01:18,medium,True,False
True,2021-03-19 20:47:16,short,False,False
True,2021-03-21 14:08:04,medium,True,False
True,2021-03-22 10:53:45,short,True,False
True,2021-03-22 18:58:35,very short,True,False
True,2021-03-22 21:51:32,very short,False,False
True,2021-03-22 22:23:33,very short,False,False
True,2021-03-23 05:02:32,medium,True,False
True,2021-03-23 11:41:03,medium,True,False
True,2021-03-23 17:20:23,very short,True,False
True,2021-03-24 17:44:06,very short,False,False
True,2021-03-25 15:56:38,medium,True,False
True,2021-03-25 18:47:45,lengthy,True,True
True,2021-03-25 20:10:12,very short,True,False
True,2021-03-26 14:04:30,medium,True,False
True,2021-03-26 15:28:59,medium,False,False
True,2021-03-26 18:47:01,lengthy,False,False
False,2021-03-27 18:10:39,short,True,False
False,2021-03-29 09:45:37,short,False,False
True,2021-03-29 11:11:17,short,True,False
True,2021-03-29 12:08:41,very short,True,False
False,2021-03-29 18:21:44,medium,True,False
True,2021-03-29 22:39:32,very short,True,True
False,2021-03-30 02:22:49,short,False,True
False,2021-03-30 04:13:43,short,False,True
True,2021-03-30 14:31:36,very short,False,False
True,2021-03-30 22:22:09,medium,False,False
False,2021-03-31 03:36:31,very short,False,True
True,2021-03-31 11:14:13,short,False,False
True,2021-03-31 12:47:08,lengthy,True,False
True,2021-03-31 15:04:42,medium,True,False
True,2021-03-31 17:26:45,very short,True,False
False,2021-03-31 18:51:26,very short,True,True
True,2021-04-01 00:04:02,lengthy,True,False
True,2021-04-01 12:16:36,lengthy,True,False
True,2021-04-01 13:22:33,medium,False,False
True,2021-04-01 17:57:35,very short,True,False
True,2021-04-02 09:50:48,medium,False,True
True,2021-04-02 13:53:26,medium,False,False
True,2021-04-02 21:38:40,medium,True,False
True,2021-04-03 12:47:20,lengthy,True,False
True,2021-04-03 15:14:28,medium,True,False
True,2021-04-03 18:26:38,medium,True,False
True,2021-04-04 08:43:41,lengthy,True,False
True,2021-04-05 20:21:55,lengthy,True,False
True,2021-04-06 11:20:48,very short,False,False
True,2021-04-06 12:03:04,short,True,False
True,2021-04-07 11:19:37,lengthy,False,False
True,2021-04-07 17:08:45,lengthy,False,True
True,2021-04-07 22:33:26,short,True,False
True,2021-04-09 10:30:48,very short,True,False
True,2021-04-09 12:05:32,lengthy,True,True
True,2021-04-09 17:13:42,medium,True,False
True,2021-04-09 19:02:01,lengthy,False,False
False,2021-04-10 00:05:35,lengthy,True,False
True,2021-04-10 04:03:18,medium,True,False
True,2021-04-11 12:46:05,lengthy,True,False
True,2021-04-12 16:22:42,short,True,False
True,2021-04-12 20:47:05,very short,False,False
True,2021-04-12 23:54:22,short,False,False
True,2021-04-12 23:56:33,very short,True,False
True,2021-04-13 20:36:51,lengthy,False,False
True,2021-04-14 02:46:36,very short,True,False
True,2021-04-14 13:59:34,short,True,True
True,2021-04-14 17:06:29,very short,False,False
True,2021-04-15 11:26:22,lengthy,True,False
True,2021-04-15 13:29:11,medium,False,False
True,2021-04-16 00:18:09,very short,True,False
True,2021-04-16 13:19:45,lengthy,False,False
True,2021-04-16 14:04:15,very short,False,False
True,2021-04-18 23:00:41,short,True,False
True,2021-04-19 17:46:26,lengthy,True,False
True,2021-04-19 22:13:17,very short,True,False
True,2021-04-20 05:03:58,very short,True,False
True,2021-04-20 15:18:28,short,False,False
True,2021-04-20 19:59:13,very short,True,False
False,2021-04-21 01:23:05,very short,False,True
True,2021-04-21 05:43:36,very short,True,False
False,2021-04-21 10:00:14,very short,True,False
True,2021-04-21 16:47:44,very short,False,True
True,2021-04-21 16:47:48,very short,False,False
True,2021-04-21 20:43:26,lengthy,False,False
True,2021-04-22 01:04:38,very short,False,True
True,2021-04-22 10:22:51,medium,True,False
True,2021-04-22 18:50:27,medium,True,False
True,2021-04-23 08:01:52,medium,False,False
True,2021-04-23 09:41:01,medium,False,False
True,2021-04-23 10:44:24,very short,False,False
True,2021-04-23 14:04:53,medium,False,False
True,2021-04-23 21:55:57,medium,False,False
True,2021-04-24 13:05:30,lengthy,True,False
False,2021-04-24 16:15:53,lengthy,True,False
True,2021-04-26 21:43:39,lengthy,False,False
True,2021-04-27 18:35:56,medium,True,False
True,2021-04-28 10:57:44,lengthy,True,False
True,2021-04-28 14:21:31,lengthy,False,False
True,2021-04-28 16:59:11,very short,False,False
True,2021-04-28 18:32:00,medium,False,False
True,2021-04-28 20:32:43,lengthy,True,False
True,2021-04-29 01:36:23,very short,False,False
True,2021-04-29 15:35:18,very short,False,False
True,2021-04-30 11:36:36,very short,False,False
True,2021-04-30 20:55:36,lengthy,True,False
True,2021-05-01 03:17:24,lengthy,True,True
False,2021-05-02 06:27:44,short,False,True
True,2021-05-02 09:55:46,very short,False,False
True,2021-05-02 12:55:40,short,True,False
True,2021-05-02 23:00:51,short,True,False
True,2021-05-03 13:32:19,very short,False,False
True,2021-05-04 07:49:49,lengthy,False,False
True,2021-05-04 19:37:33,short,True,False
True,2021-05-05 09:17:54,lengthy,False,False
True,2021-05-06 09:27:52,short,True,False
True,2021-05-07 00:56:21,lengthy,True,False
True,2021-05-07 12:22:05,medium,True,False
True,2021-05-07 13:34:47,medium,True,False
True,2021-05-07 17:53:44,short,True,False
True,2021-05-07 20:20:54,medium,False,True
True,2021-05-08 14:44:46,short,False,False
True,2021-05-09 07:11:01,short,False,True
False,2021-05-10 11:42:32,medium,True,False
True,2021-05-10 12:41:55,very short,False,False
True,2021-05-10 15:25:51,very short,True,False
True,2021-05-11 02:09:25,very short,True,False
True,2021-05-11 22:18:41,medium,True,False
True,2021-05-12 10:58:44,lengthy,False,False
True,2021-05-12 20:49:49,short,False,False
True,2021-05-13 03:02:53,medium,True,False
True,2021-05-13 13:50:32,lengthy,True,False
True,2021-05-14 10:56:37,medium,False,False
False,2021-05-14 15:09:15,lengthy,False,False
True,2021-05-14 18:37:59,lengthy,True,False
True,2021-05-14 18:39:07,lengthy,False,True
True,2021-05-15 13:56:13,short,True,False
True,2021-05-16 06:32:40,short,False,True
False,2021-05-16 12:34:57,lengthy,False,False
True,2021-05-17 22:52:45,very short,True,False
True,2021-05-18 08:23:47,lengthy,False,True
True,2021-05-18 09:12:25,short,True,False
True,2021-05-18 11:21:14,very short,False,False
True,2021-05-18 15:08:15,very short,True,False
True,2021-05-18 16:13:55,lengthy,True,False
True,2021-05-18 16:56:34,medium,False,False
True,2021-05-18 17:01:57,lengthy,True,False
True,2021-05-19 15:40:08,short,False,True
True,2021-05-19 21:13:29,medium,False,False
True,2021-05-20 16:56:33,lengthy,True,False
False,2021-05-21 19:25:37,medium,False,True
True,2021-05-22 05:40:54,lengthy,True,True
True,2021-05-23 14:25:51,short,False,False
True,2021-05-23 16:47:37,lengthy,False,False
True,2021-05-23 18:31:39,very short,True,False
True,2021-05-23 23:35:02,short,True,False
True,2021-05-23 23:44:33,very short,True,False
True,2021-05-24 16:58:26,very short,True,False
True,2021-05-24 21:47:03,very short,False,False
True,2021-05-24 23:56:49,very short,False,False
True,2021-05-25 00:01:45,lengthy,False,False
True,2021-05-25 11:38:32,medium,True,False
False,2021-05-25 15:52:49,very short,False,True
True,2021-05-25 20:11:41,lengthy,False,False
True,2021-05-25 21:41:56,lengthy,False,False
True,2021-05-26 05:57:32,medium,True,False
True,2021-05-26 10:21:29,very short,True,False
True,2021-05-26 14:30:46,medium,True,False
True,2021-05-26 16:32:17,lengthy,True,False
False,2021-05-26 16:47:06,short,True,False
True,2021-05-26 17:01:15,very short,False,False
True,2021-05-26 22:21:52,medium,True,False
True,2021-05-27 19:47:01,very short,False,False
True,2021-05-30 15:26:12,lengthy,True,False
True,2021-05-30 18:45:41,lengthy,True,False
True,2021-05-31 02:17:01,medium,True,False
True,2021-05-31 14:16:16,lengthy,True,False
True,2021-06-01 16:32:24,short,True,False
True,2021-06-02 17:59:35,very short,False,False
True,2021-06-02 21:15:03,short,False,False
True,2021-06-02 21:58:41,very short,True,False
True,2021-06-03 02:05:57,short,False,False
False,2021-06-03 09:37:28,lengthy,True,False
True,2021-06-03 16:08:34,medium,True,False
True,2021-06-04 16:33:19,short,False,False
True,2021-06-04 17:05:58,very short,True,False
True,2021-06-06 15:37:21,lengthy,True,False
True,2021-06-07 14:45:45,short,True,False
True,2021-06-08 14:00:40,very short,True,False
True,2021-06-08 19:31:20,medium,False,False
True,2021-06-08 21:31:05,medium,False,False
True,2021-06-09 13:18:12,lengthy,True,False
True,2021-06-09 17:56:54,medium,True,False
True,2021-06-09 19:26:17,lengthy,True,False
True,2021-06-10 12:43:57,very short,True,False
True,2021-06-10 13:25:55,lengthy,True,False
True,2021-06-10 13:29:27,very short,False,False
False,2021-06-11 14:30:08,lengthy,True,False
True,2021-06-11 17:45:57,lengthy,True,False
True,2021-06-11 21:09:43,medium,False,False
True,2021-06-13 06:28:55,short,True,True
True,2021-06-13 11:53:45,short,True,True
True,2021-06-14 20:17:09,very short,True,False
True,2021-06-15 12:23:58,lengthy,True,False
True,2021-06-16 08:59:32,very short,True,True
True,2021-06-17 13:21:15,medium,True,False
True,2021-06-17 13:26:19,medium,True,False
False,2021-06-17 15:11:06,very short,True,False
True,2021-06-18 08:19:34,very short,True,False
True,2021-06-21 18:32:11,short,False,False
True,2021-06-22 01:33:03,lengthy,False,True
True,2021-06-22 16:39:37,lengthy,False,False
True,2021-06-22 23:34:37,medium,True,False
True,2021-06-23 18:06:23,medium,True,False
True,2021-06-23 21:08:03,very short,False,False
True,2021-06-24 04:18:29,lengthy,False,False
True,2021-06-25 11:49:02,lengthy,True,False
True,2021-06-27 11:03:04,lengthy,True,False
False,2021-06-27 20:53:27,very short,False,True
True,2021-06-29 11:48:01,medium,True,False
True,2021-06-30 03:06:26,lengthy,True,False
True,2021-06-30 17:42:46,lengthy,True,False
True,2021-07-01 16:33:10,medium,False,False
True,2021-07-02 21:10:29,medium,False,False
True,2021-07-04 10:30:35,very short,True,True
True,2021-07-04 17:03:47,medium,True,False
False,2021-07-06 14:51:08,very short,False,False
False,2021-07-06 16:05:31,lengthy,False,False
True,2021-07-07 16:24:53,lengthy,True,True
True,2021-07-08 14:57:08,lengthy,True,False
True,2021-07-08 16:30:39,medium,True,False
False,2021-07-08 19:46:37,lengthy,False,False
True,2021-07-09 09:53:27,lengthy,True,False
True,2021-07-09 18:06:31,medium,False,False
True,2021-07-12 11:57:10,very short,False,False
True,2021-07-12 12:30:51,lengthy,True,False
False,2021-07-12 21:14:08,lengthy,True,False
True,2021-07-13 09:51:58,very short,False,True
True,2021-07-14 18:52:17,lengthy,False,False
True,2021-07-16 11:12:43,medium,False,False
True,2021-07-16 15:59:52,very short,True,False
True,2021-07-17 17:20:50,lengthy,False,True
False,2021-07-18 11:05:46,medium,False,False
True,2021-07-19 13:53:27,very short,False,False
True,2021-07-19 14:29:47,medium,True,False
True,2021-07-20 12:23:40,very short,True,False
True,2021-07-22 07:17:31,very short,True,True
True,2021-07-23 04:57:25,medium,True,False
True,2021-07-23 06:04:12,lengthy,True,False
True,2021-07-23 13:14:44,medium,True,False
True,2021-07-23 13:37:16,very short,True,False
True,2021-07-23 14:02:02,very short,True,False
True,2021-07-23 15:00:55,medium,False,False
True,2021-07-26 18:29:32,lengthy,True,False
False,2021-07-27 13:15:46,lengthy,True,False
False,2021-07-27 16:42:25,lengthy,False,True
False,2021-07-27 17:13:42,lengthy,False,False
False,2021-07-28 01:28:57,lengthy,False,False
False,2021-07-28 01:46:32,lengthy,False,False
False,2021-07-28 01:54:56,lengthy,False,False
False,2021-07-28 02:02:38,lengthy,False,False
False,2021-07-28 02:09:10,lengthy,False,False
False,2021-07-28 02:21:37,lengthy,False,False
False,2021-07-28 10:57:28,lengthy,True,False
True,2021-07-28 15:32:58,short,True,False
True,2021-07-28 16:32:10,short,False,False
True,2021-07-28 18:55:48,lengthy,False,False
True,2021-07-29 13:57:40,lengthy,False,False
True,2021-07-29 16:29:38,very short,True,False
True,2021-07-29 18:40:45,very short,True,False
True,2021-07-30 14:12:20,medium,True,False
True,2021-07-30 17:11:06,lengthy,True,False
True,2021-07-30 19:01:32,medium,False,False
True,2021-08-01 19:37:24,lengthy,True,True
True,2021-08-02 11:37:06,very short,False,False
True,2021-08-05 21:01:36,medium,True,False
True,2021-08-05 21:19:34,medium,True,False
True,2021-08-06 11:12:04,lengthy,False,False
True,2021-08-06 11:54:17,medium,True,False
True,2021-08-06 17:05:02,short,True,False
True,2021-08-06 21:24:05,lengthy,True,False
True,2021-08-09 20:35:41,lengthy,True,False
True,2021-08-10 09:07:12,very short,True,False
True,2021-08-10 11:22:55,very short,False,False
True,2021-08-10 12:20:37,short,True,False
True,2021-08-10 13:40:30,very short,False,False
True,2021-08-10 18:56:58,short,True,True
True,2021-08-11 11:09:10,medium,False,False
True,2021-08-13 16:23:37,medium,False,False
True,2021-08-13 17:01:27,lengthy,True,False
False,2021-08-14 06:25:16,very short,False,True
False,2021-08-14 13:00:17,very short,False,False
False,2021-08-14 13:01:43,very short,False,False
True,2021-08-16 11:45:01,medium,True,False
True,2021-08-16 13:41:32,lengthy,False,False
True,2021-08-16 20:11:22,lengthy,True,False
True,2021-08-16 21:52:32,short,False,False
True,2021-08-17 15:48:43,short,True,False
True,2021-08-17 23:15:43,lengthy,True,False
True,2021-08-18 14:43:53,very short,True,False
True,2021-08-18 22:31:28,lengthy,True,False
True,2021-08-19 12:15:58,lengthy,False,False
False,2021-08-19 17:35:55,lengthy,True,False
True,2021-08-20 15:59:58,short,True,False
True,2021-08-21 09:36:52,medium,True,False
True,2021-08-22 13:11:38,very short,True,False
True,2021-08-23 17:06:30,medium,True,False
True,2021-08-23 23:53:22,short,True,False
True,2021-08-24 01:16:31,lengthy,True,False
True,2021-08-25 06:22:39,short,True,False
True,2021-08-26 16:57:46,lengthy,True,False
True,2021-08-26 17:21:54,lengthy,False,False
True,2021-08-26 23:57:51,medium,False,False
True,2021-08-27 00:30:39,lengthy,True,False
True,2021-08-27 15:38:54,very short,True,False
True,2021-08-27 21:58:46,lengthy,False,False
True,2021-08-27 22:02:19,lengthy,True,False
True,2021-08-28 00:11:19,very short,True,False
True,2021-08-30 17:01:05,short,False,False
True,2021-08-30 19:33:48,short,False,False
True,2021-08-30 22:06:46,lengthy,False,False
True,2021-08-31 14:22:52,medium,True,False
True,2021-08-31 15:01:28,very short,False,False
True,2021-08-31 19:46:48,very short,False,False
True,2021-08-31 21:48:28,lengthy,False,False
True,2021-09-01 07:27:07,lengthy,False,False
True,2021-09-01 16:04:37,very short,True,False
True,2021-09-01 18:30:30,medium,True,True
True,2021-09-03 12:10:28,very short,True,False
True,2021-09-03 14:33:13,very short,True,False
True,2021-09-03 16:20:25,very short,True,False
True,2021-09-06 05:04:23,short,True,False
True,2021-09-07 13:57:06,very short,True,False
True,2021-09-07 19:03:17,very short,False,False
True,2021-09-08 14:49:12,very short,True,False
True,2021-09-08 14:53:37,very short,True,False
True,2021-09-09 00:01:55,lengthy,True,False
True,2021-09-09 22:20:27,medium,True,False
True,2021-09-13 14:35:25,lengthy,True,False
True,2021-09-13 15:23:26,medium,False,False
True,2021-09-13 17:19:40,very short,False,False
True,2021-09-13 22:04:08,medium,False,False
True,2021-09-15 10:02:18,very short,True,False
True,2021-09-15 15:30:52,very short,False,False
True,2021-09-15 20:36:37,medium,True,False
True,2021-09-16 02:11:27,medium,False,True
True,2021-09-16 11:10:45,lengthy,False,False
False,2021-09-17 02:40:49,very short,False,True
True,2021-09-17 10:50:08,medium,True,False
True,2021-09-17 21:49:33,medium,False,False
True,2021-09-21 01:02:53,very short,True,False
True,2021-09-22 04:50:11,very short,False,False
True,2021-09-22 05:55:16,very short,False,False
True,2021-09-22 14:31:00,lengthy,True,False
True,2021-09-23 09:21:55,lengthy,True,False
True,2021-09-23 20:38:37,medium,True,False
True,2021-09-24 09:38:15,lengthy,False,False
True,2021-09-24 14:54:05,medium,True,False
True,2021-09-24 16:43:34,short,False,False
True,2021-09-29 13:57:29,very short,True,True
True,2021-09-29 14:00:55,very short,False,False
True,2021-09-29 15:34:15,very short,True,False
False,2021-09-30 00:54:01,medium,True,False
True,2021-09-30 14:10:56,very short,False,False
True,2021-09-30 14:36:46,lengthy,True,False
True,2021-09-30 23:47:32,very short,True,False
True,2021-09-30 23:52:44,medium,True,False
True,2021-10-01 11:43:16,lengthy,False,False
True,2021-10-01 14:47:28,lengthy,False,False
False,2021-10-01 21:04:36,lengthy,True,False
True,2021-10-02 08:44:28,short,True,True
False,2021-10-02 15:52:22,lengthy,False,True
True,2021-10-02 19:19:26,short,True,False
True,2021-10-03 01:51:13,very short,True,False
True,2021-10-03 17:36:36,very short,True,False
True,2021-10-03 20:33:18,very short,True,False
True,2021-10-04 20:30:31,lengthy,True,False
False,2021-10-05 00:36:13,very short,True,False
True,2021-10-05 02:21:08,very short,True,False
True,2021-10-05 20:41:21,very short,False,False
True,2021-10-06 06:37:38,very short,True,False
True,2021-10-06 10:30:27,lengthy,False,True
True,2021-10-06 14:45:29,very short,False,False
False,2021-10-06 14:51:51,medium,True,False
True,2021-10-06 17:06:28,lengthy,True,False
True,2021-10-06 18:19:43,lengthy,True,False
True,2021-10-07 11:39:57,lengthy,False,True
True,2021-10-11 19:32:44,lengthy,True,False
False,2021-10-11 19:48:03,lengthy,False,False
True,2021-10-12 20:45:48,very short,True,False
True,2021-10-12 22:52:57,lengthy,True,False
False,2021-10-15 20:46:11,short,False,True
True,2021-10-16 17:25:19,medium,True,False
True,2021-10-17 19:42:41,lengthy,True,False
True,2021-10-19 10:52:45,medium,True,False
True,2021-10-19 11:16:24,lengthy,True,False
True,2021-10-19 16:16:02,lengthy,True,False
True,2021-10-20 17:10:36,medium,True,False
True,2021-10-21 00:10:55,very short,True,False
True,2021-10-21 10:33:38,very short,True,False
True,2021-10-21 21:26:18,medium,False,False
True,2021-10-23 00:06:35,very short,True,False
True,2021-10-25 17:29:55,lengthy,False,False
True,2021-10-26 12:01:35,very short,True,False
True,2021-10-26 16:04:18,short,False,False
True,2021-10-27 16:15:48,lengthy,False,False
True,2021-10-28 03:15:42,very short,True,False
True,2021-10-28 13:18:10,medium,False,False
True,2021-10-29 03:01:54,lengthy,True,False
True,2021-10-29 12:14:38,lengthy,False,False
True,2021-10-29 21:27:20,short,True,False
False,2021-10-29 21:28:05,lengthy,False,True
True,2021-11-02 09:10:03,short,False,True
True,2021-11-02 21:20:40,short,False,False
True,2021-11-03 14:24:12,medium,False,False
True,2021-11-03 18:52:17,lengthy,False,False
True,2021-11-04 11:17:47,very short,False,False
True,2021-11-04 17:03:33,very short,True,False
True,2021-11-05 02:42:11,very short,True,False
True,2021-11-05 13:57:52,lengthy,False,False
True,2021-11-05 21:04:44,medium,True,False
True,2021-11-06 16:04:08,short,False,True
True,2021-11-08 05:21:03,very short,False,False
True,2021-11-08 12:39:20,lengthy,True,False
True,2021-11-08 12:41:43,lengthy,True,False
True,2021-11-08 19:09:03,medium,True,False
True,2021-11-08 20:31:34,very short,True,False
True,2021-11-09 05:18:35,very short,False,False
True,2021-11-09 05:21:51,very short,False,False
True,2021-11-09 05:39:26,short,False,False
True,2021-11-10 06:46:25,medium,False,False
True,2021-11-10 18:06:13,lengthy,True,False
True,2021-11-10 21:54:58,medium,True,False
True,2021-11-11 01:41:18,very short,False,False
True,2021-11-11 10:34:37,very short,True,False
True,2021-11-11 13:31:20,medium,False,False
True,2021-11-11 16:26:19,lengthy,False,False
True,2021-11-12 20:26:26,medium,False,False
True,2021-11-13 09:56:19,short,True,False
False,2021-11-14 22:01:12,very short,False,False
False,2021-11-14 22:01:42,very short,False,False
False,2021-11-14 22:02:01,very short,False,False
False,2021-11-14 22:02:15,very short,False,False
False,2021-11-14 22:42:40,very short,False,False
True,2021-11-15 05:23:33,medium,True,False
True,2021-11-15 05:30:45,very short,False,False
True,2021-11-15 12:59:00,very short,False,False
True,2021-11-15 22:16:02,very short,False,False
True,2021-11-17 06:17:59,lengthy,False,False
True,2021-11-18 04:04:43,very short,False,False
True,2021-11-18 12:42:13,lengthy,True,False
True,2021-11-18 13:25:14,very short,False,False
True,2021-11-22 04:35:56,medium,False,False
True,2021-11-22 20:36:21,very short,False,False
True,2021-11-23 12:28:38,very short,False,False
True,2021-11-23 12:42:33,very short,True,False
True,2021-11-24 23:42:41,lengthy,True,True
True,2021-11-25 00:03:52,lengthy,False,False
True,2021-11-25 14:13:17,lengthy,False,False
True,2021-11-26 16:11:05,lengthy,True,False
True,2021-11-28 07:31:06,short,False,False
True,2021-11-28 08:28:21,short,True,False
True,2021-11-28 10:02:43,very short,True,False
True,2021-11-29 02:22:12,short,False,False
True,2021-11-29 09:02:59,very short,True,False
True,2021-11-29 22:50:15,very short,False,False
True,2021-11-30 19:06:21,lengthy,True,False
True,2021-11-30 19:59:15,lengthy,True,False
True,2021-12-01 18:04:38,very short,False,False
True,2021-12-02 08:07:13,medium,True,False
True,2021-12-04 15:21:43,short,True,False
False,2021-12-04 16:56:10,short,False,True
False,2021-12-06 08:19:15,medium,False,False
True,2021-12-06 14:33:56,medium,True,False
True,2021-12-06 16:04:20,very short,True,False
True,2021-12-07 21:31:04,short,False,False
True,2021-12-08 07:09:58,lengthy,False,True
True,2021-12-08 10:55:31,medium,True,False
True,2021-12-08 16:31:35,short,False,False
True,2021-12-08 18:11:49,very short,False,False
True,2021-12-08 21:58:00,lengthy,True,False
True,2021-12-09 23:30:56,lengthy,True,False
True,2021-12-10 16:17:16,short,True,False
True,2021-12-11 19:28:47,medium,True,False
True,2021-12-13 10:30:52,medium,True,False
True,2021-12-13 11:32:36,medium,True,False
True,2021-12-13 16:50:22,very short,True,False
True,2021-12-13 17:39:15,short,False,False
True,2021-12-14 22:54:24,lengthy,True,False
True,2021-12-15 14:02:31,very short,True,False
True,2021-12-15 15:14:22,short,True,False
True,2021-12-15 15:40:00,short,True,False
True,2021-12-16 16:29:21,lengthy,True,False
True,2021-12-16 17:36:45,very short,True,False
True,2021-12-16 23:20:36,lengthy,True,False
True,2021-12-17 20:57:33,very short,False,False
True,2021-12-19 17:13:57,lengthy,True,True
True,2021-12-20 21:30:47,short,True,False
True,2021-12-21 11:28:35,medium,True,False
False,2021-12-21 19:04:42,lengthy,True,False
True,2021-12-22 02:57:16,lengthy,True,False
False,2021-12-23 12:20:11,lengthy,True,False
True,2021-12-23 19:03:28,lengthy,False,False
True,2021-12-24 08:01:55,lengthy,False,False
True,2021-12-28 15:27:44,very short,False,False
False,2021-12-29 17:32:13,lengthy,True,False
True,2022-01-01 23:38:40,lengthy,True,True
True,2022-01-02 16:58:56,medium,True,False
True,2022-01-05 17:58:37,lengthy,True,False
True,2022-01-05 18:51:21,very short,False,False
True,2022-01-05 23:17:21,medium,False,False
True,2022-01-06 12:57:24,lengthy,True,True
True,2022-01-06 13:52:46,short,False,False
True,2022-01-06 17:05:54,very short,True,False
True,2022-01-06 17:43:28,lengthy,True,False
True,2022-01-06 19:21:31,very short,True,False
True,2022-01-06 20:02:58,medium,False,False
True,2022-01-07 12:47:58,lengthy,True,False
True,2022-01-07 15:10:12,very short,False,False
True,2022-01-07 19:43:41,very short,True,False
True,2022-01-08 18:58:13,lengthy,True,False
True,2022-01-10 18:07:08,very short,False,False
True,2022-01-11 11:20:45,short,True,False
True,2022-01-12 08:33:38,very short,False,False
False,2022-01-12 15:13:20,lengthy,True,False
True,2022-01-12 15:37:53,very short,True,False
False,2022-01-13 16:09:17,very short,False,False
True,2022-01-13 19:01:56,medium,True,False
True,2022-01-13 19:59:57,medium,False,False
True,2022-01-14 15:20:42,medium,False,False
True,2022-01-14 19:57:39,medium,True,True
True,2022-01-15 21:10:22,medium,True,False
True,2022-01-16 03:27:35,short,True,False
True,2022-01-17 10:34:42,lengthy,False,False
True,2022-01-18 15:10:02,short,True,False
True,2022-01-19 17:31:33,lengthy,True,False
True,2022-01-20 12:45:41,very short,True,False
False,2022-01-20 13:28:14,lengthy,False,False
True,2022-01-21 05:50:24,lengthy,True,False
True,2022-01-22 20:53:21,lengthy,True,False
True,2022-01-23 15:34:57,short,True,False
False,2022-01-23 17:12:43,lengthy,True,False
False,2022-01-23 18:46:34,lengthy,True,False
True,2022-01-23 20:34:35,lengthy,True,False
True,2022-01-24 10:40:30,lengthy,True,False
True,2022-01-24 11:34:33,very short,False,False
True,2022-01-24 19:21:13,very short,False,False
True,2022-01-26 00:28:33,lengthy,True,False
True,2022-01-26 00:48:36,very short,True,False
True,2022-01-26 19:19:15,lengthy,True,False
True,2022-01-26 22:18:29,very short,False,False
True,2022-01-28 10:27:58,very short,True,False
True,2022-01-28 10:28:41,very short,True,False
False,2022-01-28 12:51:50,lengthy,True,False
True,2022-01-28 14:02:16,very short,False,False
True,2022-01-28 15:39:22,very short,True,False
True,2022-01-28 16:19:01,very short,True,False
True,2022-01-28 21:18:36,lengthy,False,False
True,2022-01-28 23:54:00,very short,True,True
True,2022-01-29 08:18:22,lengthy,False,False
True,2022-01-29 17:03:46,medium,True,True
True,2022-01-29 19:33:13,medium,True,False
True,2022-01-30 10:18:30,short,True,False
True,2022-01-30 21:10:40,short,True,False
True,2022-01-30 22:49:55,lengthy,True,False
True,2022-01-30 23:50:16,short,True,False
True,2022-01-31 17:37:10,lengthy,True,False
True,2022-01-31 18:39:22,medium,False,False
True,2022-01-31 19:00:03,medium,False,False
True,2022-02-02 22:39:50,lengthy,True,False
True,2022-02-03 13:53:00,very short,False,False
True,2022-02-03 16:34:59,medium,True,False
True,2022-02-04 13:41:21,lengthy,True,False
True,2022-02-04 21:14:56,medium,False,False
True,2022-02-06 11:11:33,medium,True,False
True,2022-02-06 18:18:26,short,True,False
True,2022-02-07 20:28:14,lengthy,False,False
True,2022-02-07 23:49:23,lengthy,False,False
True,2022-02-08 13:23:56,medium,True,False
True,2022-02-08 20:23:28,very short,False,False
True,2022-02-08 21:57:54,medium,False,False
True,2022-02-09 11:25:42,lengthy,True,False
True,2022-02-09 19:43:57,very short,False,False
True,2022-02-10 01:43:26,lengthy,True,False
True,2022-02-11 09:45:12,lengthy,True,False
True,2022-02-11 11:50:40,very short,True,False
True,2022-02-11 13:05:01,very short,True,False
True,2022-02-12 01:07:30,medium,True,False
True,2022-02-12 21:35:37,short,True,False
True,2022-02-12 21:45:29,very short,True,False
True,2022-02-12 21:49:32,short,True,False
True,2022-02-12 22:26:25,very short,True,False
False,2022-02-12 22:40:05,medium,True,False
True,2022-02-12 22:45:36,lengthy,True,False
True,2022-02-13 15:56:02,short,True,False
True,2022-02-13 20:08:42,lengthy,True,False
True,2022-02-14 11:21:46,very short,True,False
True,2022-02-14 11:38:04,lengthy,False,False
True,2022-02-14 14:38:01,lengthy,False,False
False,2022-02-14 15:08:38,very short,False,False
True,2022-02-15 02:23:04,lengthy,True,False
True,2022-02-15 07:54:31,short,True,False
True,2022-02-15 13:52:05,very short,False,False
True,2022-02-15 13:59:50,very short,False,False
True,2022-02-15 18:04:51,very short,True,True
True,2022-02-17 17:33:10,medium,True,False
True,2022-02-18 02:42:36,medium,False,False
True,2022-02-18 20:39:48,medium,False,False
True,2022-02-20 11:45:04,medium,True,False
True,2022-02-21 13:11:27,lengthy,True,False
False,2022-02-23 04:16:50,very short,False,True
True,2022-02-23 12:51:37,lengthy,True,False
True,2022-02-24 15:17:30,medium,True,False
True,2022-02-24 17:45:51,lengthy,True,False
True,2022-02-25 12:40:08,short,True,False
True,2022-02-25 13:12:03,medium,True,False
True,2022-02-25 21:43:30,medium,True,False
True,2022-02-25 21:50:01,medium,False,False
True,2022-02-27 05:42:51,very short,True,False
True,2022-02-28 11:18:31,medium,True,False
True,2022-02-28 17:44:28,medium,True,False
True,2022-02-28 20:29:04,lengthy,True,False
True,2022-02-28 21:54:34,lengthy,False,False
True,2022-03-01 14:52:51,very short,False,False
True,2022-03-01 15:03:34,lengthy,True,False
True,2022-03-01 20:39:41,short,True,False
True,2022-03-01 21:21:53,very short,False,False
True,2022-03-02 06:32:59,very short,True,False
True,2022-03-02 11:18:42,short,True,False
True,2022-03-02 15:58:27,lengthy,False,False
True,2022-03-02 22:48:24,very short,False,False
True,2022-03-02 23:01:13,short,False,False
True,2022-03-03 05:06:50,very short,False,False
True,2022-03-03 20:58:27,very short,False,False
True,2022-03-04 06:43:09,very short,True,False
True,2022-03-04 08:29:21,very short,True,False
True,2022-03-05 05:27:50,short,True,False
True,2022-03-05 05:49:46,very short,True,False
True,2022-03-05 12:52:17,lengthy,False,True
True,2022-03-05 13:27:04,short,True,False
True,2022-03-05 15:35:57,very short,True,False
True,2022-03-06 07:31:55,very short,True,True
True,2022-03-06 13:57:12,very short,True,False
True,2022-03-07 10:47:05,lengthy,False,False
True,2022-03-07 11:40:45,lengthy,True,False
True,2022-03-07 13:29:43,very short,True,False
True,2022-03-07 15:46:47,medium,False,False
True,2022-03-08 16:41:34,medium,True,False
True,2022-03-08 17:39:42,very short,True,False
True,2022-03-08 17:52:38,very short,True,False
True,2022-03-08 19:45:00,very short,False,False
True,2022-03-09 01:08:58,short,False,False
True,2022-03-09 03:10:07,medium,False,False
True,2022-03-09 10:25:39,lengthy,True,False
False,2022-03-09 11:47:28,very short,False,True
True,2022-03-09 13:58:47,lengthy,False,False
True,2022-03-09 23:04:52,very short,False,False
True,2022-03-10 04:28:24,medium,False,False
True,2022-03-10 18:07:36,lengthy,True,False
True,2022-03-10 18:22:26,very short,False,False
True,2022-03-12 18:27:31,very short,True,False
True,2022-03-12 18:44:27,very short,True,False
True,2022-03-13 14:25:47,medium,True,False
True,2022-03-13 17:35:03,medium,True,False
True,2022-03-14 04:56:06,short,False,False
True,2022-03-14 14:39:23,short,True,False
True,2022-03-14 21:29:27,short,False,False
True,2022-03-15 16:37:36,very short,True,False
False,2022-03-16 11:55:09,lengthy,True,False
True,2022-03-16 14:57:41,medium,True,False
True,2022-03-16 19:57:46,medium,False,False
False,2022-03-18 02:16:31,lengthy,False,False
False,2022-03-18 13:01:53,lengthy,True,False
True,2022-03-18 16:50:50,short,True,False
True,2022-03-19 15:50:07,lengthy,True,True
True,2022-03-21 00:38:26,very short,True,False
True,2022-03-21 18:05:04,medium,False,False
True,2022-03-21 19:22:25,very short,False,False
True,2022-03-21 20:27:24,very short,False,False
True,2022-03-22 10:49:21,very short,True,False
True,2022-03-23 02:44:24,short,True,False
True,2022-03-23 13:08:07,lengthy,True,False
True,2022-03-24 16:02:56,lengthy,True,False
False,2022-03-24 21:11:25,lengthy,False,False
True,2022-03-24 23:00:16,lengthy,True,False
True,2022-03-25 17:14:46,medium,True,True
True,2022-03-25 17:40:31,lengthy,True,False
True,2022-03-27 16:04:40,very short,True,False
True,2022-03-28 23:57:40,lengthy,True,False
False,2022-03-29 04:27:12,lengthy,True,False
True,2022-03-30 22:04:09,very short,False,False
True,2022-03-31 11:07:41,lengthy,True,False
False,2022-04-01 09:47:57,lengthy,False,True
True,2022-04-01 16:59:41,medium,False,False
True,2022-04-01 23:08:27,medium,True,False
True,2022-04-02 14:46:16,medium,True,False
False,2022-04-02 16:09:14,lengthy,True,False
True,2022-04-03 08:03:43,lengthy,True,True
True,2022-04-04 08:41:06,very short,True,True
True,2022-04-04 17:13:27,very short,True,False
True,2022-04-04 18:37:42,medium,False,False
True,2022-04-05 10:48:49,lengthy,True,False
True,2022-04-06 12:58:59,medium,True,False
True,2022-04-06 17:51:53,very short,True,False
True,2022-04-06 18:43:27,lengthy,False,False
True,2022-04-07 13:29:49,lengthy,True,True
False,2022-04-08 00:57:59,lengthy,True,False
True,2022-04-08 04:34:40,lengthy,True,False
True,2022-04-08 15:08:03,lengthy,True,False
True,2022-04-09 13:27:35,lengthy,True,False
True,2022-04-10 02:43:16,lengthy,True,False
True,2022-04-10 15:31:18,medium,True,False
True,2022-04-10 15:59:56,lengthy,True,False
True,2022-04-11 01:53:32,lengthy,True,False
True,2022-04-11 15:54:47,lengthy,True,False
True,2022-04-12 12:36:17,lengthy,False,False
True,2022-04-12 14:40:26,medium,False,False
True,2022-04-12 19:41:08,medium,False,False
True,2022-04-13 12:51:57,medium,True,True
True,2022-04-13 13:29:27,short,False,False
True,2022-04-14 16:14:48,very short,True,False
True,2022-04-15 15:53:54,medium,False,False
True,2022-04-16 06:54:01,very short,True,False
True,2022-04-16 16:52:59,very short,True,False
True,2022-04-16 21:24:43,lengthy,True,False
False,2022-04-17 23:51:15,lengthy,True,True
True,2022-04-18 21:02:02,very short,False,False
True,2022-04-19 18:54:28,short,True,False
True,2022-04-19 20:37:07,very short,True,False
True,2022-04-19 20:45:44,very short,True,False
True,2022-04-20 05:54:52,very short,True,False
True,2022-04-20 11:31:17,very short,True,False
True,2022-04-20 16:33:15,short,False,False
True,2022-04-20 22:03:44,lengthy,False,False
False,2022-04-21 03:00:08,lengthy,False,True
True,2022-04-21 03:35:33,very short,False,True
True,2022-04-21 14:03:36,lengthy,True,False
True,2022-04-21 22:34:07,lengthy,True,False
True,2022-04-21 23:05:00,medium,True,False
True,2022-04-22 04:01:20,lengthy,True,False
True,2022-04-22 16:27:39,lengthy,True,False
True,2022-04-23 02:31:46,lengthy,True,False
True,2022-04-23 11:17:57,lengthy,True,False
True,2022-04-25 10:20:16,very short,True,True
True,2022-04-25 12:12:20,very short,True,False
True,2022-04-25 15:41:44,short,False,False
True,2022-04-25 20:20:34,lengthy,True,False
True,2022-04-26 10:52:19,short,True,False
True,2022-04-26 14:05:04,lengthy,True,False
True,2022-04-26 19:33:13,short,True,False
True,2022-04-26 19:35:18,short,True,False
True,2022-04-27 18:53:45,very short,True,False
True,2022-04-27 20:01:35,very short,True,False
True,2022-04-28 07:01:31,medium,True,False
True,2022-04-28 14:15:10,medium,True,False
True,2022-04-28 15:00:51,medium,True,True
True,2022-04-28 22:07:58,very short,False,False
True,2022-04-29 00:40:06,lengthy,True,False
True,2022-04-29 00:52:12,lengthy,True,False
True,2022-05-02 17:29:48,very short,False,False
True,2022-05-02 20:27:25,lengthy,False,False
False,2022-05-03 14:53:52,lengthy,True,False
True,2022-05-03 15:55:58,very short,True,False
True,2022-05-03 20:40:49,short,True,False
True,2022-05-04 12:17:29,short,True,False
True,2022-05-04 14:00:45,short,False,False
True,2022-05-04 14:29:23,very short,True,False
True,2022-05-04 19:37:41,short,True,False
True,2022-05-05 09:27:49,short,True,False
True,2022-05-05 18:04:54,very short,True,False
True,2022-05-05 19:54:57,medium,False,False
True,2022-05-06 11:37:08,very short,True,False
True,2022-05-06 15:04:16,very short,True,False
False,2022-05-06 15:07:08,lengthy,False,False
True,2022-05-06 20:50:20,medium,True,False
True,2022-05-09 16:37:24,short,False,False
True,2022-05-09 23:48:20,short,True,False
True,2022-05-10 16:07:38,very short,True,False
True,2022-05-11 02:14:42,very short,True,False
True,2022-05-11 20:14:03,medium,False,False
False,2022-05-11 22:41:04,very short,True,True
True,2022-05-11 23:33:16,very short,True,False
True,2022-05-11 23:58:59,very short,True,False
True,2022-05-12 13:12:21,short,True,False
True,2022-05-12 20:12:53,very short,False,False
True,2022-05-12 21:03:48,lengthy,True,False
False,2022-05-13 02:52:43,very short,True,True
True,2022-05-13 03:07:45,very short,True,False
True,2022-05-13 20:06:58,lengthy,True,False
True,2022-05-13 20:28:50,very short,False,False
False,2022-05-13 21:04:00,lengthy,False,False
True,2022-05-17 09:40:37,lengthy,False,False
True,2022-05-17 09:56:16,very short,True,False
False,2022-05-17 14:52:56,medium,True,False
True,2022-05-18 14:12:19,very short,False,False
False,2022-05-18 23:42:32,very short,False,True
True,2022-05-19 19:52:43,very short,False,False
True,2022-05-19 20:28:22,lengthy,False,False
True,2022-05-19 20:58:11,lengthy,True,False
True,2022-05-20 12:26:58,very short,True,False
True,2022-05-20 12:49:03,very short,True,False
True,2022-05-20 20:18:57,lengthy,True,True
True,2022-05-23 15:30:25,medium,True,False
True,2022-05-23 23:19:03,very short,True,False
True,2022-05-24 13:23:32,very short,False,False
True,2022-05-24 14:26:25,medium,True,False
True,2022-05-24 15:15:41,lengthy,True,True
True,2022-05-24 15:35:54,lengthy,True,False
True,2022-05-24 16:12:22,short,True,False
True,2022-05-24 19:36:03,short,False,False
True,2022-05-25 10:14:52,short,True,False
True,2022-05-25 11:03:48,short,True,False
True,2022-05-27 13:07:27,lengthy,True,False
True,2022-05-27 13:53:49,lengthy,False,False
True,2022-05-27 14:17:43,medium,False,False
True,2022-05-27 18:28:43,lengthy,False,False
True,2022-05-30 17:39:18,medium,True,False
True,2022-06-01 20:24:49,very short,False,False
True,2022-06-03 09:06:26,medium,True,True
True,2022-06-03 17:45:07,medium,False,False
True,2022-06-03 19:44:28,medium,False,False
True,2022-06-05 15:58:29,lengthy,True,False
True,2022-06-05 16:03:16,medium,True,False
True,2022-06-06 12:03:36,very short,True,False
True,2022-06-06 14:50:26,medium,True,False
True,2022-06-08 02:25:56,very short,True,False
True,2022-06-08 13:12:02,medium,True,False
True,2022-06-08 15:25:42,very short,True,True
True,2022-06-09 01:11:47,very short,True,False
True,2022-06-10 10:33:03,very short,True,False
True,2022-06-10 13:04:32,very short,False,False
True,2022-06-10 13:23:23,very short,False,False
True,2022-06-11 01:45:24,lengthy,True,False
True,2022-06-12 19:43:27,lengthy,True,False
False,2022-06-13 11:58:35,very short,False,True
False,2022-06-13 16:44:16,very short,False,False
True,2022-06-13 16:57:21,lengthy,True,True
True,2022-06-14 19:03:55,medium,True,False
True,2022-06-15 13:11:09,lengthy,False,False
True,2022-06-15 16:20:40,short,True,False
True,2022-06-15 19:30:46,very short,False,False
True,2022-06-15 21:31:57,medium,False,False
False,2022-06-16 10:37:26,very short,True,False
True,2022-06-17 12:22:14,medium,False,False
True,2022-06-17 21:30:41,lengthy,True,False
True,2022-06-18 03:16:50,medium,True,False
True,2022-06-18 23:37:11,very short,True,False
False,2022-06-20 08:27:21,short,True,False
True,2022-06-20 10:00:57,lengthy,True,True
True,2022-06-21 16:53:19,lengthy,False,False
True,2022-06-21 20:39:22,lengthy,True,False
True,2022-06-22 20:51:27,medium,True,False
True,2022-06-22 21:04:10,lengthy,True,False
True,2022-06-22 22:51:40,medium,True,False
True,2022-06-23 00:42:40,medium,False,False
True,2022-06-23 01:54:47,medium,False,False
True,2022-06-23 12:49:01,lengthy,False,False
False,2022-06-23 23:47:36,medium,True,False
True,2022-06-25 14:36:51,medium,True,False
True,2022-06-27 12:39:36,lengthy,True,False
True,2022-06-27 18:03:30,medium,False,False
True,2022-06-27 21:08:15,short,True,False
True,2022-06-28 07:04:54,very short,True,False
True,2022-06-28 13:51:15,medium,True,False
True,2022-06-28 14:14:48,medium,True,False
True,2022-06-28 15:26:09,lengthy,True,False
False,2022-06-28 15:32:37,lengthy,True,False
True,2022-06-29 09:15:58,lengthy,True,False
True,2022-06-29 20:20:30,very short,True,False
True,2022-06-30 18:44:11,lengthy,True,False
True,2022-06-30 18:46:09,very short,True,False
True,2022-06-30 21:28:14,lengthy,True,False
True,2022-06-30 21:38:58,medium,False,False
True,2022-06-30 22:45:27,lengthy,False,False
True,2022-07-01 10:26:06,medium,True,False
True,2022-07-01 12:51:30,lengthy,True,False
True,2022-07-01 13:29:32,lengthy,True,False
True,2022-07-01 14:37:05,medium,True,False
True,2022-07-01 16:28:39,lengthy,False,False
True,2022-07-03 12:32:08,lengthy,True,False
True,2022-07-04 10:47:05,lengthy,True,False
True,2022-07-04 22:41:46,medium,True,False
True,2022-07-05 15:53:52,lengthy,True,False
True,2022-07-05 17:30:34,medium,False,False
True,2022-07-06 10:45:20,medium,False,False
True,2022-07-06 13:18:26,lengthy,True,True
True,2022-07-07 10:57:00,lengthy,True,False
True,2022-07-07 14:28:08,medium,True,False
True,2022-07-07 17:45:59,very short,False,False
True,2022-07-07 23:08:36,lengthy,True,True
True,2022-07-08 13:09:39,lengthy,False,False
True,2022-07-08 15:41:41,medium,True,False
True,2022-07-08 21:51:11,medium,False,False
True,2022-07-09 23:10:12,short,True,False
True,2022-07-10 15:45:28,very short,True,False
True,2022-07-11 15:11:40,very short,False,False
True,2022-07-12 19:16:16,lengthy,False,False
True,2022-07-14 11:13:07,very short,True,False
True,2022-07-14 22:29:54,very short,True,False
True,2022-07-15 20:46:38,medium,False,False
True,2022-07-16 08:12:54,medium,True,False
True,2022-07-16 08:46:33,medium,True,False
True,2022-07-19 10:37:25,lengthy,True,False
True,2022-07-19 14:04:59,lengthy,True,True
True,2022-07-19 14:31:03,very short,True,False
True,2022-07-19 17:41:10,very short,True,False
False,2022-07-19 18:33:39,medium,True,True
True,2022-07-20 11:56:57,lengthy,True,False
True,2022-07-20 20:37:47,lengthy,True,False
True,2022-07-21 02:10:59,very short,True,False
True,2022-07-21 08:19:52,medium,True,False
True,2022-07-21 13:44:45,lengthy,True,False
True,2022-07-21 14:24:06,medium,True,False
False,2022-07-21 15:05:08,very short,False,True
False,2022-07-21 18:21:15,very short,False,False
True,2022-07-21 21:06:30,lengthy,True,False
True,2022-07-21 23:40:33,lengthy,True,False
True,2022-07-22 09:40:56,medium,False,True
False,2022-07-22 14:37:24,lengthy,False,True
True,2022-07-22 17:14:47,short,True,False
True,2022-07-25 20:45:28,very short,False,False
True,2022-07-26 11:11:23,very short,True,False
True,2022-07-26 21:09:27,medium,True,False
True,2022-07-27 12:19:43,medium,True,False
True,2022-07-27 14:17:44,very short,True,False
True,2022-07-27 17:05:30,very short,True,False
True,2022-07-27 17:44:29,short,True,False
True,2022-07-28 00:05:41,lengthy,True,False
True,2022-07-28 07:06:55,very short,True,False
True,2022-07-28 07:37:49,very short,True,False
True,2022-07-28 16:07:05,medium,True,False
True,2022-07-28 20:31:29,medium,True,False
True,2022-07-29 12:52:36,lengthy,False,False
True,2022-07-29 15:13:50,very short,False,False
True,2022-07-29 17:52:00,medium,True,False
True,2022-07-31 08:23:49,short,True,False
True,2022-07-31 11:11:45,medium,True,False
True,2022-07-31 14:38:31,lengthy,True,False
True,2022-07-31 14:43:59,short,True,False
True,2022-08-01 03:39:14,short,True,False
True,2022-08-01 15:49:13,very short,False,False
True,2022-08-01 19:35:55,very short,False,False
False,2022-08-01 21:21:02,lengthy,True,False
True,2022-08-02 16:54:07,medium,True,False
True,2022-08-02 17:01:12,very short,True,False
True,2022-08-02 21:02:10,short,False,False
True,2022-08-03 10:09:16,medium,True,False
True,2022-08-03 13:49:40,short,True,False
True,2022-08-03 14:24:15,very short,True,False
True,2022-08-04 13:48:59,lengthy,True,False
True,2022-08-05 13:48:40,very short,True,False
True,2022-08-06 09:55:22,lengthy,True,False
True,2022-08-06 18:09:51,lengthy,True,False
True,2022-08-07 05:42:20,short,True,False
True,2022-08-07 06:11:22,short,True,False
True,2022-08-07 07:09:22,medium,True,False
True,2022-08-07 07:59:05,medium,True,False
True,2022-08-07 16:00:04,medium,True,False
True,2022-08-08 02:59:47,medium,True,False
True,2022-08-08 03:47:38,short,True,False
True,2022-08-08 06:20:52,medium,True,False
True,2022-08-08 07:37:54,medium,True,False
True,2022-08-08 08:04:05,medium,True,False
True,2022-08-09 07:17:24,short,True,False
True,2022-08-09 07:22:18,short,True,False
True,2022-08-09 07:29:46,short,True,False
True,2022-08-09 10:05:33,short,True,False
False,2022-08-09 20:31:40,very short,False,True
True,2022-08-13 06:41:35,lengthy,True,False
True,2022-08-13 07:49:44,medium,True,False
True,2022-08-13 18:39:21,lengthy,True,False
True,2022-08-13 18:50:00,lengthy,True,False
True,2022-08-13 18:54:07,short,True,False
True,2022-08-13 19:19:22,lengthy,True,False
True,2022-08-14 05:06:43,medium,True,False
True,2022-08-14 09:01:39,lengthy,True,False
True,2022-08-14 10:44:47,medium,True,False
True,2022-08-14 11:49:32,short,True,False
True,2022-08-14 12:01:36,short,True,False
True,2022-08-14 12:15:53,short,True,False
True,2022-08-14 13:34:45,lengthy,True,False
True,2022-08-16 08:11:03,medium,True,False
True,2022-08-16 13:51:45,short,True,False
True,2022-08-16 13:52:19,lengthy,True,False
True,2022-08-16 21:19:05,short,False,False
True,2022-08-17 17:27:57,medium,True,False
True,2022-08-18 15:30:48,medium,False,False
True,2022-08-19 18:19:22,medium,True,False
True,2022-08-19 19:37:45,lengthy,True,False
True,2022-08-19 21:28:47,medium,True,False
True,2022-08-19 21:37:06,lengthy,False,False
True,2022-08-21 04:12:53,lengthy,True,False
True,2022-08-21 04:27:24,lengthy,True,False
True,2022-08-21 12:21:07,lengthy,True,False
True,2022-08-21 14:13:45,short,True,False
True,2022-08-23 20:16:23,lengthy,True,False
True,2022-08-24 08:10:53,medium,True,False
True,2022-08-24 09:55:36,short,True,False
True,2022-08-24 10:10:39,very short,True,False
True,2022-08-24 19:29:16,very short,False,False
True,2022-08-24 20:58:37,medium,False,False
True,2022-08-25 00:00:40,lengthy,True,False
False,2022-08-25 13:32:26,lengthy,True,False
True,2022-08-25 18:15:03,lengthy,True,True
True,2022-08-26 11:08:48,lengthy,True,False
True,2022-08-26 13:04:11,medium,False,True
True,2022-08-26 19:54:14,lengthy,True,False
True,2022-08-26 22:42:42,medium,True,False
True,2022-08-28 13:15:43,lengthy,True,False
False,2022-08-29 05:45:27,lengthy,True,False
True,2022-08-29 20:42:46,short,True,False
True,2022-08-30 22:39:40,very short,False,False
True,2022-08-31 20:28:52,very short,True,False
True,2022-08-31 22:18:33,lengthy,True,False
True,2022-09-01 00:47:26,very short,True,False
False,2022-09-01 04:20:00,very short,False,True
True,2022-09-01 13:34:57,very short,False,False
False,2022-09-01 13:53:19,lengthy,False,True
True,2022-09-01 16:10:24,very short,False,False
True,2022-09-01 18:00:02,medium,True,False
True,2022-09-02 09:48:38,very short,True,False
True,2022-09-02 12:35:47,very short,True,False
True,2022-09-02 13:09:17,medium,True,False
True,2022-09-02 13:38:43,very short,True,False
True,2022-09-02 15:24:37,short,True,False
True,2022-09-02 15:40:46,lengthy,True,False
True,2022-09-02 21:52:05,lengthy,True,False
True,2022-09-03 01:31:44,lengthy,True,False
True,2022-09-04 14:04:29,lengthy,True,False
True,2022-09-04 16:29:17,medium,True,False
True,2022-09-05 12:24:59,lengthy,True,False
True,2022-09-06 16:22:22,very short,True,False
True,2022-09-07 01:53:41,lengthy,True,False
True,2022-09-07 10:55:16,lengthy,True,False
True,2022-09-07 11:20:38,lengthy,True,False
True,2022-09-07 12:00:04,lengthy,True,False
True,2022-09-07 15:27:27,lengthy,False,False
True,2022-09-07 21:37:23,lengthy,False,True
True,2022-09-09 00:45:03,medium,True,False
True,2022-09-11 12:20:23,medium,True,False
True,2022-09-12 04:03:40,medium,True,False
True,2022-09-12 12:42:17,lengthy,True,False
False,2022-09-12 13:20:54,very short,True,True
True,2022-09-12 16:06:44,very short,True,False
True,2022-09-13 00:15:30,lengthy,True,False
True,2022-09-13 14:41:52,very short,False,False
True,2022-09-13 17:38:04,medium,True,True
True,2022-09-13 20:43:00,short,False,False
True,2022-09-13 21:44:50,short,True,False
True,2022-09-13 22:18:30,medium,False,False
True,2022-09-14 19:42:12,very short,True,False
True,2022-09-14 20:51:52,lengthy,False,False
True,2022-09-15 12:56:04,lengthy,True,False
True,2022-09-15 21:17:25,medium,False,False
True,2022-09-16 14:43:30,lengthy,True,False
True,2022-09-16 15:45:19,lengthy,True,False
True,2022-09-16 16:25:06,medium,True,False
True,2022-09-16 16:54:30,medium,True,False
True,2022-09-16 19:00:43,very short,False,False
False,2022-09-16 19:12:04,short,True,False
False,2022-09-16 20:50:44,medium,True,False
True,2022-09-17 18:58:16,lengthy,True,False
True,2022-09-17 22:09:31,medium,True,False
True,2022-09-19 13:31:29,very short,False,False
True,2022-09-19 17:29:31,very short,False,False
True,2022-09-20 10:12:27,very short,True,False
True,2022-09-20 15:54:32,short,True,False
True,2022-09-21 14:40:57,lengthy,False,False
True,2022-09-22 02:17:09,medium,True,False
True,2022-09-22 07:08:09,very short,True,False
True,2022-09-22 09:19:18,lengthy,True,False
True,2022-09-22 11:23:09,very short,True,False
True,2022-09-22 13:17:37,very short,True,False
True,2022-09-22 19:06:25,medium,False,False
True,2022-09-22 21:15:54,very short,True,False
True,2022-09-22 21:54:42,very short,True,False
True,2022-09-23 07:48:12,lengthy,True,False
True,2022-09-25 10:38:50,lengthy,True,False
True,2022-09-26 19:52:23,short,True,False
True,2022-09-27 15:23:38,very short,True,False
True,2022-09-27 18:33:11,lengthy,True,False
True,2022-09-27 20:41:17,medium,True,False
True,2022-09-28 14:47:09,very short,True,False
True,2022-09-28 21:06:20,short,True,True
True,2022-09-28 23:49:35,lengthy,True,False
True,2022-09-29 02:05:00,medium,False,False
True,2022-09-29 09:18:00,very short,True,False
True,2022-09-29 11:07:01,medium,True,False
True,2022-09-29 12:12:55,lengthy,False,False
True,2022-09-29 12:15:58,short,True,False
True,2022-09-29 12:37:04,very short,True,False
False,2022-09-29 15:59:07,lengthy,True,False
True,2022-09-30 13:33:31,lengthy,True,False
True,2022-09-30 20:52:12,lengthy,True,False
True,2022-10-01 00:31:58,lengthy,False,True
True,2022-10-01 08:19:58,very short,True,False
True,2022-10-01 13:08:25,lengthy,True,False
True,2022-10-01 15:59:20,medium,True,False
True,2022-10-02 15:51:08,lengthy,True,False
True,2022-10-02 20:00:15,lengthy,True,False
True,2022-10-02 20:06:12,short,True,False
True,2022-10-03 12:13:04,lengthy,False,False
True,2022-10-03 23:55:02,short,True,False
True,2022-10-04 21:44:46,very short,True,False
True,2022-10-06 00:06:18,lengthy,True,False
True,2022-10-06 17:30:19,lengthy,True,False
True,2022-10-06 19:51:41,medium,True,False
True,2022-10-07 03:39:10,lengthy,False,False
True,2022-10-07 07:11:50,very short,True,True
True,2022-10-08 06:35:51,lengthy,True,False
True,2022-10-08 14:45:40,medium,True,False
True,2022-10-10 10:14:26,lengthy,True,False
True,2022-10-11 11:38:22,lengthy,True,False
False,2022-10-11 15:40:36,very short,False,True
False,2022-10-12 13:45:21,lengthy,True,False
True,2022-10-12 13:45:33,lengthy,True,False
True,2022-10-13 14:33:55,medium,True,False
True,2022-10-14 19:10:21,short,True,False
True,2022-10-14 20:27:31,medium,True,False
True,2022-10-14 21:39:25,lengthy,True,False
True,2022-10-15 02:19:31,medium,True,False
True,2022-10-16 00:20:29,lengthy,True,False
True,2022-10-16 11:44:38,lengthy,True,False
True,2022-10-16 23:09:28,lengthy,True,False
True,2022-10-17 18:15:37,short,False,False
True,2022-10-17 19:33:57,lengthy,True,False
True,2022-10-17 23:11:10,very short,True,False
True,2022-10-19 16:11:53,very short,True,False
True,2022-10-19 19:43:52,medium,False,False
True,2022-10-20 02:06:16,lengthy,True,False
True,2022-10-20 15:19:43,medium,True,True
True,2022-10-20 16:09:17,very short,True,False
True,2022-10-20 19:02:44,lengthy,True,False
True,2022-10-20 19:47:05,medium,False,False
True,2022-10-20 23:08:11,lengthy,True,False
True,2022-10-21 12:36:43,very short,True,False
True,2022-10-21 13:04:49,lengthy,True,False
True,2022-10-21 16:28:37,medium,True,False
True,2022-10-21 21:27:41,medium,True,True
True,2022-10-22 09:00:06,lengthy,False,True
True,2022-10-24 22:05:51,medium,False,False
False,2022-10-25 05:57:02,short,False,True
True,2022-10-25 17:25:14,lengthy,True,False
True,2022-10-26 01:01:07,short,True,False
True,2022-10-26 10:56:44,very short,True,False
True,2022-10-27 00:53:27,short,True,False
True,2022-10-27 10:45:30,very short,True,False
True,2022-10-27 13:41:20,medium,False,False
False,2022-10-27 13:58:43,very short,False,True
True,2022-10-27 20:01:46,medium,False,False
True,2022-10-28 02:04:14,lengthy,False,False
True,2022-10-28 09:00:08,medium,True,False
True,2022-10-28 16:13:32,very short,True,False
True,2022-10-29 13:05:43,medium,True,False
True,2022-10-29 14:57:04,short,True,True
False,2022-10-31 04:40:02,very short,True,True
True,2022-10-31 21:34:41,very short,True,False
True,2022-10-31 23:22:03,short,True,False
True,2022-11-01 12:32:48,lengthy,True,False
True,2022-11-01 16:01:27,medium,True,False
True,2022-11-01 22:52:55,very short,False,False
True,2022-11-02 00:18:30,lengthy,True,False
True,2022-11-03 17:52:06,very short,True,False
True,2022-11-03 19:47:28,very short,True,False
True,2022-11-04 00:44:35,medium,True,False
True,2022-11-04 13:42:23,lengthy,True,False
True,2022-11-04 14:48:53,medium,True,False
True,2022-11-04 16:36:45,very short,True,False
True,2022-11-04 18:26:35,lengthy,True,False
True,2022-11-05 02:23:59,medium,True,False
True,2022-11-07 13:14:31,very short,True,False
True,2022-11-07 18:29:37,very short,False,False
True,2022-11-08 15:01:41,very short,False,False
True,2022-11-08 15:57:00,very short,True,False
True,2022-11-08 18:28:19,medium,False,False
True,2022-11-08 21:51:30,lengthy,True,False
True,2022-11-09 11:31:48,medium,True,False
True,2022-11-09 13:56:05,short,False,False
True,2022-11-11 11:21:41,very short,True,False
True,2022-11-11 15:46:07,medium,True,False
True,2022-11-12 10:24:12,lengthy,True,False
True,2022-11-12 21:22:20,very short,True,False
True,2022-11-13 03:19:33,medium,False,True
True,2022-11-13 19:34:57,lengthy,True,False
True,2022-11-14 18:07:11,very short,False,False
True,2022-11-14 22:13:36,very short,False,False
True,2022-11-15 14:58:31,very short,False,False
True,2022-11-15 17:02:30,short,True,False
True,2022-11-15 19:18:16,lengthy,True,False
False,2022-11-16 10:55:30,lengthy,True,False
True,2022-11-16 20:29:49,short,True,False
True,2022-11-16 20:29:51,lengthy,True,False
True,2022-11-16 20:29:53,medium,True,False
True,2022-11-17 22:00:04,lengthy,False,False
True,2022-11-18 14:38:47,medium,True,False
True,2022-11-18 21:49:33,lengthy,True,False
True,2022-11-18 22:11:43,medium,True,False
True,2022-11-18 22:26:55,medium,False,False
True,2022-11-19 15:12:52,lengthy,True,False
True,2022-11-20 13:39:02,short,True,False
True,2022-11-20 13:48:18,short,True,False
True,2022-11-20 14:09:41,short,True,False
True,2022-11-20 16:35:20,lengthy,True,False
True,2022-11-21 10:26:13,short,True,False
True,2022-11-23 11:48:15,lengthy,True,False
True,2022-11-23 18:15:10,very short,False,False
True,2022-11-24 19:43:10,lengthy,True,False
True,2022-11-25 04:40:22,medium,False,False
True,2022-11-25 18:19:58,lengthy,True,False
True,2022-11-26 18:57:26,lengthy,True,False
False,2022-11-27 00:20:21,lengthy,True,False
True,2022-11-27 12:35:48,very short,True,True
True,2022-11-28 11:29:30,medium,True,False
True,2022-11-28 18:40:47,very short,False,False
True,2022-11-29 10:20:48,very short,True,False
True,2022-11-29 10:31:11,short,True,False
True,2022-11-29 10:34:10,very short,True,False
True,2022-11-29 10:42:53,lengthy,True,False
True,2022-11-29 15:58:23,medium,False,False
False,2022-11-29 16:12:03,very short,False,True
False,2022-11-30 00:28:24,lengthy,False,False
True,2022-11-30 02:18:53,lengthy,False,False
True,2022-11-30 21:11:41,very short,True,True
True,2022-11-30 22:09:51,very short,True,False
True,2022-12-01 20:27:09,lengthy,True,False
True,2022-12-02 21:06:11,medium,False,False
True,2022-12-04 04:22:47,short,True,False
True,2022-12-04 06:42:38,short,True,False
True,2022-12-04 08:28:12,lengthy,True,False
True,2022-12-05 02:50:38,lengthy,False,False
True,2022-12-05 06:56:47,lengthy,True,False
True,2022-12-05 10:56:47,very short,True,False
True,2022-12-05 20:52:15,short,True,False
True,2022-12-05 22:03:49,lengthy,False,False
True,2022-12-06 12:04:54,lengthy,True,False
True,2022-12-07 04:34:45,short,True,False
True,2022-12-07 19:22:55,lengthy,True,False
True,2022-12-07 23:07:33,medium,True,False
True,2022-12-07 23:28:13,short,True,False
True,2022-12-08 00:19:15,short,True,False
True,2022-12-08 14:39:26,lengthy,False,True
True,2022-12-08 20:02:06,very short,True,False
True,2022-12-09 00:12:58,medium,False,False
True,2022-12-09 00:30:50,very short,False,False
True,2022-12-09 00:57:20,very short,False,False
True,2022-12-09 01:40:31,lengthy,True,False
True,2022-12-10 00:10:55,short,True,False
True,2022-12-11 01:24:51,short,True,False
True,2022-12-12 13:05:01,short,False,False
True,2022-12-12 15:00:48,very short,False,False
True,2022-12-12 17:20:41,very short,True,False
True,2022-12-12 18:19:34,very short,True,False
True,2022-12-12 18:49:41,short,False,False
True,2022-12-12 22:37:57,very short,True,False
True,2022-12-12 23:15:16,short,False,False
True,2022-12-13 03:02:45,lengthy,True,False
True,2022-12-13 12:24:21,very short,True,False
True,2022-12-13 13:09:32,lengthy,True,False
False,2022-12-13 15:26:47,very short,True,False
True,2022-12-13 16:17:22,very short,True,False
True,2022-12-13 18:07:40,short,False,False
True,2022-12-13 19:45:09,very short,True,False
True,2022-12-14 00:16:21,lengthy,False,False
True,2022-12-14 00:36:22,short,True,False
True,2022-12-14 01:11:58,lengthy,True,False
True,2022-12-14 21:06:49,lengthy,False,False
True,2022-12-14 22:18:09,lengthy,False,False
True,2022-12-15 03:36:50,lengthy,False,False
True,2022-12-15 03:57:56,very short,False,False
True,2022-12-15 11:22:29,lengthy,False,True
True,2022-12-15 11:26:30,medium,True,False
True,2022-12-15 12:44:35,lengthy,False,False
True,2022-12-15 21:32:34,lengthy,True,False
False,2022-12-16 04:15:54,very short,False,True
True,2022-12-16 13:55:12,lengthy,False,False
True,2022-12-16 14:38:19,lengthy,True,False
True,2022-12-16 20:03:31,very short,False,False
True,2022-12-16 22:01:46,lengthy,False,False
True,2022-12-17 00:22:13,lengthy,True,False
True,2022-12-20 15:21:55,lengthy,False,True
True,2022-12-21 20:26:34,medium,True,False
True,2022-12-21 21:04:42,lengthy,True,False
True,2022-12-22 15:59:43,lengthy,True,False
True,2022-12-23 13:33:30,medium,True,False
True,2022-12-26 15:41:40,short,True,False
True,2022-12-26 21:14:12,lengthy,False,False
True,2022-12-27 11:33:17,very short,True,False
True,2022-12-27 17:24:38,very short,True,False
True,2022-12-28 14:02:04,short,True,False
True,2022-12-28 21:57:26,lengthy,True,False
True,2022-12-29 21:41:08,medium,True,False
True,2022-12-30 18:32:42,lengthy,True,False
True,2022-12-30 22:09:49,medium,True,False
True,2022-12-30 23:06:37,medium,True,False
True,2022-12-31 20:09:19,lengthy,True,False
True,2023-01-04 15:41:49,very short,False,False
True,2023-01-04 20:50:24,very short,False,False
True,2023-01-05 09:02:05,very short,True,False
True,2023-01-05 19:33:03,very short,True,False
True,2023-01-05 20:20:57,very short,False,False
True,2023-01-06 00:58:17,very short,True,False
True,2023-01-06 14:19:19,very short,False,False
True,2023-01-06 15:01:57,lengthy,True,True
True,2023-01-06 23:01:05,medium,True,False
True,2023-01-08 12:04:30,medium,True,False
True,2023-01-08 20:36:21,medium,True,False
True,2023-01-08 22:21:01,lengthy,True,False
True,2023-01-09 14:15:03,very short,True,True
True,2023-01-09 16:25:12,short,False,False
True,2023-01-09 22:25:47,short,False,False
False,2023-01-10 01:06:59,very short,True,False
True,2023-01-10 10:52:51,lengthy,True,False
True,2023-01-10 21:00:23,lengthy,True,False
True,2023-01-12 04:12:55,very short,True,False
True,2023-01-13 10:25:51,short,False,False
True,2023-01-13 12:48:22,short,True,False
True,2023-01-13 13:01:07,medium,True,False
True,2023-01-13 13:11:18,medium,True,False
True,2023-01-13 13:44:53,very short,True,False
True,2023-01-13 13:46:51,lengthy,True,False
True,2023-01-13 13:56:44,very short,True,False
True,2023-01-13 17:35:38,short,True,False
True,2023-01-14 13:39:00,medium,True,False
True,2023-01-15 10:42:25,short,True,False
True,2023-01-15 11:45:37,lengthy,True,False
True,2023-01-15 14:37:54,medium,True,False
True,2023-01-16 12:41:01,lengthy,True,False
True,2023-01-16 14:10:54,short,True,False
True,2023-01-17 16:33:29,very short,True,False
True,2023-01-17 19:01:55,short,True,False
True,2023-01-17 19:29:41,very short,False,False
True,2023-01-17 22:06:37,very short,True,False
True,2023-01-18 10:42:53,very short,True,False
True,2023-01-18 15:04:30,lengthy,True,False
False,2023-01-18 15:19:44,lengthy,True,False
True,2023-01-18 17:01:16,medium,False,False
True,2023-01-18 20:16:33,very short,False,False
True,2023-01-18 22:33:25,medium,False,False
False,2023-01-18 22:39:52,lengthy,True,False
True,2023-01-18 23:11:31,very short,True,False
True,2023-01-19 00:58:48,lengthy,True,False
True,2023-01-19 12:42:19,medium,True,False
True,2023-01-19 15:58:23,lengthy,True,False
True,2023-01-19 20:32:27,lengthy,True,False
True,2023-01-19 22:16:48,lengthy,False,False
True,2023-01-20 10:45:42,very short,True,False
True,2023-01-20 10:53:56,very short,True,False
True,2023-01-20 12:07:27,medium,True,False
True,2023-01-20 14:23:25,very short,False,False
True,2023-01-20 20:16:39,short,False,False
True,2023-01-20 20:23:29,medium,False,False
True,2023-01-20 22:54:02,short,True,False
True,2023-01-20 23:06:54,very short,True,False
True,2023-01-23 11:48:39,very short,True,False
True,2023-01-23 12:08:08,very short,True,False
True,2023-01-23 12:36:29,short,True,False
True,2023-01-24 00:07:07,lengthy,True,False
True,2023-01-24 00:59:42,very short,True,False
True,2023-01-24 13:30:55,very short,True,False
True,2023-01-24 14:46:35,short,True,False
True,2023-01-24 17:34:19,short,True,False
True,2023-01-24 21:01:56,very short,False,False
True,2023-01-24 21:57:27,very short,True,False
True,2023-01-25 03:27:52,very short,False,False
True,2023-01-25 12:00:02,very short,True,False
True,2023-01-25 12:08:28,very short,True,False
True,2023-01-25 14:01:29,very short,True,False
True,2023-01-25 18:03:03,very short,True,False
True,2023-01-25 18:14:30,very short,False,False
True,2023-01-25 18:20:08,very short,True,False
True,2023-01-25 18:58:31,very short,True,False
True,2023-01-25 19:12:38,very short,True,False
True,2023-01-25 20:22:26,very short,True,False
True,2023-01-26 00:39:34,medium,True,False
True,2023-01-26 10:27:35,very short,True,False
True,2023-01-26 12:13:32,very short,True,False
True,2023-01-26 14:31:30,very short,False,False
True,2023-01-26 15:30:54,very short,True,False
True,2023-01-26 17:54:33,very short,True,False
True,2023-01-26 20:55:52,lengthy,True,False
True,2023-01-26 21:23:17,very short,False,False
True,2023-01-27 10:51:22,very short,True,False
True,2023-01-27 12:26:14,medium,True,False
True,2023-01-27 12:39:19,very short,True,False
True,2023-01-27 20:15:15,medium,True,False
True,2023-01-27 21:09:57,lengthy,True,False
True,2023-01-28 04:05:37,short,True,False
True,2023-01-28 09:32:00,medium,True,True
True,2023-01-28 20:14:29,short,True,False
True,2023-01-29 09:03:35,lengthy,True,False
True,2023-01-30 02:15:19,very short,True,False
True,2023-01-30 18:21:00,very short,False,False
True,2023-01-31 13:00:12,very short,True,False
True,2023-01-31 15:45:40,very short,False,False
True,2023-01-31 22:38:35,short,False,False
True,2023-01-31 23:14:57,lengthy,True,False
True,2023-02-01 09:53:10,very short,True,False
True,2023-02-01 11:27:50,very short,True,False
True,2023-02-02 03:29:40,very short,True,False
True,2023-02-02 07:19:32,very short,True,False
True,2023-02-02 14:19:56,lengthy,True,False
True,2023-02-03 13:33:16,very short,True,False
True,2023-02-03 18:53:11,very short,False,False
True,2023-02-03 19:05:00,medium,False,False
True,2023-02-03 20:15:20,lengthy,False,False
True,2023-02-04 05:38:02,short,True,True
True,2023-02-05 01:07:20,very short,True,False
True,2023-02-05 04:46:20,short,True,False
True,2023-02-05 19:37:22,medium,True,True
True,2023-02-06 03:38:39,lengthy,True,False
True,2023-02-06 17:01:36,short,False,False
True,2023-02-06 22:37:10,short,True,False
True,2023-02-07 16:45:15,very short,True,False
True,2023-02-07 23:22:40,very short,True,False
True,2023-02-08 11:28:02,very short,True,False
True,2023-02-08 12:34:51,very short,True,False
True,2023-02-08 14:13:27,very short,True,False
True,2023-02-08 14:34:32,very short,True,False
True,2023-02-08 14:54:04,very short,True,False
True,2023-02-09 12:13:37,very short,True,False
True,2023-02-09 16:41:21,lengthy,True,True
True,2023-02-09 17:56:23,very short,False,False
True,2023-02-09 22:08:32,very short,True,True
False,2023-02-11 02:30:17,very short,False,True
True,2023-02-13 10:18:46,lengthy,True,False
True,2023-02-13 10:38:05,lengthy,False,False
True,2023-02-13 18:26:40,medium,True,False
True,2023-02-13 21:46:30,lengthy,True,True
True,2023-02-14 01:26:22,medium,True,False
True,2023-02-15 11:20:02,very short,True,False
True,2023-02-15 11:44:38,very short,False,True
False,2023-02-15 16:02:06,very short,False,True
True,2023-02-15 16:51:28,medium,False,False
True,2023-02-15 21:35:54,medium,False,False
False,2023-02-16 19:23:36,very short,True,False
False,2023-02-17 04:44:59,lengthy,False,True
True,2023-02-17 14:31:05,very short,True,False
True,2023-02-17 17:41:27,lengthy,True,False
True,2023-02-18 06:07:44,very short,True,True
True,2023-02-18 23:13:57,lengthy,True,False
True,2023-02-19 21:13:05,lengthy,True,False
True,2023-02-20 00:55:31,medium,True,False
True,2023-02-20 09:09:27,lengthy,True,False
True,2023-02-20 09:46:19,very short,True,False
True,2023-02-20 13:11:31,lengthy,True,False
True,2023-02-20 15:54:19,medium,True,False
True,2023-02-21 11:07:01,medium,True,False
True,2023-02-21 12:04:07,medium,True,False
True,2023-02-21 23:55:14,lengthy,True,False
True,2023-02-22 19:44:39,medium,True,False
True,2023-02-22 20:09:26,very short,True,False
True,2023-02-22 23:09:53,lengthy,False,False
True,2023-02-23 03:27:52,short,True,False
True,2023-02-23 10:00:47,medium,True,False
True,2023-02-23 10:15:54,lengthy,True,False
True,2023-02-23 12:34:02,very short,False,False
True,2023-02-23 14:29:38,very short,True,False
True,2023-02-24 16:42:33,very short,False,False
True,2023-02-24 17:11:38,short,False,False
True,2023-02-24 18:33:36,very short,True,False
True,2023-02-24 19:19:09,medium,False,False
True,2023-02-24 20:00:48,medium,True,False
True,2023-02-24 20:48:51,very short,False,False
True,2023-02-25 16:16:24,very short,True,False
True,2023-02-26 14:31:38,lengthy,True,False
True,2023-02-27 21:37:37,lengthy,True,False
False,2023-02-28 02:55:15,short,False,True
True,2023-02-28 17:57:35,short,False,False
True,2023-02-28 20:17:19,medium,False,False
True,2023-03-01 19:02:34,short,False,False
True,2023-03-02 20:43:37,very short,True,False
True,2023-03-03 12:02:45,lengthy,False,False
True,2023-03-03 20:15:37,very short,True,False
True,2023-03-03 22:19:27,very short,False,False
True,2023-03-04 13:19:43,medium,False,True
True,2023-03-05 03:35:56,short,True,False
True,2023-03-05 17:04:19,short,True,False
True,2023-03-06 03:01:50,lengthy,True,False
True,2023-03-06 10:21:53,short,True,False
True,2023-03-06 11:04:28,very short,True,False
True,2023-03-06 20:34:02,short,True,False
True,2023-03-07 12:39:14,very short,True,False
True,2023-03-07 12:42:14,very short,True,False
True,2023-03-07 16:56:27,very short,True,False
True,2023-03-07 19:37:27,very short,False,False
True,2023-03-07 20:56:37,lengthy,False,False
True,2023-03-08 16:17:46,very short,True,False
True,2023-03-08 19:48:28,medium,True,False
True,2023-03-09 12:18:06,lengthy,True,False
True,2023-03-09 13:20:19,medium,True,True
True,2023-03-09 14:25:22,very short,True,False
True,2023-03-09 15:28:58,medium,True,False
True,2023-03-09 16:51:51,very short,False,False
False,2023-03-09 17:10:29,lengthy,True,False
False,2023-03-09 20:13:51,medium,False,True
False,2023-03-10 05:03:30,medium,False,False
True,2023-03-13 15:06:18,very short,True,False
True,2023-03-13 16:21:16,medium,True,False
True,2023-03-13 17:20:38,very short,False,False
True,2023-03-13 17:28:49,very short,True,False
True,2023-03-13 21:45:06,short,True,False
True,2023-03-15 10:32:30,lengthy,True,False
True,2023-03-15 19:16:35,very short,True,False
True,2023-03-15 19:16:35,very short,True,False
True,2023-03-15 20:18:00,lengthy,True,False
True,2023-03-16 00:26:27,lengthy,False,False
True,2023-03-16 11:42:14,medium,True,False
True,2023-03-16 12:09:17,medium,False,False
True,2023-03-17 17:59:28,lengthy,False,False
False,2023-03-19 03:24:27,very short,False,True
True,2023-03-19 04:36:24,medium,True,False
True,2023-03-20 16:21:42,very short,True,False
True,2023-03-20 17:09:40,very short,True,False
True,2023-03-20 17:18:56,very short,True,False
True,2023-03-21 01:24:24,lengthy,True,False
True,2023-03-21 14:05:05,short,True,False
True,2023-03-21 17:39:28,very short,True,False
True,2023-03-21 20:55:39,very short,False,False
True,2023-03-22 13:03:58,lengthy,True,False
True,2023-03-22 16:33:33,lengthy,True,False
True,2023-03-22 18:50:16,medium,True,False
True,2023-03-22 19:30:50,lengthy,True,False
True,2023-03-23 10:33:34,medium,True,False
True,2023-03-23 12:54:08,lengthy,True,False
True,2023-03-23 22:29:06,medium,True,True
True,2023-03-24 12:12:10,medium,True,False
False,2023-03-25 23:57:10,lengthy,True,True
True,2023-03-26 11:00:40,lengthy,True,False
True,2023-03-26 11:10:07,lengthy,True,False
True,2023-03-27 04:29:41,medium,True,False
True,2023-03-27 15:47:53,short,True,True
True,2023-03-27 18:17:46,short,True,False
True,2023-03-27 20:51:56,short,False,False
True,2023-03-27 20:58:19,short,False,False
True,2023-03-28 14:50:40,very short,True,False
True,2023-03-28 17:16:09,very short,True,False
True,2023-03-29 15:13:45,lengthy,True,False
True,2023-03-30 09:30:39,very short,True,False
True,2023-03-31 13:01:47,short,True,False
True,2023-03-31 15:26:11,short,True,False
True,2023-03-31 16:43:27,short,True,False
True,2023-03-31 16:55:37,short,False,False
True,2023-03-31 18:04:14,lengthy,True,False
True,2023-03-31 18:41:57,short,True,False
True,2023-03-31 20:24:42,short,True,False
True,2023-03-31 21:37:53,short,False,False
True,2023-04-01 12:20:09,short,True,True
True,2023-04-03 09:29:00,very short,True,False
True,2023-04-04 01:10:18,medium,True,False
True,2023-04-06 01:00:23,lengthy,True,False
True,2023-04-06 13:26:58,lengthy,True,False
True,2023-04-06 15:05:00,lengthy,True,False
True,2023-04-07 14:46:23,medium,False,False
True,2023-04-08 01:55:51,lengthy,True,False
True,2023-04-10 11:15:13,short,True,False
False,2023-04-10 20:54:44,lengthy,True,False
True,2023-04-12 04:11:30,very short,True,False
False,2023-04-12 06:03:33,lengthy,True,False
True,2023-04-12 06:50:12,very short,True,False
True,2023-04-12 07:08:51,lengthy,True,False
False,2023-04-12 09:22:06,lengthy,True,False
True,2023-04-12 09:28:04,very short,True,False
True,2023-04-12 12:26:44,short,True,False
True,2023-04-12 16:35:15,medium,True,True
True,2023-04-12 19:39:56,medium,True,False
True,2023-04-14 13:13:30,lengthy,True,False
True,2023-04-14 15:20:04,very short,False,False
True,2023-04-14 22:29:52,medium,True,False
True,2023-04-14 23:27:42,short,True,False
True,2023-04-15 10:40:21,very short,True,False
True,2023-04-16 14:12:24,very short,True,False
True,2023-04-16 14:20:38,very short,True,False
True,2023-04-17 03:21:44,medium,True,False
True,2023-04-17 11:04:46,very short,True,False
True,2023-04-17 12:59:34,lengthy,True,True
True,2023-04-17 22:11:18,lengthy,False,False
True,2023-04-17 22:53:33,very short,False,False
True,2023-04-17 23:01:38,very short,False,False
True,2023-04-18 19:24:05,lengthy,False,False
True,2023-04-18 22:15:12,very short,True,False
True,2023-04-18 22:47:58,short,True,False
True,2023-04-19 16:22:24,very short,True,False
True,2023-04-20 09:41:12,lengthy,True,False
True,2023-04-20 10:44:08,lengthy,True,False
True,2023-04-20 23:52:58,very short,False,False
True,2023-04-21 09:44:40,medium,True,False
True,2023-04-21 18:39:13,medium,False,False
True,2023-04-21 20:31:21,lengthy,True,False
True,2023-04-22 05:51:49,lengthy,True,False
True,2023-04-22 15:03:16,lengthy,True,False
True,2023-04-23 07:41:06,short,True,False
False,2023-04-23 15:12:39,lengthy,False,True
False,2023-04-24 19:30:12,very short,False,False
True,2023-04-24 22:21:47,very short,False,False
True,2023-04-25 08:43:38,lengthy,True,False
True,2023-04-25 09:16:32,very short,True,False
True,2023-04-25 09:26:38,very short,True,False
False,2023-04-25 19:37:08,lengthy,False,False
True,2023-04-25 23:59:34,lengthy,True,False
True,2023-04-26 10:07:48,very short,True,False
False,2023-04-27 12:47:32,lengthy,False,True
True,2023-04-27 13:56:28,very short,True,True
True,2023-04-27 13:58:14,lengthy,True,False
True,2023-04-27 17:48:23,very short,False,False
True,2023-04-27 20:26:16,very short,False,False
True,2023-04-27 21:44:57,lengthy,True,False
True,2023-04-28 08:10:44,very short,True,False
True,2023-04-28 22:39:27,short,True,False
True,2023-05-01 19:48:05,lengthy,True,False
True,2023-05-02 20:48:42,lengthy,False,False
True,2023-05-02 20:56:17,very short,False,False
True,2023-05-03 00:02:19,very short,True,False
True,2023-05-03 19:42:15,medium,True,False
True,2023-05-04 13:37:10,lengthy,False,False
True,2023-05-05 14:32:36,medium,True,False
True,2023-05-05 21:06:01,medium,False,False
True,2023-05-07 13:53:59,lengthy,True,True
True,2023-05-07 18:09:56,short,True,False
False,2023-05-10 05:00:12,lengthy,False,True
True,2023-05-10 14:29:16,medium,True,False
True,2023-05-10 15:12:05,very short,True,False
False,2023-05-11 05:46:06,very short,False,False
True,2023-05-11 11:40:27,very short,True,False
True,2023-05-11 17:23:55,very short,True,True
True,2023-05-11 23:15:37,very short,False,False
True,2023-05-12 15:14:15,lengthy,True,False
True,2023-05-12 15:29:12,very short,True,False
True,2023-05-12 17:10:30,medium,True,False
True,2023-05-13 22:55:50,medium,True,False
True,2023-05-17 03:32:36,lengthy,True,False
True,2023-05-17 04:46:15,lengthy,True,False
True,2023-05-17 04:48:12,lengthy,True,False
True,2023-05-18 09:26:16,very short,True,False
True,2023-05-18 09:30:34,very short,True,False
True,2023-05-19 12:10:58,medium,True,False
True,2023-05-19 15:14:48,short,True,False
True,2023-05-22 13:31:17,very short,False,False
True,2023-05-22 16:53:30,very short,True,True
True,2023-05-22 17:11:09,lengthy,True,False
True,2023-05-23 00:51:17,lengthy,True,False
True,2023-05-23 08:33:51,medium,True,False
True,2023-05-23 20:16:41,short,False,False
True,2023-05-24 10:02:30,lengthy,True,True
True,2023-05-24 19:08:28,very short,True,False
True,2023-05-25 00:13:55,medium,True,False
True,2023-05-25 01:47:15,medium,True,False
False,2023-05-25 06:07:55,medium,False,True
True,2023-05-25 21:00:22,medium,True,False
True,2023-05-26 03:26:07,medium,True,False
True,2023-05-26 04:24:05,medium,True,False
True,2023-05-26 04:47:37,medium,True,False
False,2023-05-26 05:47:45,medium,True,False
False,2023-05-26 05:53:19,medium,True,False
True,2023-05-27 23:33:08,short,True,False
True,2023-05-29 04:55:48,medium,True,False
True,2023-05-29 16:19:18,lengthy,True,False
True,2023-05-29 21:59:10,very short,True,False
False,2023-05-30 09:57:06,lengthy,True,False
True,2023-05-30 19:05:26,short,False,False
False,2023-05-31 15:19:47,very short,True,True
True,2023-06-01 10:04:58,lengthy,True,False
True,2023-06-01 10:37:40,lengthy,True,False
True,2023-06-01 13:11:07,lengthy,True,False
True,2023-06-01 13:22:12,very short,True,False
True,2023-06-01 14:35:01,lengthy,False,False
True,2023-06-01 14:51:32,very short,True,False
True,2023-06-01 16:59:14,very short,True,False
True,2023-06-02 13:52:10,very short,False,False
True,2023-06-02 18:01:38,medium,True,False
True,2023-06-05 04:46:19,very short,False,False
True,2023-06-05 11:23:17,medium,True,False
True,2023-06-05 13:00:59,short,True,False
True,2023-06-05 13:45:50,lengthy,True,False
True,2023-06-05 14:11:03,very short,False,False
True,2023-06-05 22:00:24,medium,False,False
True,2023-06-06 04:59:09,medium,True,False
True,2023-06-06 07:14:21,medium,True,False
True,2023-06-06 19:40:30,short,True,False
True,2023-06-07 10:15:11,very short,True,False
True,2023-06-07 23:20:37,medium,True,False
True,2023-06-08 05:06:16,short,False,False
True,2023-06-08 16:54:51,medium,True,True
True,2023-06-08 17:54:16,medium,False,False
True,2023-06-08 19:22:10,medium,True,False
True,2023-06-08 21:51:58,lengthy,True,False
True,2023-06-09 16:57:36,very short,False,False
True,2023-06-09 20:54:25,medium,False,False
True,2023-06-10 09:52:53,medium,True,False
True,2023-06-13 04:58:47,short,True,False
True,2023-06-13 08:19:21,very short,True,False
False,2023-06-13 14:18:47,lengthy,True,True
True,2023-06-13 17:47:47,short,False,False
True,2023-06-13 23:47:39,lengthy,True,False
True,2023-06-14 10:56:47,very short,True,False
True,2023-06-14 12:05:01,very short,True,False
True,2023-06-14 12:12:43,very short,True,False
True,2023-06-14 15:06:39,medium,False,False
True,2023-06-14 15:45:49,very short,True,False
True,2023-06-14 16:11:07,very short,True,False
True,2023-06-14 16:53:46,medium,True,False
True,2023-06-14 17:36:04,very short,True,False
True,2023-06-14 17:42:14,very short,True,False
True,2023-06-14 17:48:56,very short,True,False
True,2023-06-14 17:59:56,very short,True,False
True,2023-06-14 18:30:02,very short,True,False
True,2023-06-14 18:43:35,very short,True,False
True,2023-06-14 18:51:42,very short,True,False
True,2023-06-14 18:57:58,very short,True,False
True,2023-06-15 04:02:55,lengthy,False,False
True,2023-06-15 10:58:08,very short,True,False
True,2023-06-15 23:53:40,medium,False,False
True,2023-06-16 01:50:48,medium,False,False
True,2023-06-16 10:03:16,very short,True,False
True,2023-06-16 16:27:25,lengthy,False,False
True,2023-06-16 19:39:44,lengthy,True,False
True,2023-06-19 04:28:31,lengthy,False,True
True,2023-06-19 13:24:08,very short,True,False
True,2023-06-19 14:55:18,lengthy,True,False
True,2023-06-19 15:13:14,very short,True,False
True,2023-06-19 15:40:27,very short,True,False
True,2023-06-20 19:14:49,very short,False,False
True,2023-06-21 21:39:37,very short,False,False
True,2023-06-22 07:45:10,medium,False,False
True,2023-06-22 12:29:59,short,True,False
False,2023-06-22 20:51:32,lengthy,True,False
True,2023-06-23 14:46:25,very short,True,False
True,2023-06-26 09:37:59,very short,False,False
True,2023-06-27 20:47:31,lengthy,True,False
True,2023-06-28 16:21:57,medium,True,True
True,2023-06-28 23:03:54,very short,True,False
True,2023-06-28 23:23:11,very short,True,False
True,2023-06-30 09:24:05,very short,True,False
True,2023-06-30 13:11:09,very short,True,False
False,2023-07-04 11:55:58,very short,False,False
True,2023-07-04 17:10:15,medium,True,False
True,2023-07-05 16:28:40,very short,False,False
True,2023-07-06 11:51:37,very short,True,False
True,2023-07-06 12:08:00,medium,True,True
True,2023-07-06 16:19:40,lengthy,False,False
True,2023-07-07 15:18:56,very short,True,False
True,2023-07-08 09:58:10,lengthy,True,False
True,2023-07-09 20:05:18,very short,True,False
True,2023-07-10 21:58:13,very short,False,False
True,2023-07-11 19:15:18,lengthy,True,False
True,2023-07-11 19:28:55,lengthy,True,False
True,2023-07-12 16:16:40,very short,True,True
True,2023-07-12 19:09:05,medium,False,True
False,2023-07-13 22:47:58,very short,False,True
True,2023-07-14 10:53:15,very short,True,False
True,2023-07-14 12:11:26,medium,True,False
True,2023-07-16 15:08:14,lengthy,True,False
True,2023-07-16 16:13:35,lengthy,True,False
True,2023-07-17 20:21:39,lengthy,True,False
False,2023-07-17 20:44:39,lengthy,True,False
True,2023-07-18 22:07:06,lengthy,False,False
True,2023-07-19 13:59:50,medium,True,False
True,2023-07-20 12:40:51,lengthy,True,False
True,2023-07-20 15:54:58,lengthy,True,False
True,2023-07-21 15:52:51,lengthy,True,False
True,2023-07-21 17:49:21,lengthy,True,False
True,2023-07-21 21:41:04,lengthy,True,False
True,2023-07-24 15:16:23,short,True,False
True,2023-07-24 21:05:23,lengthy,False,False
False,2023-07-25 09:47:39,lengthy,False,True
True,2023-07-25 18:15:03,lengthy,False,True
True,2023-07-26 11:02:06,medium,False,False
True,2023-07-26 14:56:50,short,True,False
True,2023-07-27 11:15:29,medium,True,False
True,2023-07-27 14:00:35,medium,True,False
True,2023-07-27 15:05:22,very short,True,False
True,2023-07-27 22:17:14,lengthy,True,False
True,2023-07-28 08:26:53,medium,True,False
True,2023-07-28 13:17:46,medium,True,False
True,2023-07-28 20:14:17,lengthy,True,False
True,2023-07-28 20:34:48,lengthy,True,False
True,2023-07-29 21:51:31,medium,True,True
True,2023-07-31 14:48:22,very short,False,False
True,2023-07-31 21:17:25,very short,True,False
True,2023-07-31 21:34:49,short,False,False
True,2023-08-01 13:41:49,very short,True,False
True,2023-08-01 15:33:27,short,True,False
True,2023-08-02 16:14:17,lengthy,True,False
True,2023-08-02 16:37:03,very short,True,False
True,2023-08-02 18:03:19,very short,True,False
True,2023-08-02 23:41:44,lengthy,True,False
False,2023-08-03 11:25:26,very short,False,False
True,2023-08-03 16:00:18,lengthy,False,False
True,2023-08-03 18:45:38,very short,False,False
True,2023-08-03 19:18:21,very short,True,False
True,2023-08-03 19:53:31,lengthy,False,False
True,2023-08-03 20:42:15,lengthy,True,False
True,2023-08-04 13:03:28,very short,True,False
True,2023-08-04 15:47:59,lengthy,True,False
True,2023-08-04 19:26:58,lengthy,True,False
True,2023-08-04 20:28:34,medium,False,False
True,2023-08-06 22:44:05,lengthy,False,True
True,2023-08-08 13:51:43,lengthy,True,False
True,2023-08-08 18:43:55,lengthy,True,False
True,2023-08-09 05:29:22,very short,True,False
True,2023-08-09 12:20:34,medium,False,False
True,2023-08-09 15:42:40,medium,True,False
True,2023-08-10 11:43:16,lengthy,True,True
True,2023-08-10 14:22:09,medium,True,False
True,2023-08-10 21:11:46,medium,True,False
True,2023-08-10 22:59:25,lengthy,True,False
True,2023-08-11 15:26:51,lengthy,True,False
True,2023-08-13 02:49:13,lengthy,True,True
True,2023-08-14 14:48:28,medium,False,False
True,2023-08-15 12:26:07,very short,True,False
True,2023-08-15 14:24:28,very short,False,False
True,2023-08-15 22:02:52,lengthy,True,False
True,2023-08-17 13:28:00,lengthy,True,False
True,2023-08-17 19:26:22,lengthy,True,False
True,2023-08-17 22:43:08,very short,True,False
True,2023-08-18 15:30:28,medium,True,False
True,2023-08-18 16:02:46,lengthy,True,False
True,2023-08-21 16:10:05,lengthy,True,False
True,2023-08-23 14:36:41,very short,False,False
True,2023-08-23 14:52:51,very short,True,False
True,2023-08-23 15:13:22,very short,True,False
True,2023-08-23 16:00:20,medium,False,False
True,2023-08-23 19:23:34,short,True,False
True,2023-08-23 22:12:01,lengthy,True,False
True,2023-08-24 01:15:47,lengthy,False,False
True,2023-08-24 20:11:00,lengthy,True,False
True,2023-08-25 17:43:14,lengthy,True,False
True,2023-08-25 18:01:00,lengthy,True,False
False,2023-08-28 00:20:50,very short,False,True
True,2023-08-28 20:52:52,lengthy,True,False
True,2023-08-29 16:12:58,medium,True,False
True,2023-08-29 19:33:15,lengthy,True,False
True,2023-08-31 06:15:03,lengthy,True,False
True,2023-09-04 00:31:51,lengthy,False,False
False,2023-09-04 14:36:08,very short,False,False
True,2023-09-04 17:10:08,medium,True,False
True,2023-09-05 13:42:50,medium,False,False
True,2023-09-06 13:45:31,lengthy,False,False
True,2023-09-07 12:01:32,lengthy,True,False
True,2023-09-07 13:26:39,medium,True,False
True,2023-09-07 14:31:16,short,True,False
True,2023-09-07 20:08:26,lengthy,True,False
True,2023-09-08 15:40:00,short,False,False
True,2023-09-11 07:12:53,lengthy,False,False
True,2023-09-11 14:17:09,very short,True,False
True,2023-09-12 15:35:58,very short,True,False
True,2023-09-12 18:03:30,short,False,False
True,2023-09-13 06:18:25,medium,False,False
True,2023-09-13 14:50:01,short,True,False
True,2023-09-13 18:18:07,lengthy,True,True
True,2023-09-13 18:18:43,lengthy,True,False
True,2023-09-13 21:46:28,medium,True,False
True,2023-09-14 22:10:31,very short,True,False
True,2023-09-15 09:23:50,medium,True,False
True,2023-09-15 09:42:29,lengthy,True,True
True,2023-09-15 18:34:13,lengthy,True,False
True,2023-09-15 20:42:31,medium,True,False
True,2023-09-17 08:44:01,lengthy,True,False
True,2023-09-18 09:56:35,very short,True,False
True,2023-09-18 12:48:57,very short,True,False
True,2023-09-18 12:54:49,lengthy,False,False
True,2023-09-18 15:43:36,short,True,False
True,2023-09-18 15:45:53,lengthy,True,False
True,2023-09-20 11:21:15,lengthy,True,False
False,2023-09-20 14:15:40,very short,True,True
True,2023-09-20 14:52:34,lengthy,True,False
True,2023-09-20 21:06:15,medium,True,False
True,2023-09-21 13:48:44,very short,True,False
True,2023-09-21 17:38:02,lengthy,True,True
True,2023-09-24 21:42:39,lengthy,True,False
True,2023-09-24 21:47:22,very short,False,False
True,2023-09-25 12:10:34,lengthy,False,False
True,2023-09-26 12:49:39,lengthy,True,False
True,2023-09-26 23:41:26,lengthy,False,False
True,2023-09-27 10:59:43,medium,True,False
True,2023-09-27 14:48:43,very short,False,False
True,2023-09-28 11:35:34,very short,True,False
True,2023-09-29 11:29:46,lengthy,True,False
True,2023-09-29 13:23:33,medium,False,False
False,2023-09-30 15:27:13,very short,False,True
True,2023-10-02 10:48:56,short,True,False
True,2023-10-02 13:13:53,short,True,True
False,2023-10-02 13:27:41,very short,False,True
True,2023-10-02 20:56:14,medium,True,False
True,2023-10-03 00:39:13,lengthy,False,False
True,2023-10-03 01:06:31,short,False,False
True,2023-10-03 02:54:59,lengthy,False,False
True,2023-10-04 16:04:59,very short,True,False
True,2023-10-04 21:33:30,very short,True,False
False,2023-10-05 03:52:22,lengthy,False,False
True,2023-10-05 20:22:09,medium,False,False
True,2023-10-05 21:19:29,medium,True,False
True,2023-10-06 13:10:06,very short,True,False
True,2023-10-06 13:10:43,medium,False,False
True,2023-10-06 14:20:33,very short,True,False
True,2023-10-06 18:08:48,lengthy,True,True
True,2023-10-06 23:56:16,medium,True,False
True,2023-10-09 10:01:40,medium,True,False
True,2023-10-09 10:41:11,lengthy,True,False
True,2023-10-10 11:49:15,lengthy,True,False
True,2023-10-10 14:02:54,short,True,False
True,2023-10-10 14:50:45,short,True,False
True,2023-10-10 18:50:14,very short,True,False
True,2023-10-11 18:06:04,very short,False,False
True,2023-10-11 19:10:37,lengthy,False,False
True,2023-10-11 19:12:05,medium,True,False
True,2023-10-12 15:14:48,lengthy,True,False
True,2023-10-12 16:44:03,very short,True,False
True,2023-10-13 00:24:32,very short,True,False
True,2023-10-13 11:28:02,very short,True,False
True,2023-10-13 15:46:25,very short,True,False
True,2023-10-14 02:39:11,lengthy,True,False
True,2023-10-16 18:48:05,medium,True,False
True,2023-10-16 19:53:45,short,True,False
True,2023-10-17 18:57:06,lengthy,True,False
True,2023-10-18 13:40:28,medium,True,False
True,2023-10-19 20:40:01,medium,True,False
True,2023-10-21 23:55:21,lengthy,True,False
True,2023-10-23 10:56:33,medium,True,False
True,2023-10-24 15:39:25,lengthy,True,False
True,2023-10-24 19:50:39,lengthy,True,False
True,2023-10-25 13:10:13,very short,True,False
True,2023-10-25 13:46:43,lengthy,False,False
False,2023-10-25 22:33:53,very short,False,True
True,2023-10-26 10:34:58,lengthy,False,True
True,2023-10-26 13:18:35,medium,False,False
True,2023-10-27 17:56:32,medium,True,False
True,2023-10-30 23:00:37,short,False,False
False,2023-11-01 16:41:12,lengthy,True,False
False,2023-11-01 17:37:53,lengthy,True,False
True,2023-11-01 17:42:05,medium,True,False
True,2023-11-02 11:05:27,medium,True,False
True,2023-11-02 11:44:09,very short,True,False
True,2023-11-03 12:54:23,very short,False,False
True,2023-11-03 15:51:25,medium,True,False
True,2023-11-05 21:33:13,lengthy,True,False
True,2023-11-06 15:49:59,medium,False,False
False,2023-11-07 22:39:38,lengthy,True,False
True,2023-11-08 03:03:17,lengthy,False,False
False,2023-11-09 10:41:48,very short,False,False
True,2023-11-10 01:24:46,medium,True,True
True,2023-11-10 04:35:44,lengthy,False,False
True,2023-11-13 21:45:21,short,True,False
True,2023-11-14 18:36:56,medium,True,False
True,2023-11-14 19:32:49,lengthy,False,False
True,2023-11-16 06:34:25,lengthy,True,False
True,2023-11-16 17:16:56,lengthy,True,False
True,2023-11-17 12:56:39,medium,True,False
True,2023-11-17 18:07:22,medium,False,False
True,2023-11-18 01:56:35,medium,True,False
False,2023-11-18 20:39:59,short,False,True
True,2023-11-20 22:06:50,very short,False,False
True,2023-11-21 03:24:31,medium,False,False
True,2023-11-22 16:54:46,very short,False,False
True,2023-11-22 18:16:35,medium,False,False
True,2023-11-23 02:25:07,lengthy,True,False
True,2023-11-23 04:25:05,medium,True,False
True,2023-11-23 18:43:13,lengthy,False,True
True,2023-11-23 23:06:58,lengthy,False,False
True,2023-11-23 23:20:56,medium,True,False
True,2023-11-24 00:55:16,medium,False,False
True,2023-11-27 06:19:16,very short,False,False
True,2023-11-28 14:45:32,lengthy,True,False
True,2023-11-28 18:45:41,medium,True,False
True,2023-11-28 19:41:40,short,False,False
True,2023-11-28 21:28:39,short,True,False
True,2023-11-28 23:40:40,medium,True,False
False,2023-11-29 01:16:16,medium,False,True
True,2023-12-03 16:05:29,short,True,False
True,2023-12-03 17:17:50,very short,True,True
True,2023-12-04 17:19:40,very short,True,False
True,2023-12-04 17:42:17,lengthy,False,False
False,2023-12-05 10:30:42,lengthy,True,False
False,2023-12-05 23:11:25,lengthy,False,True
True,2023-12-06 13:28:04,medium,True,True
True,2023-12-06 22:06:33,very short,True,False
True,2023-12-07 13:03:05,lengthy,True,True
True,2023-12-07 15:28:14,medium,True,False
True,2023-12-08 01:02:35,medium,True,False
True,2023-12-08 16:30:24,lengthy,True,False
True,2023-12-10 21:27:35,lengthy,True,False
True,2023-12-11 17:28:15,very short,False,False
True,2023-12-12 11:19:36,short,True,False
True,2023-12-13 00:15:35,lengthy,True,False
True,2023-12-13 16:57:18,lengthy,True,False
True,2023-12-15 10:17:16,very short,False,False
True,2023-12-15 17:22:21,very short,False,False
True,2023-12-15 20:14:38,short,True,False
True,2023-12-17 21:17:39,lengthy,True,False
True,2023-12-17 21:18:09,lengthy,True,False
True,2023-12-17 21:19:24,lengthy,True,False
True,2023-12-19 23:49:20,lengthy,True,False
True,2023-12-20 00:05:15,medium,True,False
True,2023-12-20 19:54:44,medium,True,False
True,2023-12-20 21:45:05,lengthy,True,False
True,2023-12-21 02:02:31,lengthy,True,False
True,2023-12-21 18:19:41,medium,True,True
True,2023-12-24 19:26:17,lengthy,True,False
True,2023-12-29 16:25:59,lengthy,True,False
True,2023-12-30 16:40:27,lengthy,True,False
True,2023-12-31 10:27:39,lengthy,True,False
True,2024-01-02 14:17:01,lengthy,True,False
True,2024-01-03 13:57:15,medium,True,False
True,2024-01-03 16:12:38,medium,False,False
True,2024-01-03 16:27:07,very short,False,False
True,2024-01-04 11:22:04,very short,False,False
True,2024-01-04 12:13:41,very short,True,False
True,2024-01-04 14:14:52,lengthy,False,False
True,2024-01-04 15:44:31,lengthy,True,False
True,2024-01-04 19:37:00,lengthy,False,False
True,2024-01-04 21:17:02,very short,False,False
True,2024-01-04 22:25:12,medium,False,False
True,2024-01-05 14:02:51,very short,True,False
True,2024-01-06 21:03:39,short,True,False
True,2024-01-07 18:21:42,very short,True,False
True,2024-01-07 18:24:43,very short,True,False
True,2024-01-07 18:28:51,very short,True,False
True,2024-01-07 18:43:39,very short,True,False
True,2024-01-07 19:08:11,very short,True,False
True,2024-01-07 19:25:38,lengthy,True,False
True,2024-01-07 20:08:55,very short,True,False
True,2024-01-08 21:04:25,lengthy,False,False
True,2024-01-09 00:48:44,lengthy,True,False
True,2024-01-09 12:35:15,medium,True,False
True,2024-01-09 22:50:44,lengthy,True,False
True,2024-01-10 18:03:32,very short,True,False
True,2024-01-10 21:21:47,very short,False,False
False,2024-01-11 14:20:09,very short,False,True
True,2024-01-12 22:13:10,lengthy,True,False
True,2024-01-14 21:56:00,lengthy,True,False
False,2024-01-15 03:24:41,lengthy,False,True
True,2024-01-15 10:13:57,very short,True,True
True,2024-01-15 15:25:12,lengthy,False,False
True,2024-01-15 17:59:47,lengthy,True,False
True,2024-01-16 14:38:41,medium,True,False
True,2024-01-17 12:21:33,medium,True,True
True,2024-01-17 15:34:56,medium,True,False
True,2024-01-18 17:48:54,lengthy,True,False
True,2024-01-18 21:26:45,lengthy,True,False
True,2024-01-19 12:05:32,lengthy,True,False
True,2024-01-19 18:53:04,medium,False,False
True,2024-01-19 20:41:52,lengthy,True,False
True,2024-01-19 23:18:53,lengthy,True,False
True,2024-01-22 08:03:35,very short,True,True
True,2024-01-22 22:11:40,short,False,False
True,2024-01-23 00:19:58,very short,True,False
True,2024-01-23 14:47:35,short,False,False
True,2024-01-24 11:49:11,very short,False,False
True,2024-01-24 12:03:48,very short,False,False
True,2024-01-24 20:18:55,medium,True,False
True,2024-01-25 12:48:31,very short,True,False
True,2024-01-25 18:59:50,very short,False,False
True,2024-01-25 22:32:07,lengthy,True,False
True,2024-01-26 12:40:07,very short,True,False
True,2024-01-26 16:02:14,medium,True,False
True,2024-01-26 22:16:14,medium,False,False
True,2024-01-29 12:00:58,lengthy,True,False
True,2024-01-29 12:52:40,very short,True,False
True,2024-01-29 17:18:42,medium,False,False
True,2024-01-29 17:28:58,medium,True,False
True,2024-01-29 22:18:57,lengthy,True,False
True,2024-01-29 22:26:17,lengthy,True,False
True,2024-01-30 11:56:18,medium,True,False
True,2024-01-30 17:27:43,lengthy,False,False
True,2024-01-31 16:57:21,medium,True,False
True,2024-01-31 18:21:45,lengthy,True,False
True,2024-01-31 18:38:51,lengthy,True,False
True,2024-02-01 01:19:29,lengthy,True,False
True,2024-02-01 15:35:17,lengthy,True,False
True,2024-02-01 17:52:00,very short,True,False
True,2024-02-01 20:30:53,medium,True,False
True,2024-02-02 09:58:57,medium,True,False
True,2024-02-02 17:06:32,medium,True,False
True,2024-02-04 02:59:31,lengthy,True,True
True,2024-02-06 12:00:01,lengthy,True,False
True,2024-02-06 15:26:05,medium,True,False
True,2024-02-06 17:56:24,lengthy,True,False
True,2024-02-07 03:21:04,medium,True,False
True,2024-02-07 03:26:24,medium,True,False
True,2024-02-07 03:28:23,medium,True,False
True,2024-02-07 03:30:58,medium,True,False
True,2024-02-07 15:20:38,very short,False,False
False,2024-02-07 15:51:47,lengthy,True,False
True,2024-02-08 13:35:29,medium,True,False
False,2024-02-08 16:14:42,medium,False,True
True,2024-02-08 16:29:01,medium,False,False
True,2024-02-09 16:08:23,very short,True,False
True,2024-02-11 23:05:48,medium,False,False
True,2024-02-12 12:33:01,very short,False,False
True,2024-02-12 14:29:18,lengthy,True,False
True,2024-02-12 15:26:34,very short,True,False
True,2024-02-12 17:11:35,very short,True,False
True,2024-02-12 17:27:37,very short,False,False
True,2024-02-13 00:17:12,lengthy,False,False
True,2024-02-13 11:19:22,very short,False,False
True,2024-02-13 15:16:32,lengthy,True,False
True,2024-02-13 15:36:56,medium,True,False
True,2024-02-13 17:39:42,medium,True,False
True,2024-02-13 21:35:58,medium,False,False
True,2024-02-13 22:43:28,very short,True,False
True,2024-02-14 14:48:34,lengthy,True,False
True,2024-02-15 08:56:22,lengthy,True,False
False,2024-02-15 11:54:16,lengthy,False,True
True,2024-02-15 15:05:16,lengthy,True,False
True,2024-02-15 18:18:01,very short,True,False
False,2024-02-16 02:53:56,very short,True,True
True,2024-02-16 10:21:13,lengthy,True,False
True,2024-02-16 12:38:45,very short,True,False
True,2024-02-16 16:00:25,medium,True,False
True,2024-02-16 20:32:10,short,True,False
True,2024-02-16 23:09:03,medium,True,False
True,2024-02-16 23:47:02,short,True,False
False,2024-02-17 02:36:54,lengthy,False,False
True,2024-02-17 03:15:19,short,True,False
True,2024-02-17 03:34:52,short,True,False
True,2024-02-19 01:22:36,very short,True,False
True,2024-02-19 10:39:44,very short,True,False
True,2024-02-19 11:13:26,lengthy,True,False
True,2024-02-19 14:55:58,very short,True,False
True,2024-02-20 11:18:05,very short,True,False
True,2024-02-20 14:13:06,very short,False,False
True,2024-02-20 18:36:38,short,False,False
True,2024-02-20 21:54:19,lengthy,False,False
True,2024-02-21 13:23:00,short,True,False
True,2024-02-21 13:55:20,very short,True,False
True,2024-02-21 22:55:27,medium,True,False
True,2024-02-22 14:32:42,very short,True,False
True,2024-02-22 16:46:13,very short,True,False
True,2024-02-22 18:07:09,lengthy,False,False
True,2024-02-22 20:37:37,lengthy,True,False
True,2024-02-22 21:05:06,medium,True,False
True,2024-02-23 15:24:22,very short,False,False
True,2024-02-23 16:32:18,very short,True,False
True,2024-02-25 12:16:18,lengthy,True,False
True,2024-02-26 10:56:29,very short,True,False
True,2024-02-26 14:02:01,medium,True,False
True,2024-02-26 17:15:16,short,True,False
True,2024-02-26 17:33:44,short,True,False
True,2024-02-26 21:14:03,lengthy,True,False
True,2024-02-26 22:21:26,short,False,False
True,2024-02-27 11:14:00,very short,True,False
True,2024-02-27 17:58:36,lengthy,False,False
True,2024-02-27 19:34:04,short,True,True
True,2024-02-28 16:40:36,very short,True,False
True,2024-02-28 17:27:11,very short,True,False
True,2024-02-28 18:55:47,lengthy,False,False
True,2024-02-29 11:17:37,very short,True,False
True,2024-02-29 12:34:09,medium,True,False
True,2024-02-29 15:14:54,very short,True,True
True,2024-02-29 16:20:37,short,True,False
True,2024-02-29 21:24:36,lengthy,False,False
True,2024-03-01 04:22:30,lengthy,True,False
True,2024-03-01 12:46:54,short,True,False
True,2024-03-02 15:05:03,short,True,False
True,2024-03-03 14:25:18,lengthy,True,True
True,2024-03-03 20:04:38,lengthy,True,False
True,2024-03-04 15:34:13,lengthy,True,False
True,2024-03-05 15:11:06,very short,False,False
True,2024-03-05 15:26:00,very short,False,False
True,2024-03-05 15:38:44,medium,True,False
True,2024-03-05 17:50:12,very short,True,False
True,2024-03-05 17:56:30,very short,True,False
True,2024-03-05 19:41:02,lengthy,True,False
True,2024-03-06 09:15:20,very short,True,False
True,2024-03-06 14:26:18,very short,False,False
True,2024-03-06 14:57:49,very short,True,False
True,2024-03-06 16:35:03,very short,False,False
True,2024-03-06 17:29:22,very short,True,False
True,2024-03-07 10:08:56,medium,True,False
True,2024-03-07 14:12:32,lengthy,True,False
True,2024-03-07 19:10:07,lengthy,False,False
True,2024-03-07 22:08:51,lengthy,True,False
True,2024-03-07 22:29:09,medium,True,True
True,2024-03-11 18:58:19,very short,False,False
True,2024-03-12 00:48:57,very short,True,False
True,2024-03-12 10:19:18,medium,False,False
True,2024-03-12 13:36:36,very short,False,False
True,2024-03-12 15:26:13,very short,True,False
True,2024-03-12 16:21:12,very short,True,False
True,2024-03-12 18:03:22,very short,True,False
True,2024-03-12 20:28:30,lengthy,True,False
True,2024-03-12 23:04:12,medium,True,False
True,2024-03-13 13:28:01,medium,True,False
True,2024-03-13 17:10:23,lengthy,True,False
True,2024-03-13 20:44:55,lengthy,True,False
True,2024-03-14 12:09:07,medium,True,False
True,2024-03-15 16:14:29,lengthy,True,False
True,2024-03-19 14:17:57,very short,False,False
True,2024-03-19 19:00:16,lengthy,True,True
True,2024-03-19 19:09:37,short,True,False
True,2024-03-20 00:50:23,very short,False,False
True,2024-03-20 12:35:17,very short,False,False
True,2024-03-20 16:17:38,very short,False,False
True,2024-03-20 19:19:21,very short,True,False
True,2024-03-21 09:47:26,medium,True,False
True,2024-03-21 12:37:51,very short,True,False
True,2024-03-22 16:51:11,very short,True,False
True,2024-03-22 20:18:50,lengthy,True,False
True,2024-03-22 20:24:16,lengthy,True,False
True,2024-03-22 20:29:51,lengthy,True,False
False,2024-03-23 11:15:01,lengthy,True,False
True,2024-03-23 14:38:32,lengthy,True,False
True,2024-03-23 14:57:15,lengthy,True,True
True,2024-03-24 09:49:50,lengthy,True,False
True,2024-03-25 10:51:52,short,True,False
True,2024-03-25 11:54:41,medium,False,False
True,2024-03-25 16:09:21,very short,True,False
True,2024-03-25 18:54:05,very short,False,False
True,2024-03-26 12:03:59,short,True,False
True,2024-03-26 12:52:43,short,False,False
True,2024-03-27 14:51:03,very short,True,False
True,2024-03-27 14:56:01,very short,True,False
True,2024-03-28 01:51:19,medium,False,False
True,2024-03-28 10:57:10,very short,True,False
True,2024-03-28 12:48:49,lengthy,True,False
True,2024-03-29 17:50:05,lengthy,False,False
True,2024-03-30 13:51:52,short,True,False
True,2024-03-30 14:02:59,short,True,False
True,2024-03-30 14:06:55,short,True,False
True,2024-03-30 14:57:43,medium,True,False
False,2024-03-30 19:24:07,lengthy,True,False
False,2024-03-30 19:31:12,lengthy,True,False
True,2024-04-01 15:23:31,medium,True,False
True,2024-04-01 17:09:04,medium,True,False
True,2024-04-01 23:50:50,lengthy,True,False
True,2024-04-02 15:30:30,lengthy,True,False
True,2024-04-04 02:48:02,lengthy,True,False
True,2024-04-04 03:20:24,medium,False,False
True,2024-04-04 03:41:47,very short,False,False
True,2024-04-04 13:37:10,lengthy,True,False
True,2024-04-05 10:42:42,medium,False,False
True,2024-04-05 16:20:51,lengthy,False,False
True,2024-04-05 16:24:50,short,True,False
True,2024-04-08 14:42:40,short,True,False
True,2024-04-08 14:56:34,short,True,True
True,2024-04-08 17:04:16,lengthy,True,False
True,2024-04-09 11:44:39,very short,True,False
True,2024-04-09 20:12:09,lengthy,True,False
False,2024-04-10 02:27:33,lengthy,True,False
True,2024-04-10 10:35:41,lengthy,True,False
False,2024-04-11 05:31:16,lengthy,True,False
True,2024-04-11 12:59:43,lengthy,False,False
True,2024-04-11 14:58:13,lengthy,True,False
True,2024-04-12 10:54:21,medium,True,False
True,2024-04-12 17:05:24,medium,True,False
False,2024-04-13 07:04:30,very short,False,True
True,2024-04-13 10:20:00,lengthy,True,False
True,2024-04-14 16:51:55,medium,True,False
True,2024-04-15 03:07:27,short,True,False
True,2024-04-15 10:43:10,medium,True,False
True,2024-04-15 10:49:06,medium,True,False
False,2024-04-15 11:14:25,very short,True,False
True,2024-04-16 21:13:29,medium,False,False
True,2024-04-17 12:03:34,very short,True,False
True,2024-04-17 19:10:00,lengthy,False,False
True,2024-04-17 20:21:22,short,True,True
True,2024-04-17 20:42:02,lengthy,True,False
True,2024-04-17 20:57:35,lengthy,True,False
True,2024-04-17 21:03:00,lengthy,True,False
True,2024-04-17 22:41:07,short,True,False
True,2024-04-18 10:21:01,medium,True,False
True,2024-04-18 10:56:18,lengthy,False,False
True,2024-04-18 12:01:32,very short,True,False
True,2024-04-18 15:55:52,very short,False,False
True,2024-04-18 20:36:45,very short,True,False
True,2024-04-19 10:59:38,very short,True,False
True,2024-04-19 13:09:06,very short,False,False
True,2024-04-19 15:07:12,lengthy,True,False
False,2024-04-21 11:26:19,lengthy,True,False
False,2024-04-21 12:37:30,lengthy,True,False
True,2024-04-22 19:14:47,short,True,False
True,2024-04-23 15:31:32,very short,True,False
True,2024-04-23 16:50:13,medium,True,False
True,2024-04-24 02:55:10,lengthy,False,False
True,2024-04-24 09:25:34,very short,True,False
False,2024-04-24 09:42:21,lengthy,True,False
False,2024-04-24 10:54:25,lengthy,True,False
True,2024-04-24 16:26:37,lengthy,False,False
True,2024-04-25 14:09:37,very short,True,False
True,2024-04-25 20:21:38,medium,False,False
True,2024-04-26 11:40:17,very short,False,False
False,2024-04-26 20:23:05,medium,False,False
True,2024-04-26 21:32:31,medium,True,False
True,2024-04-30 16:50:29,medium,True,False
True,2024-05-01 15:46:23,lengthy,True,False
True,2024-05-01 16:09:55,lengthy,True,False
True,2024-05-01 19:17:03,very short,True,False
True,2024-05-02 13:16:49,very short,True,False
True,2024-05-03 10:33:58,very short,True,False
True,2024-05-03 14:49:39,medium,True,False
True,2024-05-07 14:30:29,very short,False,False
True,2024-05-07 19:57:57,medium,False,True
True,2024-05-07 20:57:42,medium,False,False
False,2024-05-08 11:35:20,very short,False,True
True,2024-05-08 13:03:57,medium,False,False
True,2024-05-08 13:22:20,medium,True,False
True,2024-05-08 14:16:44,medium,True,False
True,2024-05-08 14:40:25,medium,True,False
True,2024-05-08 15:02:51,medium,True,False
True,2024-05-09 21:22:56,lengthy,False,True
True,2024-05-14 15:51:40,very short,True,False
True,2024-05-17 11:46:58,lengthy,False,False
True,2024-05-17 14:58:26,short,False,False
True,2024-05-19 12:20:12,lengthy,True,False
True,2024-05-20 15:39:25,very short,True,False
True,2024-05-20 16:51:37,very short,True,False
True,2024-05-21 10:47:46,lengthy,False,False
True,2024-05-21 11:52:48,very short,True,False
True,2024-05-22 11:27:38,very short,True,False
True,2024-05-22 11:34:03,very short,False,False
True,2024-05-22 15:46:58,lengthy,True,False
True,2024-05-23 13:30:11,lengthy,True,False
True,2024-05-23 14:39:44,medium,True,False
True,2024-05-23 15:16:24,lengthy,True,False
True,2024-05-23 23:31:56,medium,True,False
True,2024-05-27 18:52:43,lengthy,True,False
True,2024-05-27 19:47:28,lengthy,True,True
True,2024-05-28 16:31:37,medium,True,False
True,2024-05-28 19:07:40,short,True,False
True,2024-05-29 10:28:43,medium,True,False
True,2024-05-29 12:42:17,very short,False,True
True,2024-05-29 20:05:55,short,True,False
False,2024-05-31 10:35:07,very short,True,False
True,2024-05-31 19:44:53,lengthy,True,False
True,2024-06-01 14:05:32,lengthy,True,True
True,2024-06-02 15:29:00,lengthy,True,False
True,2024-06-02 15:51:29,medium,True,False
False,2024-06-03 03:19:24,medium,True,False
True,2024-06-03 16:39:10,lengthy,True,True
True,2024-06-05 14:45:41,short,True,False
True,2024-06-06 12:30:24,very short,False,False
False,2024-06-06 12:36:26,very short,False,False
True,2024-06-06 12:47:24,very short,True,False
True,2024-06-06 14:43:18,medium,True,False
True,2024-06-06 17:08:21,medium,True,False
True,2024-06-06 19:56:23,lengthy,True,False
True,2024-06-06 20:57:52,medium,False,False
True,2024-06-06 21:03:25,medium,False,False
True,2024-06-07 14:01:22,very short,False,True
True,2024-06-07 14:43:50,short,True,False
True,2024-06-07 14:56:13,lengthy,True,False
True,2024-06-07 17:19:09,very short,True,False
True,2024-06-07 17:51:09,medium,True,False
True,2024-06-10 11:31:07,short,True,False
True,2024-06-11 16:01:36,lengthy,True,False
True,2024-06-11 19:45:19,medium,True,True
True,2024-06-13 09:29:59,medium,True,False
True,2024-06-13 09:56:13,very short,True,False
True,2024-06-13 12:11:01,medium,True,False
True,2024-06-13 12:16:43,very short,True,False
True,2024-06-13 14:11:14,lengthy,False,False
True,2024-06-13 14:31:00,medium,True,False
True,2024-06-13 20:21:41,short,False,False
True,2024-06-18 21:52:00,short,False,False
False,2024-06-19 21:40:54,lengthy,True,False
True,2024-06-20 13:32:43,lengthy,True,False
True,2024-06-21 13:15:21,very short,True,True
True,2024-06-25 13:20:40,short,True,False
True,2024-06-26 11:59:09,very short,True,False
True,2024-06-26 14:23:17,medium,False,False
False,2024-06-26 15:50:01,very short,False,True
True,2024-06-27 09:39:06,short,True,False
False,2024-06-28 10:49:06,lengthy,True,False
True,2024-06-28 14:42:32,very short,True,False
False,2024-06-29 05:30:11,very short,False,True
True,2024-07-01 08:35:29,short,True,False
True,2024-07-01 12:35:36,short,True,False
True,2024-07-02 15:09:48,lengthy,True,False
True,2024-07-03 07:10:34,medium,True,False
False,2024-07-03 07:11:21,lengthy,False,True
True,2024-07-04 14:41:50,lengthy,True,False
True,2024-07-08 06:58:41,medium,True,False
True,2024-07-08 13:05:33,very short,True,False
True,2024-07-09 16:34:55,medium,True,False
True,2024-07-09 19:28:26,short,True,False
True,2024-07-09 22:03:07,very short,True,False
True,2024-07-10 14:13:08,very short,True,False
True,2024-07-12 13:52:57,short,False,False
True,2024-07-15 09:42:39,very short,True,False
True,2024-07-16 09:34:11,very short,True,True
True,2024-07-17 07:42:09,very short,False,False
True,2024-07-19 10:41:14,lengthy,True,False
True,2024-07-20 13:06:37,lengthy,True,True
True,2024-07-22 10:23:44,very short,True,False
True,2024-07-22 21:18:49,medium,True,True
True,2024-07-23 12:19:09,very short,False,False
True,2024-07-24 10:04:17,very short,True,False
True,2024-07-24 18:18:49,medium,True,False
True,2024-07-26 18:11:26,lengthy,True,False
True,2024-07-29 14:53:17,lengthy,True,False
True,2024-07-29 21:14:44,lengthy,True,False
True,2024-07-30 17:43:54,lengthy,True,False
True,2024-07-30 23:30:09,lengthy,True,False
True,2024-08-01 15:26:10,medium,False,False
False,2024-08-01 17:14:53,medium,True,True
True,2024-08-02 05:11:22,medium,True,False
True,2024-08-02 16:42:54,lengthy,True,False
True,2024-08-04 23:47:58,lengthy,True,False
True,2024-08-05 10:59:43,very short,True,False
True,2024-08-05 11:28:04,lengthy,True,False
True,2024-08-05 21:53:37,lengthy,True,True
True,2024-08-06 10:04:39,lengthy,True,False
True,2024-08-06 16:11:23,lengthy,True,False
True,2024-08-07 04:35:07,medium,True,False
True,2024-08-08 16:59:25,lengthy,True,False
False,2024-08-09 05:21:33,very short,False,True
True,2024-08-09 18:07:02,lengthy,True,False
True,2024-08-09 19:10:54,lengthy,True,False
True,2024-08-09 19:55:14,lengthy,True,False
False,2024-08-10 00:17:29,short,False,False
True,2024-08-11 04:47:58,lengthy,True,False
True,2024-08-12 00:33:52,lengthy,True,False
True,2024-08-14 01:02:44,lengthy,True,False
True,2024-08-14 12:43:24,medium,True,False
True,2024-08-15 16:28:48,lengthy,True,False
True,2024-08-16 08:57:06,medium,True,False
True,2024-08-16 12:07:44,lengthy,True,False
True,2024-08-19 11:01:02,lengthy,True,False
True,2024-08-19 15:00:33,lengthy,True,False
True,2024-08-20 00:03:19,lengthy,True,False
True,2024-08-21 01:56:40,lengthy,False,False
True,2024-08-21 20:05:25,medium,True,False
True,2024-08-22 21:19:42,very short,True,False
True,2024-08-22 21:20:15,medium,True,False
True,2024-08-22 21:33:08,lengthy,True,False
True,2024-08-23 09:56:52,very short,False,False
True,2024-08-23 12:19:54,medium,True,False
True,2024-08-23 12:52:16,lengthy,True,False
True,2024-08-23 13:07:57,lengthy,True,False
True,2024-08-23 20:58:45,medium,False,False
True,2024-08-23 22:18:48,lengthy,True,False
True,2024-08-24 15:35:50,medium,True,False
True,2024-08-26 20:23:39,medium,True,False
True,2024-08-26 20:39:49,short,True,False
True,2024-08-26 20:59:18,short,False,False
True,2024-08-26 21:07:57,short,True,False
True,2024-08-27 15:12:09,very short,True,False
True,2024-08-27 15:57:06,short,True,False
False,2024-08-27 18:06:43,very short,False,False
False,2024-08-28 14:34:40,lengthy,False,False
False,2024-08-28 15:26:19,lengthy,False,False
True,2024-08-28 15:29:19,lengthy,True,False
True,2024-08-29 09:29:28,very short,True,False
True,2024-08-29 16:22:26,lengthy,True,False
True,2024-08-30 16:42:56,lengthy,True,False
False,2024-08-30 18:46:26,lengthy,False,True
True,2024-09-01 21:02:48,medium,True,False
True,2024-09-02 15:15:09,lengthy,True,False
True,2024-09-03 11:43:01,very short,True,False
True,2024-09-04 13:54:08,short,True,False
True,2024-09-05 13:55:28,lengthy,True,False
True,2024-09-06 12:49:30,lengthy,True,False
True,2024-09-06 18:12:49,medium,True,False
True,2024-09-07 14:37:01,medium,True,False
False,2024-09-08 06:30:26,short,False,True
True,2024-09-09 14:51:02,lengthy,True,False
True,2024-09-09 18:23:57,short,False,False
True,2024-09-10 19:29:26,lengthy,True,False
True,2024-09-10 21:00:44,short,False,False
True,2024-09-10 22:29:08,lengthy,True,False
True,2024-09-11 11:32:45,short,True,False
True,2024-09-11 15:54:43,very short,False,False
True,2024-09-11 21:41:55,lengthy,True,False
True,2024-09-12 06:45:37,medium,True,False
True,2024-09-13 14:07:48,lengthy,True,False
True,2024-09-13 22:55:50,medium,False,True
True,2024-09-14 18:49:45,medium,True,False
True,2024-09-15 19:54:37,lengthy,True,False
True,2024-09-17 19:43:08,medium,True,False
True,2024-09-17 19:57:22,medium,True,False
True,2024-09-18 14:10:11,lengthy,False,False
True,2024-09-18 14:27:34,lengthy,True,False
True,2024-09-18 20:39:47,lengthy,True,False
True,2024-09-19 09:49:42,medium,True,False
True,2024-09-19 14:47:59,medium,True,False
True,2024-09-19 14:53:23,very short,True,False
True,2024-09-19 16:15:51,medium,True,False
True,2024-09-19 20:29:43,lengthy,True,False
False,2024-09-19 20:47:20,lengthy,False,True
True,2024-09-19 21:04:21,lengthy,True,False
True,2024-09-20 15:07:33,very short,True,False
True,2024-09-21 00:15:56,lengthy,True,False
False,2024-09-21 18:49:58,medium,True,False
True,2024-09-22 01:35:40,lengthy,True,False
True,2024-09-22 12:07:56,lengthy,True,False
True,2024-09-22 19:09:54,very short,True,False
True,2024-09-23 22:23:07,short,True,False
False,2024-09-24 10:04:43,lengthy,False,True
True,2024-09-24 13:17:32,lengthy,True,False
True,2024-09-24 20:36:49,lengthy,True,False
True,2024-09-25 12:21:05,lengthy,True,False
True,2024-09-25 13:25:38,very short,False,False
True,2024-09-25 15:28:06,very short,True,False
True,2024-09-26 17:25:25,lengthy,True,False
True,2024-09-27 12:16:29,very short,True,False
True,2024-09-27 13:07:14,very short,True,False
True,2024-09-27 15:05:57,medium,True,False
False,2024-09-30 00:22:39,very short,False,True
True,2024-09-30 08:56:37,lengthy,True,False
True,2024-09-30 17:13:55,lengthy,True,False
False,2024-09-30 18:13:45,lengthy,False,False
True,2024-10-02 12:16:16,very short,True,False
True,2024-10-02 15:59:06,lengthy,True,False
True,2024-10-04 14:28:10,lengthy,False,False
True,2024-10-04 16:38:31,lengthy,True,False
True,2024-10-05 21:24:38,lengthy,False,False
True,2024-10-06 19:33:29,lengthy,True,False
True,2024-10-07 17:45:36,lengthy,True,True
True,2024-10-08 21:29:28,medium,False,False
True,2024-10-09 01:24:22,medium,False,False
True,2024-10-09 02:23:51,short,False,False
True,2024-10-09 10:50:55,very short,False,False
True,2024-10-09 20:14:32,medium,True,False
True,2024-10-10 10:41:06,lengthy,True,False
True,2024-10-10 12:24:35,very short,True,False
True,2024-10-10 18:19:51,very short,False,False
True,2024-10-10 19:28:31,lengthy,True,True
True,2024-10-10 21:22:16,lengthy,False,False
True,2024-10-11 05:34:27,lengthy,False,False
True,2024-10-11 10:24:03,lengthy,False,False
True,2024-10-11 18:35:25,lengthy,True,False
False,2024-10-14 02:28:32,very short,False,True
False,2024-10-15 14:58:25,lengthy,True,False
True,2024-10-16 19:34:34,very short,True,False
True,2024-10-17 09:00:52,very short,True,False
True,2024-10-17 14:57:58,very short,True,False
False,2024-10-18 07:41:57,lengthy,False,True
True,2024-10-18 13:51:36,short,True,False
True,2024-10-18 14:52:21,very short,True,False
True,2024-10-18 16:23:12,very short,True,False
True,2024-10-18 16:47:31,very short,True,False
True,2024-10-18 17:34:09,medium,True,False
True,2024-10-18 20:34:20,lengthy,True,False
True,2024-10-18 23:17:53,lengthy,True,False
True,2024-10-21 14:02:16,short,True,False
True,2024-10-22 23:37:36,short,True,False
True,2024-10-23 09:06:08,very short,True,False
True,2024-10-23 09:18:13,very short,True,False
True,2024-10-23 09:54:07,lengthy,True,False
True,2024-10-23 12:51:05,lengthy,True,False
True,2024-10-23 15:02:56,lengthy,True,False
True,2024-10-28 21:22:12,lengthy,False,False
True,2024-10-29 17:37:34,lengthy,True,False
True,2024-10-29 20:05:25,lengthy,True,False
True,2024-10-29 20:20:53,very short,False,False
True,2024-10-30 16:25:15,lengthy,True,False
True,2024-10-30 18:27:47,very short,True,False
True,2024-10-30 20:21:42,very short,True,False
True,2024-10-31 11:49:12,lengthy,True,False
True,2024-10-31 13:00:46,very short,True,False
True,2024-10-31 21:22:37,lengthy,True,False
True,2024-11-01 10:07:53,lengthy,False,False
True,2024-11-01 10:46:14,medium,True,False
True,2024-11-01 20:32:01,lengthy,True,False
True,2024-11-02 01:04:39,lengthy,True,True
True,2024-11-05 13:38:33,medium,True,False
True,2024-11-06 07:43:12,very short,False,False
True,2024-11-06 13:06:20,short,True,True
True,2024-11-06 22:37:34,lengthy,False,False
True,2024-11-07 13:18:51,lengthy,True,True
True,2024-11-08 11:28:58,medium,True,False
True,2024-11-08 15:13:39,lengthy,True,False
False,2024-11-08 21:53:18,lengthy,True,False
False,2024-11-11 10:26:12,lengthy,True,False
True,2024-11-11 20:41:26,lengthy,True,False
True,2024-11-11 22:02:09,lengthy,True,False
True,2024-11-12 18:43:49,lengthy,False,False
True,2024-11-13 00:10:04,short,True,False
True,2024-11-14 06:53:17,medium,False,False
True,2024-11-14 08:40:11,very short,True,False
True,2024-11-14 17:42:51,lengthy,True,False
True,2024-11-14 19:03:40,lengthy,True,False
True,2024-11-14 19:21:29,lengthy,True,False
True,2024-11-14 21:21:54,very short,True,False
True,2024-11-15 04:10:21,lengthy,False,False
True,2024-11-15 17:12:58,lengthy,True,False
True,2024-11-15 20:16:57,medium,True,False
True,2024-11-17 14:57:23,lengthy,True,False
True,2024-11-18 14:12:35,very short,True,False
True,2024-11-18 14:25:20,very short,True,False
True,2024-11-18 14:40:56,short,True,False
True,2024-11-18 19:25:39,lengthy,False,False
True,2024-11-18 19:27:40,lengthy,True,False
True,2024-11-19 13:04:52,very short,True,False
True,2024-11-19 16:21:52,lengthy,True,False
True,2024-11-20 04:08:48,lengthy,False,False
True,2024-11-22 02:18:36,lengthy,False,False
True,2024-11-22 09:33:53,very short,False,True
True,2024-11-22 17:07:32,lengthy,False,False
True,2024-11-22 21:00:20,lengthy,True,False
False,2024-11-23 00:29:53,short,False,True
True,2024-11-25 02:00:48,very short,False,False
False,2024-11-27 18:11:34,very short,False,True
True,2024-11-27 21:13:42,lengthy,True,False
False,2024-11-28 15:17:00,lengthy,True,False
True,2024-11-29 14:25:44,medium,True,False
False,2024-11-30 01:37:24,short,False,True
False,2024-12-03 18:39:40,very short,False,True
True,2024-12-04 16:57:55,very short,False,False
True,2024-12-05 20:47:40,medium,False,False
True,2024-12-05 22:56:10,lengthy,True,False
True,2024-12-06 02:46:01,medium,True,False
True,2024-12-06 07:25:12,medium,True,True
True,2024-12-06 19:30:52,very short,False,False
True,2024-12-07 13:26:26,very short,True,False
False,2024-12-09 10:40:07,lengthy,False,False
True,2024-12-09 18:24:25,lengthy,False,True
True,2024-12-09 18:55:30,short,True,False
True,2024-12-10 11:10:57,short,True,False
True,2024-12-10 12:28:08,lengthy,False,False
True,2024-12-11 00:25:46,short,True,False
True,2024-12-11 13:42:50,very short,False,False
True,2024-12-11 15:15:41,short,True,True
True,2024-12-11 16:23:06,very short,True,False
False,2024-12-11 18:49:40,lengthy,True,False
True,2024-12-12 12:59:59,medium,True,False
True,2024-12-12 15:18:08,medium,False,False
True,2024-12-12 16:14:33,very short,True,False
True,2024-12-12 23:16:14,very short,False,False
True,2024-12-13 10:45:43,lengthy,True,False
True,2024-12-14 21:29:54,short,True,True
True,2024-12-15 23:09:34,lengthy,True,False
True,2024-12-16 08:56:44,medium,False,False
True,2024-12-16 10:33:10,short,True,False
True,2024-12-16 10:57:34,lengthy,True,False
True,2024-12-16 11:50:12,very short,True,False
True,2024-12-16 14:32:27,lengthy,True,False
True,2024-12-16 16:32:00,lengthy,True,False
True,2024-12-16 17:55:23,very short,True,False
True,2024-12-17 10:05:51,short,False,False
True,2024-12-17 13:59:51,short,False,False
True,2024-12-17 15:08:46,very short,True,False
True,2024-12-18 00:28:56,lengthy,False,False
True,2024-12-18 06:04:51,short,False,False
True,2024-12-18 20:00:30,short,False,False
True,2024-12-19 15:04:22,lengthy,False,False
True,2024-12-19 17:28:14,lengthy,False,False
True,2024-12-19 20:01:22,lengthy,False,False
True,2024-12-19 20:43:34,lengthy,True,False
True,2024-12-19 21:58:59,lengthy,False,False
True,2024-12-20 00:09:09,very short,False,False
True,2024-12-20 01:21:22,lengthy,False,False
True,2024-12-20 18:31:28,lengthy,True,False
True,2024-12-23 14:15:56,medium,True,False
True,2024-12-23 15:57:00,very short,True,False
True,2024-12-25 23:35:04,lengthy,True,False
True,2024-12-26 14:48:29,lengthy,True,False
True,2024-12-27 20:42:00,lengthy,True,False
True,2024-12-28 03:31:23,lengthy,True,False
True,2024-12-29 03:30:14,lengthy,True,False
True,2024-12-29 20:19:48,very short,True,False
True,2024-12-29 22:38:03,short,True,False
True,2024-12-30 16:18:55,lengthy,False,False
True,2024-12-30 20:03:50,lengthy,True,False
True,2024-12-31 13:01:49,medium,True,False
True,2025-01-01 02:59:52,medium,True,False
False,2025-01-06 11:42:51,very short,False,True
True,2025-01-07 17:26:32,medium,True,False
True,2025-01-09 17:11:10,very short,True,False
True,2025-01-09 21:32:16,very short,True,False
True,2025-01-10 02:00:04,medium,True,False
True,2025-01-10 15:07:26,lengthy,False,False
True,2025-01-10 20:51:01,medium,False,False
True,2025-01-10 22:17:31,lengthy,False,False
True,2025-01-12 03:33:52,medium,True,False
True,2025-01-13 11:16:23,medium,False,False
True,2025-01-14 02:27:01,short,True,False
True,2025-01-14 17:52:54,very short,False,False
True,2025-01-16 21:35:41,lengthy,True,False
True,2025-01-17 21:13:17,lengthy,True,False
True,2025-01-20 04:28:59,medium,True,False
False,2025-01-20 23:54:18,very short,False,True
True,2025-01-21 10:17:44,very short,True,False
True,2025-01-21 12:30:28,lengthy,True,False
True,2025-01-22 16:51:03,very short,True,False
True,2025-01-22 21:36:14,short,False,False
False,2025-01-23 10:41:53,very short,True,False
True,2025-01-23 14:17:03,lengthy,True,False
True,2025-01-24 08:38:46,lengthy,True,False
True,2025-01-24 10:19:27,medium,True,False
True,2025-01-24 14:54:30,very short,True,False
True,2025-01-24 15:27:00,medium,True,False
True,2025-01-26 13:53:14,very short,True,True
True,2025-01-27 12:46:47,medium,True,False
True,2025-01-28 17:22:32,lengthy,True,False
True,2025-01-28 18:41:27,medium,True,False
True,2025-01-29 10:54:44,very short,True,False
True,2025-01-29 14:32:27,medium,False,False
True,2025-01-29 18:33:00,lengthy,True,False
True,2025-01-30 11:29:29,short,False,True
True,2025-01-30 15:54:15,short,False,False
True,2025-01-30 19:55:04,lengthy,False,False
True,2025-01-30 22:32:58,medium,False,False
False,2025-01-31 17:07:57,medium,True,False
True,2025-02-03 23:22:02,short,False,False
True,2025-02-04 06:25:06,very short,False,False
True,2025-02-04 14:43:32,lengthy,False,False
True,2025-02-06 15:30:38,very short,True,False
True,2025-02-07 13:50:34,very short,True,False
True,2025-02-08 05:44:30,medium,True,False
True,2025-02-11 04:31:32,short,True,False
True,2025-02-11 15:13:55,medium,False,False
True,2025-02-11 21:15:28,very short,True,False
True,2025-02-12 16:44:47,medium,False,False
True,2025-02-13 09:00:51,very short,True,False
True,2025-02-13 14:57:55,medium,True,False
True,2025-02-13 20:17:07,lengthy,True,False
True,2025-02-13 22:21:58,lengthy,False,False
True,2025-02-14 08:01:29,lengthy,False,False
True,2025-02-14 09:36:27,lengthy,False,False
True,2025-02-16 06:55:44,short,True,False
True,2025-02-17 10:11:29,very short,True,False
True,2025-02-17 10:24:06,very short,True,False
True,2025-02-17 13:55:10,very short,True,False
True,2025-02-18 15:00:57,very short,True,False
True,2025-02-20 14:24:24,medium,False,False
True,2025-02-21 00:50:13,medium,True,False
True,2025-02-21 14:06:36,lengthy,True,False
True,2025-02-21 14:20:34,lengthy,True,False
True,2025-02-21 18:24:37,medium,True,False
True,2025-02-23 00:43:08,medium,True,False
True,2025-02-23 18:58:26,lengthy,True,False
True,2025-02-24 15:35:58,short,False,False
True,2025-02-24 19:14:43,lengthy,True,False
True,2025-02-26 09:20:27,lengthy,False,False
True,2025-02-26 13:46:20,short,True,False
True,2025-02-26 20:49:49,very short,False,True
True,2025-02-27 00:15:52,lengthy,True,False
True,2025-02-27 17:08:45,medium,False,False
True,2025-02-28 06:39:24,medium,False,False
True,2025-02-28 06:41:00,very short,True,False
True,2025-02-28 06:57:16,very short,True,False
True,2025-02-28 14:10:03,medium,True,False
True,2025-03-01 00:35:47,medium,False,False
True,2025-03-01 02:18:43,short,True,False
True,2025-03-01 06:11:06,medium,True,False
False,2025-03-03 03:01:53,very short,False,True
True,2025-03-03 19:22:05,lengthy,True,False
True,2025-03-03 19:42:30,very short,False,False
True,2025-03-03 21:24:20,lengthy,True,False
True,2025-03-04 07:22:57,short,False,False
True,2025-03-04 12:54:04,medium,True,True
True,2025-03-04 13:01:48,lengthy,False,False
True,2025-03-04 13:58:10,lengthy,True,False
True,2025-03-04 17:42:06,very short,True,False
False,2025-03-05 00:29:13,very short,True,False
False,2025-03-05 08:27:24,lengthy,True,False
True,2025-03-05 12:41:32,lengthy,False,False
True,2025-03-05 13:09:44,short,True,False
True,2025-03-05 18:36:11,very short,False,False
True,2025-03-05 23:03:30,lengthy,True,True
True,2025-03-07 17:44:17,medium,True,False
True,2025-03-07 20:44:22,lengthy,True,False
True,2025-03-12 14:09:03,lengthy,False,False
True,2025-03-12 19:11:07,very short,False,False
True,2025-03-12 23:54:09,very short,True,False
True,2025-03-13 11:39:40,lengthy,False,False
True,2025-03-13 13:01:48,very short,False,False
True,2025-03-13 20:37:18,medium,True,False
True,2025-03-14 08:26:17,very short,True,False
True,2025-03-14 14:35:41,medium,True,False
False,2025-03-17 11:02:20,lengthy,False,True
True,2025-03-17 13:47:04,very short,True,False
False,2025-03-19 08:51:24,lengthy,False,False
True,2025-03-19 15:24:23,very short,False,False
True,2025-03-19 20:03:43,medium,True,False
True,2025-03-20 13:58:19,lengthy,False,False
True,2025-03-20 18:42:08,lengthy,False,False
True,2025-03-21 23:26:39,lengthy,False,False
True,2025-03-22 09:51:25,medium,True,True
True,2025-03-23 19:53:23,lengthy,True,False
True,2025-03-25 12:53:59,medium,False,False
True,2025-03-25 17:18:50,medium,True,False
True,2025-03-26 14:48:40,short,True,False
True,2025-03-26 20:13:34,very short,False,False
False,2025-03-27 01:15:01,lengthy,False,True
True,2025-03-28 14:08:06,lengthy,False,False
True,2025-03-28 14:58:31,very short,False,False
True,2025-03-28 18:54:06,lengthy,True,False
True,2025-03-30 11:24:23,short,True,False
True,2025-04-01 12:18:20,medium,True,False
True,2025-04-01 14:27:28,short,True,True
True,2025-04-01 15:34:07,lengthy,True,True
True,2025-04-01 19:20:23,medium,False,False
True,2025-04-02 15:05:08,very short,True,False
True,2025-04-03 01:11:39,short,True,False
True,2025-04-03 09:42:04,medium,True,False
False,2025-04-03 18:32:38,lengthy,False,True
True,2025-04-03 20:54:28,medium,False,False
True,2025-04-04 10:07:36,medium,True,False
True,2025-04-04 11:06:08,medium,True,False
True,2025-04-05 05:58:31,short,True,False
True,2025-04-06 10:38:31,short,True,False
True,2025-04-06 18:03:09,lengthy,True,True
True,2025-04-07 12:01:52,lengthy,True,True
True,2025-04-08 14:37:16,lengthy,False,False
True,2025-04-08 14:41:08,very short,True,False
True,2025-04-09 20:04:33,lengthy,False,False
True,2025-04-10 00:34:18,short,True,False
True,2025-04-10 14:08:11,lengthy,True,False
True,2025-04-11 05:11:35,medium,True,False
True,2025-04-11 10:41:49,very short,True,False
True,2025-04-11 17:41:58,lengthy,True,False
True,2025-04-11 18:57:32,lengthy,True,False
True,2025-04-11 23:03:17,medium,False,False
True,2025-04-12 14:41:47,very short,True,False
True,2025-04-12 15:44:08,very short,True,False
True,2025-04-13 01:54:14,very short,True,False
True,2025-04-13 04:30:21,very short,True,False
True,2025-04-13 06:45:42,very short,True,False
True,2025-04-14 11:32:17,very short,True,False
True,2025-04-15 11:11:33,very short,True,False
True,2025-04-15 13:49:05,very short,True,False
True,2025-04-16 10:17:13,very short,True,False
True,2025-04-16 18:25:09,very short,True,False
True,2025-04-17 11:49:34,medium,True,False
True,2025-04-17 15:19:02,very short,True,False
True,2025-04-17 15:32:30,very short,True,False
True,2025-04-17 15:51:38,very short,True,False
True,2025-04-18 00:46:05,very short,True,False
True,2025-04-18 01:23:23,very short,True,False
True,2025-04-18 02:06:56,very short,True,False
True,2025-04-18 03:02:09,very short,True,False
True,2025-04-18 03:25:03,very short,True,False
True,2025-04-18 03:37:06,very short,True,False
True,2025-04-18 04:35:13,very short,True,False
True,2025-04-18 15:48:27,very short,True,False
True,2025-04-18 16:11:35,very short,True,False
True,2025-04-18 20:28:52,lengthy,True,False
True,2025-04-19 01:22:14,very short,True,False
True,2025-04-19 09:07:27,very short,True,False
True,2025-04-19 10:47:22,very short,True,False
True,2025-04-19 13:02:36,very short,True,False
True,2025-04-19 16:58:53,very short,True,False
True,2025-04-21 17:05:15,very short,True,False
True,2025-04-22 10:08:10,very short,True,False
True,2025-04-22 14:26:32,lengthy,True,False
True,2025-04-22 15:08:16,medium,True,False
True,2025-04-23 15:50:24,very short,True,True
True,2025-04-24 09:37:15,medium,True,False
True,2025-04-25 12:49:55,medium,False,False
True,2025-04-25 15:34:15,very short,True,False
True,2025-04-25 16:26:22,medium,True,False
True,2025-04-26 03:13:20,medium,True,False
True,2025-04-26 06:32:06,very short,True,False
True,2025-04-26 07:12:30,very short,True,False
True,2025-04-26 16:14:27,very short,True,False
True,2025-04-26 16:14:28,very short,True,False
True,2025-04-26 16:32:08,very short,True,False
True,2025-04-26 17:10:58,short,True,False
True,2025-04-27 14:53:22,short,True,False
True,2025-04-27 18:37:47,very short,True,False
True,2025-04-28 15:55:31,very short,True,False
True,2025-04-28 21:12:49,lengthy,True,False
True,2025-04-29 07:38:24,very short,False,False
True,2025-04-29 07:41:55,lengthy,False,False
True,2025-04-29 11:27:38,short,True,False
True,2025-04-29 11:40:33,very short,True,False
False,2025-04-29 13:20:51,medium,False,True
True,2025-04-29 14:21:00,very short,True,False
True,2025-04-30 08:30:35,short,True,False
True,2025-04-30 10:19:23,very short,True,False
True,2025-04-30 15:45:59,very short,True,False
True,2025-04-30 16:44:03,lengthy,False,False
True,2025-04-30 16:55:39,very short,True,False
True,2025-04-30 17:25:34,lengthy,True,False
True,2025-04-30 20:01:25,lengthy,True,False
True,2025-05-01 11:23:47,very short,True,False
True,2025-05-01 11:35:30,very short,True,False
True,2025-05-01 12:58:09,very short,True,False
True,2025-05-01 15:29:50,very short,True,False
True,2025-05-01 21:10:55,lengthy,False,False
True,2025-05-02 13:48:42,medium,True,False
True,2025-05-02 13:48:43,medium,True,False
True,2025-05-02 14:15:25,medium,True,False
True,2025-05-02 19:53:31,lengthy,True,False
True,2025-05-02 22:01:28,medium,True,False
True,2025-05-03 03:00:36,short,True,False
True,2025-05-03 06:19:29,medium,True,False
True,2025-05-03 16:12:36,short,True,False
True,2025-05-04 02:14:16,medium,True,False
True,2025-05-04 06:25:38,short,True,False
True,2025-05-04 13:28:17,short,True,False
True,2025-05-05 12:25:55,very short,True,False
True,2025-05-06 12:50:27,medium,True,False
True,2025-05-06 12:58:53,very short,True,False
True,2025-05-06 13:23:42,very short,True,False
True,2025-05-06 13:31:50,very short,True,False
True,2025-05-06 14:24:25,very short,True,False
True,2025-05-06 18:32:50,lengthy,True,False
True,2025-05-06 19:09:38,lengthy,True,False
True,2025-05-07 02:51:36,lengthy,True,False
True,2025-05-07 03:22:54,lengthy,True,False
True,2025-05-07 04:17:32,short,True,False
True,2025-05-07 11:46:26,medium,True,False
True,2025-05-07 11:55:02,lengthy,True,False
True,2025-05-07 15:18:09,medium,True,False
True,2025-05-07 15:48:48,medium,True,False
True,2025-05-07 19:25:06,lengthy,False,False
True,2025-05-07 23:37:05,very short,True,False
True,2025-05-08 02:07:22,lengthy,True,False
True,2025-05-08 11:00:03,very short,True,False
True,2025-05-08 13:59:21,medium,True,False
True,2025-05-08 13:59:23,medium,True,False
True,2025-05-09 12:28:31,medium,True,False
True,2025-05-09 12:57:02,medium,True,False
True,2025-05-09 13:57:19,medium,True,False
True,2025-05-09 15:35:34,medium,True,False
True,2025-05-09 20:49:50,lengthy,False,False
True,2025-05-10 04:11:01,medium,True,False
True,2025-05-10 06:12:49,medium,True,False
True,2025-05-10 08:18:32,medium,True,False
True,2025-05-10 08:18:33,medium,True,False
True,2025-05-10 08:18:36,lengthy,True,False
True,2025-05-10 14:38:09,medium,True,False
True,2025-05-12 09:33:25,very short,True,False
True,2025-05-12 10:00:09,lengthy,True,False
True,2025-05-13 10:00:48,medium,False,False
True,2025-05-13 10:37:56,medium,False,False
True,2025-05-13 13:04:43,medium,False,False
True,2025-05-13 13:13:29,very short,True,False
True,2025-05-13 13:57:34,short,True,False
True,2025-05-13 14:57:42,lengthy,False,False
True,2025-05-13 16:05:35,short,False,False
True,2025-05-14 14:01:15,lengthy,True,False
True,2025-05-14 14:27:23,short,True,False
True,2025-05-14 17:29:36,lengthy,True,False
True,2025-05-14 21:51:49,medium,True,False
True,2025-05-15 07:15:10,lengthy,True,False
True,2025-05-15 09:34:17,medium,True,False
True,2025-05-15 10:27:42,medium,True,False
True,2025-05-15 10:43:41,medium,True,False
True,2025-05-15 11:34:56,medium,True,False
True,2025-05-15 15:11:25,medium,True,False
True,2025-05-16 02:44:22,short,True,False
True,2025-05-17 03:24:01,medium,True,False
True,2025-05-17 07:44:53,lengthy,True,False
True,2025-05-17 08:41:07,medium,True,False
True,2025-05-17 14:24:55,lengthy,True,False
True,2025-05-17 14:50:30,lengthy,True,False
True,2025-05-17 14:53:40,medium,True,False
True,2025-05-18 06:30:56,short,True,False
True,2025-05-18 07:22:52,medium,True,False
True,2025-05-19 11:03:57,lengthy,True,False
True,2025-05-19 18:44:34,short,False,False
False,2025-05-19 20:53:12,lengthy,True,False
True,2025-05-20 13:44:06,very short,True,False
True,2025-05-20 13:55:23,very short,True,False
True,2025-05-20 16:09:12,very short,True,False
True,2025-05-20 16:20:20,very short,True,False
True,2025-05-20 16:33:52,very short,True,False
True,2025-05-21 08:43:24,very short,True,False
True,2025-05-21 16:19:35,lengthy,True,False
True,2025-05-21 18:17:55,lengthy,True,False
True,2025-05-21 18:52:02,very short,True,False
True,2025-05-21 19:14:05,very short,True,False
True,2025-05-21 23:37:26,short,True,False
True,2025-05-22 14:30:31,very short,True,False
True,2025-05-22 14:30:39,very short,True,False
True,2025-05-22 14:53:21,very short,True,False
True,2025-05-22 14:53:41,very short,True,False
True,2025-05-22 22:25:08,medium,False,False
True,2025-05-23 21:14:52,lengthy,True,False
True,2025-05-24 00:21:14,short,True,False
True,2025-05-24 05:06:07,medium,True,False
True,2025-05-24 05:06:08,medium,True,False
True,2025-05-24 05:06:10,medium,True,False
True,2025-05-25 02:12:46,medium,True,False
True,2025-05-25 02:47:07,medium,True,False
True,2025-05-25 03:24:36,medium,True,False
True,2025-05-25 10:14:44,short,True,False
True,2025-05-26 11:23:38,very short,True,False
True,2025-05-26 13:03:58,medium,True,False
False,2025-05-26 22:08:57,very short,False,True
True,2025-05-27 17:22:18,very short,False,True
True,2025-05-28 06:58:06,lengthy,False,True
True,2025-05-28 11:34:59,very short,True,False
True,2025-05-28 13:38:32,medium,False,False
True,2025-05-28 14:22:36,medium,False,False
True,2025-05-28 14:27:54,very short,False,False
True,2025-05-28 17:04:20,medium,False,False
True,2025-05-28 17:15:17,medium,True,False
True,2025-05-28 22:05:25,medium,False,False
True,2025-05-28 22:42:15,medium,True,False
True,2025-05-29 06:02:25,lengthy,False,False
True,2025-05-30 10:25:31,short,True,False
True,2025-05-30 12:27:33,short,True,False
True,2025-05-30 17:57:24,short,False,False
True,2025-05-31 11:12:09,medium,True,True
True,2025-06-02 09:27:41,very short,False,False
True,2025-06-03 12:56:30,very short,True,False
True,2025-06-03 18:50:02,very short,True,False
True,2025-06-04 06:40:19,short,False,True
True,2025-06-04 09:39:16,short,True,False
False,2025-06-04 12:38:11,short,True,False
True,2025-06-04 13:52:17,very short,False,False
False,2025-06-04 16:27:38,very short,False,True
True,2025-06-05 14:28:19,very short,True,False
True,2025-06-06 11:54:47,lengthy,True,False
True,2025-06-06 15:09:16,short,False,False
True,2025-06-07 01:38:40,medium,True,True
True,2025-06-07 16:02:27,short,True,False
True,2025-06-09 14:18:31,very short,False,False
True,2025-06-10 12:06:11,very short,True,False
True,2025-06-10 13:16:53,very short,True,False
True,2025-06-10 13:16:56,lengthy,True,False
True,2025-06-10 13:59:10,very short,True,False
True,2025-06-11 15:58:28,very short,False,False
True,2025-06-11 17:04:02,lengthy,False,False
True,2025-06-12 10:01:36,medium,False,False
True,2025-06-12 11:05:16,very short,True,False
True,2025-06-12 11:15:13,very short,True,False
True,2025-06-12 13:38:15,very short,True,False
False,2025-06-13 13:08:09,very short,True,True
True,2025-06-14 14:11:45,short,True,False
False,2025-06-14 19:23:08,lengthy,True,False
True,2025-06-15 03:23:16,very short,True,False
True,2025-06-15 06:42:59,very short,True,False
True,2025-06-16 11:01:00,medium,True,False
True,2025-06-17 11:24:06,very short,True,False
True,2025-06-18 07:54:49,medium,True,False
True,2025-06-18 16:16:22,medium,True,True
True,2025-06-19 13:44:56,very short,True,False
True,2025-06-20 12:23:49,very short,True,False
True,2025-06-20 13:03:05,very short,True,False
True,2025-06-20 18:13:48,short,True,False
False,2025-06-20 21:49:32,lengthy,False,True
True,2025-06-21 08:58:42,lengthy,False,True
True,2025-06-21 11:32:34,short,True,False
True,2025-06-21 17:37:52,very short,True,True
True,2025-06-22 02:40:36,very short,True,False
True,2025-06-22 07:09:41,lengthy,True,False
True,2025-06-22 14:15:22,very short,True,False
True,2025-06-22 14:40:24,very short,True,False
True,2025-06-23 08:29:29,medium,False,False
True,2025-06-23 08:34:25,very short,True,False
True,2025-06-23 11:09:16,short,True,False
True,2025-06-24 15:28:34,lengthy,False,False
True,2025-06-24 20:02:14,short,False,False
True,2025-06-25 08:15:45,lengthy,True,False
True,2025-06-25 08:33:13,very short,True,False
True,2025-06-25 11:16:23,very short,True,False
True,2025-06-25 15:44:41,very short,True,False
True,2025-06-25 17:00:08,lengthy,True,True
True,2025-06-27 13:10:48,lengthy,False,False
True,2025-06-27 22:09:29,lengthy,True,False
True,2025-06-29 00:09:10,very short,True,False
True,2025-06-29 10:13:02,lengthy,True,False
True,2025-06-29 14:59:08,very short,True,False
False,2025-06-30 11:28:11,very short,False,True
True,2025-06-30 12:08:49,very short,True,False
True,2025-07-01 17:07:53,medium,True,False
True,2025-07-03 12:11:03,very short,True,False
False,2025-07-03 14:32:13,very short,True,False
True,2025-07-04 18:05:21,lengthy,True,True
True,2025-07-08 06:02:49,lengthy,False,False
True,2025-07-08 12:41:06,very short,False,False
True,2025-07-08 15:43:07,lengthy,True,False
True,2025-07-08 16:23:55,very short,True,False
True,2025-07-10 11:26:01,medium,True,False
True,2025-07-10 12:48:34,lengthy,False,False
True,2025-07-11 21:40:42,lengthy,True,False
True,2025-07-12 13:02:38,lengthy,True,False
True,2025-07-13 13:44:25,lengthy,True,False
True,2025-07-15 13:53:48,lengthy,True,False
True,2025-07-15 19:38:31,lengthy,True,False
True,2025-07-16 00:45:55,very short,True,False
True,2025-07-16 15:06:47,very short,True,False
True,2025-07-16 16:57:24,very short,True,False
True,2025-07-16 19:36:55,very short,False,False
True,2025-07-16 19:42:00,very short,False,False
True,2025-07-17 09:10:53,very short,True,False
True,2025-07-17 09:11:32,very short,True,False
True,2025-07-20 11:28:56,lengthy,True,False
True,2025-07-20 13:30:10,medium,True,False
True,2025-07-20 19:11:57,lengthy,True,False
True,2025-07-21 10:43:39,lengthy,False,False
True,2025-07-21 22:15:04,short,False,False
True,2025-07-22 08:46:45,short,True,False
True,2025-07-22 16:04:27,medium,True,False
False,2025-07-22 19:48:20,medium,True,False
True,2025-07-23 08:15:49,short,False,True
True,2025-07-23 12:03:51,lengthy,True,False
True,2025-07-23 14:56:51,lengthy,False,False
True,2025-07-24 09:47:19,very short,True,False
True,2025-07-26 15:58:47,short,True,True
True,2025-07-26 17:22:44,medium,True,True
True,2025-07-28 11:41:57,very short,False,False
True,2025-07-29 06:00:59,very short,True,False
True,2025-07-29 09:17:54,very short,True,False
True,2025-07-29 09:27:18,medium,True,False
True,2025-07-29 12:20:01,lengthy,True,False
False,2025-07-29 18:13:55,very short,True,False
True,2025-07-30 20:15:04,very short,False,False
True,2025-07-31 02:43:09,lengthy,False,True
True,2025-07-31 08:07:58,medium,False,True
True,2025-07-31 08:51:52,very short,True,False
True,2025-07-31 10:59:59,very short,False,False
True,2025-08-01 09:23:42,very short,True,False
True,2025-08-01 10:04:35,very short,True,True
True,2025-08-01 10:55:52,medium,False,False
False,2025-08-01 11:54:51,lengthy,False,False
True,2025-08-01 13:37:19,very short,True,False
True,2025-08-01 16:13:33,short,True,False
True,2025-08-01 21:41:56,lengthy,False,False
True,2025-08-02 17:47:00,short,True,False
True,2025-08-04 12:51:24,very short,True,False
True,2025-08-04 14:11:32,very short,False,False
True,2025-08-05 12:57:37,medium,True,False
True,2025-08-05 16:05:39,very short,True,False
True,2025-08-07 16:36:56,lengthy,True,False
True,2025-08-09 02:08:03,lengthy,True,True
True,2025-08-11 11:10:09,medium,True,False
True,2025-08-11 11:15:55,very short,True,False
True,2025-08-11 14:27:09,medium,False,False
True,2025-08-11 15:44:24,very short,True,False
True,2025-08-11 15:53:22,very short,True,False
True,2025-08-11 16:07:10,very short,True,False
True,2025-08-13 07:15:41,short,True,False
True,2025-08-14 21:53:07,medium,False,False
True,2025-08-15 17:02:49,very short,False,False
True,2025-08-15 20:28:03,lengthy,True,False
False,2025-08-18 06:39:22,very short,False,False
True,2025-08-20 09:02:20,lengthy,False,False
True,2025-08-20 12:37:39,medium,False,False
True,2025-08-21 04:30:46,lengthy,True,True
True,2025-08-21 08:07:42,lengthy,False,False
True,2025-08-21 09:49:32,very short,True,False
True,2025-08-22 12:16:21,medium,False,False
True,2025-08-22 14:03:18,medium,True,True
True,2025-08-22 20:13:12,medium,False,False
False,2025-08-23 09:26:37,lengthy,False,False
True,2025-08-23 14:57:26,medium,True,False
True,2025-08-24 12:09:57,lengthy,True,False
True,2025-08-24 12:27:22,lengthy,True,False
True,2025-08-24 12:51:58,lengthy,True,False
True,2025-08-28 15:02:25,medium,True,False
True,2025-08-28 21:50:39,lengthy,False,False
True,2025-08-30 19:18:49,short,True,False
True,2025-09-02 08:09:30,very short,True,False
True,2025-09-02 20:54:38,lengthy,True,False
True,2025-09-02 23:12:29,lengthy,True,False
True,2025-09-02 23:32:49,medium,True,False
True,2025-09-02 23:49:09,lengthy,True,False
True,2025-09-03 09:14:51,short,False,False
True,2025-09-03 14:30:48,lengthy,True,False
True,2025-09-03 15:11:08,very short,True,False
True,2025-09-03 15:25:25,medium,False,False
True,2025-09-04 10:47:03,very short,True,False
True,2025-09-04 14:09:54,lengthy,True,False
True,2025-09-05 05:21:51,lengthy,True,False
True,2025-09-05 06:13:10,very short,True,False
True,2025-09-06 15:09:54,medium,True,False
True,2025-09-06 15:13:13,lengthy,True,False
True,2025-09-06 15:17:34,lengthy,True,False
True,2025-09-06 15:23:37,lengthy,True,False
True,2025-09-06 17:23:59,lengthy,True,False
True,2025-09-06 19:06:25,medium,True,False
True,2025-09-06 19:13:07,medium,True,False
True,2025-09-06 19:19:40,lengthy,True,False
True,2025-09-08 20:09:47,medium,False,False
True,2025-09-09 08:46:57,medium,True,False
True,2025-09-09 14:08:16,very short,True,False
True,2025-09-09 18:00:06,medium,False,False
True,2025-09-10 02:56:36,medium,True,False
True,2025-09-11 16:38:35,very short,False,False
True,2025-09-11 21:32:23,lengthy,True,False
True,2025-09-12 17:54:32,lengthy,True,False
True,2025-09-12 18:33:57,very short,False,False
True,2025-09-12 20:55:48,very short,False,False
True,2025-09-15 14:39:38,lengthy,False,False
True,2025-09-16 16:52:33,very short,True,False
True,2025-09-17 12:55:22,short,False,True
True,2025-09-17 17:29:18,medium,False,False
True,2025-09-19 21:08:24,medium,True,False
True,2025-09-21 21:04:45,short,True,True
True,2025-09-22 18:24:12,lengthy,True,False
True,2025-09-23 07:48:19,short,True,False
True,2025-09-23 08:10:44,very short,True,False
True,2025-09-23 17:35:37,medium,True,False
True,2025-09-23 20:58:14,lengthy,True,False
True,2025-09-23 21:29:42,medium,True,False
True,2025-09-23 21:49:54,medium,True,False
True,2025-09-25 04:47:51,very short,True,False
True,2025-09-25 09:33:56,medium,True,False
True,2025-09-30 05:56:05,lengthy,False,False
False,2025-10-01 07:26:35,very short,False,True
False,2025-10-01 12:02:41,medium,False,False
True,2025-10-02 11:09:19,medium,False,True
False,2025-10-02 14:34:52,very short,False,True
True,2025-10-02 15:50:53,very short,True,False
False,2025-10-03 08:54:36,very short,False,True
True,2025-10-05 01:35:49,medium,True,False
True,2025-10-05 09:26:50,short,True,False
False,2025-10-05 16:03:24,very short,True,True
False,2025-10-05 18:44:16,very short,False,True
True,2025-10-05 20:53:15,very short,True,False
True,2025-10-06 21:02:47,lengthy,True,True
True,2025-10-06 21:02:58,short,False,False
True,2025-10-07 12:25:26,very short,True,False
True,2025-10-07 12:36:38,very short,True,False
True,2025-10-07 14:11:47,lengthy,True,False
True,2025-10-07 17:15:23,very short,True,False
True,2025-10-08 12:35:25,very short,True,False
True,2025-10-08 14:50:24,very short,False,False
True,2025-10-10 10:31:19,very short,False,False
True,2025-10-11 10:53:49,short,True,False
True,2025-10-13 20:43:21,short,True,False
True,2025-10-15 00:11:05,very short,True,False
True,2025-10-15 08:59:15,very short,True,False
True,2025-10-15 20:26:26,lengthy,True,False
True,2025-10-15 20:29:19,very short,True,False
True,2025-10-15 20:39:26,short,True,False
True,2025-10-16 23:33:13,very short,True,False
True,2025-10-19 00:16:52,medium,True,False
True,2025-10-19 13:47:32,medium,True,False
True,2025-10-19 14:10:15,short,True,False
True,2025-10-20 12:31:30,short,True,False
True,2025-10-21 21:12:07,very short,True,False
True,2025-10-22 19:11:37,lengthy,False,False
True,2025-10-22 20:47:28,lengthy,True,False
True,2025-10-23 11:58:37,very short,False,False
True,2025-10-23 13:15:33,very short,True,False
True,2025-10-23 15:30:29,medium,True,False
True,2025-10-24 07:04:50,medium,True,False
True,2025-10-24 09:20:58,medium,True,True
True,2025-10-24 09:28:44,very short,True,False
True,2025-10-24 09:35:18,very short,True,False
True,2025-10-24 11:33:39,very short,False,False
True,2025-10-25 00:08:37,lengthy,True,False
True,2025-10-26 20:28:38,medium,True,False
True,2025-10-27 00:27:38,very short,True,True
True,2025-10-27 19:40:01,short,True,False
True,2025-10-30 17:15:40,lengthy,False,True
False,2025-10-31 07:36:32,very short,False,True
False,2025-10-31 10:28:14,lengthy,False,False
True,2025-11-01 12:27:14,lengthy,True,True
False,2025-11-01 23:21:45,short,False,True
True,2025-11-02 17:51:03,short,True,False
True,2025-11-03 17:32:19,short,True,False
True,2025-11-04 11:30:59,medium,False,False
True,2025-11-05 19:42:05,lengthy,False,False
False,2025-11-07 12:12:47,very short,False,True
True,2025-11-07 17:49:29,lengthy,True,False
True,2025-11-07 20:31:46,lengthy,True,False
True,2025-11-08 08:16:03,lengthy,True,False
True,2025-11-10 11:28:09,lengthy,False,False
True,2025-11-10 12:00:15,very short,True,False
True,2025-11-10 12:08:12,medium,False,False
True,2025-11-10 21:05:17,medium,False,False
True,2025-11-10 22:20:27,very short,True,True
True,2025-11-12 13:52:11,lengthy,False,False
True,2025-11-12 15:10:43,lengthy,False,False
True,2025-11-13 16:34:14,medium,True,False
True,2025-11-13 17:11:55,very short,False,False
True,2025-11-14 12:12:24,very short,True,False
True,2025-11-14 17:10:37,short,True,False
True,2025-11-15 22:46:42,lengthy,True,False
True,2025-11-16 13:39:03,medium,True,False
True,2025-11-17 16:36:50,medium,True,True
True,2025-11-18 12:59:53,medium,True,False
True,2025-11-18 16:11:50,lengthy,False,False
True,2025-11-18 21:26:53,short,True,False
True,2025-11-19 00:45:38,lengthy,True,False
True,2025-11-19 10:40:44,very short,True,False
True,2025-11-19 17:56:17,very short,True,False
True,2025-11-19 19:14:57,medium,True,False
True,2025-11-19 23:16:06,lengthy,True,False
True,2025-11-20 07:31:50,very short,True,False
True,2025-11-20 14:31:42,lengthy,True,False
True,2025-11-20 23:05:08,lengthy,True,False
True,2025-11-21 12:56:51,lengthy,True,False
True,2025-11-21 12:59:06,medium,True,False
True,2025-11-21 19:45:22,medium,True,False
True,2025-11-23 02:57:51,lengthy,True,False
True,2025-11-24 12:25:28,short,True,True
False,2025-11-24 12:59:40,very short,False,False
True,2025-11-24 20:05:41,lengthy,True,False
False,2025-11-25 19:41:33,short,False,True
False,2025-11-26 19:58:03,lengthy,False,False
True,2025-11-27 09:43:03,lengthy,True,False
True,2025-11-27 09:48:37,lengthy,True,False
True,2025-11-27 13:11:07,lengthy,True,False
False,2025-11-27 15:23:20,very short,False,True
True,2025-11-27 15:51:30,lengthy,True,False
True,2025-11-28 18:19:42,lengthy,True,False
