merged,created_at,lifetime,main_team_member,first_pull,commits
True,2012-04-28 07:34:39,very short,False,False,some commits
False,2012-04-28 11:27:26,very short,False,True,1 commit
False,2012-04-28 14:50:34,very short,False,True,some commits
False,2012-04-28 17:15:07,short,False,True,1 commit
True,2012-04-28 17:19:17,very short,False,True,1 commit
True,2012-04-28 18:18:09,very short,False,True,1 commit
False,2012-04-28 19:48:21,lengthy,False,True,many commits
True,2012-04-28 19:56:47,very short,False,False,1 commit
True,2012-04-28 20:23:11,very short,False,True,1 commit
True,2012-04-28 23:28:39,very short,False,True,1 commit
True,2012-04-29 02:07:38,very short,False,True,1 commit
False,2012-04-29 02:45:22,lengthy,False,False,some commits
True,2012-04-29 07:04:05,very short,False,True,1 commit
True,2012-04-29 12:00:20,very short,False,False,some commits
True,2012-04-30 01:54:06,lengthy,False,True,1 commit
True,2012-04-30 11:53:39,very short,False,True,1 commit
True,2012-04-30 17:02:37,very short,True,True,some commits
True,2012-04-30 19:11:57,short,False,False,some commits
False,2012-04-30 22:23:14,very short,False,True,1 commit
True,2012-05-01 03:11:42,very short,False,True,1 commit
False,2012-05-01 14:36:29,lengthy,False,False,1 commit
False,2012-05-01 19:51:32,lengthy,False,True,1 commit
False,2012-05-02 19:24:01,medium,False,False,1 commit
False,2012-05-02 20:54:08,medium,True,True,some commits
False,2012-05-03 15:31:54,medium,True,False,1 commit
False,2012-05-03 18:04:46,lengthy,True,True,many commits
True,2012-05-03 18:53:50,lengthy,False,True,1 commit
False,2012-05-03 19:28:00,very short,False,True,1 commit
False,2012-05-04 07:05:38,lengthy,True,True,many commits
False,2012-05-05 12:12:58,lengthy,False,True,1 commit
True,2012-05-08 15:28:58,very short,False,True,1 commit
False,2012-05-09 00:34:06,lengthy,True,True,1 commit
False,2012-05-09 22:03:03,lengthy,True,True,some commits
False,2012-05-10 15:09:47,very short,False,True,1 commit
False,2012-05-10 15:09:53,short,False,True,some commits
False,2012-05-11 21:23:09,lengthy,False,False,some commits
False,2012-05-11 22:59:53,lengthy,False,True,1 commit
False,2012-05-13 12:00:57,lengthy,False,False,1 commit
False,2012-05-13 20:00:08,lengthy,False,True,1 commit
False,2012-05-15 17:26:33,short,True,False,1 commit
False,2012-05-15 21:06:15,lengthy,True,False,1 commit
False,2012-05-16 10:39:58,lengthy,False,True,some commits
True,2012-05-16 15:47:55,short,False,True,1 commit
False,2012-05-16 16:09:36,lengthy,False,True,1 commit
True,2012-05-16 18:36:00,short,True,True,some commits
False,2012-05-16 23:22:52,lengthy,False,True,1 commit
False,2012-05-16 23:26:12,lengthy,False,False,1 commit
False,2012-05-16 23:26:48,lengthy,False,False,1 commit
False,2012-05-17 20:11:38,very short,True,False,1 commit
True,2012-05-17 22:57:51,very short,False,True,1 commit
False,2012-05-17 23:19:58,lengthy,False,True,1 commit
False,2012-05-18 07:59:28,lengthy,False,True,many commits
True,2012-05-18 10:28:32,very short,False,True,1 commit
True,2012-05-18 21:56:59,very short,False,True,1 commit
False,2012-05-18 22:50:40,lengthy,False,True,1 commit
False,2012-05-20 02:06:57,lengthy,False,True,1 commit
False,2012-05-20 16:07:56,lengthy,True,True,some commits
False,2012-05-21 09:59:05,medium,False,True,1 commit
False,2012-05-21 19:42:44,lengthy,False,True,1 commit
False,2012-05-22 09:33:28,lengthy,True,True,some commits
False,2012-05-25 16:12:41,medium,False,False,1 commit
False,2012-05-28 19:50:23,lengthy,True,False,many commits
False,2012-05-28 20:52:46,lengthy,False,False,some commits
True,2012-05-31 15:03:22,medium,False,True,1 commit
False,2012-06-02 13:10:02,lengthy,True,True,many commits
False,2012-06-03 09:59:17,lengthy,False,True,1 commit
True,2012-06-03 19:45:46,very short,False,True,1 commit
False,2012-06-04 00:00:09,lengthy,False,True,1 commit
False,2012-06-04 02:34:14,medium,False,False,1 commit
True,2012-06-04 11:25:21,very short,False,False,1 commit
False,2012-06-04 21:02:55,lengthy,False,True,some commits
False,2012-06-05 07:58:04,medium,False,True,1 commit
True,2012-06-05 11:35:31,very short,True,True,some commits
False,2012-06-06 03:51:16,very short,False,True,1 commit
False,2012-06-06 09:16:55,short,False,True,1 commit
False,2012-06-07 10:53:33,very short,False,True,1 commit
True,2012-06-07 11:35:49,very short,False,True,1 commit
False,2012-06-07 11:48:24,lengthy,False,False,some commits
False,2012-06-07 15:02:58,lengthy,False,True,1 commit
False,2012-06-07 15:14:26,lengthy,True,True,many commits
True,2012-06-07 15:25:09,very short,False,False,1 commit
True,2012-06-07 15:37:04,very short,False,False,1 commit
False,2012-06-07 15:57:36,very short,False,True,1 commit
False,2012-06-07 16:14:59,very short,False,True,some commits
False,2012-06-07 16:43:27,very short,False,True,1 commit
True,2012-06-07 17:55:23,very short,False,True,1 commit
False,2012-06-07 18:08:37,very short,False,True,some commits
False,2012-06-07 18:41:00,lengthy,True,False,1 commit
False,2012-06-07 21:28:17,lengthy,False,False,1 commit
False,2012-06-08 09:37:05,lengthy,False,True,1 commit
False,2012-06-08 09:51:43,lengthy,False,True,1 commit
False,2012-06-08 10:06:07,lengthy,False,False,1 commit
False,2012-06-08 10:12:10,lengthy,False,True,1 commit
False,2012-06-08 10:51:38,lengthy,False,False,1 commit
False,2012-06-08 13:44:38,lengthy,False,False,1 commit
False,2012-06-08 14:28:04,lengthy,False,False,some commits
False,2012-06-08 14:36:09,lengthy,False,False,1 commit
False,2012-06-08 15:40:54,short,True,True,many commits
False,2012-06-08 16:41:11,short,False,True,many commits
False,2012-06-09 05:57:36,lengthy,True,False,1 commit
False,2012-06-09 07:41:14,very short,False,True,1 commit
False,2012-06-10 22:04:29,medium,False,True,1 commit
False,2012-06-12 10:32:52,lengthy,False,True,some commits
False,2012-06-12 14:06:28,lengthy,False,False,some commits
False,2012-06-13 18:45:26,medium,True,True,some commits
False,2012-06-14 02:32:13,medium,True,True,some commits
True,2012-06-14 14:43:06,lengthy,False,True,1 commit
False,2012-06-14 19:47:46,lengthy,False,True,many commits
False,2012-06-15 14:08:34,lengthy,False,True,some commits
False,2012-06-17 00:03:12,lengthy,False,True,some commits
True,2012-06-17 09:42:13,very short,False,False,1 commit
False,2012-06-18 08:01:16,lengthy,False,True,1 commit
False,2012-06-18 22:16:53,lengthy,False,True,1 commit
False,2012-06-19 08:22:27,lengthy,False,True,1 commit
False,2012-06-19 11:42:19,medium,True,False,1 commit
False,2012-06-20 06:27:46,lengthy,True,False,some commits
False,2012-06-20 17:31:00,medium,True,True,some commits
False,2012-06-21 09:37:23,short,False,True,1 commit
False,2012-06-22 23:22:17,lengthy,False,True,1 commit
False,2012-06-23 14:58:30,lengthy,False,False,1 commit
False,2012-06-24 02:55:47,short,False,True,1 commit
False,2012-06-25 09:40:50,lengthy,False,True,1 commit
False,2012-06-25 11:01:11,lengthy,False,True,many commits
False,2012-06-25 11:49:45,lengthy,True,True,many commits
False,2012-06-25 19:53:23,lengthy,True,True,many commits
True,2012-06-27 02:48:03,medium,False,True,1 commit
False,2012-06-28 08:05:09,lengthy,False,True,1 commit
False,2012-06-28 08:12:30,lengthy,False,False,many commits
False,2012-06-28 13:13:06,lengthy,False,True,1 commit
False,2012-07-03 10:07:55,lengthy,True,False,some commits
False,2012-07-03 18:32:40,lengthy,True,True,some commits
True,2012-07-04 19:45:24,lengthy,False,True,1 commit
True,2012-07-04 21:38:48,short,False,False,1 commit
False,2012-07-05 21:11:37,medium,False,True,some commits
False,2012-07-05 21:31:53,lengthy,True,False,1 commit
True,2012-07-06 09:12:46,very short,False,False,1 commit
True,2012-07-06 18:25:15,very short,False,True,1 commit
False,2012-07-07 08:28:58,lengthy,False,True,1 commit
False,2012-07-07 12:27:30,lengthy,False,True,1 commit
False,2012-07-07 12:41:09,lengthy,False,True,1 commit
False,2012-07-07 19:00:58,lengthy,False,True,1 commit
False,2012-07-08 09:38:49,lengthy,True,True,some commits
False,2012-07-09 04:03:45,very short,False,True,1 commit
True,2012-07-09 08:01:36,lengthy,False,True,1 commit
False,2012-07-09 18:18:20,very short,False,True,1 commit
True,2012-07-10 15:28:53,short,False,True,1 commit
False,2012-07-10 20:12:11,medium,False,True,1 commit
True,2012-07-11 03:07:34,very short,False,True,1 commit
False,2012-07-11 21:31:50,short,False,True,1 commit
False,2012-07-12 01:52:42,lengthy,True,True,many commits
False,2012-07-12 21:28:51,lengthy,True,True,many commits
False,2012-07-12 21:48:04,lengthy,False,True,many commits
False,2012-07-13 06:04:00,medium,False,True,1 commit
False,2012-07-14 17:44:40,lengthy,False,False,1 commit
False,2012-07-15 23:14:13,lengthy,False,False,some commits
False,2012-07-16 00:28:09,short,False,True,1 commit
True,2012-07-16 00:37:40,lengthy,False,False,some commits
False,2012-07-16 02:08:33,lengthy,False,True,1 commit
True,2012-07-16 04:38:02,medium,False,True,1 commit
False,2012-07-16 22:29:42,medium,False,False,1 commit
True,2012-07-17 00:48:19,very short,False,True,1 commit
True,2012-07-17 14:40:38,medium,False,True,1 commit
False,2012-07-18 09:56:19,lengthy,True,True,many commits
True,2012-07-18 12:13:41,lengthy,False,False,1 commit
True,2012-07-18 18:36:11,medium,False,True,1 commit
False,2012-07-20 21:05:24,lengthy,False,False,1 commit
False,2012-07-21 02:34:22,lengthy,True,True,many commits
True,2012-07-22 14:55:52,medium,False,True,1 commit
True,2012-07-23 23:06:59,medium,False,True,1 commit
False,2012-07-24 08:50:25,lengthy,False,False,1 commit
True,2012-07-24 18:49:35,short,True,True,some commits
True,2012-07-24 23:25:20,very short,False,False,some commits
True,2012-07-25 03:00:07,very short,False,True,1 commit
True,2012-07-25 08:48:26,very short,False,True,1 commit
True,2012-07-25 20:41:14,lengthy,False,True,1 commit
False,2012-07-26 02:58:10,lengthy,True,False,1 commit
False,2012-07-26 21:47:02,lengthy,False,True,1 commit
False,2012-07-28 02:56:30,lengthy,False,False,1 commit
False,2012-07-29 17:40:24,lengthy,False,True,1 commit
False,2012-08-01 18:10:41,very short,False,True,1 commit
False,2012-08-02 07:48:05,medium,False,True,1 commit
True,2012-08-02 11:29:41,short,False,True,1 commit
False,2012-08-03 16:19:52,medium,False,False,some commits
True,2012-08-03 16:33:27,lengthy,False,False,1 commit
False,2012-08-04 22:36:59,very short,False,True,1 commit
False,2012-08-05 00:47:52,lengthy,False,False,many commits
False,2012-08-06 05:47:43,very short,False,True,1 commit
True,2012-08-06 21:29:31,very short,False,True,1 commit
False,2012-08-08 13:04:38,very short,False,True,1 commit
False,2012-08-08 14:52:51,very short,False,True,1 commit
False,2012-08-09 03:59:53,short,False,True,1 commit
False,2012-08-09 21:49:12,short,False,True,many commits
False,2012-08-10 03:38:12,very short,False,False,1 commit
False,2012-08-10 11:41:30,short,True,True,many commits
True,2012-08-11 06:10:14,medium,False,True,1 commit
False,2012-08-11 21:04:43,very short,False,True,1 commit
False,2012-08-11 21:33:26,short,False,False,some commits
False,2012-08-11 22:36:35,medium,False,False,1 commit
False,2012-08-13 12:16:17,very short,False,False,1 commit
False,2012-08-14 18:56:58,very short,False,True,1 commit
False,2012-08-14 19:20:28,very short,False,False,1 commit
False,2012-08-14 20:21:36,very short,False,False,1 commit
False,2012-08-15 05:15:31,lengthy,False,False,1 commit
False,2012-08-15 11:10:32,lengthy,False,True,1 commit
True,2012-08-15 17:41:52,short,False,True,1 commit
True,2012-08-16 06:28:11,very short,False,False,1 commit
False,2012-08-16 06:30:48,short,False,False,1 commit
False,2012-08-16 12:23:00,lengthy,True,True,some commits
False,2012-08-16 14:40:50,very short,False,False,some commits
False,2012-08-17 02:58:37,lengthy,True,False,1 commit
False,2012-08-17 10:22:32,very short,False,True,1 commit
False,2012-08-17 11:37:06,very short,False,True,1 commit
True,2012-08-18 00:30:46,very short,False,False,1 commit
True,2012-08-18 11:05:03,very short,False,False,1 commit
True,2012-08-18 15:21:44,very short,False,True,1 commit
True,2012-08-18 15:57:56,very short,False,False,1 commit
True,2012-08-18 16:08:17,very short,False,False,1 commit
False,2012-08-18 18:10:59,lengthy,False,True,1 commit
True,2012-08-18 21:07:24,very short,False,False,1 commit
False,2012-08-19 06:03:49,medium,False,True,some commits
True,2012-08-19 18:06:05,very short,False,False,1 commit
False,2012-08-19 19:09:26,lengthy,False,False,some commits
False,2012-08-19 22:49:25,medium,False,False,1 commit
False,2012-08-20 10:52:04,lengthy,False,True,some commits
True,2012-08-21 13:12:56,short,False,True,1 commit
False,2012-08-22 20:22:15,medium,False,True,some commits
False,2012-08-23 02:39:45,medium,False,True,1 commit
True,2012-08-23 14:48:46,very short,False,True,1 commit
False,2012-08-25 12:06:03,medium,False,True,1 commit
False,2012-08-25 15:55:35,lengthy,False,False,some commits
False,2012-08-25 21:03:18,lengthy,True,True,some commits
False,2012-08-26 04:35:49,lengthy,False,True,1 commit
False,2012-08-26 09:20:58,short,False,True,1 commit
False,2012-08-26 19:01:44,lengthy,False,False,many commits
True,2012-08-26 21:28:58,short,False,False,1 commit
True,2012-08-28 00:05:06,medium,False,False,1 commit
True,2012-08-29 00:48:00,short,False,True,1 commit
False,2012-08-29 19:27:01,short,False,False,1 commit
True,2012-08-30 00:13:08,short,False,True,1 commit
False,2012-08-31 18:52:58,lengthy,False,True,some commits
True,2012-08-31 23:15:11,very short,False,True,1 commit
False,2012-09-02 20:50:33,lengthy,False,True,some commits
True,2012-09-03 13:24:28,short,False,True,some commits
False,2012-09-04 08:14:43,very short,False,True,1 commit
False,2012-09-04 11:05:45,medium,False,True,1 commit
False,2012-09-04 20:17:31,lengthy,True,True,many commits
False,2012-09-04 23:41:39,lengthy,False,False,some commits
False,2012-09-05 08:37:26,very short,False,False,many commits
True,2012-09-05 10:57:05,very short,False,True,1 commit
False,2012-09-05 15:10:40,very short,False,True,1 commit
False,2012-09-05 20:34:12,short,False,False,many commits
False,2012-09-06 05:09:56,lengthy,True,True,some commits
False,2012-09-06 12:23:49,lengthy,True,True,some commits
False,2012-09-06 19:03:50,lengthy,False,False,some commits
True,2012-09-06 20:16:16,very short,False,False,some commits
True,2012-09-07 14:45:28,very short,False,False,1 commit
True,2012-09-07 15:19:43,lengthy,False,True,1 commit
True,2012-09-07 15:36:09,very short,False,False,1 commit
True,2012-09-07 15:50:33,very short,False,False,1 commit
False,2012-09-07 16:43:40,lengthy,False,False,some commits
False,2012-09-07 16:44:56,very short,False,False,1 commit
False,2012-09-07 16:57:47,very short,False,False,some commits
True,2012-09-07 17:13:35,very short,True,True,some commits
False,2012-09-07 17:58:03,short,True,True,some commits
False,2012-09-07 18:41:45,lengthy,False,True,1 commit
False,2012-09-07 19:11:59,very short,False,False,many commits
False,2012-09-07 19:25:41,lengthy,False,True,1 commit
False,2012-09-07 19:37:58,lengthy,False,True,1 commit
False,2012-09-07 19:44:57,lengthy,False,True,1 commit
False,2012-09-07 20:10:58,lengthy,False,False,some commits
False,2012-09-07 20:15:36,lengthy,False,False,some commits
True,2012-09-07 20:27:28,very short,False,True,1 commit
False,2012-09-07 21:21:35,lengthy,False,True,1 commit
False,2012-09-07 22:04:47,lengthy,False,True,some commits
True,2012-09-08 05:45:11,very short,False,False,1 commit
False,2012-09-08 14:22:31,very short,False,False,some commits
False,2012-09-08 14:35:17,lengthy,False,False,many commits
True,2012-09-08 15:20:28,very short,False,False,1 commit
False,2012-09-08 16:32:33,lengthy,False,False,some commits
True,2012-09-08 16:35:49,very short,False,False,1 commit
True,2012-09-08 16:57:04,medium,False,True,1 commit
True,2012-09-08 16:59:01,very short,False,False,1 commit
True,2012-09-09 04:42:17,medium,False,True,1 commit
False,2012-09-09 20:47:10,lengthy,False,False,some commits
True,2012-09-10 15:11:31,very short,False,False,1 commit
False,2012-09-10 20:46:17,lengthy,False,True,1 commit
False,2012-09-11 08:59:59,lengthy,False,True,1 commit
False,2012-09-12 14:03:02,medium,True,False,many commits
False,2012-09-15 15:49:10,lengthy,True,True,many commits
True,2012-09-15 20:46:28,very short,False,True,1 commit
True,2012-09-15 21:25:31,very short,False,False,1 commit
False,2012-09-17 05:10:49,medium,False,True,1 commit
True,2012-09-17 15:23:09,short,False,False,1 commit
True,2012-09-17 23:10:33,lengthy,True,True,many commits
False,2012-09-18 07:18:27,lengthy,True,False,some commits
False,2012-09-18 09:00:05,lengthy,True,True,many commits
False,2012-09-18 10:31:08,very short,False,False,1 commit
False,2012-09-18 17:39:22,medium,False,True,1 commit
False,2012-09-18 17:48:18,very short,False,True,1 commit
False,2012-09-18 18:33:25,very short,False,True,1 commit
False,2012-09-18 21:16:32,very short,False,True,1 commit
False,2012-09-18 21:50:20,lengthy,False,False,some commits
False,2012-09-18 22:32:04,lengthy,True,False,1 commit
True,2012-09-20 19:15:09,very short,False,True,1 commit
False,2012-09-20 20:47:35,very short,False,True,1 commit
False,2012-09-24 12:28:54,lengthy,True,False,1 commit
True,2012-09-25 00:15:24,short,False,True,1 commit
False,2012-09-25 03:53:02,short,False,True,1 commit
True,2012-09-25 15:12:46,very short,False,False,1 commit
False,2012-09-26 06:20:09,lengthy,False,False,1 commit
False,2012-09-26 11:46:21,short,False,True,1 commit
False,2012-09-27 07:29:59,lengthy,False,True,1 commit
False,2012-09-27 09:22:42,medium,False,True,1 commit
False,2012-09-28 08:15:02,lengthy,False,False,many commits
False,2012-09-28 21:03:46,lengthy,False,True,many commits
False,2012-09-29 04:40:02,lengthy,False,False,many commits
False,2012-09-29 14:07:48,lengthy,True,False,some commits
False,2012-09-29 23:16:30,very short,True,False,1 commit
False,2012-09-30 12:43:03,very short,False,False,1 commit
False,2012-09-30 14:11:27,lengthy,True,False,1 commit
False,2012-09-30 16:28:56,lengthy,False,True,1 commit
False,2012-09-30 17:15:44,lengthy,False,False,1 commit
False,2012-09-30 19:32:25,lengthy,False,False,many commits
False,2012-09-30 23:40:34,lengthy,False,True,1 commit
False,2012-10-01 21:01:30,very short,False,False,1 commit
False,2012-10-02 21:14:45,lengthy,False,True,1 commit
False,2012-10-04 06:08:40,lengthy,False,False,many commits
False,2012-10-04 10:32:08,lengthy,False,True,1 commit
True,2012-10-04 12:05:47,medium,False,False,1 commit
False,2012-10-04 13:40:21,medium,False,True,1 commit
True,2012-10-05 15:35:56,very short,False,False,1 commit
False,2012-10-05 18:18:58,lengthy,False,False,some commits
False,2012-10-05 19:16:14,short,False,False,1 commit
True,2012-10-06 00:21:40,medium,False,True,1 commit
False,2012-10-06 08:18:07,medium,False,False,1 commit
False,2012-10-07 07:34:27,medium,False,False,some commits
False,2012-10-07 15:00:20,lengthy,False,True,1 commit
False,2012-10-09 21:17:06,very short,False,False,1 commit
False,2012-10-10 15:55:05,short,False,False,1 commit
False,2012-10-10 17:21:06,lengthy,False,False,many commits
True,2012-10-10 23:58:30,medium,False,True,1 commit
True,2012-10-11 08:41:42,very short,False,False,1 commit
False,2012-10-11 19:02:38,lengthy,False,False,1 commit
False,2012-10-12 18:57:02,lengthy,False,False,many commits
False,2012-10-13 14:14:43,lengthy,False,True,1 commit
False,2012-10-13 18:28:23,medium,False,False,1 commit
False,2012-10-14 23:00:43,lengthy,False,False,1 commit
True,2012-10-15 11:16:52,medium,False,False,some commits
False,2012-10-15 16:00:39,very short,False,True,many commits
False,2012-10-15 16:08:13,medium,False,False,1 commit
False,2012-10-16 07:23:22,medium,False,True,1 commit
False,2012-10-17 14:37:34,lengthy,False,True,1 commit
False,2012-10-18 22:02:02,medium,True,False,many commits
False,2012-10-19 14:56:59,short,False,False,some commits
False,2012-10-20 12:50:52,lengthy,False,True,1 commit
False,2012-10-20 13:38:20,medium,True,False,some commits
False,2012-10-20 13:59:55,lengthy,True,False,many commits
False,2012-10-20 18:23:10,lengthy,True,False,1 commit
True,2012-10-20 22:22:20,very short,False,True,1 commit
True,2012-10-20 23:30:58,very short,False,False,1 commit
False,2012-10-22 02:42:20,lengthy,False,True,1 commit
True,2012-10-22 17:25:55,very short,False,False,1 commit
False,2012-10-22 22:43:58,very short,False,False,1 commit
False,2012-10-24 12:30:34,short,False,False,1 commit
False,2012-10-24 15:42:17,lengthy,False,True,1 commit
True,2012-10-24 20:14:11,lengthy,False,True,1 commit
True,2012-10-25 09:36:41,lengthy,True,True,some commits
False,2012-10-25 16:30:25,medium,False,False,1 commit
False,2012-10-25 17:13:53,short,False,True,1 commit
False,2012-10-25 20:24:40,very short,False,True,1 commit
True,2012-10-25 20:26:31,very short,False,False,1 commit
False,2012-10-26 12:29:58,short,False,False,1 commit
False,2012-10-27 16:08:10,lengthy,False,False,1 commit
False,2012-10-27 16:32:34,lengthy,False,False,1 commit
True,2012-10-28 21:47:27,lengthy,False,True,1 commit
False,2012-10-29 18:59:12,medium,False,True,1 commit
False,2012-10-29 21:28:33,lengthy,False,True,1 commit
False,2012-10-30 22:06:58,very short,False,False,1 commit
True,2012-10-30 23:21:10,very short,False,True,1 commit
False,2012-10-31 19:40:30,short,True,True,some commits
False,2012-10-31 20:10:45,short,True,True,some commits
False,2012-10-31 20:35:33,lengthy,False,False,some commits
True,2012-10-31 20:41:18,short,False,True,1 commit
False,2012-11-01 14:52:26,short,False,False,1 commit
False,2012-11-02 15:53:09,very short,False,False,1 commit
True,2012-11-03 20:26:33,lengthy,False,True,1 commit
False,2012-11-04 16:25:35,medium,False,True,1 commit
True,2012-11-04 18:54:03,very short,False,True,1 commit
True,2012-11-04 21:46:06,very short,True,True,some commits
True,2012-11-04 23:45:23,very short,False,True,1 commit
True,2012-11-05 00:38:26,very short,False,False,1 commit
False,2012-11-05 02:09:01,lengthy,False,False,1 commit
False,2012-11-05 03:37:49,lengthy,False,True,many commits
False,2012-11-05 09:34:07,lengthy,False,False,many commits
False,2012-11-06 15:21:42,lengthy,False,True,many commits
False,2012-11-06 17:44:07,very short,False,False,some commits
False,2012-11-06 22:38:15,lengthy,False,True,1 commit
True,2012-11-07 16:16:37,short,False,False,1 commit
False,2012-11-07 16:25:36,lengthy,False,False,1 commit
False,2012-11-08 02:08:24,short,False,True,1 commit
True,2012-11-09 00:38:20,medium,False,False,some commits
False,2012-11-09 11:20:43,very short,False,True,1 commit
True,2012-11-10 15:51:16,lengthy,False,True,1 commit
False,2012-11-11 22:54:05,lengthy,False,True,1 commit
False,2012-11-12 14:46:48,lengthy,True,False,1 commit
True,2012-11-12 21:17:26,very short,False,True,1 commit
False,2012-11-13 19:00:29,medium,True,False,1 commit
True,2012-11-13 21:52:16,very short,False,True,1 commit
False,2012-11-14 16:20:22,lengthy,False,False,many commits
True,2012-11-15 21:53:35,medium,False,True,1 commit
False,2012-11-16 01:53:45,very short,False,True,1 commit
False,2012-11-16 05:27:40,medium,False,False,1 commit
True,2012-11-16 15:21:48,very short,False,True,1 commit
False,2012-11-17 13:17:43,very short,True,False,1 commit
False,2012-11-17 13:49:20,very short,False,False,1 commit
False,2012-11-17 13:50:51,lengthy,False,False,1 commit
False,2012-11-17 15:42:21,lengthy,False,True,1 commit
False,2012-11-17 19:36:16,medium,False,True,1 commit
False,2012-11-17 20:42:23,lengthy,True,True,some commits
False,2012-11-17 22:09:22,short,False,True,1 commit
False,2012-11-17 23:14:53,medium,False,True,1 commit
False,2012-11-18 06:25:13,medium,False,True,some commits
False,2012-11-18 09:25:39,medium,False,True,1 commit
False,2012-11-18 14:12:34,medium,False,True,1 commit
False,2012-11-18 14:17:39,lengthy,False,True,1 commit
False,2012-11-18 15:51:16,lengthy,False,False,1 commit
True,2012-11-18 16:49:20,short,False,True,1 commit
True,2012-11-18 19:08:57,short,False,False,1 commit
False,2012-11-19 01:27:21,lengthy,False,False,some commits
False,2012-11-19 01:27:49,lengthy,False,False,some commits
False,2012-11-19 03:35:59,lengthy,True,True,some commits
False,2012-11-19 14:39:21,lengthy,True,False,many commits
False,2012-11-19 18:15:07,very short,False,True,1 commit
True,2012-11-20 01:32:11,very short,False,True,1 commit
False,2012-11-20 01:59:24,lengthy,False,True,1 commit
True,2012-11-20 10:34:56,short,False,False,1 commit
False,2012-11-22 15:26:21,lengthy,True,True,many commits
True,2012-11-22 21:33:30,very short,False,True,1 commit
False,2012-11-22 21:58:59,very short,False,True,1 commit
False,2012-11-22 22:00:27,very short,False,False,1 commit
False,2012-11-23 14:33:02,short,False,True,1 commit
False,2012-11-23 15:17:07,short,False,True,1 commit
True,2012-11-23 16:21:13,short,False,False,1 commit
False,2012-11-25 19:59:34,lengthy,False,True,1 commit
False,2012-11-26 22:18:40,short,False,True,1 commit
False,2012-11-27 14:45:45,very short,False,False,1 commit
True,2012-11-28 02:59:06,very short,False,True,1 commit
True,2012-11-28 13:32:04,very short,False,False,1 commit
False,2012-11-28 16:56:35,lengthy,False,True,some commits
False,2012-11-28 17:03:27,lengthy,False,False,1 commit
False,2012-11-30 14:43:17,lengthy,False,False,1 commit
False,2012-11-30 15:39:24,lengthy,False,True,1 commit
False,2012-11-30 22:52:22,medium,True,True,some commits
False,2012-11-30 22:53:56,medium,True,False,some commits
False,2012-12-01 16:20:47,lengthy,True,True,some commits
True,2012-12-02 02:56:32,short,False,True,1 commit
True,2012-12-02 21:28:28,medium,False,True,1 commit
True,2012-12-03 14:59:07,very short,False,True,some commits
False,2012-12-03 15:47:08,short,False,False,1 commit
False,2012-12-04 22:44:36,lengthy,False,True,1 commit
False,2012-12-07 09:12:04,lengthy,True,False,many commits
False,2012-12-07 18:10:57,very short,False,True,1 commit
False,2012-12-10 08:39:29,lengthy,False,False,1 commit
False,2012-12-11 20:21:24,lengthy,False,True,many commits
False,2012-12-12 16:13:22,very short,False,True,1 commit
False,2012-12-12 16:49:59,very short,False,True,1 commit
False,2012-12-13 01:19:11,lengthy,False,True,some commits
False,2012-12-13 08:41:40,lengthy,False,True,some commits
True,2012-12-13 13:24:15,short,False,False,1 commit
False,2012-12-13 17:35:37,lengthy,False,False,1 commit
True,2012-12-14 20:24:04,medium,False,False,1 commit
False,2012-12-14 22:29:30,lengthy,False,True,1 commit
False,2012-12-15 00:16:18,lengthy,False,False,many commits
False,2012-12-15 09:54:59,lengthy,True,True,1 commit
False,2012-12-15 17:49:43,medium,False,False,1 commit
False,2012-12-15 23:22:53,lengthy,False,False,1 commit
False,2012-12-16 16:35:33,medium,False,True,1 commit
False,2012-12-16 20:43:09,medium,False,True,1 commit
True,2012-12-17 09:36:45,lengthy,False,True,1 commit
False,2012-12-18 00:21:54,lengthy,False,False,some commits
False,2012-12-18 01:04:12,lengthy,True,False,many commits
False,2012-12-19 19:05:19,very short,False,True,some commits
False,2012-12-22 17:59:12,medium,False,True,1 commit
False,2012-12-26 01:21:04,medium,False,True,some commits
False,2012-12-26 01:43:09,lengthy,False,False,1 commit
False,2012-12-27 14:10:13,medium,False,True,1 commit
True,2012-12-27 19:37:21,short,False,False,1 commit
False,2012-12-30 02:21:58,lengthy,True,True,many commits
False,2012-12-30 22:38:37,very short,True,False,1 commit
False,2012-12-30 23:06:51,medium,False,True,some commits
True,2013-01-01 17:12:52,very short,False,False,1 commit
False,2013-01-02 11:08:24,very short,False,False,many commits
False,2013-01-02 17:40:29,lengthy,True,False,many commits
False,2013-01-02 23:03:57,lengthy,False,False,1 commit
False,2013-01-05 14:51:16,short,False,True,1 commit
False,2013-01-05 16:17:08,lengthy,True,True,many commits
False,2013-01-06 08:29:57,short,False,True,1 commit
False,2013-01-07 23:36:06,lengthy,False,True,many commits
False,2013-01-09 04:42:01,lengthy,False,True,1 commit
False,2013-01-09 09:35:03,very short,False,True,some commits
False,2013-01-09 13:50:49,lengthy,False,True,many commits
False,2013-01-09 13:55:39,medium,False,False,1 commit
False,2013-01-10 05:42:34,lengthy,False,True,1 commit
False,2013-01-10 06:45:45,lengthy,False,False,some commits
False,2013-01-10 07:45:15,short,False,False,1 commit
False,2013-01-10 15:38:30,lengthy,False,False,1 commit
False,2013-01-10 19:25:39,lengthy,False,True,1 commit
False,2013-01-10 21:25:11,very short,False,True,1 commit
False,2013-01-11 03:30:43,lengthy,False,False,1 commit
False,2013-01-11 06:01:45,very short,False,False,1 commit
False,2013-01-11 11:19:49,lengthy,False,True,1 commit
False,2013-01-11 13:31:08,medium,False,False,some commits
False,2013-01-11 22:02:33,short,False,False,1 commit
False,2013-01-11 22:12:56,very short,False,False,1 commit
True,2013-01-11 22:54:53,short,False,False,many commits
False,2013-01-12 08:44:19,medium,False,False,1 commit
False,2013-01-12 09:53:43,lengthy,False,False,1 commit
False,2013-01-12 11:24:32,medium,False,False,some commits
False,2013-01-13 18:32:10,very short,False,True,some commits
False,2013-01-14 22:10:25,medium,False,True,1 commit
True,2013-01-15 02:24:38,very short,False,False,1 commit
False,2013-01-15 13:11:58,medium,False,True,1 commit
False,2013-01-15 14:31:49,lengthy,False,True,1 commit
False,2013-01-16 18:57:25,lengthy,True,False,1 commit
False,2013-01-16 20:57:22,medium,False,True,some commits
False,2013-01-17 18:32:02,lengthy,False,False,1 commit
False,2013-01-17 21:50:42,lengthy,True,True,many commits
False,2013-01-18 08:09:45,lengthy,True,False,many commits
False,2013-01-18 15:42:51,very short,False,True,1 commit
False,2013-01-20 05:06:18,lengthy,True,False,many commits
False,2013-01-21 01:21:19,short,False,False,1 commit
False,2013-01-21 05:40:16,lengthy,False,False,1 commit
False,2013-01-21 08:34:20,lengthy,False,False,1 commit
False,2013-01-22 22:54:53,lengthy,False,False,1 commit
True,2013-01-23 00:32:01,very short,False,False,1 commit
False,2013-01-23 14:50:17,lengthy,False,True,1 commit
False,2013-01-24 10:34:18,lengthy,True,True,some commits
False,2013-01-24 17:07:10,medium,False,False,1 commit
False,2013-01-24 23:28:07,medium,False,False,1 commit
False,2013-01-25 15:38:54,medium,False,True,1 commit
False,2013-01-25 17:28:53,lengthy,False,True,1 commit
False,2013-01-26 22:25:35,lengthy,True,False,many commits
False,2013-01-28 09:32:54,medium,True,False,some commits
False,2013-01-28 18:30:45,lengthy,True,False,many commits
False,2013-01-29 00:52:05,medium,False,True,1 commit
True,2013-01-29 14:19:18,medium,False,True,1 commit
False,2013-01-29 21:38:35,short,False,True,1 commit
False,2013-01-30 15:46:53,short,False,True,1 commit
True,2013-01-30 18:58:02,very short,False,True,1 commit
False,2013-01-30 23:45:38,very short,False,True,1 commit
False,2013-01-31 00:32:13,medium,False,False,some commits
False,2013-01-31 14:24:23,very short,False,True,1 commit
True,2013-01-31 18:41:58,very short,False,False,1 commit
False,2013-02-01 02:40:21,very short,False,False,some commits
False,2013-02-01 21:32:58,very short,False,False,1 commit
False,2013-02-02 00:07:16,lengthy,False,True,1 commit
False,2013-02-02 00:07:43,lengthy,False,False,many commits
False,2013-02-02 12:47:28,medium,False,False,some commits
False,2013-02-04 15:17:51,lengthy,True,False,many commits
False,2013-02-04 15:56:31,lengthy,True,False,1 commit
False,2013-02-04 16:45:32,very short,False,True,1 commit
False,2013-02-05 10:31:16,lengthy,True,False,many commits
False,2013-02-06 04:35:10,lengthy,False,True,many commits
False,2013-02-06 12:36:16,very short,False,False,some commits
False,2013-02-07 19:05:10,lengthy,True,True,some commits
False,2013-02-07 22:46:30,short,False,False,1 commit
False,2013-02-08 01:46:43,very short,False,False,1 commit
False,2013-02-08 02:52:42,very short,False,True,many commits
False,2013-02-09 10:23:35,lengthy,False,True,1 commit
False,2013-02-09 20:09:32,short,False,False,1 commit
False,2013-02-10 03:01:28,very short,False,False,1 commit
False,2013-02-10 12:47:35,lengthy,False,False,1 commit
False,2013-02-12 04:08:04,short,False,False,1 commit
True,2013-02-12 06:03:22,lengthy,False,False,1 commit
False,2013-02-12 06:34:15,lengthy,False,False,1 commit
True,2013-02-12 14:16:08,very short,False,False,1 commit
False,2013-02-12 16:48:24,lengthy,False,True,1 commit
False,2013-02-13 17:00:11,very short,True,True,some commits
False,2013-02-13 17:40:12,medium,False,False,1 commit
False,2013-02-14 08:46:34,very short,False,False,1 commit
False,2013-02-14 16:54:07,lengthy,False,True,many commits
False,2013-02-14 22:00:05,medium,False,True,1 commit
False,2013-02-14 22:35:19,very short,False,False,1 commit
False,2013-02-15 04:09:11,short,False,True,1 commit
False,2013-02-16 12:26:28,medium,False,True,1 commit
True,2013-02-16 19:36:15,very short,False,True,1 commit
False,2013-02-16 22:36:50,lengthy,False,False,1 commit
False,2013-02-17 22:11:59,very short,False,False,1 commit
False,2013-02-18 17:34:52,medium,False,False,1 commit
False,2013-02-18 20:32:36,lengthy,False,False,many commits
False,2013-02-19 01:51:52,lengthy,True,True,some commits
True,2013-02-19 10:22:24,very short,False,True,1 commit
True,2013-02-19 23:07:30,very short,False,True,1 commit
False,2013-02-20 00:02:41,medium,False,True,1 commit
False,2013-02-20 00:04:58,medium,False,False,1 commit
False,2013-02-20 00:09:05,medium,False,False,1 commit
False,2013-02-20 17:55:43,short,True,True,many commits
False,2013-02-20 21:30:50,very short,True,True,some commits
False,2013-02-21 08:48:59,lengthy,False,True,some commits
False,2013-02-21 22:09:41,lengthy,False,False,some commits
False,2013-02-22 15:45:46,lengthy,False,True,1 commit
True,2013-02-22 18:02:50,very short,False,False,1 commit
True,2013-02-23 09:56:28,very short,False,True,1 commit
True,2013-02-23 12:06:48,very short,False,False,1 commit
True,2013-02-23 12:23:52,very short,False,False,1 commit
False,2013-02-23 12:25:08,very short,False,True,1 commit
False,2013-02-23 12:44:12,lengthy,True,True,some commits
False,2013-02-23 12:48:56,lengthy,False,True,1 commit
False,2013-02-23 13:07:13,very short,False,False,1 commit
True,2013-02-23 13:40:28,very short,False,False,1 commit
True,2013-02-23 13:45:34,very short,False,False,1 commit
False,2013-02-23 13:48:27,lengthy,False,True,some commits
False,2013-02-23 13:53:24,very short,False,False,some commits
False,2013-02-23 13:56:07,very short,False,True,1 commit
False,2013-02-23 14:12:49,short,False,True,some commits
False,2013-02-23 14:19:34,lengthy,False,True,many commits
False,2013-02-23 14:21:32,very short,False,True,some commits
False,2013-02-23 14:24:03,lengthy,False,False,some commits
False,2013-02-23 14:41:28,very short,False,True,1 commit
True,2013-02-23 14:54:20,very short,False,False,1 commit
False,2013-02-23 15:16:41,lengthy,True,False,many commits
False,2013-02-23 15:18:27,lengthy,False,True,1 commit
False,2013-02-23 15:35:31,very short,False,False,1 commit
False,2013-02-23 15:40:36,very short,False,True,1 commit
False,2013-02-23 15:46:49,very short,True,True,some commits
True,2013-02-23 15:52:28,very short,False,True,1 commit
True,2013-02-23 16:08:03,very short,False,True,1 commit
True,2013-02-23 16:35:27,very short,False,True,1 commit
False,2013-02-23 16:42:23,short,False,True,1 commit
False,2013-02-23 16:45:25,short,False,True,1 commit
True,2013-02-23 16:47:24,very short,False,False,1 commit
False,2013-02-23 16:47:48,lengthy,False,False,some commits
False,2013-02-23 16:52:06,very short,False,False,some commits
False,2013-02-23 17:23:19,very short,False,True,some commits
False,2013-02-23 17:44:54,lengthy,False,False,some commits
False,2013-02-23 17:50:42,lengthy,False,True,1 commit
False,2013-02-23 18:04:40,lengthy,False,False,1 commit
False,2013-02-23 18:10:21,medium,True,True,some commits
True,2013-02-23 18:10:26,very short,False,False,1 commit
False,2013-02-23 18:11:27,lengthy,False,True,1 commit
False,2013-02-23 18:15:30,lengthy,False,True,some commits
False,2013-02-23 18:23:16,lengthy,False,False,many commits
False,2013-02-23 18:28:22,lengthy,False,False,many commits
True,2013-02-23 18:42:57,very short,False,True,1 commit
False,2013-02-23 18:49:48,medium,True,True,some commits
False,2013-02-23 19:13:22,very short,False,False,1 commit
False,2013-02-23 19:51:00,lengthy,False,True,1 commit
False,2013-02-23 20:02:17,very short,False,False,1 commit
False,2013-02-23 20:06:44,lengthy,True,True,many commits
False,2013-02-23 20:43:13,lengthy,False,True,many commits
True,2013-02-23 20:43:46,very short,False,False,1 commit
False,2013-02-23 20:45:13,lengthy,False,False,many commits
False,2013-02-23 20:46:51,medium,True,True,many commits
False,2013-02-23 21:27:33,very short,False,False,1 commit
True,2013-02-23 21:42:33,very short,False,True,1 commit
False,2013-02-23 22:09:24,lengthy,False,True,1 commit
False,2013-02-23 22:19:42,very short,False,False,1 commit
True,2013-02-23 22:21:41,very short,False,False,1 commit
True,2013-02-23 23:02:39,very short,False,False,1 commit
False,2013-02-23 23:06:12,lengthy,False,False,1 commit
True,2013-02-24 10:02:24,very short,False,False,1 commit
True,2013-02-24 11:47:18,very short,False,True,some commits
False,2013-02-24 12:06:13,very short,False,False,1 commit
True,2013-02-24 12:24:27,very short,False,False,1 commit
True,2013-02-24 12:26:05,very short,False,False,1 commit
False,2013-02-24 12:38:21,very short,False,True,1 commit
False,2013-02-24 12:45:29,very short,False,False,1 commit
False,2013-02-24 13:09:05,very short,False,True,1 commit
True,2013-02-24 13:46:29,very short,False,False,1 commit
False,2013-02-24 14:02:53,lengthy,False,False,1 commit
False,2013-02-24 14:25:15,very short,False,False,1 commit
False,2013-02-24 15:01:43,very short,False,True,1 commit
True,2013-02-24 15:04:40,very short,False,False,1 commit
False,2013-02-24 15:26:53,lengthy,False,False,1 commit
False,2013-02-24 15:36:11,lengthy,False,False,1 commit
True,2013-02-24 15:54:27,very short,False,False,1 commit
False,2013-02-24 16:43:19,lengthy,False,False,1 commit
True,2013-02-24 16:52:13,very short,False,False,1 commit
True,2013-02-24 16:52:34,very short,False,False,1 commit
True,2013-02-24 16:56:20,very short,False,True,1 commit
False,2013-02-24 17:37:38,lengthy,False,False,1 commit
False,2013-02-24 17:51:13,lengthy,True,True,many commits
False,2013-02-24 22:15:04,lengthy,True,True,many commits
False,2013-02-25 06:22:16,lengthy,True,False,some commits
False,2013-02-25 15:26:52,very short,False,True,1 commit
True,2013-02-25 16:15:26,very short,False,False,1 commit
False,2013-02-25 17:48:39,lengthy,False,False,1 commit
False,2013-02-25 21:31:11,lengthy,False,False,1 commit
True,2013-02-25 21:53:02,medium,False,False,1 commit
False,2013-02-25 22:26:05,very short,False,False,some commits
False,2013-02-26 09:58:17,lengthy,False,True,some commits
False,2013-02-26 12:47:09,lengthy,True,False,1 commit
False,2013-02-26 16:40:10,lengthy,False,False,some commits
True,2013-02-26 21:35:10,very short,False,True,1 commit
False,2013-02-26 22:36:42,lengthy,False,True,1 commit
False,2013-02-27 03:43:09,very short,False,False,1 commit
False,2013-02-27 11:55:33,lengthy,False,True,some commits
True,2013-02-27 22:32:06,very short,False,False,1 commit
False,2013-02-28 02:28:05,medium,False,True,1 commit
False,2013-02-28 20:33:34,medium,False,True,1 commit
False,2013-03-01 05:07:34,medium,False,True,1 commit
False,2013-03-01 20:00:40,lengthy,False,True,some commits
False,2013-03-01 20:03:51,very short,False,True,1 commit
True,2013-03-01 22:54:58,short,False,False,1 commit
False,2013-03-02 09:47:10,lengthy,False,True,1 commit
False,2013-03-02 17:15:20,medium,False,False,some commits
False,2013-03-03 02:50:55,very short,False,True,1 commit
False,2013-03-03 05:54:01,lengthy,False,False,1 commit
True,2013-03-03 18:35:18,very short,False,True,1 commit
False,2013-03-04 20:08:19,lengthy,False,True,some commits
False,2013-03-04 21:34:27,lengthy,False,True,1 commit
False,2013-03-05 17:33:50,lengthy,False,True,some commits
True,2013-03-05 18:14:36,short,False,False,1 commit
False,2013-03-06 09:56:38,very short,False,True,1 commit
True,2013-03-06 17:13:27,very short,False,False,1 commit
True,2013-03-06 23:43:03,lengthy,False,False,1 commit
False,2013-03-07 07:05:25,very short,False,False,1 commit
False,2013-03-07 07:11:04,lengthy,False,True,1 commit
False,2013-03-08 08:16:24,very short,False,False,1 commit
True,2013-03-10 17:52:33,very short,False,False,1 commit
False,2013-03-10 23:33:19,lengthy,False,False,1 commit
False,2013-03-11 05:09:15,lengthy,False,False,many commits
False,2013-03-11 05:11:19,lengthy,False,False,1 commit
False,2013-03-12 02:22:50,lengthy,False,False,many commits
False,2013-03-13 02:19:34,lengthy,False,True,1 commit
False,2013-03-13 15:25:03,lengthy,False,True,many commits
True,2013-03-13 17:22:40,very short,False,False,1 commit
True,2013-03-13 17:26:30,short,False,True,1 commit
True,2013-03-13 21:40:54,medium,False,False,1 commit
False,2013-03-14 19:30:48,very short,True,False,1 commit
False,2013-03-15 08:16:51,very short,False,False,1 commit
True,2013-03-15 14:25:00,very short,False,True,1 commit
True,2013-03-15 18:06:23,short,False,False,1 commit
False,2013-03-15 18:38:25,very short,False,False,1 commit
False,2013-03-16 16:01:41,medium,False,False,1 commit
True,2013-03-16 17:47:18,very short,False,False,1 commit
True,2013-03-16 18:40:53,very short,False,False,1 commit
False,2013-03-17 12:11:43,lengthy,False,False,1 commit
False,2013-03-18 19:41:49,very short,False,False,1 commit
False,2013-03-18 21:28:44,short,False,True,1 commit
False,2013-03-18 21:48:26,lengthy,False,True,1 commit
False,2013-03-18 21:54:25,lengthy,False,True,many commits
False,2013-03-18 22:07:57,short,True,False,some commits
False,2013-03-18 22:53:18,short,True,True,many commits
False,2013-03-18 23:04:19,short,True,True,some commits
False,2013-03-18 23:37:04,very short,False,True,1 commit
False,2013-03-18 23:58:11,lengthy,False,True,some commits
True,2013-03-19 00:08:37,very short,False,True,1 commit
True,2013-03-19 02:21:15,very short,False,True,1 commit
False,2013-03-19 03:03:58,lengthy,False,True,many commits
False,2013-03-19 15:12:49,lengthy,False,False,1 commit
False,2013-03-19 17:46:03,short,True,False,some commits
True,2013-03-19 22:33:28,very short,False,False,1 commit
False,2013-03-20 08:30:13,lengthy,False,True,some commits
False,2013-03-20 12:42:17,short,False,False,1 commit
False,2013-03-21 05:22:11,very short,True,True,many commits
True,2013-03-21 10:04:02,short,False,True,1 commit
True,2013-03-22 09:01:37,lengthy,False,True,1 commit
False,2013-03-22 10:15:44,lengthy,False,False,1 commit
False,2013-03-22 17:24:09,medium,False,True,1 commit
True,2013-03-23 07:56:23,very short,False,True,1 commit
True,2013-03-23 11:57:49,very short,False,False,some commits
True,2013-03-23 11:58:18,very short,False,False,1 commit
True,2013-03-23 15:20:22,short,False,False,1 commit
False,2013-03-23 17:09:37,lengthy,False,True,1 commit
False,2013-03-23 22:21:38,short,True,False,some commits
False,2013-03-24 02:22:10,short,False,True,some commits
False,2013-03-24 11:40:34,lengthy,False,False,1 commit
True,2013-03-24 16:26:19,very short,False,False,1 commit
False,2013-03-24 18:32:42,lengthy,False,False,1 commit
False,2013-03-25 06:05:26,lengthy,False,False,some commits
False,2013-03-25 08:13:17,medium,False,False,1 commit
False,2013-03-25 10:37:17,lengthy,False,True,some commits
True,2013-03-25 12:20:14,medium,False,True,1 commit
False,2013-03-25 16:07:28,lengthy,False,False,1 commit
False,2013-03-26 16:33:47,lengthy,False,True,many commits
False,2013-03-26 16:43:50,medium,False,True,1 commit
True,2013-03-27 06:02:50,medium,False,True,1 commit
False,2013-03-27 07:56:26,short,False,False,some commits
False,2013-03-27 08:30:44,lengthy,False,True,1 commit
False,2013-03-27 10:50:54,lengthy,True,False,many commits
False,2013-03-28 02:01:52,very short,False,True,1 commit
False,2013-03-28 11:17:40,lengthy,False,True,1 commit
True,2013-03-28 15:19:16,very short,False,True,1 commit
True,2013-03-28 17:18:11,very short,False,False,1 commit
False,2013-03-28 23:03:01,lengthy,True,False,some commits
False,2013-03-29 09:55:54,very short,False,True,1 commit
True,2013-03-29 12:33:05,very short,False,False,1 commit
False,2013-03-29 18:00:10,very short,False,False,1 commit
True,2013-03-29 19:46:56,very short,False,True,1 commit
False,2013-03-30 19:19:28,lengthy,False,False,many commits
False,2013-03-31 02:06:32,short,False,True,some commits
False,2013-03-31 15:09:43,very short,False,True,some commits
False,2013-04-03 06:33:34,very short,True,True,some commits
True,2013-04-03 13:55:37,very short,False,False,1 commit
False,2013-04-03 19:10:45,lengthy,False,False,1 commit
False,2013-04-03 19:56:09,lengthy,False,False,1 commit
False,2013-04-03 21:54:00,lengthy,False,True,1 commit
False,2013-04-04 02:42:56,short,True,False,some commits
True,2013-04-04 03:27:39,lengthy,False,False,1 commit
True,2013-04-04 16:14:31,very short,False,False,1 commit
True,2013-04-05 05:59:40,very short,False,True,1 commit
False,2013-04-05 17:31:30,medium,False,False,1 commit
False,2013-04-05 22:53:11,lengthy,False,False,1 commit
False,2013-04-06 01:16:23,lengthy,False,True,1 commit
False,2013-04-06 23:21:14,lengthy,False,False,many commits
False,2013-04-07 08:38:41,medium,False,False,1 commit
True,2013-04-07 16:42:42,very short,False,False,1 commit
False,2013-04-08 02:32:37,lengthy,False,True,1 commit
False,2013-04-08 19:31:02,very short,False,True,1 commit
True,2013-04-08 20:03:46,very short,False,False,1 commit
False,2013-04-09 13:51:25,lengthy,True,True,some commits
False,2013-04-09 16:44:19,lengthy,True,False,1 commit
False,2013-04-10 03:05:45,lengthy,True,False,some commits
False,2013-04-10 10:20:24,lengthy,False,False,many commits
True,2013-04-11 13:27:47,very short,False,False,1 commit
False,2013-04-11 20:54:27,short,False,True,some commits
False,2013-04-12 21:32:47,very short,False,False,1 commit
False,2013-04-13 10:33:03,very short,False,False,1 commit
False,2013-04-13 21:19:30,lengthy,False,False,1 commit
False,2013-04-15 15:40:44,short,False,True,1 commit
False,2013-04-15 15:57:15,lengthy,False,True,1 commit
False,2013-04-16 07:23:51,lengthy,False,True,1 commit
False,2013-04-16 18:51:44,lengthy,False,False,1 commit
False,2013-04-17 15:35:05,short,False,False,1 commit
False,2013-04-17 17:12:50,lengthy,False,False,1 commit
False,2013-04-17 18:54:16,lengthy,False,False,some commits
False,2013-04-18 20:06:20,lengthy,False,True,1 commit
False,2013-04-19 09:48:12,lengthy,False,False,some commits
False,2013-04-20 03:20:44,lengthy,False,False,1 commit
False,2013-04-21 07:45:05,lengthy,False,True,some commits
True,2013-04-21 13:57:09,short,False,True,1 commit
False,2013-04-22 16:36:43,lengthy,False,False,1 commit
False,2013-04-22 17:05:36,very short,False,False,1 commit
True,2013-04-23 18:23:09,lengthy,False,False,1 commit
True,2013-04-24 17:26:50,lengthy,False,False,1 commit
True,2013-04-24 18:03:01,very short,False,True,1 commit
False,2013-04-25 12:34:19,medium,False,True,1 commit
False,2013-04-29 04:47:40,very short,False,True,1 commit
False,2013-04-29 14:51:34,lengthy,False,True,some commits
False,2013-04-29 20:13:26,lengthy,False,False,some commits
True,2013-04-30 16:40:38,very short,False,True,1 commit
False,2013-04-30 20:28:43,lengthy,False,False,1 commit
False,2013-04-30 20:59:41,very short,False,False,1 commit
False,2013-05-02 07:13:17,lengthy,False,True,1 commit
False,2013-05-02 11:08:43,lengthy,False,True,1 commit
True,2013-05-03 13:49:34,lengthy,False,True,1 commit
False,2013-05-03 14:05:12,lengthy,False,False,1 commit
False,2013-05-03 16:04:20,lengthy,False,False,1 commit
False,2013-05-05 14:25:15,very short,False,True,1 commit
False,2013-05-05 15:09:33,lengthy,True,True,some commits
False,2013-05-06 03:34:56,short,False,False,1 commit
False,2013-05-06 11:08:21,lengthy,False,True,1 commit
False,2013-05-07 06:03:43,very short,False,True,1 commit
False,2013-05-07 09:12:52,lengthy,False,False,1 commit
True,2013-05-08 05:14:01,very short,False,False,1 commit
False,2013-05-08 21:51:33,very short,False,True,1 commit
True,2013-05-11 08:08:28,short,False,True,1 commit
False,2013-05-12 01:10:17,medium,True,False,1 commit
False,2013-05-12 19:06:08,short,False,False,some commits
True,2013-05-12 19:26:32,very short,False,False,1 commit
False,2013-05-12 23:56:12,lengthy,False,False,1 commit
False,2013-05-14 07:19:46,lengthy,False,True,many commits
True,2013-05-14 10:41:02,very short,False,True,1 commit
False,2013-05-15 12:31:45,lengthy,True,True,some commits
False,2013-05-15 13:07:28,very short,False,False,1 commit
False,2013-05-15 15:21:23,medium,False,True,1 commit
False,2013-05-15 15:34:12,very short,False,True,1 commit
True,2013-05-15 20:14:41,very short,False,False,1 commit
True,2013-05-15 21:59:02,very short,False,False,1 commit
True,2013-05-16 07:24:23,very short,False,False,1 commit
True,2013-05-16 08:10:20,very short,False,False,1 commit
False,2013-05-16 12:44:26,very short,True,False,1 commit
False,2013-05-16 16:35:23,short,False,False,1 commit
False,2013-05-17 04:11:48,very short,False,True,1 commit
False,2013-05-17 13:21:39,lengthy,False,True,1 commit
True,2013-05-17 23:53:11,very short,False,True,1 commit
True,2013-05-18 10:21:59,very short,False,False,1 commit
True,2013-05-18 10:34:31,very short,False,False,1 commit
False,2013-05-18 10:37:27,very short,False,False,1 commit
False,2013-05-18 10:43:31,very short,False,True,1 commit
True,2013-05-18 11:07:14,very short,False,True,1 commit
True,2013-05-18 11:22:21,very short,False,False,1 commit
False,2013-05-18 11:30:58,very short,False,False,some commits
False,2013-05-18 11:59:00,medium,False,False,1 commit
True,2013-05-18 12:05:59,very short,False,False,some commits
False,2013-05-18 12:07:04,lengthy,True,False,some commits
False,2013-05-18 12:10:23,lengthy,False,True,1 commit
False,2013-05-18 12:21:22,very short,True,True,some commits
True,2013-05-18 12:29:27,very short,False,False,1 commit
True,2013-05-18 12:39:44,very short,False,False,1 commit
True,2013-05-18 12:40:52,very short,False,False,1 commit
False,2013-05-18 12:42:12,short,True,True,many commits
False,2013-05-18 12:57:01,very short,False,False,some commits
False,2013-05-18 13:09:58,short,False,False,1 commit
False,2013-05-18 13:24:21,short,False,False,many commits
False,2013-05-18 13:25:47,lengthy,False,True,some commits
False,2013-05-18 13:27:33,very short,False,False,1 commit
False,2013-05-18 13:28:01,very short,False,False,many commits
False,2013-05-18 13:38:08,very short,False,True,1 commit
False,2013-05-18 13:40:08,lengthy,False,True,some commits
True,2013-05-18 14:08:59,very short,False,True,1 commit
False,2013-05-18 14:13:36,very short,False,False,1 commit
False,2013-05-18 14:15:12,very short,False,False,1 commit
True,2013-05-18 14:15:25,very short,True,False,1 commit
False,2013-05-18 14:25:32,very short,False,True,some commits
False,2013-05-18 14:29:56,very short,False,False,1 commit
False,2013-05-18 14:36:20,very short,False,False,1 commit
False,2013-05-18 14:37:55,very short,True,True,some commits
False,2013-05-18 14:50:00,short,False,True,1 commit
True,2013-05-18 14:53:49,very short,False,False,1 commit
False,2013-05-18 15:01:54,lengthy,False,False,many commits
False,2013-05-18 15:02:45,lengthy,False,False,some commits
False,2013-05-18 15:05:12,lengthy,False,False,some commits
False,2013-05-18 15:07:18,lengthy,False,True,some commits
True,2013-05-18 15:11:27,very short,False,True,1 commit
True,2013-05-18 15:17:14,very short,False,False,1 commit
True,2013-05-18 15:34:47,very short,False,True,some commits
True,2013-05-18 15:42:54,very short,False,False,1 commit
False,2013-05-18 15:45:24,short,False,True,1 commit
False,2013-05-18 15:55:47,lengthy,True,False,some commits
False,2013-05-18 15:59:03,lengthy,False,False,some commits
True,2013-05-18 16:05:08,very short,False,False,some commits
True,2013-05-18 16:07:17,very short,False,False,1 commit
False,2013-05-18 16:19:14,short,False,False,1 commit
True,2013-05-18 16:25:08,very short,False,False,1 commit
False,2013-05-18 16:34:19,lengthy,False,False,1 commit
False,2013-05-18 16:36:02,lengthy,False,False,1 commit
True,2013-05-19 07:30:46,very short,False,True,1 commit
True,2013-05-19 08:30:40,very short,False,True,1 commit
True,2013-05-19 08:38:00,very short,False,True,1 commit
False,2013-05-19 08:51:37,very short,False,True,1 commit
True,2013-05-19 08:55:35,very short,False,True,1 commit
False,2013-05-19 09:31:44,very short,False,True,1 commit
True,2013-05-19 09:46:26,very short,False,False,1 commit
False,2013-05-19 09:57:29,lengthy,False,True,many commits
False,2013-05-19 10:24:39,very short,False,False,1 commit
False,2013-05-19 10:42:10,lengthy,True,True,1 commit
False,2013-05-19 10:45:41,very short,False,True,some commits
True,2013-05-19 10:51:47,very short,False,False,1 commit
False,2013-05-19 10:58:34,very short,False,False,1 commit
False,2013-05-19 10:59:34,lengthy,True,False,some commits
False,2013-05-19 11:05:45,lengthy,True,False,1 commit
False,2013-05-19 11:05:53,very short,False,False,1 commit
True,2013-05-19 11:29:23,very short,False,False,1 commit
True,2013-05-19 11:40:06,very short,False,False,1 commit
True,2013-05-19 11:40:19,very short,False,True,many commits
False,2013-05-19 11:44:33,lengthy,False,True,many commits
True,2013-05-19 12:19:07,very short,False,False,1 commit
False,2013-05-19 12:23:14,lengthy,False,True,1 commit
True,2013-05-19 12:41:17,very short,False,True,1 commit
False,2013-05-19 12:46:53,lengthy,False,False,many commits
False,2013-05-19 12:51:42,lengthy,False,False,1 commit
False,2013-05-19 13:20:16,lengthy,True,False,1 commit
False,2013-05-19 13:21:12,medium,False,False,1 commit
False,2013-05-19 13:24:28,very short,False,False,1 commit
False,2013-05-19 13:27:49,very short,False,False,1 commit
False,2013-05-19 13:49:40,short,False,True,some commits
False,2013-05-19 14:42:51,lengthy,True,False,1 commit
False,2013-05-19 14:44:24,lengthy,False,False,many commits
False,2013-05-19 14:50:06,lengthy,False,False,1 commit
True,2013-05-19 14:56:33,very short,False,False,1 commit
False,2013-05-19 14:57:46,medium,True,False,1 commit
False,2013-05-19 18:03:41,very short,False,True,1 commit
True,2013-05-19 19:31:36,very short,False,False,1 commit
False,2013-05-19 20:31:43,lengthy,True,False,1 commit
False,2013-05-19 22:26:21,lengthy,True,False,1 commit
True,2013-05-19 23:01:47,very short,False,True,1 commit
False,2013-05-20 08:07:27,very short,False,False,1 commit
False,2013-05-20 08:30:49,very short,False,True,1 commit
False,2013-05-20 09:49:32,very short,False,False,1 commit
False,2013-05-20 18:11:33,medium,False,False,1 commit
False,2013-05-20 19:27:46,lengthy,False,False,1 commit
True,2013-05-20 21:00:11,very short,False,False,1 commit
True,2013-05-20 22:44:29,very short,False,False,1 commit
True,2013-05-21 11:20:08,very short,False,False,1 commit
True,2013-05-21 16:21:19,very short,False,False,1 commit
False,2013-05-22 04:57:07,lengthy,False,False,some commits
True,2013-05-22 13:28:20,very short,False,False,1 commit
False,2013-05-22 15:23:35,lengthy,False,True,1 commit
True,2013-05-23 08:25:52,very short,False,True,1 commit
False,2013-05-23 08:36:53,medium,True,False,some commits
False,2013-05-23 10:01:28,medium,False,False,some commits
False,2013-05-23 16:26:09,lengthy,True,False,many commits
False,2013-05-24 06:14:35,lengthy,False,True,1 commit
True,2013-05-24 10:40:30,very short,False,True,1 commit
True,2013-05-24 13:41:48,very short,False,False,1 commit
False,2013-05-24 22:00:46,medium,False,True,some commits
True,2013-05-25 18:26:53,short,False,False,1 commit
False,2013-05-26 10:49:41,medium,True,False,1 commit
False,2013-05-26 17:22:23,lengthy,False,True,1 commit
False,2013-05-27 04:43:33,lengthy,True,False,many commits
False,2013-05-27 08:15:49,very short,True,False,some commits
True,2013-05-27 08:16:11,very short,False,True,1 commit
False,2013-05-27 08:31:07,lengthy,False,True,some commits
True,2013-05-27 09:36:26,very short,False,False,1 commit
False,2013-05-27 10:25:48,short,False,False,1 commit
False,2013-05-27 15:02:59,medium,False,False,1 commit
False,2013-05-28 13:47:28,very short,False,True,1 commit
True,2013-05-29 22:20:46,short,False,False,1 commit
False,2013-05-29 22:35:21,very short,False,False,1 commit
False,2013-05-30 18:08:07,medium,False,False,1 commit
False,2013-06-01 18:34:35,lengthy,False,False,1 commit
False,2013-06-02 08:42:21,very short,False,False,some commits
False,2013-06-03 14:01:38,medium,False,True,1 commit
False,2013-06-04 06:10:20,lengthy,False,False,1 commit
True,2013-06-04 11:38:39,very short,True,True,1 commit
False,2013-06-04 21:16:03,lengthy,False,True,some commits
True,2013-06-04 21:38:07,short,False,False,1 commit
False,2013-06-08 05:32:09,lengthy,False,True,some commits
True,2013-06-08 05:53:44,very short,False,False,1 commit
True,2013-06-08 15:46:18,short,False,False,1 commit
True,2013-06-09 05:27:41,very short,False,True,1 commit
False,2013-06-09 17:59:15,lengthy,False,False,many commits
True,2013-06-11 10:44:00,very short,False,True,1 commit
True,2013-06-11 15:07:26,short,False,False,1 commit
False,2013-06-11 20:40:13,lengthy,False,False,some commits
True,2013-06-12 08:52:19,very short,False,False,1 commit
False,2013-06-12 21:14:46,very short,False,True,1 commit
False,2013-06-12 21:30:41,medium,False,False,1 commit
True,2013-06-13 13:12:55,very short,False,False,1 commit
False,2013-06-13 13:36:35,very short,False,False,1 commit
False,2013-06-13 16:39:32,very short,False,False,1 commit
False,2013-06-13 21:38:03,very short,False,True,1 commit
False,2013-06-14 07:29:03,very short,False,False,1 commit
True,2013-06-14 08:18:15,very short,False,False,1 commit
True,2013-06-14 12:24:10,very short,False,False,1 commit
True,2013-06-14 13:25:46,very short,False,True,1 commit
False,2013-06-14 14:24:42,very short,False,False,1 commit
False,2013-06-15 20:36:53,very short,False,False,1 commit
False,2013-06-17 07:40:26,very short,False,False,1 commit
False,2013-06-17 09:03:39,lengthy,False,False,many commits
False,2013-06-17 16:07:07,short,False,False,1 commit
True,2013-06-18 18:04:12,very short,False,False,1 commit
True,2013-06-18 18:20:25,very short,False,False,1 commit
True,2013-06-18 21:43:41,very short,False,False,1 commit
False,2013-06-19 07:42:50,lengthy,False,True,many commits
False,2013-06-19 16:28:00,lengthy,False,False,1 commit
False,2013-06-19 17:26:51,very short,False,False,1 commit
False,2013-06-19 20:43:28,medium,False,True,some commits
True,2013-06-19 23:45:44,very short,False,True,1 commit
False,2013-06-20 01:43:22,very short,False,True,1 commit
False,2013-06-20 06:54:34,lengthy,False,False,1 commit
False,2013-06-20 06:54:41,short,False,False,1 commit
False,2013-06-20 06:58:22,very short,True,False,1 commit
False,2013-06-20 11:12:23,medium,True,False,some commits
True,2013-06-22 11:17:11,very short,False,True,1 commit
True,2013-06-22 13:08:18,very short,False,False,1 commit
True,2013-06-22 16:35:49,lengthy,False,True,1 commit
False,2013-06-22 20:33:39,very short,False,False,1 commit
False,2013-06-25 06:03:12,very short,False,True,1 commit
False,2013-06-25 21:12:41,short,False,False,1 commit
False,2013-06-26 08:12:33,very short,False,True,1 commit
False,2013-06-26 11:26:32,very short,False,False,1 commit
True,2013-06-26 13:48:45,very short,False,False,1 commit
True,2013-06-26 17:26:10,very short,False,True,1 commit
True,2013-06-27 13:22:10,very short,False,False,1 commit
True,2013-06-27 16:40:51,very short,False,True,1 commit
False,2013-06-28 11:50:14,very short,False,True,1 commit
False,2013-06-29 08:20:52,lengthy,False,False,many commits
False,2013-06-29 15:55:40,medium,False,True,some commits
False,2013-06-30 06:26:59,very short,False,False,1 commit
False,2013-07-02 08:22:46,short,False,False,some commits
True,2013-07-02 17:00:41,very short,False,True,1 commit
False,2013-07-02 22:33:18,very short,False,True,1 commit
False,2013-07-03 06:18:27,very short,False,False,some commits
False,2013-07-03 15:18:10,lengthy,True,True,some commits
False,2013-07-03 17:19:27,very short,True,False,1 commit
True,2013-07-03 17:37:38,lengthy,False,True,1 commit
False,2013-07-03 18:41:11,lengthy,False,False,1 commit
True,2013-07-04 19:32:14,very short,False,True,1 commit
False,2013-07-05 09:28:46,lengthy,False,False,many commits
False,2013-07-05 13:43:26,lengthy,False,True,1 commit
False,2013-07-06 05:06:25,lengthy,False,True,1 commit
False,2013-07-06 14:45:19,lengthy,False,False,some commits
False,2013-07-07 01:36:47,very short,True,False,some commits
False,2013-07-07 19:50:43,lengthy,False,False,1 commit
False,2013-07-07 23:11:09,lengthy,True,False,many commits
False,2013-07-07 23:40:30,short,True,False,some commits
False,2013-07-08 03:41:19,lengthy,True,False,1 commit
False,2013-07-08 04:21:56,lengthy,False,False,1 commit
False,2013-07-08 09:42:08,very short,False,True,1 commit
False,2013-07-08 14:07:53,very short,False,True,1 commit
False,2013-07-08 16:00:11,very short,False,False,1 commit
True,2013-07-12 08:51:15,very short,False,False,1 commit
True,2013-07-12 09:51:00,very short,False,False,1 commit
False,2013-07-12 16:07:24,very short,False,False,1 commit
True,2013-07-14 03:28:43,very short,False,True,1 commit
True,2013-07-16 10:19:30,very short,False,False,1 commit
False,2013-07-16 19:43:38,very short,False,False,1 commit
False,2013-07-17 09:07:35,lengthy,False,False,many commits
False,2013-07-18 03:05:10,short,False,False,some commits
False,2013-07-18 08:23:03,short,False,True,1 commit
True,2013-07-18 10:38:36,very short,False,False,1 commit
False,2013-07-18 11:15:11,very short,False,False,1 commit
True,2013-07-18 12:01:53,very short,False,False,1 commit
True,2013-07-18 17:02:26,very short,False,False,1 commit
False,2013-07-18 19:25:34,very short,False,False,1 commit
True,2013-07-19 00:21:17,very short,False,False,1 commit
True,2013-07-19 05:54:05,very short,False,False,1 commit
False,2013-07-19 06:46:41,lengthy,True,False,1 commit
True,2013-07-19 08:04:36,very short,False,False,1 commit
True,2013-07-19 08:50:18,very short,False,False,1 commit
False,2013-07-19 11:34:48,short,False,True,some commits
True,2013-07-20 19:34:27,lengthy,False,False,some commits
False,2013-07-20 21:54:02,lengthy,False,False,many commits
False,2013-07-21 10:18:22,medium,False,False,1 commit
False,2013-07-21 15:00:12,short,False,False,1 commit
False,2013-07-21 23:47:44,very short,False,True,1 commit
False,2013-07-22 00:32:28,lengthy,True,True,many commits
True,2013-07-22 14:33:28,very short,False,False,1 commit
False,2013-07-23 14:28:33,medium,False,False,many commits
False,2013-07-23 17:36:04,very short,False,False,1 commit
False,2013-07-23 18:52:02,lengthy,False,True,many commits
False,2013-07-23 20:59:32,very short,False,True,1 commit
True,2013-07-24 11:16:52,very short,False,True,1 commit
False,2013-07-24 12:21:14,lengthy,False,False,1 commit
False,2013-07-25 01:31:11,lengthy,False,True,1 commit
False,2013-07-25 10:58:52,very short,False,True,1 commit
False,2013-07-25 12:50:25,very short,True,True,some commits
False,2013-07-25 19:36:06,medium,False,False,1 commit
False,2013-07-26 21:02:23,lengthy,False,True,many commits
False,2013-07-26 21:36:30,medium,False,False,1 commit
False,2013-07-28 06:59:56,lengthy,False,False,many commits
False,2013-07-28 10:44:40,short,True,True,some commits
False,2013-07-28 21:40:56,lengthy,False,False,many commits
False,2013-07-29 02:04:51,very short,False,True,1 commit
False,2013-07-30 06:54:29,short,False,False,1 commit
False,2013-07-30 09:10:54,short,True,False,some commits
False,2013-07-30 12:45:27,medium,False,False,1 commit
False,2013-07-30 20:56:40,very short,False,True,1 commit
True,2013-07-31 08:11:53,very short,False,False,1 commit
False,2013-07-31 20:28:53,lengthy,False,False,1 commit
False,2013-07-31 20:53:37,lengthy,False,False,1 commit
False,2013-07-31 21:05:11,short,False,False,1 commit
False,2013-08-01 07:57:07,short,False,True,some commits
False,2013-08-01 17:01:51,lengthy,False,False,1 commit
False,2013-08-01 21:37:12,very short,False,False,many commits
False,2013-08-02 18:27:03,short,False,False,1 commit
False,2013-08-03 05:47:42,short,False,False,many commits
False,2013-08-03 07:15:19,short,False,True,1 commit
False,2013-08-03 07:34:27,short,False,False,1 commit
False,2013-08-03 16:19:45,very short,False,False,1 commit
True,2013-08-03 19:50:38,very short,False,False,1 commit
True,2013-08-04 10:31:14,very short,False,False,1 commit
False,2013-08-04 14:11:29,very short,False,False,1 commit
False,2013-08-04 19:42:27,very short,False,False,1 commit
False,2013-08-04 22:07:34,lengthy,False,False,1 commit
False,2013-08-04 22:07:37,medium,False,False,1 commit
False,2013-08-05 15:13:17,medium,False,False,1 commit
False,2013-08-05 17:19:02,very short,False,False,some commits
False,2013-08-05 17:43:34,lengthy,False,False,1 commit
True,2013-08-05 19:33:48,very short,False,False,1 commit
False,2013-08-06 03:17:39,very short,False,False,1 commit
True,2013-08-06 12:07:13,lengthy,False,False,some commits
False,2013-08-07 02:26:44,lengthy,False,False,1 commit
False,2013-08-07 08:08:05,short,True,False,1 commit
False,2013-08-07 09:55:06,lengthy,False,True,1 commit
True,2013-08-07 11:04:59,short,False,True,1 commit
False,2013-08-07 16:10:26,short,False,False,many commits
False,2013-08-07 17:25:59,medium,False,False,some commits
False,2013-08-07 18:01:24,very short,False,False,some commits
True,2013-08-07 18:58:55,very short,False,False,1 commit
False,2013-08-08 09:56:20,very short,False,False,many commits
True,2013-08-08 11:58:02,very short,False,True,1 commit
False,2013-08-08 12:37:42,very short,False,False,1 commit
False,2013-08-09 08:43:33,medium,False,False,1 commit
True,2013-08-09 10:38:49,very short,False,False,1 commit
False,2013-08-09 12:56:51,very short,False,False,1 commit
False,2013-08-10 15:35:33,very short,False,True,some commits
True,2013-08-10 21:37:19,very short,False,False,1 commit
False,2013-08-11 07:41:16,short,False,True,1 commit
False,2013-08-11 22:16:20,medium,False,False,some commits
False,2013-08-12 02:38:08,lengthy,False,True,many commits
False,2013-08-12 14:16:40,very short,False,True,1 commit
False,2013-08-13 07:51:17,short,True,False,some commits
True,2013-08-13 10:39:16,very short,False,False,1 commit
False,2013-08-14 11:40:39,lengthy,False,False,some commits
False,2013-08-14 14:21:07,very short,False,True,1 commit
False,2013-08-14 17:52:36,very short,False,False,some commits
False,2013-08-14 21:53:02,very short,False,False,1 commit
True,2013-08-14 23:35:57,very short,False,False,1 commit
False,2013-08-15 00:17:12,lengthy,False,False,many commits
False,2013-08-15 00:58:30,lengthy,False,True,1 commit
False,2013-08-15 07:13:14,medium,False,False,some commits
True,2013-08-15 19:01:45,short,True,True,some commits
False,2013-08-16 14:14:16,very short,False,False,1 commit
False,2013-08-16 20:29:37,medium,False,False,1 commit
False,2013-08-17 08:04:28,lengthy,False,False,1 commit
False,2013-08-17 19:27:33,short,False,True,1 commit
False,2013-08-17 23:50:10,short,False,True,1 commit
False,2013-08-18 04:30:45,medium,True,True,many commits
False,2013-08-19 06:34:54,lengthy,False,False,1 commit
False,2013-08-20 07:10:44,lengthy,True,False,1 commit
False,2013-08-20 09:31:58,short,False,False,many commits
False,2013-08-21 01:37:45,lengthy,False,False,some commits
False,2013-08-21 04:12:58,very short,False,True,1 commit
False,2013-08-21 16:25:20,very short,False,False,1 commit
False,2013-08-21 18:08:17,lengthy,False,True,1 commit
False,2013-08-21 18:23:26,short,True,False,1 commit
True,2013-08-21 19:58:13,very short,False,False,1 commit
False,2013-08-22 07:58:05,very short,False,True,1 commit
False,2013-08-22 08:53:45,very short,False,False,1 commit
False,2013-08-22 16:36:02,short,False,True,1 commit
False,2013-08-22 17:57:14,lengthy,False,False,1 commit
False,2013-08-23 13:35:44,medium,True,True,some commits
False,2013-08-23 16:04:04,medium,False,True,some commits
False,2013-08-23 20:09:03,lengthy,False,False,some commits
False,2013-08-25 00:29:40,short,False,False,1 commit
False,2013-08-26 02:08:01,short,False,False,1 commit
True,2013-08-26 09:46:28,very short,False,True,1 commit
False,2013-08-26 15:21:01,lengthy,False,False,1 commit
True,2013-08-26 19:35:12,very short,False,False,1 commit
False,2013-08-27 00:04:03,very short,False,False,1 commit
False,2013-08-27 07:50:38,lengthy,True,False,many commits
False,2013-08-27 08:25:15,short,False,False,1 commit
False,2013-08-27 10:05:19,short,False,True,1 commit
False,2013-08-28 06:24:30,very short,False,False,1 commit
False,2013-08-28 09:54:55,very short,False,True,1 commit
False,2013-08-28 10:24:12,short,False,False,some commits
False,2013-08-28 10:24:37,short,False,False,some commits
True,2013-08-28 10:39:23,very short,False,True,1 commit
False,2013-08-28 12:18:21,very short,True,False,some commits
False,2013-08-29 04:09:36,very short,True,False,some commits
False,2013-08-29 09:05:54,short,True,False,some commits
False,2013-08-29 14:20:17,very short,False,True,1 commit
False,2013-08-30 03:46:50,very short,False,False,1 commit
False,2013-08-30 04:04:50,medium,False,False,some commits
False,2013-08-30 19:58:22,medium,True,False,1 commit
False,2013-08-31 11:46:13,very short,False,False,1 commit
False,2013-08-31 19:13:03,very short,False,False,1 commit
False,2013-08-31 21:19:33,medium,False,False,1 commit
False,2013-09-01 04:07:46,short,False,False,1 commit
False,2013-09-01 15:47:40,medium,False,False,1 commit
False,2013-09-01 18:15:17,medium,False,False,some commits
False,2013-09-01 18:28:45,medium,False,False,some commits
False,2013-09-02 07:41:48,short,False,True,1 commit
False,2013-09-03 17:33:45,short,False,False,1 commit
False,2013-09-03 21:21:42,medium,True,True,some commits
False,2013-09-04 11:24:43,medium,True,False,some commits
False,2013-09-04 16:11:35,medium,False,True,1 commit
True,2013-09-04 19:34:32,very short,False,False,1 commit
False,2013-09-05 03:39:44,short,False,False,1 commit
False,2013-09-05 21:18:42,very short,False,False,1 commit
False,2013-09-05 22:26:48,very short,False,True,some commits
False,2013-09-06 11:21:37,lengthy,False,False,many commits
False,2013-09-06 11:31:06,very short,False,True,1 commit
False,2013-09-06 15:22:21,very short,True,False,many commits
True,2013-09-06 15:29:33,very short,False,True,1 commit
False,2013-09-06 15:57:36,very short,False,True,1 commit
False,2013-09-06 17:07:12,very short,False,True,1 commit
True,2013-09-06 17:07:30,very short,False,True,1 commit
False,2013-09-06 17:48:21,short,False,True,1 commit
True,2013-09-06 18:11:38,short,False,False,1 commit
True,2013-09-06 18:37:33,very short,True,True,some commits
True,2013-09-06 18:57:00,very short,False,False,1 commit
False,2013-09-06 19:01:13,lengthy,True,False,some commits
False,2013-09-06 19:02:36,medium,True,True,many commits
False,2013-09-06 19:11:42,very short,False,True,some commits
False,2013-09-06 19:14:01,medium,False,True,1 commit
False,2013-09-06 19:18:09,short,False,True,1 commit
False,2013-09-06 19:25:48,short,True,False,some commits
False,2013-09-06 19:29:45,very short,True,True,many commits
True,2013-09-06 19:57:04,very short,False,True,1 commit
False,2013-09-06 20:36:07,very short,False,False,1 commit
False,2013-09-06 20:45:21,very short,False,True,1 commit
True,2013-09-06 20:50:29,very short,False,True,1 commit
True,2013-09-06 20:59:44,very short,True,True,some commits
True,2013-09-06 21:31:46,very short,True,False,some commits
True,2013-09-06 22:34:17,very short,False,False,1 commit
True,2013-09-06 22:35:17,very short,True,False,many commits
False,2013-09-07 00:13:54,very short,False,True,some commits
False,2013-09-07 00:28:43,medium,False,False,1 commit
False,2013-09-07 00:41:49,very short,False,True,1 commit
True,2013-09-07 00:55:25,very short,False,False,1 commit
False,2013-09-07 06:06:50,very short,False,False,1 commit
False,2013-09-07 12:32:53,short,False,True,1 commit
False,2013-09-07 13:19:26,medium,False,False,1 commit
False,2013-09-07 15:41:06,very short,False,False,some commits
True,2013-09-07 16:37:41,very short,False,False,1 commit
False,2013-09-07 17:58:11,lengthy,False,True,many commits
True,2013-09-07 18:16:49,very short,False,False,1 commit
False,2013-09-07 18:43:47,short,False,False,1 commit
False,2013-09-07 19:02:40,lengthy,False,False,many commits
False,2013-09-07 19:40:41,lengthy,False,False,1 commit
False,2013-09-07 21:38:39,short,False,False,some commits
False,2013-09-07 21:39:04,very short,False,False,some commits
False,2013-09-08 20:00:24,very short,False,True,some commits
False,2013-09-09 09:28:10,very short,False,False,some commits
False,2013-09-09 09:41:58,short,True,False,many commits
False,2013-09-09 16:51:41,very short,False,False,1 commit
True,2013-09-09 23:07:39,very short,False,True,1 commit
False,2013-09-10 07:47:37,very short,False,False,some commits
False,2013-09-10 12:45:24,very short,False,True,some commits
False,2013-09-10 13:10:39,very short,True,False,1 commit
True,2013-09-10 20:10:42,very short,False,True,1 commit
False,2013-09-10 22:08:27,very short,False,False,1 commit
False,2013-09-11 04:11:39,lengthy,True,True,some commits
False,2013-09-11 04:12:15,lengthy,True,False,some commits
False,2013-09-11 04:13:13,lengthy,True,False,some commits
True,2013-09-11 11:17:31,very short,False,False,1 commit
False,2013-09-11 15:15:28,very short,False,False,1 commit
True,2013-09-11 21:47:08,very short,False,False,1 commit
False,2013-09-12 09:10:36,short,True,False,1 commit
False,2013-09-12 13:35:37,very short,False,True,some commits
False,2013-09-12 14:09:36,short,False,False,1 commit
True,2013-09-12 18:33:11,very short,False,False,1 commit
False,2013-09-12 18:35:01,lengthy,True,False,some commits
False,2013-09-12 23:12:22,very short,False,False,1 commit
False,2013-09-13 11:24:41,very short,True,False,some commits
False,2013-09-13 12:27:06,very short,True,True,some commits
False,2013-09-13 15:12:35,lengthy,True,False,some commits
False,2013-09-13 15:47:30,very short,False,True,1 commit
False,2013-09-14 10:58:49,lengthy,False,False,1 commit
False,2013-09-15 19:03:37,short,False,False,1 commit
False,2013-09-15 21:53:37,short,False,False,1 commit
False,2013-09-16 03:54:10,lengthy,False,True,1 commit
False,2013-09-17 14:41:43,very short,False,False,1 commit
False,2013-09-17 14:42:16,very short,False,False,1 commit
False,2013-09-17 23:15:51,lengthy,False,True,1 commit
True,2013-09-18 02:10:36,lengthy,False,False,1 commit
False,2013-09-18 23:10:43,very short,False,False,1 commit
True,2013-09-19 04:14:54,very short,False,False,1 commit
False,2013-09-19 10:24:37,very short,True,False,many commits
False,2013-09-19 12:31:00,lengthy,False,True,1 commit
False,2013-09-19 16:55:46,very short,False,True,1 commit
False,2013-09-19 18:18:19,medium,False,False,1 commit
False,2013-09-19 18:25:45,medium,False,False,1 commit
False,2013-09-19 23:16:22,lengthy,False,False,1 commit
False,2013-09-20 09:36:59,lengthy,False,True,1 commit
False,2013-09-21 03:55:09,very short,True,False,1 commit
False,2013-09-21 08:09:59,very short,False,False,1 commit
True,2013-09-21 14:28:11,very short,False,True,1 commit
True,2013-09-21 15:47:03,very short,False,False,1 commit
True,2013-09-21 20:34:51,very short,False,True,1 commit
False,2013-09-22 14:03:44,very short,False,False,1 commit
True,2013-09-22 17:37:19,very short,False,False,1 commit
False,2013-09-23 10:36:22,very short,False,True,1 commit
False,2013-09-23 12:39:45,very short,True,True,some commits
False,2013-09-23 12:50:54,short,False,True,1 commit
False,2013-09-23 13:59:28,very short,False,True,1 commit
False,2013-09-23 14:08:38,very short,False,True,1 commit
False,2013-09-23 14:23:42,very short,False,True,1 commit
False,2013-09-23 14:42:56,very short,False,True,1 commit
False,2013-09-23 15:08:12,very short,True,True,some commits
False,2013-09-23 16:43:36,medium,False,False,1 commit
False,2013-09-23 20:36:58,very short,False,True,1 commit
False,2013-09-23 21:47:51,lengthy,False,True,1 commit
False,2013-09-23 22:40:15,very short,False,False,1 commit
False,2013-09-23 23:40:41,lengthy,True,False,many commits
False,2013-09-24 00:30:51,short,False,False,1 commit
False,2013-09-24 02:13:43,very short,False,False,1 commit
True,2013-09-24 11:59:15,very short,False,True,1 commit
False,2013-09-24 12:49:13,medium,False,False,1 commit
False,2013-09-25 12:21:44,lengthy,False,False,1 commit
False,2013-09-26 01:02:57,medium,False,False,1 commit
True,2013-09-26 07:29:46,lengthy,False,False,1 commit
False,2013-09-26 15:41:25,short,False,True,some commits
False,2013-09-27 01:04:08,lengthy,False,False,1 commit
False,2013-09-27 07:05:15,very short,True,False,1 commit
False,2013-09-28 08:24:53,very short,False,False,1 commit
False,2013-09-29 16:37:23,lengthy,True,True,many commits
False,2013-09-29 20:02:14,lengthy,False,True,1 commit
False,2013-09-30 02:15:15,short,False,True,1 commit
False,2013-09-30 03:27:52,very short,False,False,1 commit
False,2013-09-30 10:15:34,very short,False,False,1 commit
False,2013-09-30 10:48:06,very short,True,False,1 commit
False,2013-09-30 16:55:55,very short,False,False,1 commit
True,2013-09-30 21:00:05,very short,False,True,1 commit
False,2013-10-01 09:33:25,lengthy,False,False,some commits
False,2013-10-01 14:52:32,very short,False,False,1 commit
False,2013-10-02 14:20:26,lengthy,False,True,1 commit
False,2013-10-03 08:22:16,lengthy,False,False,some commits
False,2013-10-03 15:01:57,lengthy,True,False,some commits
False,2013-10-04 12:50:18,very short,False,True,1 commit
False,2013-10-05 20:31:00,short,False,True,1 commit
False,2013-10-07 02:12:13,very short,True,False,some commits
False,2013-10-07 02:14:03,very short,True,False,1 commit
False,2013-10-07 02:15:28,lengthy,True,False,some commits
False,2013-10-07 02:16:11,very short,True,False,1 commit
False,2013-10-07 02:17:05,lengthy,True,False,1 commit
False,2013-10-07 02:17:57,medium,True,False,1 commit
False,2013-10-07 07:42:25,very short,True,False,1 commit
False,2013-10-07 14:33:11,medium,False,False,1 commit
False,2013-10-07 14:35:18,medium,False,False,1 commit
True,2013-10-08 14:22:58,very short,False,False,1 commit
False,2013-10-09 14:46:46,lengthy,False,False,1 commit
False,2013-10-10 21:55:13,very short,False,True,1 commit
False,2013-10-11 16:46:12,very short,False,False,1 commit
False,2013-10-12 01:59:20,medium,True,True,many commits
False,2013-10-13 00:56:37,lengthy,False,True,some commits
False,2013-10-13 03:11:44,very short,False,False,1 commit
False,2013-10-13 09:10:54,short,False,False,1 commit
False,2013-10-14 05:39:25,lengthy,False,False,1 commit
True,2013-10-14 11:38:52,very short,False,True,1 commit
False,2013-10-14 11:56:49,very short,False,True,some commits
False,2013-10-14 12:02:09,very short,False,False,1 commit
False,2013-10-14 12:19:58,very short,False,False,1 commit
False,2013-10-14 12:45:24,very short,True,False,some commits
False,2013-10-14 12:53:16,very short,False,False,1 commit
False,2013-10-14 14:12:06,medium,True,False,many commits
False,2013-10-14 18:51:44,lengthy,True,False,1 commit
False,2013-10-14 19:20:47,very short,False,True,1 commit
False,2013-10-14 20:21:24,very short,False,True,1 commit
True,2013-10-14 22:46:13,lengthy,False,False,1 commit
True,2013-10-14 22:46:23,very short,False,False,1 commit
False,2013-10-14 23:41:58,lengthy,False,False,1 commit
False,2013-10-15 05:19:15,lengthy,True,False,1 commit
False,2013-10-15 07:41:18,lengthy,True,False,1 commit
False,2013-10-15 11:00:07,very short,False,True,1 commit
True,2013-10-15 13:38:59,very short,False,False,1 commit
False,2013-10-15 15:19:27,very short,False,False,1 commit
False,2013-10-15 15:26:25,very short,True,False,1 commit
False,2013-10-15 16:30:57,lengthy,False,True,1 commit
True,2013-10-15 19:29:00,very short,False,False,1 commit
False,2013-10-15 20:39:40,short,True,False,1 commit
False,2013-10-16 05:54:03,medium,True,False,some commits
False,2013-10-16 14:47:04,lengthy,False,False,1 commit
False,2013-10-16 22:27:19,lengthy,True,True,1 commit
False,2013-10-17 11:01:23,very short,True,False,1 commit
True,2013-10-17 11:07:55,very short,False,False,1 commit
False,2013-10-17 13:25:24,short,False,False,1 commit
False,2013-10-17 15:33:39,very short,False,False,1 commit
False,2013-10-17 23:21:30,very short,False,False,1 commit
True,2013-10-18 00:32:33,very short,False,False,1 commit
True,2013-10-18 00:57:42,very short,False,False,1 commit
True,2013-10-18 09:09:17,very short,False,False,1 commit
False,2013-10-18 12:19:22,medium,True,False,1 commit
False,2013-10-18 12:21:44,short,False,False,1 commit
False,2013-10-18 14:30:17,very short,False,True,some commits
False,2013-10-18 17:14:39,very short,False,False,1 commit
False,2013-10-18 22:49:50,lengthy,False,False,some commits
False,2013-10-19 11:28:03,lengthy,False,False,many commits
False,2013-10-19 13:24:40,medium,False,False,some commits
False,2013-10-19 23:54:01,short,False,False,1 commit
False,2013-10-20 08:55:14,lengthy,False,False,1 commit
False,2013-10-20 09:14:21,lengthy,True,False,1 commit
False,2013-10-20 19:02:23,very short,False,False,1 commit
False,2013-10-21 14:59:22,very short,False,True,1 commit
False,2013-10-21 15:18:31,medium,True,False,1 commit
False,2013-10-22 09:19:58,very short,False,True,1 commit
False,2013-10-22 13:34:22,very short,False,False,1 commit
False,2013-10-22 19:04:16,very short,True,True,some commits
False,2013-10-23 08:08:52,lengthy,True,False,many commits
True,2013-10-23 12:53:25,very short,False,False,1 commit
True,2013-10-23 13:49:01,lengthy,True,False,1 commit
False,2013-10-23 14:07:28,short,True,True,some commits
True,2013-10-23 14:56:26,very short,False,False,1 commit
False,2013-10-24 09:12:01,short,False,True,1 commit
False,2013-10-24 15:46:37,medium,False,False,1 commit
False,2013-10-24 19:05:37,very short,False,False,1 commit
False,2013-10-25 07:44:44,lengthy,True,False,1 commit
False,2013-10-25 09:55:59,short,False,True,1 commit
False,2013-10-25 11:43:42,lengthy,False,True,1 commit
False,2013-10-25 13:05:30,medium,False,True,1 commit
False,2013-10-25 13:07:23,medium,False,False,1 commit
False,2013-10-25 18:09:48,lengthy,False,True,1 commit
False,2013-10-26 06:21:15,lengthy,False,False,some commits
False,2013-10-27 08:33:46,lengthy,False,False,some commits
False,2013-10-27 09:15:53,very short,False,True,1 commit
False,2013-10-27 09:57:21,very short,False,False,1 commit
False,2013-10-27 13:06:53,lengthy,False,False,some commits
True,2013-10-27 15:07:00,very short,False,False,1 commit
False,2013-10-28 10:27:27,medium,False,True,1 commit
False,2013-10-28 14:05:23,medium,False,False,1 commit
True,2013-10-28 16:20:36,medium,True,False,1 commit
False,2013-10-29 01:51:42,short,False,False,some commits
False,2013-10-29 17:36:02,lengthy,False,False,1 commit
False,2013-10-29 18:41:53,very short,True,False,1 commit
False,2013-10-29 21:54:30,medium,False,False,1 commit
False,2013-10-31 00:17:31,lengthy,False,False,1 commit
False,2013-10-31 01:12:19,lengthy,True,False,1 commit
False,2013-10-31 12:41:12,very short,False,True,1 commit
False,2013-10-31 18:23:16,medium,False,False,1 commit
False,2013-10-31 20:20:58,very short,False,False,1 commit
True,2013-10-31 20:36:19,very short,False,False,1 commit
True,2013-11-01 14:09:31,very short,False,True,1 commit
False,2013-11-01 14:56:53,short,False,True,1 commit
False,2013-11-01 18:57:10,very short,True,False,1 commit
False,2013-11-01 20:20:48,medium,True,False,1 commit
False,2013-11-02 00:38:08,very short,False,True,1 commit
False,2013-11-02 08:36:36,very short,True,False,1 commit
False,2013-11-02 14:04:46,lengthy,False,False,some commits
False,2013-11-02 18:06:58,short,False,False,1 commit
True,2013-11-02 19:14:52,very short,False,False,1 commit
True,2013-11-02 19:32:18,very short,False,False,1 commit
True,2013-11-02 19:53:36,very short,False,True,1 commit
True,2013-11-02 20:10:41,medium,False,False,1 commit
False,2013-11-02 21:10:34,very short,False,True,1 commit
True,2013-11-02 22:38:04,very short,False,True,many commits
True,2013-11-03 00:00:41,very short,False,False,1 commit
True,2013-11-03 00:02:29,very short,False,False,some commits
False,2013-11-03 05:54:29,medium,False,False,1 commit
False,2013-11-03 06:37:33,very short,False,True,1 commit
False,2013-11-03 07:12:27,very short,False,False,1 commit
False,2013-11-03 09:06:39,very short,False,False,1 commit
False,2013-11-03 09:22:45,very short,False,False,1 commit
True,2013-11-03 09:31:09,very short,False,False,1 commit
False,2013-11-03 09:34:34,very short,False,False,1 commit
False,2013-11-03 13:47:48,medium,True,False,1 commit
False,2013-11-03 16:58:02,medium,False,False,1 commit
False,2013-11-03 22:30:15,lengthy,False,False,1 commit
False,2013-11-03 23:41:10,lengthy,False,False,1 commit
False,2013-11-04 15:54:53,medium,False,False,1 commit
True,2013-11-04 17:36:14,very short,False,False,1 commit
False,2013-11-04 19:37:41,lengthy,False,True,some commits
False,2013-11-05 09:24:49,lengthy,False,False,1 commit
False,2013-11-05 09:56:36,very short,False,False,1 commit
False,2013-11-05 10:12:00,lengthy,False,False,1 commit
False,2013-11-05 10:36:51,short,False,False,many commits
False,2013-11-05 11:28:18,short,False,False,1 commit
True,2013-11-05 12:16:35,lengthy,False,False,1 commit
False,2013-11-05 13:40:13,medium,False,False,1 commit
False,2013-11-05 15:59:11,lengthy,False,False,1 commit
False,2013-11-05 17:30:11,medium,False,True,some commits
False,2013-11-07 05:43:11,lengthy,False,True,1 commit
False,2013-11-07 15:56:02,medium,False,True,1 commit
False,2013-11-08 02:43:01,very short,False,True,1 commit
False,2013-11-08 14:47:11,lengthy,False,False,1 commit
True,2013-11-08 22:26:51,very short,False,True,1 commit
False,2013-11-09 04:22:57,lengthy,False,False,some commits
False,2013-11-09 10:24:12,medium,False,False,1 commit
False,2013-11-09 10:29:46,very short,False,False,1 commit
False,2013-11-09 10:40:26,very short,False,True,some commits
False,2013-11-09 13:31:32,very short,False,False,1 commit
False,2013-11-10 02:54:04,lengthy,False,False,some commits
False,2013-11-11 01:01:46,very short,False,True,1 commit
True,2013-11-11 07:49:51,very short,False,True,1 commit
True,2013-11-11 08:05:57,very short,False,False,1 commit
False,2013-11-11 13:22:10,very short,False,True,1 commit
False,2013-11-11 16:08:51,medium,False,False,1 commit
False,2013-11-12 08:09:23,very short,False,True,some commits
False,2013-11-12 16:08:44,very short,False,False,1 commit
False,2013-11-12 19:59:38,lengthy,False,False,1 commit
False,2013-11-12 22:49:25,medium,True,True,some commits
False,2013-11-13 19:29:11,short,False,False,some commits
False,2013-11-13 22:48:13,lengthy,False,False,1 commit
False,2013-11-13 23:43:14,short,False,False,1 commit
False,2013-11-13 23:46:34,short,False,True,1 commit
False,2013-11-14 04:55:29,very short,False,False,1 commit
True,2013-11-14 19:57:07,very short,False,False,1 commit
True,2013-11-15 03:56:20,very short,False,False,1 commit
False,2013-11-15 12:54:00,medium,False,True,1 commit
False,2013-11-15 16:03:40,lengthy,False,False,1 commit
False,2013-11-15 18:39:44,very short,False,False,some commits
False,2013-11-15 19:17:57,medium,False,False,1 commit
False,2013-11-16 04:10:48,medium,False,False,1 commit
False,2013-11-16 15:04:59,lengthy,False,False,1 commit
False,2013-11-16 18:00:16,lengthy,False,False,1 commit
False,2013-11-17 18:24:39,lengthy,False,False,1 commit
True,2013-11-18 02:45:16,very short,False,False,1 commit
False,2013-11-18 16:33:21,lengthy,False,False,1 commit
False,2013-11-18 17:23:55,very short,False,False,1 commit
False,2013-11-18 18:00:35,medium,True,False,1 commit
False,2013-11-18 19:54:32,lengthy,False,False,1 commit
False,2013-11-18 20:18:43,lengthy,False,False,1 commit
False,2013-11-19 17:37:56,lengthy,False,False,1 commit
True,2013-11-19 17:56:53,very short,False,True,1 commit
False,2013-11-20 02:54:34,very short,True,True,some commits
False,2013-11-20 08:56:36,lengthy,False,True,some commits
False,2013-11-20 17:51:11,short,False,False,1 commit
False,2013-11-20 23:56:42,very short,False,False,1 commit
False,2013-11-21 01:04:00,lengthy,False,True,some commits
False,2013-11-21 08:07:43,very short,False,False,1 commit
True,2013-11-21 09:27:27,very short,False,False,1 commit
False,2013-11-21 09:40:32,very short,False,False,1 commit
False,2013-11-21 15:50:49,medium,False,False,1 commit
False,2013-11-21 23:47:34,very short,False,False,1 commit
False,2013-11-22 00:03:05,medium,False,True,some commits
False,2013-11-22 01:54:34,very short,False,False,some commits
False,2013-11-22 02:01:57,medium,True,False,some commits
False,2013-11-22 10:16:41,medium,False,False,1 commit
False,2013-11-22 12:03:17,very short,False,False,1 commit
True,2013-11-22 18:30:04,very short,False,False,1 commit
False,2013-11-22 21:13:30,medium,False,True,1 commit
False,2013-11-22 22:36:59,short,False,True,1 commit
False,2013-11-23 07:37:58,lengthy,False,False,some commits
True,2013-11-23 13:31:03,very short,False,True,1 commit
False,2013-11-23 14:00:52,very short,False,False,1 commit
False,2013-11-23 14:01:21,very short,False,False,1 commit
False,2013-11-23 14:01:59,very short,False,False,1 commit
False,2013-11-23 14:38:58,very short,False,True,1 commit
False,2013-11-23 22:11:05,lengthy,False,False,many commits
True,2013-11-23 22:50:21,very short,False,True,1 commit
False,2013-11-24 04:40:08,very short,False,False,1 commit
False,2013-11-24 08:11:05,very short,False,False,1 commit
False,2013-11-24 12:11:32,lengthy,False,False,1 commit
False,2013-11-24 13:20:32,lengthy,False,False,1 commit
True,2013-11-24 14:29:24,short,False,True,1 commit
False,2013-11-24 15:27:57,lengthy,False,True,1 commit
False,2013-11-24 17:14:34,lengthy,False,False,some commits
False,2013-11-25 01:51:57,very short,True,False,1 commit
False,2013-11-25 12:04:54,very short,False,True,1 commit
False,2013-11-25 12:07:43,lengthy,False,False,1 commit
False,2013-11-25 13:15:44,very short,False,False,1 commit
False,2013-11-25 14:56:01,very short,False,False,1 commit
False,2013-11-25 15:50:42,lengthy,False,False,1 commit
False,2013-11-25 19:11:55,lengthy,False,False,some commits
False,2013-11-26 05:53:33,very short,False,False,1 commit
True,2013-11-26 12:02:51,lengthy,False,True,1 commit
False,2013-11-26 17:28:40,medium,False,True,1 commit
False,2013-11-27 15:04:00,very short,False,False,1 commit
True,2013-11-27 18:39:42,very short,False,False,1 commit
False,2013-11-27 19:52:59,lengthy,True,False,some commits
False,2013-11-27 23:46:46,very short,False,False,1 commit
False,2013-11-28 13:38:08,short,False,False,1 commit
True,2013-11-28 19:58:48,very short,False,False,1 commit
False,2013-11-29 13:26:09,very short,False,True,1 commit
False,2013-11-29 14:56:09,medium,False,False,1 commit
False,2013-11-30 00:42:01,very short,True,False,some commits
False,2013-11-30 09:19:41,very short,False,True,some commits
False,2013-11-30 14:10:59,lengthy,False,False,1 commit
False,2013-12-01 02:17:56,lengthy,False,False,1 commit
False,2013-12-01 12:15:34,lengthy,False,True,1 commit
False,2013-12-01 19:49:01,very short,False,False,1 commit
False,2013-12-02 14:14:30,lengthy,False,False,some commits
True,2013-12-02 17:12:37,very short,False,False,1 commit
False,2013-12-02 17:13:13,short,False,True,1 commit
False,2013-12-02 17:36:26,very short,False,False,1 commit
False,2013-12-03 09:56:46,lengthy,False,True,1 commit
False,2013-12-04 00:15:42,lengthy,False,False,1 commit
True,2013-12-04 07:23:32,medium,False,False,1 commit
False,2013-12-04 10:50:27,lengthy,False,False,1 commit
False,2013-12-04 15:43:13,lengthy,True,False,1 commit
True,2013-12-04 21:36:07,very short,False,False,1 commit
True,2013-12-05 00:05:25,very short,False,True,1 commit
False,2013-12-05 05:52:41,very short,False,True,some commits
False,2013-12-05 13:54:29,very short,False,False,1 commit
False,2013-12-05 16:24:14,short,False,True,some commits
False,2013-12-05 21:34:36,lengthy,False,True,1 commit
True,2013-12-05 23:56:56,very short,False,False,1 commit
False,2013-12-06 01:28:26,very short,False,True,1 commit
False,2013-12-06 04:47:44,very short,False,False,some commits
False,2013-12-07 02:06:13,very short,False,False,some commits
False,2013-12-07 07:16:19,lengthy,False,False,1 commit
True,2013-12-07 08:29:15,very short,False,False,1 commit
False,2013-12-07 08:55:33,very short,False,False,some commits
False,2013-12-07 13:18:34,medium,True,False,1 commit
True,2013-12-07 16:12:43,very short,False,False,1 commit
True,2013-12-08 01:15:10,very short,False,False,1 commit
False,2013-12-08 11:56:18,medium,False,True,1 commit
True,2013-12-08 13:17:23,very short,False,False,1 commit
False,2013-12-08 17:11:18,medium,False,True,some commits
False,2013-12-08 17:22:23,short,False,False,1 commit
False,2013-12-08 23:07:44,short,False,False,1 commit
False,2013-12-09 17:30:50,lengthy,False,False,1 commit
True,2013-12-09 21:59:07,very short,False,False,1 commit
False,2013-12-10 11:22:27,lengthy,True,True,some commits
False,2013-12-10 17:51:53,lengthy,False,True,some commits
False,2013-12-10 22:11:29,lengthy,False,False,1 commit
False,2013-12-11 17:39:27,very short,False,False,1 commit
False,2013-12-11 18:50:00,very short,False,False,1 commit
False,2013-12-12 04:59:03,lengthy,False,True,1 commit
False,2013-12-12 10:08:37,lengthy,False,False,1 commit
False,2013-12-12 10:49:31,very short,False,False,1 commit
True,2013-12-12 14:49:43,short,False,False,1 commit
False,2013-12-12 19:38:43,short,False,False,1 commit
False,2013-12-13 06:13:10,lengthy,True,False,many commits
False,2013-12-13 08:28:04,short,False,False,1 commit
False,2013-12-13 14:52:44,very short,True,True,some commits
False,2013-12-13 16:31:28,very short,False,True,1 commit
False,2013-12-13 17:31:09,short,False,False,1 commit
False,2013-12-13 21:29:22,very short,False,False,1 commit
False,2013-12-14 23:30:24,very short,False,True,some commits
False,2013-12-15 01:01:58,medium,False,True,1 commit
True,2013-12-15 09:00:52,very short,False,False,1 commit
False,2013-12-15 22:19:04,very short,False,True,some commits
False,2013-12-16 16:47:39,lengthy,False,True,some commits
False,2013-12-16 21:59:54,short,False,False,1 commit
False,2013-12-16 22:07:44,very short,False,True,1 commit
False,2013-12-18 01:54:24,very short,False,False,1 commit
False,2013-12-18 05:56:29,very short,False,False,1 commit
False,2013-12-18 07:06:42,very short,True,True,1 commit
False,2013-12-18 17:15:01,very short,False,True,1 commit
True,2013-12-18 21:35:42,lengthy,True,False,1 commit
False,2013-12-19 00:45:51,lengthy,False,True,some commits
False,2013-12-19 05:43:18,very short,True,False,some commits
False,2013-12-19 09:28:52,lengthy,False,False,1 commit
False,2013-12-20 18:29:23,lengthy,False,False,1 commit
False,2013-12-22 15:51:06,very short,False,False,1 commit
False,2013-12-22 18:54:55,lengthy,False,False,some commits
False,2013-12-22 23:13:15,short,False,False,many commits
True,2013-12-24 11:00:53,short,False,False,1 commit
True,2013-12-24 16:30:21,very short,False,True,1 commit
False,2013-12-24 16:58:21,lengthy,True,True,some commits
False,2013-12-24 18:01:06,short,False,False,1 commit
True,2013-12-25 17:18:52,very short,False,True,1 commit
False,2013-12-25 19:56:28,very short,False,True,1 commit
True,2013-12-25 22:23:38,very short,False,False,1 commit
True,2013-12-26 21:36:49,lengthy,False,False,some commits
False,2013-12-28 02:43:20,lengthy,True,False,1 commit
False,2013-12-28 11:19:08,lengthy,False,False,1 commit
False,2013-12-30 07:59:05,lengthy,False,False,1 commit
False,2013-12-31 02:32:16,very short,False,True,1 commit
False,2013-12-31 18:04:04,very short,True,False,some commits
True,2014-01-01 00:23:28,very short,False,False,1 commit
False,2014-01-01 23:10:13,lengthy,False,False,1 commit
True,2014-01-02 19:23:42,very short,False,True,1 commit
True,2014-01-02 20:23:08,very short,False,True,1 commit
False,2014-01-03 16:08:23,very short,False,False,1 commit
False,2014-01-04 00:49:39,very short,False,True,1 commit
False,2014-01-04 02:29:02,medium,False,False,1 commit
False,2014-01-04 04:59:49,lengthy,False,False,1 commit
False,2014-01-04 19:35:55,very short,False,True,1 commit
False,2014-01-05 21:37:37,lengthy,True,False,many commits
True,2014-01-08 14:54:47,very short,False,False,1 commit
True,2014-01-08 15:57:10,very short,False,False,1 commit
False,2014-01-08 16:06:44,lengthy,False,True,many commits
False,2014-01-08 17:36:28,lengthy,False,False,1 commit
True,2014-01-09 19:00:47,lengthy,False,False,some commits
False,2014-01-10 01:46:23,very short,False,True,1 commit
False,2014-01-10 03:05:13,short,False,False,1 commit
False,2014-01-10 04:52:47,very short,False,True,1 commit
False,2014-01-10 05:52:01,very short,False,True,many commits
False,2014-01-10 11:04:56,very short,False,True,1 commit
False,2014-01-11 12:04:23,lengthy,False,False,1 commit
False,2014-01-15 12:53:23,lengthy,False,False,1 commit
True,2014-01-15 20:28:42,very short,False,True,1 commit
True,2014-01-15 21:48:07,very short,False,True,1 commit
False,2014-01-15 23:25:32,short,False,False,1 commit
False,2014-01-16 18:25:28,lengthy,False,False,1 commit
True,2014-01-16 21:36:22,very short,False,False,1 commit
False,2014-01-19 23:54:53,short,False,True,1 commit
True,2014-01-20 16:34:13,very short,False,True,1 commit
False,2014-01-20 20:18:31,lengthy,False,False,1 commit
False,2014-01-21 04:37:59,medium,False,False,some commits
False,2014-01-21 05:29:34,medium,False,False,some commits
False,2014-01-21 08:57:54,medium,True,False,1 commit
False,2014-01-21 12:19:52,medium,False,False,many commits
False,2014-01-21 17:26:17,very short,False,False,1 commit
False,2014-01-21 17:32:31,lengthy,False,False,1 commit
False,2014-01-22 02:02:31,very short,False,True,1 commit
False,2014-01-22 04:51:11,medium,True,True,1 commit
True,2014-01-22 08:09:44,very short,False,False,1 commit
False,2014-01-22 10:03:17,medium,False,False,1 commit
False,2014-01-23 13:38:28,very short,False,True,1 commit
True,2014-01-23 15:12:27,very short,False,True,1 commit
False,2014-01-23 16:26:38,very short,False,True,some commits
False,2014-01-23 23:09:52,short,False,True,1 commit
False,2014-01-24 13:46:42,very short,True,True,some commits
True,2014-01-24 22:37:27,very short,False,False,1 commit
True,2014-01-25 15:01:01,very short,False,True,1 commit
False,2014-01-28 18:42:25,medium,False,True,1 commit
True,2014-01-29 05:06:19,lengthy,False,False,some commits
False,2014-01-29 05:58:28,very short,False,False,1 commit
True,2014-01-29 16:54:21,very short,False,True,1 commit
False,2014-01-31 14:30:41,medium,True,False,some commits
True,2014-02-01 01:15:48,very short,False,True,1 commit
False,2014-02-02 01:47:19,medium,False,False,1 commit
True,2014-02-02 20:44:06,very short,False,False,1 commit
False,2014-02-02 21:06:33,very short,False,True,1 commit
False,2014-02-02 21:39:09,medium,False,False,1 commit
False,2014-02-03 04:56:56,medium,False,False,some commits
False,2014-02-03 18:40:13,medium,False,False,1 commit
False,2014-02-04 00:43:26,very short,False,False,1 commit
False,2014-02-05 04:30:23,lengthy,True,False,many commits
False,2014-02-05 06:21:41,very short,False,False,1 commit
False,2014-02-05 19:28:52,very short,False,False,1 commit
False,2014-02-07 20:35:51,lengthy,True,False,1 commit
False,2014-02-07 21:38:08,short,False,False,1 commit
False,2014-02-07 23:35:44,short,True,False,1 commit
True,2014-02-08 14:08:54,very short,False,True,some commits
True,2014-02-08 23:09:28,very short,False,False,1 commit
False,2014-02-09 08:49:11,lengthy,True,False,1 commit
False,2014-02-09 10:54:21,very short,False,False,1 commit
False,2014-02-09 12:35:24,very short,False,False,1 commit
False,2014-02-09 12:57:38,very short,False,False,1 commit
False,2014-02-09 13:55:20,very short,False,True,some commits
False,2014-02-09 14:36:33,very short,False,True,some commits
False,2014-02-09 15:21:35,very short,True,True,some commits
False,2014-02-09 16:40:57,very short,False,False,1 commit
False,2014-02-09 16:43:43,medium,False,False,some commits
False,2014-02-09 17:32:19,very short,True,True,1 commit
False,2014-02-09 22:01:28,medium,False,False,1 commit
False,2014-02-10 14:48:54,lengthy,False,False,1 commit
False,2014-02-10 22:33:01,lengthy,False,True,1 commit
False,2014-02-11 15:02:39,very short,True,True,1 commit
False,2014-02-11 17:38:42,very short,True,True,1 commit
False,2014-02-12 07:08:01,very short,False,False,many commits
False,2014-02-12 07:09:59,short,False,False,1 commit
False,2014-02-12 12:49:00,very short,False,True,many commits
False,2014-02-12 13:18:11,short,False,True,1 commit
False,2014-02-12 15:19:09,very short,False,False,1 commit
True,2014-02-13 11:24:51,medium,False,False,1 commit
False,2014-02-13 12:38:08,very short,False,True,1 commit
False,2014-02-13 14:19:29,short,False,False,1 commit
False,2014-02-13 18:27:16,very short,False,False,some commits
False,2014-02-13 18:39:28,very short,False,False,1 commit
False,2014-02-14 08:15:32,very short,False,True,some commits
True,2014-02-14 12:46:40,very short,False,False,1 commit
False,2014-02-14 13:53:46,lengthy,False,False,1 commit
False,2014-02-15 10:30:09,very short,False,True,1 commit
False,2014-02-15 11:26:09,lengthy,True,True,many commits
False,2014-02-15 12:00:47,very short,False,True,1 commit
True,2014-02-15 12:02:53,very short,False,True,1 commit
False,2014-02-15 12:21:38,very short,False,False,1 commit
False,2014-02-15 12:41:45,very short,False,False,1 commit
False,2014-02-15 13:41:09,very short,False,False,1 commit
False,2014-02-15 13:44:26,very short,False,False,many commits
False,2014-02-15 14:01:22,very short,False,False,1 commit
False,2014-02-15 14:02:22,very short,False,False,1 commit
False,2014-02-15 14:40:13,very short,False,False,1 commit
False,2014-02-15 14:55:36,lengthy,False,False,1 commit
False,2014-02-15 14:58:15,very short,False,False,1 commit
False,2014-02-15 15:13:17,lengthy,False,True,1 commit
True,2014-02-15 15:42:43,very short,True,True,1 commit
False,2014-02-15 16:30:43,very short,False,False,1 commit
True,2014-02-15 16:52:39,very short,False,False,1 commit
False,2014-02-15 18:02:30,very short,True,True,1 commit
True,2014-02-15 18:13:37,very short,False,False,1 commit
False,2014-02-15 18:21:04,lengthy,True,True,some commits
False,2014-02-15 18:41:20,very short,True,False,1 commit
False,2014-02-15 18:45:31,very short,False,False,many commits
False,2014-02-16 09:29:20,short,False,False,1 commit
False,2014-02-16 10:08:57,very short,False,False,some commits
True,2014-02-16 11:37:34,very short,True,False,1 commit
False,2014-02-16 12:01:35,very short,False,True,some commits
False,2014-02-16 12:05:34,very short,False,False,1 commit
True,2014-02-16 12:26:25,very short,False,False,1 commit
False,2014-02-16 14:03:56,very short,False,False,1 commit
False,2014-02-16 17:33:28,lengthy,False,False,1 commit
False,2014-02-17 18:23:02,lengthy,False,True,1 commit
False,2014-02-17 20:57:04,very short,False,True,some commits
True,2014-02-17 22:55:48,lengthy,False,False,1 commit
False,2014-02-18 11:26:13,very short,False,False,1 commit
False,2014-02-18 12:53:20,short,False,True,some commits
False,2014-02-18 19:09:40,medium,True,True,many commits
False,2014-02-18 20:18:08,medium,False,True,some commits
False,2014-02-18 22:55:18,lengthy,False,False,1 commit
False,2014-02-19 03:21:02,very short,False,False,1 commit
False,2014-02-19 03:37:42,medium,False,True,1 commit
False,2014-02-19 09:46:00,very short,False,False,1 commit
False,2014-02-19 19:14:29,lengthy,False,True,1 commit
False,2014-02-19 22:59:49,very short,False,False,many commits
False,2014-02-19 23:46:09,medium,True,False,1 commit
False,2014-02-20 12:35:05,medium,False,False,1 commit
True,2014-02-20 18:27:40,very short,False,False,1 commit
True,2014-02-20 18:33:55,very short,False,False,1 commit
False,2014-02-20 18:48:01,lengthy,False,False,1 commit
False,2014-02-21 06:56:53,lengthy,False,True,some commits
False,2014-02-21 10:43:32,lengthy,False,True,some commits
False,2014-02-21 13:07:55,medium,True,False,some commits
False,2014-02-21 14:12:11,very short,False,False,1 commit
False,2014-02-22 11:47:08,very short,False,False,1 commit
False,2014-02-22 12:34:19,medium,False,True,1 commit
False,2014-02-22 13:07:52,very short,False,False,some commits
False,2014-02-22 13:23:36,very short,False,False,1 commit
False,2014-02-22 13:29:04,very short,False,False,1 commit
True,2014-02-22 13:33:35,lengthy,False,False,1 commit
False,2014-02-22 14:31:04,very short,True,True,some commits
False,2014-02-22 15:00:59,very short,False,False,1 commit
False,2014-02-22 15:27:18,very short,True,True,some commits
False,2014-02-22 17:09:54,short,False,True,1 commit
False,2014-02-22 17:43:39,lengthy,False,False,many commits
False,2014-02-22 17:47:11,very short,False,True,1 commit
False,2014-02-22 17:49:03,short,True,True,some commits
False,2014-02-22 17:49:21,lengthy,True,False,some commits
False,2014-02-22 18:33:24,very short,True,False,some commits
False,2014-02-22 19:36:06,lengthy,True,True,1 commit
False,2014-02-22 19:49:23,very short,False,False,some commits
False,2014-02-22 19:59:00,lengthy,False,False,many commits
False,2014-02-23 12:28:40,very short,False,True,1 commit
False,2014-02-23 13:00:55,medium,False,False,1 commit
False,2014-02-23 14:18:53,medium,False,False,1 commit
False,2014-02-23 15:08:38,lengthy,False,False,some commits
True,2014-02-23 16:20:32,very short,False,True,1 commit
False,2014-02-23 19:05:39,very short,False,False,1 commit
False,2014-02-23 23:57:02,medium,False,False,many commits
False,2014-02-25 04:29:56,lengthy,False,True,some commits
False,2014-02-25 15:53:11,very short,True,True,1 commit
False,2014-02-25 18:39:34,lengthy,True,True,1 commit
False,2014-02-25 19:35:23,very short,False,False,1 commit
False,2014-02-26 08:35:26,lengthy,False,True,1 commit
False,2014-02-26 22:39:50,medium,True,False,1 commit
True,2014-02-27 07:30:26,very short,False,True,1 commit
False,2014-02-27 16:26:24,medium,False,True,1 commit
False,2014-02-28 09:45:24,very short,False,True,some commits
False,2014-02-28 18:57:24,medium,False,False,1 commit
False,2014-02-28 20:08:46,very short,False,True,1 commit
False,2014-03-01 08:43:49,very short,False,False,1 commit
True,2014-03-01 12:22:45,very short,False,False,1 commit
True,2014-03-02 08:03:19,very short,False,False,1 commit
False,2014-03-02 14:41:15,very short,False,False,some commits
False,2014-03-02 15:14:10,very short,False,False,many commits
False,2014-03-02 15:31:27,very short,False,False,some commits
False,2014-03-02 17:17:50,medium,True,False,1 commit
False,2014-03-02 20:54:44,short,True,False,1 commit
False,2014-03-03 19:29:35,lengthy,False,False,1 commit
False,2014-03-04 14:19:58,short,True,False,some commits
False,2014-03-04 14:39:58,very short,False,True,1 commit
False,2014-03-04 14:51:15,lengthy,False,False,some commits
False,2014-03-04 17:24:56,very short,False,False,1 commit
False,2014-03-04 19:34:07,very short,False,True,1 commit
True,2014-03-04 20:20:39,very short,False,False,some commits
False,2014-03-04 22:43:50,lengthy,False,False,1 commit
False,2014-03-05 13:58:15,very short,False,False,1 commit
False,2014-03-05 18:50:21,lengthy,False,False,1 commit
False,2014-03-05 22:29:54,very short,False,False,1 commit
False,2014-03-06 00:30:53,medium,True,False,1 commit
False,2014-03-06 10:15:22,lengthy,False,False,1 commit
False,2014-03-06 15:08:20,medium,True,True,many commits
False,2014-03-06 15:38:46,very short,False,True,1 commit
False,2014-03-06 18:06:00,lengthy,False,False,1 commit
False,2014-03-07 06:45:32,lengthy,False,False,1 commit
False,2014-03-07 12:39:55,lengthy,False,True,1 commit
False,2014-03-08 05:40:30,lengthy,False,False,1 commit
False,2014-03-09 11:05:42,lengthy,False,True,1 commit
False,2014-03-09 18:26:05,very short,False,False,1 commit
False,2014-03-09 21:40:02,short,False,True,1 commit
True,2014-03-10 00:52:07,very short,True,False,1 commit
False,2014-03-11 03:16:19,very short,False,True,1 commit
False,2014-03-11 15:55:49,lengthy,False,False,1 commit
False,2014-03-11 19:47:28,lengthy,False,False,1 commit
False,2014-03-11 19:59:10,lengthy,False,False,1 commit
False,2014-03-12 17:17:12,very short,False,True,1 commit
False,2014-03-12 22:03:49,very short,False,True,1 commit
False,2014-03-13 02:36:18,lengthy,False,False,1 commit
False,2014-03-13 11:28:21,lengthy,True,True,many commits
False,2014-03-13 11:35:08,lengthy,True,False,1 commit
False,2014-03-13 13:09:28,very short,True,False,1 commit
True,2014-03-14 18:06:45,very short,False,False,1 commit
False,2014-03-14 20:39:50,lengthy,False,False,1 commit
False,2014-03-14 22:58:42,lengthy,False,True,some commits
False,2014-03-15 11:04:35,very short,False,False,1 commit
False,2014-03-15 19:18:55,very short,True,False,1 commit
False,2014-03-16 09:06:26,very short,False,False,1 commit
False,2014-03-17 10:47:22,short,True,True,many commits
False,2014-03-17 14:43:08,very short,False,True,1 commit
False,2014-03-17 15:29:03,lengthy,True,False,1 commit
False,2014-03-17 17:51:36,very short,False,False,1 commit
False,2014-03-18 11:14:12,very short,False,True,1 commit
False,2014-03-18 17:08:58,very short,False,False,1 commit
False,2014-03-19 00:42:02,very short,False,False,1 commit
False,2014-03-19 18:51:28,lengthy,False,False,1 commit
False,2014-03-19 21:29:35,very short,False,False,1 commit
False,2014-03-19 23:26:38,lengthy,False,False,1 commit
False,2014-03-20 04:13:23,medium,False,False,1 commit
False,2014-03-20 16:40:30,very short,False,True,some commits
False,2014-03-21 06:36:02,very short,False,True,1 commit
False,2014-03-21 08:05:46,medium,False,False,1 commit
False,2014-03-21 09:12:00,short,False,True,1 commit
False,2014-03-21 14:58:39,lengthy,False,False,1 commit
False,2014-03-21 15:05:25,very short,False,True,some commits
False,2014-03-21 16:25:09,very short,False,False,some commits
False,2014-03-22 10:17:58,very short,False,False,1 commit
False,2014-03-22 12:05:26,lengthy,False,True,some commits
False,2014-03-22 17:22:14,very short,False,False,1 commit
False,2014-03-22 22:04:04,short,False,False,1 commit
True,2014-03-23 06:49:39,short,False,False,1 commit
False,2014-03-23 11:36:36,very short,False,False,1 commit
False,2014-03-23 16:37:06,medium,False,True,1 commit
False,2014-03-24 08:40:24,lengthy,False,True,1 commit
False,2014-03-24 11:11:14,very short,False,True,1 commit
False,2014-03-24 14:25:47,lengthy,False,False,many commits
False,2014-03-24 16:59:24,very short,False,False,1 commit
False,2014-03-25 14:03:37,very short,False,False,1 commit
False,2014-03-25 15:50:35,medium,False,True,some commits
False,2014-03-25 18:36:10,very short,False,False,1 commit
False,2014-03-25 20:05:38,very short,True,False,1 commit
False,2014-03-25 20:16:41,lengthy,False,False,1 commit
False,2014-03-25 21:33:57,short,True,True,1 commit
True,2014-03-25 23:44:55,very short,False,False,1 commit
True,2014-03-27 11:41:56,short,False,False,1 commit
True,2014-03-27 17:33:37,short,False,False,some commits
False,2014-03-27 17:45:39,medium,False,False,1 commit
False,2014-03-27 20:44:13,very short,False,True,1 commit
False,2014-03-27 20:45:03,short,True,True,some commits
False,2014-03-29 05:49:24,short,False,False,some commits
True,2014-03-30 11:51:24,very short,False,False,1 commit
False,2014-03-30 14:07:02,lengthy,False,False,1 commit
False,2014-03-30 18:46:24,very short,False,False,1 commit
False,2014-03-31 06:18:16,very short,False,False,1 commit
False,2014-03-31 20:46:02,medium,False,True,1 commit
False,2014-04-02 06:21:23,short,True,True,1 commit
False,2014-04-02 08:12:18,very short,False,False,1 commit
True,2014-04-02 15:28:37,very short,False,False,1 commit
True,2014-04-02 15:34:13,very short,False,False,1 commit
False,2014-04-02 23:31:01,lengthy,False,False,many commits
False,2014-04-03 07:04:34,very short,False,False,1 commit
False,2014-04-03 14:52:02,medium,False,False,some commits
False,2014-04-03 16:14:58,very short,False,True,1 commit
True,2014-04-04 04:07:06,very short,False,False,1 commit
False,2014-04-04 07:18:15,medium,False,False,1 commit
False,2014-04-04 09:31:47,lengthy,False,False,1 commit
False,2014-04-05 07:20:15,short,False,False,1 commit
False,2014-04-05 13:29:41,short,False,True,1 commit
False,2014-04-05 20:58:40,lengthy,False,False,1 commit
False,2014-04-06 15:52:46,lengthy,True,True,some commits
False,2014-04-07 07:48:50,lengthy,False,True,1 commit
False,2014-04-07 13:21:33,very short,True,False,1 commit
False,2014-04-07 20:15:56,lengthy,False,True,some commits
False,2014-04-07 23:11:47,lengthy,True,True,some commits
False,2014-04-08 04:19:47,very short,False,False,1 commit
False,2014-04-08 08:16:18,lengthy,False,False,1 commit
False,2014-04-08 09:56:03,short,False,False,many commits
False,2014-04-08 15:27:55,very short,False,False,1 commit
False,2014-04-09 03:32:28,medium,False,True,1 commit
True,2014-04-09 03:58:53,very short,False,True,1 commit
False,2014-04-09 18:25:12,very short,False,False,1 commit
False,2014-04-11 09:42:59,very short,False,False,1 commit
False,2014-04-12 01:30:30,very short,True,True,some commits
False,2014-04-12 04:32:48,lengthy,False,False,1 commit
False,2014-04-13 15:26:41,lengthy,False,True,1 commit
True,2014-04-13 23:09:10,very short,False,True,1 commit
False,2014-04-14 16:02:47,lengthy,False,True,1 commit
False,2014-04-14 17:09:50,short,False,False,1 commit
False,2014-04-14 17:22:41,lengthy,False,False,some commits
False,2014-04-14 18:17:49,short,False,True,1 commit
False,2014-04-14 18:45:14,very short,False,False,some commits
False,2014-04-14 19:19:15,very short,True,True,1 commit
False,2014-04-14 20:14:04,short,True,True,1 commit
False,2014-04-14 21:41:17,lengthy,False,False,1 commit
False,2014-04-14 21:41:46,lengthy,False,True,1 commit
True,2014-04-14 22:01:30,very short,False,True,1 commit
False,2014-04-14 22:25:35,lengthy,False,True,1 commit
False,2014-04-14 23:49:04,lengthy,False,False,1 commit
False,2014-04-15 02:36:23,lengthy,False,False,many commits
False,2014-04-15 15:26:13,lengthy,False,True,1 commit
False,2014-04-15 15:41:45,lengthy,True,True,1 commit
False,2014-04-15 16:00:57,medium,False,True,1 commit
False,2014-04-15 19:41:25,lengthy,False,False,some commits
False,2014-04-15 20:22:04,very short,False,True,1 commit
False,2014-04-15 21:06:51,lengthy,False,False,1 commit
False,2014-04-15 21:48:58,lengthy,False,True,1 commit
False,2014-04-15 21:53:24,lengthy,False,False,1 commit
False,2014-04-15 22:29:38,lengthy,True,False,1 commit
False,2014-04-15 22:31:24,lengthy,True,True,some commits
False,2014-04-16 13:31:52,very short,False,True,1 commit
False,2014-04-16 14:19:38,lengthy,False,False,1 commit
False,2014-04-16 14:54:29,lengthy,True,False,some commits
False,2014-04-16 15:17:32,very short,True,False,1 commit
False,2014-04-16 15:26:00,lengthy,True,False,1 commit
False,2014-04-16 16:37:06,lengthy,True,True,1 commit
False,2014-04-16 16:39:02,lengthy,False,True,1 commit
False,2014-04-16 18:58:36,short,True,False,1 commit
False,2014-04-16 19:12:26,very short,False,False,1 commit
False,2014-04-16 20:19:15,lengthy,False,False,many commits
False,2014-04-17 00:43:38,lengthy,True,True,many commits
False,2014-04-17 09:52:33,very short,True,True,some commits
False,2014-04-17 14:17:27,very short,False,False,1 commit
False,2014-04-17 14:56:33,lengthy,True,True,some commits
True,2014-04-17 18:04:00,very short,True,False,some commits
True,2014-04-17 18:28:43,very short,False,False,some commits
False,2014-04-17 19:22:10,lengthy,False,True,1 commit
False,2014-04-17 20:11:28,lengthy,False,False,1 commit
True,2014-04-18 06:02:34,very short,False,False,1 commit
False,2014-04-18 16:41:45,very short,False,False,1 commit
False,2014-04-19 00:50:46,lengthy,False,True,1 commit
False,2014-04-19 09:44:38,very short,False,True,many commits
False,2014-04-19 12:39:33,lengthy,True,False,many commits
False,2014-04-20 13:21:51,short,False,False,some commits
True,2014-04-21 02:59:40,very short,True,False,1 commit
False,2014-04-21 13:42:26,lengthy,False,False,1 commit
False,2014-04-21 14:49:47,very short,False,True,1 commit
False,2014-04-21 19:57:08,very short,False,False,1 commit
False,2014-04-22 20:06:14,lengthy,False,False,1 commit
False,2014-04-22 20:55:59,very short,False,False,1 commit
True,2014-04-22 21:45:26,very short,False,False,1 commit
False,2014-04-22 22:45:51,very short,False,False,1 commit
True,2014-04-22 23:32:32,very short,False,False,1 commit
False,2014-04-23 11:08:47,very short,False,True,some commits
False,2014-04-24 18:11:20,very short,False,False,1 commit
False,2014-04-25 12:59:09,very short,False,False,1 commit
False,2014-04-25 16:29:14,medium,False,True,1 commit
True,2014-04-25 17:30:21,very short,False,False,1 commit
False,2014-04-26 21:23:57,short,True,False,many commits
False,2014-04-27 00:49:59,short,False,True,1 commit
True,2014-04-28 14:05:43,very short,False,True,1 commit
False,2014-04-29 05:18:03,lengthy,False,False,some commits
False,2014-04-29 08:36:28,lengthy,False,True,1 commit
False,2014-04-29 12:38:11,very short,False,True,1 commit
False,2014-04-30 17:20:58,very short,False,False,1 commit
False,2014-04-30 17:27:39,lengthy,False,False,1 commit
False,2014-04-30 17:45:52,very short,False,False,some commits
False,2014-05-01 11:52:10,very short,False,True,1 commit
False,2014-05-01 12:23:07,very short,False,True,1 commit
False,2014-05-01 12:29:16,very short,False,False,1 commit
False,2014-05-02 17:36:54,lengthy,True,True,some commits
False,2014-05-03 15:52:17,lengthy,False,False,1 commit
False,2014-05-03 17:02:47,short,False,False,1 commit
False,2014-05-04 07:15:14,lengthy,False,True,1 commit
False,2014-05-05 14:55:28,very short,False,False,some commits
True,2014-05-05 18:40:51,lengthy,False,False,some commits
False,2014-05-06 16:38:36,lengthy,False,False,some commits
True,2014-05-06 21:03:13,short,False,False,1 commit
False,2014-05-07 01:25:22,medium,False,False,1 commit
True,2014-05-07 19:17:07,very short,False,False,1 commit
False,2014-05-08 20:12:42,medium,False,False,1 commit
False,2014-05-08 22:00:11,lengthy,False,False,1 commit
False,2014-05-09 04:12:35,lengthy,True,False,some commits
False,2014-05-09 10:25:34,very short,False,False,1 commit
False,2014-05-10 14:37:03,lengthy,True,False,many commits
False,2014-05-10 18:40:56,medium,False,False,1 commit
False,2014-05-12 11:23:16,lengthy,True,False,some commits
False,2014-05-12 20:56:50,short,True,False,1 commit
False,2014-05-12 23:49:29,very short,False,True,1 commit
False,2014-05-13 04:18:40,very short,False,True,1 commit
False,2014-05-14 00:39:14,short,True,False,many commits
True,2014-05-14 19:01:04,very short,False,False,1 commit
True,2014-05-14 22:35:03,very short,False,True,1 commit
False,2014-05-16 03:17:13,very short,True,False,1 commit
False,2014-05-16 09:08:22,very short,False,True,1 commit
True,2014-05-16 10:15:02,very short,False,True,1 commit
False,2014-05-16 12:32:32,very short,False,False,1 commit
False,2014-05-16 13:06:08,very short,False,False,1 commit
False,2014-05-16 14:16:39,lengthy,False,False,1 commit
False,2014-05-16 15:08:40,very short,False,True,1 commit
False,2014-05-16 16:00:36,very short,False,True,1 commit
False,2014-05-16 16:05:47,very short,False,False,1 commit
False,2014-05-16 16:36:59,lengthy,True,False,1 commit
False,2014-05-16 16:39:48,short,False,False,some commits
False,2014-05-16 16:54:58,lengthy,True,True,some commits
False,2014-05-16 17:00:18,short,False,True,some commits
False,2014-05-16 17:13:11,lengthy,True,True,1 commit
False,2014-05-16 20:56:29,very short,True,True,1 commit
False,2014-05-17 10:04:04,lengthy,True,False,1 commit
False,2014-05-17 10:08:35,very short,False,False,1 commit
False,2014-05-17 12:22:12,very short,False,False,1 commit
False,2014-05-17 13:07:50,lengthy,False,True,1 commit
False,2014-05-17 17:12:11,lengthy,False,False,some commits
False,2014-05-18 20:59:53,short,False,False,some commits
True,2014-05-18 21:15:33,very short,False,False,1 commit
False,2014-05-19 07:34:54,very short,False,False,1 commit
False,2014-05-19 13:03:27,very short,False,False,1 commit
False,2014-05-19 13:30:23,very short,False,False,1 commit
False,2014-05-19 14:40:00,very short,False,False,1 commit
False,2014-05-19 16:21:58,lengthy,True,False,1 commit
True,2014-05-20 03:17:12,very short,False,False,1 commit
False,2014-05-20 10:29:43,very short,False,True,1 commit
False,2014-05-20 13:29:50,lengthy,False,False,1 commit
False,2014-05-20 14:35:42,short,False,False,1 commit
True,2014-05-20 16:29:41,very short,False,False,1 commit
False,2014-05-20 19:30:16,lengthy,True,False,1 commit
False,2014-05-20 19:57:32,short,False,False,some commits
False,2014-05-21 10:41:16,lengthy,True,True,many commits
True,2014-05-21 15:13:39,very short,False,False,1 commit
False,2014-05-21 18:37:03,lengthy,False,False,1 commit
False,2014-05-22 09:45:15,short,False,False,1 commit
True,2014-05-22 10:19:57,very short,False,False,1 commit
False,2014-05-22 11:31:38,very short,False,False,1 commit
False,2014-05-22 12:12:42,lengthy,True,True,1 commit
False,2014-05-23 07:10:56,medium,True,True,1 commit
False,2014-05-23 12:34:41,lengthy,False,True,1 commit
False,2014-05-24 10:41:08,lengthy,False,False,1 commit
False,2014-05-24 17:32:08,short,False,False,1 commit
False,2014-05-24 17:57:43,lengthy,False,True,1 commit
False,2014-05-24 20:43:14,medium,False,True,some commits
False,2014-05-25 07:24:59,very short,False,True,1 commit
False,2014-05-25 20:12:52,very short,False,False,1 commit
False,2014-05-25 20:46:56,very short,False,True,1 commit
False,2014-05-26 03:45:07,lengthy,False,True,many commits
True,2014-05-26 20:10:41,very short,False,False,1 commit
False,2014-05-27 00:40:36,very short,False,True,some commits
False,2014-05-27 08:23:38,very short,False,True,1 commit
False,2014-05-27 14:01:08,very short,False,True,1 commit
False,2014-05-27 17:00:35,very short,False,False,1 commit
False,2014-05-27 17:30:21,medium,True,True,1 commit
False,2014-05-27 18:54:25,very short,False,False,1 commit
False,2014-05-27 20:33:35,lengthy,False,False,some commits
True,2014-05-27 21:29:37,medium,True,False,1 commit
False,2014-05-28 07:32:30,very short,False,True,1 commit
True,2014-05-28 08:18:06,very short,False,False,1 commit
False,2014-05-28 15:52:35,very short,False,True,1 commit
False,2014-05-28 16:20:54,lengthy,False,False,some commits
False,2014-05-28 17:46:58,lengthy,True,False,1 commit
False,2014-05-28 22:29:14,medium,False,True,1 commit
True,2014-05-28 23:01:34,very short,False,False,some commits
False,2014-05-29 06:56:58,short,True,False,1 commit
True,2014-05-29 10:40:00,medium,False,False,1 commit
False,2014-05-29 15:39:57,medium,True,False,some commits
False,2014-05-29 16:04:05,lengthy,False,False,1 commit
False,2014-05-29 17:51:40,very short,False,False,1 commit
True,2014-05-29 21:05:37,very short,False,False,1 commit
True,2014-05-29 22:24:13,very short,False,False,1 commit
False,2014-05-30 07:08:50,very short,False,True,1 commit
False,2014-05-30 09:47:49,very short,False,True,1 commit
False,2014-05-30 11:01:06,very short,False,False,1 commit
False,2014-05-30 13:59:49,lengthy,True,True,1 commit
False,2014-06-01 10:33:03,very short,False,True,1 commit
False,2014-06-01 22:36:50,medium,True,True,some commits
False,2014-06-02 20:32:59,very short,False,True,1 commit
False,2014-06-03 03:39:39,very short,False,True,1 commit
True,2014-06-03 03:53:53,very short,False,True,1 commit
False,2014-06-03 04:12:38,short,False,False,1 commit
False,2014-06-03 07:02:53,very short,False,True,1 commit
False,2014-06-03 15:57:05,medium,False,False,1 commit
False,2014-06-04 08:27:49,short,True,False,many commits
False,2014-06-04 14:05:00,very short,True,False,1 commit
True,2014-06-05 10:32:08,very short,False,False,1 commit
True,2014-06-05 18:54:33,very short,False,False,1 commit
True,2014-06-05 21:47:25,very short,False,False,1 commit
False,2014-06-06 07:05:28,short,False,False,1 commit
False,2014-06-06 10:25:40,medium,False,False,1 commit
False,2014-06-06 13:13:37,lengthy,False,True,1 commit
False,2014-06-06 14:50:44,medium,False,False,1 commit
False,2014-06-06 16:28:20,medium,False,True,1 commit
False,2014-06-07 10:12:14,lengthy,False,True,1 commit
False,2014-06-07 15:20:29,lengthy,False,False,1 commit
False,2014-06-08 19:06:34,lengthy,False,False,some commits
False,2014-06-08 21:55:29,lengthy,True,True,some commits
False,2014-06-09 14:02:12,very short,False,True,1 commit
False,2014-06-09 19:24:45,very short,False,False,1 commit
False,2014-06-09 20:24:16,lengthy,False,False,1 commit
False,2014-06-09 22:22:25,lengthy,False,True,1 commit
False,2014-06-10 09:38:18,medium,False,True,some commits
False,2014-06-10 10:49:53,very short,False,False,1 commit
True,2014-06-10 10:56:49,very short,False,True,1 commit
False,2014-06-10 18:29:39,very short,False,False,1 commit
False,2014-06-10 18:46:42,very short,True,True,1 commit
False,2014-06-10 19:17:20,very short,False,False,1 commit
False,2014-06-10 19:36:57,very short,False,False,1 commit
False,2014-06-11 15:12:05,very short,False,False,1 commit
False,2014-06-11 17:11:35,lengthy,False,False,1 commit
True,2014-06-11 18:50:26,very short,False,False,1 commit
False,2014-06-11 21:14:51,very short,False,True,1 commit
False,2014-06-12 01:27:00,very short,False,True,1 commit
False,2014-06-12 12:29:56,short,False,True,1 commit
False,2014-06-12 12:37:50,lengthy,False,False,some commits
True,2014-06-12 16:01:48,very short,True,True,1 commit
False,2014-06-12 17:49:27,very short,False,False,1 commit
True,2014-06-14 13:49:06,very short,False,False,some commits
False,2014-06-14 19:33:18,lengthy,False,False,some commits
False,2014-06-15 08:45:11,very short,False,True,many commits
False,2014-06-15 10:27:12,lengthy,False,True,1 commit
True,2014-06-15 10:53:26,very short,False,True,1 commit
False,2014-06-15 11:04:45,medium,False,False,1 commit
False,2014-06-15 16:59:54,lengthy,False,False,some commits
False,2014-06-15 20:24:49,lengthy,False,True,1 commit
False,2014-06-16 07:55:30,lengthy,False,False,some commits
False,2014-06-16 08:50:23,very short,False,False,some commits
False,2014-06-16 13:43:17,very short,False,False,1 commit
False,2014-06-16 19:35:19,short,False,False,1 commit
False,2014-06-17 08:28:14,lengthy,True,True,some commits
False,2014-06-17 11:17:40,short,True,False,1 commit
True,2014-06-17 15:51:00,very short,False,False,1 commit
True,2014-06-17 16:23:39,very short,False,False,1 commit
False,2014-06-17 23:29:53,short,False,False,some commits
False,2014-06-18 05:00:30,very short,False,False,1 commit
False,2014-06-18 20:34:41,medium,False,False,1 commit
False,2014-06-19 09:15:38,very short,False,True,some commits
False,2014-06-19 20:13:29,very short,False,True,1 commit
False,2014-06-19 20:13:38,very short,False,False,1 commit
False,2014-06-20 01:46:40,very short,False,False,1 commit
False,2014-06-20 03:10:39,very short,False,False,1 commit
False,2014-06-20 03:12:49,lengthy,False,False,1 commit
False,2014-06-20 14:24:29,very short,False,True,1 commit
False,2014-06-20 18:29:46,lengthy,False,False,some commits
False,2014-06-21 20:21:26,lengthy,True,False,1 commit
False,2014-06-22 02:40:49,short,False,True,1 commit
False,2014-06-22 21:02:08,very short,False,False,1 commit
False,2014-06-23 10:05:55,lengthy,True,True,many commits
False,2014-06-23 15:31:56,very short,False,False,1 commit
False,2014-06-24 12:39:39,very short,False,False,1 commit
False,2014-06-24 14:35:02,short,True,False,some commits
False,2014-06-24 18:17:19,very short,False,True,1 commit
False,2014-06-25 22:43:56,very short,False,False,1 commit
False,2014-06-26 00:25:18,very short,False,False,some commits
False,2014-06-26 01:16:11,lengthy,False,False,1 commit
False,2014-06-26 05:45:14,medium,False,False,some commits
False,2014-06-26 06:07:04,very short,False,True,1 commit
False,2014-06-26 09:48:05,very short,False,True,1 commit
False,2014-06-27 12:47:37,very short,False,False,1 commit
False,2014-06-28 09:38:27,lengthy,False,False,1 commit
False,2014-06-29 17:34:41,very short,False,False,1 commit
False,2014-06-29 19:19:27,lengthy,False,True,some commits
True,2014-06-29 21:57:22,very short,False,False,1 commit
False,2014-06-30 13:45:23,very short,False,False,1 commit
False,2014-06-30 17:35:39,short,False,False,1 commit
False,2014-07-01 18:23:31,very short,False,False,1 commit
False,2014-07-01 20:43:59,very short,False,True,1 commit
False,2014-07-02 06:45:23,very short,False,False,1 commit
False,2014-07-02 07:37:14,lengthy,False,False,some commits
False,2014-07-02 15:59:50,very short,False,True,1 commit
False,2014-07-03 14:18:47,lengthy,False,True,1 commit
False,2014-07-03 20:43:28,very short,False,False,1 commit
False,2014-07-04 16:22:53,medium,False,False,1 commit
True,2014-07-04 16:51:11,short,False,False,1 commit
False,2014-07-05 06:06:33,lengthy,False,False,some commits
False,2014-07-05 14:01:48,very short,False,False,1 commit
False,2014-07-05 18:57:27,very short,False,False,1 commit
False,2014-07-05 18:58:07,very short,False,False,some commits
False,2014-07-06 20:41:24,lengthy,False,True,1 commit
True,2014-07-06 22:31:18,very short,False,False,1 commit
False,2014-07-07 08:19:10,medium,False,False,some commits
False,2014-07-07 23:54:23,very short,False,True,1 commit
False,2014-07-08 09:27:23,very short,False,False,some commits
False,2014-07-08 13:37:41,lengthy,False,False,many commits
False,2014-07-08 15:28:41,lengthy,False,True,1 commit
False,2014-07-09 11:47:53,very short,False,False,1 commit
False,2014-07-09 14:10:11,lengthy,True,False,1 commit
False,2014-07-10 02:25:05,very short,True,False,1 commit
False,2014-07-10 14:05:33,lengthy,True,True,some commits
False,2014-07-10 21:19:59,lengthy,False,False,some commits
False,2014-07-11 08:10:35,lengthy,True,False,some commits
False,2014-07-11 18:29:41,medium,False,True,some commits
False,2014-07-11 20:17:05,very short,False,False,1 commit
False,2014-07-12 17:42:49,lengthy,False,False,1 commit
False,2014-07-13 10:23:52,very short,False,True,many commits
False,2014-07-14 01:54:18,very short,False,False,1 commit
False,2014-07-14 12:09:20,very short,False,False,some commits
False,2014-07-14 16:44:41,short,False,False,1 commit
False,2014-07-14 20:34:07,lengthy,False,False,1 commit
False,2014-07-14 21:54:37,medium,True,True,some commits
False,2014-07-15 02:08:06,lengthy,True,False,some commits
False,2014-07-15 16:45:54,short,False,True,1 commit
False,2014-07-16 01:25:55,very short,False,False,many commits
False,2014-07-16 16:09:36,very short,False,True,1 commit
False,2014-07-17 10:55:01,very short,False,True,many commits
False,2014-07-19 04:35:06,lengthy,False,False,1 commit
False,2014-07-21 18:01:02,very short,False,False,1 commit
False,2014-07-21 18:03:02,very short,False,False,some commits
False,2014-07-21 19:25:11,lengthy,False,True,1 commit
False,2014-07-21 22:37:58,very short,False,True,1 commit
True,2014-07-21 23:05:33,medium,False,False,1 commit
False,2014-07-22 05:49:31,very short,False,True,1 commit
False,2014-07-22 09:48:30,lengthy,True,True,some commits
False,2014-07-22 20:27:19,very short,False,False,some commits
False,2014-07-22 20:38:06,medium,False,False,1 commit
False,2014-07-23 03:04:24,very short,False,False,1 commit
False,2014-07-23 09:59:19,medium,False,False,1 commit
False,2014-07-23 12:34:16,medium,False,False,many commits
False,2014-07-23 21:45:35,very short,False,False,some commits
False,2014-07-24 17:28:23,very short,False,False,1 commit
False,2014-07-24 18:29:48,lengthy,False,False,1 commit
True,2014-07-24 20:21:34,very short,False,False,1 commit
False,2014-07-25 00:26:41,very short,False,True,1 commit
True,2014-07-25 08:05:39,very short,False,False,1 commit
False,2014-07-25 08:43:04,very short,False,False,1 commit
False,2014-07-25 14:46:25,medium,False,False,1 commit
False,2014-07-25 17:05:34,very short,False,False,1 commit
False,2014-07-25 17:23:57,short,False,False,1 commit
False,2014-07-25 18:52:36,lengthy,False,False,1 commit
False,2014-07-26 01:35:23,very short,True,True,1 commit
False,2014-07-26 01:43:21,very short,False,True,1 commit
False,2014-07-26 08:48:01,very short,False,True,some commits
False,2014-07-26 09:09:29,medium,False,True,1 commit
False,2014-07-26 10:16:01,very short,False,True,1 commit
False,2014-07-26 10:20:55,lengthy,False,True,1 commit
True,2014-07-26 10:42:55,very short,False,False,some commits
False,2014-07-26 11:08:11,very short,True,False,1 commit
False,2014-07-26 11:33:31,medium,False,False,1 commit
False,2014-07-26 11:38:06,very short,False,False,1 commit
False,2014-07-26 12:53:37,medium,True,False,1 commit
False,2014-07-26 13:04:30,medium,True,False,some commits
False,2014-07-26 13:48:49,very short,True,False,1 commit
False,2014-07-26 14:05:11,very short,False,False,1 commit
False,2014-07-26 15:05:25,lengthy,False,False,1 commit
False,2014-07-26 15:45:06,very short,True,False,1 commit
True,2014-07-26 16:53:23,very short,False,True,1 commit
False,2014-07-26 18:44:56,medium,False,False,1 commit
False,2014-07-26 18:54:21,very short,False,False,1 commit
False,2014-07-27 08:13:46,short,False,False,1 commit
False,2014-07-27 09:48:42,short,False,True,1 commit
False,2014-07-27 09:57:51,medium,True,False,1 commit
False,2014-07-27 12:20:28,lengthy,True,False,some commits
False,2014-07-27 14:12:02,lengthy,True,True,1 commit
False,2014-07-27 15:42:25,very short,False,True,some commits
False,2014-07-27 18:33:52,short,True,False,1 commit
False,2014-07-27 21:41:57,medium,True,False,many commits
False,2014-07-28 16:37:53,lengthy,False,False,1 commit
False,2014-07-29 03:02:42,very short,False,False,1 commit
False,2014-07-29 13:20:52,short,True,False,some commits
False,2014-07-29 16:12:58,very short,False,True,1 commit
False,2014-07-29 17:20:15,very short,True,True,1 commit
False,2014-07-31 03:29:29,very short,False,True,1 commit
False,2014-07-31 22:54:52,medium,True,False,1 commit
False,2014-07-31 23:07:53,lengthy,False,False,many commits
False,2014-08-02 01:34:02,very short,False,False,1 commit
False,2014-08-02 17:54:24,medium,False,True,1 commit
False,2014-08-03 11:48:24,very short,True,False,1 commit
False,2014-08-03 19:04:21,very short,False,False,1 commit
False,2014-08-03 19:28:03,short,False,False,1 commit
False,2014-08-04 07:49:47,lengthy,False,True,some commits
False,2014-08-04 11:30:43,very short,True,False,some commits
False,2014-08-04 13:56:29,very short,False,True,1 commit
False,2014-08-04 15:23:20,very short,False,True,1 commit
False,2014-08-04 16:06:16,medium,True,False,1 commit
False,2014-08-04 16:17:06,lengthy,False,False,1 commit
False,2014-08-04 22:37:47,very short,False,False,many commits
False,2014-08-05 00:34:21,lengthy,True,False,many commits
False,2014-08-05 01:51:54,lengthy,True,False,1 commit
False,2014-08-07 00:35:12,very short,False,True,1 commit
False,2014-08-07 03:39:31,medium,True,False,some commits
False,2014-08-07 06:33:26,very short,False,False,1 commit
False,2014-08-08 10:22:38,lengthy,False,True,1 commit
False,2014-08-08 10:23:36,short,False,True,1 commit
False,2014-08-08 13:44:14,medium,False,False,1 commit
False,2014-08-08 14:23:33,very short,False,False,1 commit
False,2014-08-08 15:48:31,very short,True,False,1 commit
False,2014-08-08 18:25:15,medium,False,False,1 commit
False,2014-08-10 12:56:23,very short,False,False,1 commit
False,2014-08-10 14:24:03,short,True,False,1 commit
False,2014-08-11 07:54:30,very short,False,False,1 commit
False,2014-08-11 09:34:52,very short,False,True,some commits
False,2014-08-11 10:03:11,very short,False,True,1 commit
False,2014-08-11 11:45:21,short,True,False,some commits
False,2014-08-11 12:25:00,lengthy,False,False,1 commit
True,2014-08-12 18:15:56,very short,False,False,1 commit
False,2014-08-12 20:31:38,very short,False,False,1 commit
False,2014-08-13 13:25:52,very short,True,False,1 commit
False,2014-08-13 13:36:07,very short,False,True,1 commit
False,2014-08-13 15:00:18,short,True,False,some commits
False,2014-08-13 16:02:48,very short,True,False,1 commit
True,2014-08-13 18:09:59,very short,False,False,1 commit
False,2014-08-13 20:29:36,very short,True,False,1 commit
False,2014-08-14 06:48:13,very short,True,False,some commits
False,2014-08-14 11:18:36,very short,True,False,1 commit
False,2014-08-14 16:00:19,very short,False,False,1 commit
False,2014-08-14 17:19:50,lengthy,True,True,many commits
False,2014-08-15 11:06:34,very short,True,False,1 commit
False,2014-08-15 12:19:37,very short,True,False,1 commit
False,2014-08-15 14:08:21,very short,False,False,1 commit
False,2014-08-15 14:45:32,very short,True,False,some commits
True,2014-08-15 16:41:52,very short,False,False,1 commit
False,2014-08-15 17:29:51,very short,True,False,1 commit
False,2014-08-15 18:01:33,very short,True,False,1 commit
False,2014-08-17 03:11:13,short,False,True,1 commit
False,2014-08-17 10:26:38,lengthy,False,True,some commits
False,2014-08-17 16:18:44,very short,False,True,1 commit
False,2014-08-17 22:41:46,very short,False,False,some commits
False,2014-08-18 14:32:09,short,True,False,some commits
False,2014-08-19 13:25:20,very short,False,True,1 commit
False,2014-08-19 16:26:52,medium,False,True,1 commit
False,2014-08-19 17:06:02,medium,False,True,some commits
False,2014-08-20 06:50:53,lengthy,False,False,1 commit
False,2014-08-20 06:51:37,short,False,False,1 commit
False,2014-08-20 14:58:56,very short,False,False,1 commit
False,2014-08-20 21:14:09,lengthy,False,True,1 commit
False,2014-08-21 12:42:02,short,True,False,1 commit
False,2014-08-21 17:09:38,short,True,False,1 commit
False,2014-08-22 08:03:29,very short,False,False,some commits
False,2014-08-22 08:13:10,short,False,False,1 commit
False,2014-08-22 08:13:20,short,False,False,1 commit
False,2014-08-22 10:27:10,very short,False,False,1 commit
False,2014-08-22 14:32:12,medium,True,False,1 commit
False,2014-08-22 16:34:34,lengthy,False,False,1 commit
False,2014-08-23 08:30:48,medium,False,False,1 commit
False,2014-08-23 09:45:57,very short,False,False,many commits
False,2014-08-23 09:46:12,very short,False,False,1 commit
False,2014-08-23 17:11:51,very short,False,False,1 commit
False,2014-08-24 03:08:44,short,False,True,1 commit
False,2014-08-24 15:04:36,lengthy,False,False,many commits
False,2014-08-24 17:43:24,very short,False,True,1 commit
False,2014-08-26 05:25:41,short,False,False,1 commit
False,2014-08-26 05:57:12,lengthy,True,False,1 commit
False,2014-08-26 08:57:03,medium,False,False,1 commit
True,2014-08-26 15:02:58,medium,False,False,1 commit
False,2014-08-26 15:06:05,lengthy,True,True,some commits
False,2014-08-26 19:31:33,short,False,True,1 commit
False,2014-08-26 23:24:42,lengthy,True,False,1 commit
False,2014-08-26 23:53:04,very short,True,False,1 commit
False,2014-08-27 14:40:16,medium,True,False,some commits
False,2014-08-27 15:30:55,medium,True,False,1 commit
False,2014-08-27 21:10:18,very short,False,False,1 commit
False,2014-08-28 09:55:08,very short,False,False,1 commit
False,2014-08-28 19:15:49,very short,False,False,1 commit
False,2014-08-28 20:29:52,very short,True,False,1 commit
False,2014-08-29 11:17:05,very short,True,False,1 commit
True,2014-08-29 15:38:20,very short,False,False,1 commit
False,2014-08-30 18:07:42,very short,True,False,1 commit
False,2014-08-30 21:17:25,medium,False,True,1 commit
False,2014-08-31 16:25:40,very short,False,True,1 commit
False,2014-09-01 09:28:23,lengthy,True,False,some commits
False,2014-09-01 09:36:45,very short,False,False,1 commit
False,2014-09-01 10:38:33,very short,False,True,1 commit
False,2014-09-02 06:00:10,very short,False,False,1 commit
False,2014-09-02 08:28:41,very short,False,False,1 commit
False,2014-09-02 17:32:47,lengthy,False,True,1 commit
False,2014-09-03 03:27:40,very short,False,False,1 commit
False,2014-09-03 08:56:47,lengthy,False,False,1 commit
False,2014-09-03 09:39:24,lengthy,False,False,1 commit
False,2014-09-03 12:12:52,very short,False,False,1 commit
False,2014-09-04 13:40:04,very short,True,False,1 commit
False,2014-09-04 15:09:20,very short,False,False,1 commit
True,2014-09-05 01:07:40,very short,False,True,1 commit
False,2014-09-05 16:16:40,very short,False,False,1 commit
False,2014-09-05 17:06:31,very short,False,False,1 commit
False,2014-09-05 20:22:43,very short,False,True,1 commit
False,2014-09-05 20:30:08,medium,False,False,1 commit
False,2014-09-05 21:14:35,lengthy,False,False,1 commit
False,2014-09-05 22:08:58,medium,False,False,1 commit
True,2014-09-05 22:35:25,very short,False,False,1 commit
False,2014-09-05 22:46:53,very short,False,False,1 commit
False,2014-09-05 23:25:25,very short,False,True,1 commit
False,2014-09-05 23:44:44,very short,False,False,1 commit
False,2014-09-05 23:58:07,very short,False,False,1 commit
False,2014-09-06 00:10:45,medium,False,True,1 commit
False,2014-09-06 00:13:58,short,False,True,some commits
False,2014-09-06 00:34:35,very short,False,True,1 commit
False,2014-09-06 10:02:31,very short,False,False,1 commit
False,2014-09-06 13:40:59,short,False,True,1 commit
True,2014-09-06 15:14:11,very short,False,False,1 commit
False,2014-09-06 18:12:26,lengthy,False,True,1 commit
False,2014-09-06 19:24:56,short,False,False,1 commit
False,2014-09-06 20:46:47,lengthy,False,False,1 commit
False,2014-09-06 20:50:34,very short,False,True,1 commit
False,2014-09-06 21:37:52,short,False,True,1 commit
False,2014-09-06 22:28:53,lengthy,True,False,1 commit
False,2014-09-06 23:06:51,short,False,True,1 commit
False,2014-09-07 02:30:57,short,True,False,1 commit
True,2014-09-07 09:29:30,very short,False,False,1 commit
False,2014-09-07 12:28:29,lengthy,False,True,1 commit
False,2014-09-08 00:27:59,lengthy,False,False,1 commit
False,2014-09-08 01:03:06,very short,False,False,some commits
False,2014-09-08 02:08:29,lengthy,False,True,1 commit
False,2014-09-08 17:49:09,lengthy,False,False,1 commit
False,2014-09-08 20:03:06,very short,False,False,1 commit
False,2014-09-08 20:04:23,very short,True,False,1 commit
False,2014-09-09 00:09:48,very short,False,True,1 commit
False,2014-09-09 02:05:39,very short,False,False,1 commit
True,2014-09-09 14:00:07,very short,False,False,1 commit
False,2014-09-09 21:41:16,very short,False,False,1 commit
True,2014-09-09 22:54:01,very short,False,True,1 commit
False,2014-09-10 07:24:58,lengthy,False,False,1 commit
True,2014-09-10 08:46:06,very short,False,False,1 commit
False,2014-09-10 13:54:47,very short,False,False,1 commit
True,2014-09-11 19:38:58,very short,False,False,1 commit
False,2014-09-12 20:16:58,very short,False,True,1 commit
False,2014-09-13 01:31:31,lengthy,False,False,1 commit
False,2014-09-13 02:55:34,very short,False,True,1 commit
False,2014-09-13 08:47:11,very short,False,True,1 commit
False,2014-09-15 02:38:32,lengthy,False,True,1 commit
False,2014-09-15 18:01:31,lengthy,False,False,1 commit
False,2014-09-16 07:36:16,very short,False,True,many commits
False,2014-09-16 13:22:11,lengthy,True,False,1 commit
False,2014-09-16 14:54:54,medium,False,True,many commits
False,2014-09-16 19:49:44,lengthy,False,True,1 commit
False,2014-09-17 03:51:54,very short,False,True,1 commit
False,2014-09-17 15:34:35,medium,True,False,some commits
False,2014-09-18 00:07:24,lengthy,False,True,1 commit
False,2014-09-18 07:29:52,very short,False,True,1 commit
False,2014-09-18 22:17:08,lengthy,False,False,1 commit
False,2014-09-19 17:27:35,short,False,False,1 commit
True,2014-09-20 06:00:06,very short,False,False,1 commit
False,2014-09-20 14:50:11,medium,True,True,some commits
False,2014-09-21 15:17:58,very short,True,False,1 commit
False,2014-09-21 15:31:42,very short,True,False,1 commit
False,2014-09-21 15:48:04,very short,True,False,1 commit
False,2014-09-21 17:59:50,short,False,False,1 commit
False,2014-09-21 19:37:52,lengthy,False,False,1 commit
False,2014-09-21 22:14:40,lengthy,False,False,1 commit
False,2014-09-21 23:01:57,very short,True,False,1 commit
False,2014-09-22 10:39:25,very short,True,False,1 commit
False,2014-09-22 13:40:37,very short,False,False,1 commit
False,2014-09-22 17:16:24,medium,True,False,1 commit
False,2014-09-22 17:31:35,very short,False,False,some commits
False,2014-09-22 18:22:14,lengthy,False,True,many commits
False,2014-09-22 21:46:36,short,False,True,1 commit
False,2014-09-23 21:48:54,very short,False,False,1 commit
False,2014-09-23 21:49:22,medium,False,False,1 commit
False,2014-09-24 04:03:05,lengthy,False,False,some commits
False,2014-09-24 13:57:11,very short,False,False,some commits
False,2014-09-24 17:07:10,very short,True,False,some commits
False,2014-09-24 17:13:17,very short,False,False,some commits
False,2014-09-24 18:03:21,very short,True,False,some commits
False,2014-09-24 22:41:28,very short,False,True,1 commit
False,2014-09-25 17:58:41,lengthy,True,True,1 commit
False,2014-09-25 18:26:14,very short,False,False,1 commit
False,2014-09-25 23:25:05,medium,True,False,some commits
False,2014-09-26 08:12:12,very short,False,True,1 commit
True,2014-09-26 10:22:46,lengthy,False,False,1 commit
False,2014-09-26 13:46:55,short,True,False,1 commit
False,2014-09-27 10:54:41,lengthy,True,False,1 commit
False,2014-09-27 22:16:13,short,False,True,1 commit
False,2014-09-29 03:41:06,very short,False,False,1 commit
False,2014-09-29 15:18:33,very short,True,False,1 commit
False,2014-09-29 18:18:48,short,False,True,1 commit
False,2014-09-30 02:25:42,lengthy,False,False,1 commit
False,2014-09-30 05:25:07,very short,True,False,1 commit
False,2014-09-30 20:04:50,very short,False,True,many commits
True,2014-10-01 00:11:39,very short,False,False,1 commit
False,2014-10-01 14:24:52,very short,False,True,1 commit
False,2014-10-02 07:06:13,very short,False,False,1 commit
False,2014-10-02 12:42:36,very short,False,True,1 commit
False,2014-10-03 13:52:24,very short,False,False,1 commit
False,2014-10-03 17:50:53,medium,True,True,some commits
False,2014-10-04 06:41:56,very short,False,False,1 commit
False,2014-10-04 14:16:12,medium,True,False,1 commit
False,2014-10-04 17:06:23,short,False,False,1 commit
False,2014-10-04 17:41:24,short,False,True,1 commit
True,2014-10-04 17:57:05,short,False,False,1 commit
True,2014-10-05 00:08:14,short,False,True,1 commit
False,2014-10-05 01:27:31,short,True,True,1 commit
False,2014-10-05 11:48:40,lengthy,False,True,1 commit
False,2014-10-05 18:18:57,very short,True,True,1 commit
True,2014-10-05 21:14:55,very short,False,False,1 commit
False,2014-10-06 13:19:43,very short,False,True,1 commit
False,2014-10-06 15:16:43,very short,False,True,1 commit
False,2014-10-06 16:07:51,very short,False,False,1 commit
False,2014-10-06 16:22:34,very short,False,False,1 commit
False,2014-10-06 21:08:03,very short,False,True,many commits
False,2014-10-06 23:56:25,short,False,False,1 commit
False,2014-10-07 08:01:50,very short,False,False,1 commit
False,2014-10-07 08:29:17,very short,False,False,1 commit
False,2014-10-07 13:06:02,lengthy,False,False,some commits
False,2014-10-07 18:26:13,short,True,True,some commits
False,2014-10-07 21:15:24,very short,False,False,1 commit
False,2014-10-08 20:53:52,lengthy,False,True,1 commit
False,2014-10-08 22:22:54,short,False,True,1 commit
False,2014-10-09 11:16:18,short,False,False,1 commit
True,2014-10-09 12:23:44,very short,False,False,1 commit
False,2014-10-09 15:05:34,very short,False,False,1 commit
False,2014-10-09 15:56:49,lengthy,False,False,1 commit
False,2014-10-09 16:41:56,very short,False,False,1 commit
False,2014-10-10 07:32:18,very short,False,True,1 commit
False,2014-10-10 11:24:16,very short,False,False,1 commit
False,2014-10-10 11:48:20,very short,False,False,1 commit
False,2014-10-10 13:25:23,very short,False,False,1 commit
False,2014-10-11 05:33:38,very short,False,False,1 commit
False,2014-10-11 16:58:04,lengthy,True,False,1 commit
False,2014-10-11 18:22:51,lengthy,True,True,some commits
False,2014-10-11 19:15:35,lengthy,True,False,1 commit
False,2014-10-12 05:28:29,lengthy,True,False,some commits
False,2014-10-12 11:56:42,very short,False,True,1 commit
False,2014-10-12 13:43:24,very short,False,False,1 commit
False,2014-10-13 09:20:35,lengthy,False,False,some commits
False,2014-10-13 10:25:56,very short,False,False,1 commit
False,2014-10-13 11:23:59,lengthy,False,False,1 commit
False,2014-10-13 15:51:18,very short,False,False,1 commit
False,2014-10-13 17:03:55,medium,False,False,1 commit
False,2014-10-13 22:17:46,lengthy,False,False,1 commit
False,2014-10-13 23:00:15,lengthy,True,False,1 commit
False,2014-10-14 13:04:20,short,False,True,some commits
False,2014-10-14 13:17:14,very short,False,False,1 commit
False,2014-10-14 14:23:13,medium,False,False,1 commit
False,2014-10-14 16:17:59,very short,False,True,1 commit
False,2014-10-15 07:52:36,lengthy,False,False,1 commit
True,2014-10-15 12:29:18,very short,False,False,1 commit
False,2014-10-15 15:38:04,very short,False,False,1 commit
True,2014-10-15 19:20:42,very short,False,True,1 commit
False,2014-10-15 21:52:42,very short,False,True,1 commit
False,2014-10-15 23:34:51,medium,False,True,1 commit
False,2014-10-16 01:10:11,medium,False,False,1 commit
False,2014-10-16 03:28:06,medium,False,False,1 commit
False,2014-10-16 08:54:21,very short,False,False,1 commit
False,2014-10-16 11:11:21,very short,False,False,1 commit
True,2014-10-16 13:57:40,very short,False,False,1 commit
False,2014-10-17 20:03:09,very short,False,False,1 commit
False,2014-10-17 20:51:13,lengthy,False,False,1 commit
False,2014-10-18 17:38:27,very short,False,True,1 commit
False,2014-10-19 00:29:58,very short,False,False,1 commit
False,2014-10-19 01:12:31,very short,False,True,1 commit
True,2014-10-19 09:13:30,very short,False,True,1 commit
False,2014-10-19 22:36:47,very short,False,False,1 commit
False,2014-10-20 20:23:30,very short,False,True,1 commit
False,2014-10-20 21:41:10,short,False,False,1 commit
False,2014-10-21 11:06:32,short,True,False,1 commit
False,2014-10-21 12:09:00,very short,False,True,1 commit
False,2014-10-21 21:51:40,short,True,True,many commits
False,2014-10-22 03:06:36,very short,False,False,1 commit
False,2014-10-22 05:23:38,very short,False,False,some commits
False,2014-10-23 05:04:22,very short,False,False,1 commit
False,2014-10-23 20:04:22,very short,False,True,1 commit
False,2014-10-24 04:00:19,very short,False,False,1 commit
False,2014-10-24 19:33:37,short,True,False,1 commit
True,2014-10-25 04:32:37,very short,False,False,1 commit
False,2014-10-25 04:42:53,medium,False,False,1 commit
False,2014-10-25 09:06:39,short,False,False,1 commit
False,2014-10-26 06:09:36,medium,False,True,1 commit
False,2014-10-27 05:06:02,very short,False,False,1 commit
False,2014-10-27 20:23:32,medium,False,False,1 commit
True,2014-10-27 21:25:38,very short,False,True,1 commit
False,2014-10-27 22:19:00,very short,False,True,1 commit
False,2014-10-28 00:55:14,short,False,False,1 commit
False,2014-10-28 01:38:17,very short,False,False,1 commit
False,2014-10-28 10:04:07,medium,False,False,some commits
False,2014-10-28 11:14:48,lengthy,False,False,1 commit
False,2014-10-28 16:47:54,very short,False,False,some commits
False,2014-10-29 00:40:16,short,False,True,1 commit
False,2014-10-29 14:41:38,very short,False,False,1 commit
False,2014-10-29 15:34:13,very short,False,True,some commits
False,2014-10-29 23:28:32,lengthy,True,True,1 commit
False,2014-10-30 05:46:33,very short,False,False,1 commit
False,2014-10-30 10:28:57,very short,False,False,1 commit
False,2014-10-30 11:57:42,very short,False,False,1 commit
False,2014-10-30 16:44:47,very short,False,True,some commits
False,2014-10-30 18:57:34,short,True,False,1 commit
False,2014-10-30 19:50:38,very short,False,True,1 commit
False,2014-10-31 10:23:00,very short,False,False,1 commit
False,2014-10-31 11:05:55,very short,False,False,1 commit
False,2014-10-31 13:12:41,very short,False,False,1 commit
False,2014-10-31 14:30:21,medium,False,False,1 commit
False,2014-10-31 15:45:05,short,False,False,1 commit
False,2014-10-31 22:43:04,short,False,False,1 commit
False,2014-11-01 14:29:43,short,True,False,some commits
True,2014-11-03 09:50:52,very short,True,True,1 commit
False,2014-11-03 10:31:01,very short,False,False,1 commit
False,2014-11-03 14:44:12,lengthy,False,False,many commits
False,2014-11-03 22:48:36,very short,False,True,1 commit
False,2014-11-03 23:40:27,lengthy,False,False,some commits
False,2014-11-04 20:20:40,very short,False,False,1 commit
False,2014-11-05 01:37:18,lengthy,False,False,many commits
False,2014-11-05 03:11:40,medium,False,False,some commits
False,2014-11-05 06:09:50,medium,True,False,some commits
False,2014-11-05 13:38:50,very short,False,True,1 commit
False,2014-11-06 11:32:20,very short,False,False,1 commit
False,2014-11-06 19:31:05,lengthy,False,False,some commits
False,2014-11-07 02:23:36,lengthy,False,False,1 commit
False,2014-11-07 03:40:29,lengthy,False,False,1 commit
False,2014-11-07 15:30:59,lengthy,False,False,1 commit
False,2014-11-07 17:13:26,lengthy,True,False,many commits
False,2014-11-07 19:59:44,lengthy,False,False,1 commit
False,2014-11-09 21:34:09,very short,False,True,1 commit
True,2014-11-09 21:44:23,very short,False,False,1 commit
False,2014-11-09 22:14:31,very short,False,False,1 commit
False,2014-11-10 12:42:51,lengthy,False,False,1 commit
False,2014-11-10 13:54:34,lengthy,False,False,1 commit
False,2014-11-10 18:35:37,lengthy,False,False,1 commit
False,2014-11-10 21:24:02,medium,False,False,1 commit
False,2014-11-11 00:48:15,very short,False,False,1 commit
False,2014-11-11 03:46:12,short,False,True,1 commit
False,2014-11-11 04:16:32,medium,True,True,some commits
False,2014-11-11 14:09:38,medium,True,True,1 commit
False,2014-11-12 12:59:18,short,False,False,1 commit
False,2014-11-13 05:23:24,very short,False,True,1 commit
False,2014-11-13 07:20:06,very short,False,False,1 commit
False,2014-11-13 19:45:57,medium,False,False,1 commit
False,2014-11-13 20:01:45,short,False,True,1 commit
False,2014-11-14 19:22:34,medium,False,True,1 commit
False,2014-11-15 08:07:20,very short,False,False,1 commit
False,2014-11-15 10:03:36,very short,False,False,1 commit
False,2014-11-15 10:31:24,very short,False,False,1 commit
False,2014-11-15 10:55:08,very short,False,True,1 commit
True,2014-11-15 11:05:40,very short,False,False,1 commit
False,2014-11-15 11:14:32,medium,False,False,many commits
False,2014-11-15 11:18:06,medium,False,False,1 commit
False,2014-11-15 11:22:20,short,False,False,1 commit
False,2014-11-15 11:24:36,medium,True,True,some commits
False,2014-11-15 12:13:07,short,False,False,1 commit
False,2014-11-15 12:20:26,very short,False,True,1 commit
True,2014-11-15 12:35:02,very short,False,False,1 commit
True,2014-11-15 12:41:43,very short,False,False,1 commit
True,2014-11-15 13:14:22,very short,False,True,1 commit
False,2014-11-15 13:33:19,lengthy,True,True,many commits
False,2014-11-15 13:43:54,lengthy,False,True,1 commit
False,2014-11-15 14:16:57,lengthy,False,False,1 commit
True,2014-11-15 14:16:58,very short,False,True,1 commit
False,2014-11-15 14:48:57,short,False,True,1 commit
False,2014-11-15 14:54:26,medium,True,True,1 commit
False,2014-11-15 14:58:07,very short,True,True,1 commit
False,2014-11-15 15:05:49,lengthy,False,False,1 commit
True,2014-11-15 15:41:15,very short,False,True,1 commit
False,2014-11-15 15:51:22,medium,False,False,1 commit
False,2014-11-15 16:12:51,short,False,False,1 commit
False,2014-11-15 16:24:56,very short,True,False,1 commit
False,2014-11-15 16:42:52,lengthy,True,False,1 commit
False,2014-11-15 17:42:29,lengthy,False,False,1 commit
False,2014-11-15 18:01:43,lengthy,False,False,some commits
False,2014-11-15 18:37:19,medium,False,False,some commits
False,2014-11-15 18:58:02,lengthy,True,False,1 commit
False,2014-11-15 19:09:48,lengthy,False,False,1 commit
False,2014-11-15 19:28:10,medium,True,False,1 commit
False,2014-11-15 19:39:14,lengthy,True,False,1 commit
False,2014-11-15 19:42:07,very short,True,False,1 commit
True,2014-11-15 19:43:38,very short,False,True,1 commit
False,2014-11-15 20:23:56,lengthy,True,True,some commits
False,2014-11-15 20:44:15,short,True,False,1 commit
False,2014-11-15 23:06:48,short,True,False,1 commit
False,2014-11-16 03:05:10,very short,True,False,1 commit
False,2014-11-16 09:27:05,short,True,False,1 commit
False,2014-11-16 20:08:17,lengthy,True,True,1 commit
False,2014-11-16 21:29:32,very short,True,True,some commits
False,2014-11-16 23:32:30,short,False,False,1 commit
False,2014-11-17 08:21:41,lengthy,False,False,1 commit
True,2014-11-17 18:12:54,very short,False,False,1 commit
False,2014-11-17 22:14:29,short,False,False,some commits
False,2014-11-17 22:45:46,medium,False,False,1 commit
False,2014-11-17 23:05:28,lengthy,False,False,1 commit
False,2014-11-17 23:22:36,very short,False,False,1 commit
False,2014-11-18 00:23:39,medium,False,False,1 commit
False,2014-11-18 09:19:21,medium,False,False,some commits
False,2014-11-18 09:54:38,medium,False,False,1 commit
True,2014-11-18 12:32:49,short,False,False,1 commit
False,2014-11-18 18:02:15,short,False,False,1 commit
False,2014-11-19 22:14:38,very short,False,False,some commits
False,2014-11-20 09:29:02,very short,False,False,1 commit
False,2014-11-20 10:34:13,medium,False,False,some commits
False,2014-11-20 12:30:41,medium,False,False,some commits
False,2014-11-20 13:42:10,medium,True,True,some commits
False,2014-11-20 15:32:14,very short,False,True,many commits
False,2014-11-20 15:37:02,very short,False,False,1 commit
False,2014-11-20 16:12:42,very short,False,False,1 commit
False,2014-11-21 01:43:01,very short,True,False,1 commit
False,2014-11-21 11:20:40,very short,False,True,1 commit
False,2014-11-21 12:14:38,very short,True,False,1 commit
False,2014-11-21 12:56:55,very short,False,True,1 commit
False,2014-11-21 14:50:18,medium,True,False,1 commit
False,2014-11-21 16:38:48,very short,False,False,1 commit
False,2014-11-21 16:43:50,very short,False,False,1 commit
False,2014-11-21 17:05:22,medium,False,False,some commits
False,2014-11-21 17:37:27,medium,False,False,1 commit
False,2014-11-22 02:24:55,lengthy,False,True,1 commit
False,2014-11-22 16:36:29,very short,False,False,1 commit
False,2014-11-22 18:11:50,medium,False,False,1 commit
True,2014-11-22 19:40:42,very short,False,False,1 commit
False,2014-11-23 01:13:31,short,False,False,1 commit
False,2014-11-23 14:11:38,short,False,True,1 commit
False,2014-11-23 18:02:55,very short,False,True,some commits
True,2014-11-23 18:33:52,lengthy,False,False,1 commit
False,2014-11-24 06:10:15,very short,False,False,1 commit
False,2014-11-24 15:29:54,very short,False,False,1 commit
False,2014-11-24 19:39:26,very short,True,True,1 commit
False,2014-11-25 01:57:01,very short,False,False,1 commit
False,2014-11-25 06:19:59,very short,False,True,1 commit
False,2014-11-25 10:56:06,medium,True,False,1 commit
False,2014-11-25 11:26:01,very short,False,True,some commits
False,2014-11-25 16:17:16,short,False,False,1 commit
False,2014-11-26 03:06:08,short,True,False,1 commit
False,2014-11-26 03:52:51,very short,False,False,1 commit
False,2014-11-27 00:49:45,medium,False,False,1 commit
False,2014-11-27 02:19:16,very short,False,False,1 commit
False,2014-11-27 02:19:35,very short,True,False,1 commit
False,2014-11-27 03:31:16,medium,False,False,1 commit
False,2014-11-27 03:45:32,short,False,False,1 commit
False,2014-11-27 09:52:11,short,False,True,some commits
False,2014-11-27 11:11:23,lengthy,True,False,some commits
False,2014-11-27 15:32:05,very short,False,False,1 commit
False,2014-11-27 18:34:46,medium,False,True,some commits
False,2014-11-27 22:27:12,medium,True,False,some commits
False,2014-11-28 14:01:12,very short,False,False,1 commit
False,2014-11-28 14:09:20,very short,False,True,1 commit
False,2014-11-28 16:50:33,medium,False,False,1 commit
False,2014-11-28 20:27:10,lengthy,False,False,1 commit
False,2014-11-28 23:28:04,very short,False,False,1 commit
False,2014-11-29 06:20:26,very short,False,False,1 commit
False,2014-11-29 13:46:14,short,False,False,many commits
False,2014-11-29 14:41:27,short,True,False,1 commit
False,2014-11-30 08:34:40,medium,True,True,many commits
False,2014-11-30 14:58:09,lengthy,True,False,1 commit
False,2014-11-30 17:14:56,very short,False,False,1 commit
False,2014-11-30 23:03:52,medium,False,True,1 commit
False,2014-12-01 06:29:09,lengthy,True,False,1 commit
False,2014-12-01 10:16:13,very short,False,False,1 commit
False,2014-12-01 13:24:09,very short,True,True,1 commit
False,2014-12-01 20:08:38,short,True,False,1 commit
False,2014-12-01 21:42:34,very short,False,False,1 commit
False,2014-12-01 22:10:34,lengthy,True,False,some commits
False,2014-12-02 02:54:38,very short,False,True,1 commit
False,2014-12-02 04:58:24,very short,False,False,1 commit
True,2014-12-02 05:43:58,very short,False,True,1 commit
False,2014-12-02 14:14:06,very short,True,False,1 commit
False,2014-12-02 18:27:19,lengthy,False,False,1 commit
False,2014-12-02 19:49:45,short,False,False,many commits
False,2014-12-03 02:02:17,very short,False,False,1 commit
False,2014-12-03 07:29:47,lengthy,False,False,some commits
False,2014-12-03 09:50:47,very short,False,False,many commits
False,2014-12-03 11:23:24,very short,False,False,1 commit
False,2014-12-03 20:53:35,very short,False,False,1 commit
False,2014-12-03 22:27:41,very short,False,False,1 commit
False,2014-12-03 23:31:27,lengthy,True,False,1 commit
False,2014-12-04 00:43:06,very short,False,False,1 commit
False,2014-12-04 02:16:46,short,True,False,many commits
False,2014-12-04 02:56:28,short,False,False,1 commit
False,2014-12-04 13:09:52,medium,False,False,1 commit
False,2014-12-04 14:26:44,very short,False,False,1 commit
False,2014-12-05 03:11:53,lengthy,False,False,some commits
False,2014-12-05 15:50:29,very short,False,True,1 commit
False,2014-12-05 15:51:28,very short,False,False,1 commit
False,2014-12-05 15:52:34,very short,False,False,1 commit
False,2014-12-05 15:53:02,very short,False,False,1 commit
False,2014-12-05 16:03:20,very short,False,False,1 commit
False,2014-12-05 18:08:46,very short,False,False,1 commit
False,2014-12-06 09:36:26,very short,False,False,1 commit
False,2014-12-06 11:53:21,very short,False,False,1 commit
False,2014-12-06 12:57:45,very short,False,False,1 commit
False,2014-12-06 20:52:58,medium,True,False,1 commit
False,2014-12-06 21:20:07,short,False,False,1 commit
True,2014-12-06 21:50:54,very short,False,True,1 commit
False,2014-12-06 23:18:38,short,False,False,1 commit
False,2014-12-07 20:02:33,very short,False,True,1 commit
False,2014-12-07 20:08:44,lengthy,True,True,many commits
False,2014-12-07 23:34:44,very short,False,False,1 commit
False,2014-12-08 15:58:39,very short,False,False,1 commit
False,2014-12-08 22:46:24,short,False,False,1 commit
False,2014-12-08 22:53:12,very short,False,False,1 commit
False,2014-12-09 00:05:16,medium,False,False,1 commit
False,2014-12-10 20:17:11,very short,True,True,1 commit
False,2014-12-11 15:30:32,very short,False,False,1 commit
False,2014-12-11 17:04:23,very short,False,False,1 commit
False,2014-12-11 18:28:25,very short,False,False,1 commit
False,2014-12-11 20:45:42,very short,False,False,1 commit
False,2014-12-12 13:29:07,very short,False,True,1 commit
False,2014-12-13 00:50:23,very short,False,True,1 commit
False,2014-12-13 12:16:56,very short,False,True,1 commit
False,2014-12-13 13:13:29,very short,False,True,1 commit
False,2014-12-13 17:10:55,very short,True,False,1 commit
False,2014-12-13 22:33:56,short,True,False,1 commit
False,2014-12-14 03:29:38,medium,False,False,1 commit
False,2014-12-14 08:54:20,lengthy,False,False,many commits
True,2014-12-14 12:38:55,very short,False,False,1 commit
False,2014-12-15 14:22:02,very short,True,False,1 commit
False,2014-12-15 21:44:44,very short,False,False,1 commit
False,2014-12-15 22:15:27,very short,False,False,1 commit
False,2014-12-16 00:36:41,very short,True,False,1 commit
True,2014-12-16 07:24:41,very short,True,False,1 commit
False,2014-12-16 16:53:44,very short,False,True,1 commit
False,2014-12-16 23:36:55,medium,False,True,some commits
False,2014-12-16 23:54:16,very short,False,False,1 commit
False,2014-12-17 01:25:01,very short,False,False,1 commit
False,2014-12-17 01:29:54,very short,False,False,1 commit
True,2014-12-17 08:04:13,very short,False,False,1 commit
False,2014-12-17 13:04:30,very short,False,False,1 commit
False,2014-12-17 13:08:03,very short,False,False,1 commit
False,2014-12-17 22:52:35,very short,False,False,1 commit
False,2014-12-17 23:44:17,medium,True,True,1 commit
False,2014-12-18 02:52:09,very short,False,False,1 commit
False,2014-12-18 06:53:42,very short,True,True,some commits
False,2014-12-18 09:04:39,very short,False,False,1 commit
True,2014-12-19 04:51:48,very short,False,False,1 commit
False,2014-12-19 12:10:32,medium,True,True,some commits
False,2014-12-20 17:22:23,lengthy,True,False,1 commit
True,2014-12-20 20:00:46,very short,False,False,1 commit
False,2014-12-20 20:35:45,medium,True,False,1 commit
True,2014-12-21 10:27:50,very short,True,False,1 commit
False,2014-12-22 01:57:23,very short,True,True,1 commit
False,2014-12-22 08:48:33,very short,False,True,1 commit
False,2014-12-22 20:25:23,short,False,False,1 commit
True,2014-12-23 01:33:06,very short,False,False,1 commit
False,2014-12-23 09:29:27,lengthy,False,True,many commits
False,2014-12-23 09:51:39,very short,False,False,1 commit
False,2014-12-23 13:09:52,lengthy,False,False,some commits
False,2014-12-23 13:47:32,very short,False,True,1 commit
False,2014-12-23 15:59:50,medium,True,False,some commits
False,2014-12-23 21:34:58,medium,True,True,some commits
False,2014-12-24 19:24:54,very short,True,False,1 commit
False,2014-12-25 04:15:10,very short,False,True,1 commit
False,2014-12-26 03:33:44,lengthy,False,False,some commits
False,2014-12-26 22:55:51,very short,False,False,1 commit
False,2014-12-27 01:49:40,very short,False,True,1 commit
False,2014-12-27 07:17:53,lengthy,False,False,1 commit
False,2014-12-28 00:11:34,very short,False,True,1 commit
True,2014-12-28 04:30:10,short,False,False,1 commit
False,2014-12-29 13:57:57,short,False,True,1 commit
False,2014-12-30 12:30:21,lengthy,False,False,many commits
False,2014-12-30 14:32:36,very short,False,False,1 commit
False,2014-12-30 14:45:14,lengthy,True,False,1 commit
False,2014-12-30 14:45:18,very short,True,False,1 commit
False,2014-12-31 00:28:16,very short,False,False,1 commit
False,2014-12-31 20:02:17,short,True,False,some commits
False,2015-01-01 03:26:36,short,True,True,1 commit
False,2015-01-01 14:48:41,medium,False,False,1 commit
False,2015-01-02 10:42:59,lengthy,True,True,1 commit
False,2015-01-02 12:00:53,very short,True,False,1 commit
False,2015-01-02 14:40:39,very short,False,False,1 commit
False,2015-01-02 18:04:47,medium,False,False,some commits
False,2015-01-02 18:57:27,medium,False,True,1 commit
False,2015-01-03 02:04:57,very short,False,False,1 commit
True,2015-01-03 09:16:21,very short,False,False,1 commit
False,2015-01-03 09:52:13,very short,False,True,1 commit
False,2015-01-03 17:08:23,short,False,False,1 commit
False,2015-01-05 10:34:27,short,False,False,1 commit
False,2015-01-05 13:40:42,very short,False,False,1 commit
False,2015-01-05 17:08:01,very short,False,False,1 commit
False,2015-01-05 20:48:41,very short,False,False,1 commit
False,2015-01-06 09:51:16,medium,True,True,1 commit
False,2015-01-07 10:54:31,very short,False,False,1 commit
False,2015-01-07 11:24:46,very short,False,False,1 commit
False,2015-01-07 20:43:28,very short,False,False,1 commit
False,2015-01-07 21:02:31,very short,False,False,1 commit
False,2015-01-08 13:28:52,lengthy,True,False,1 commit
False,2015-01-08 16:36:44,medium,False,False,1 commit
False,2015-01-08 17:06:18,very short,False,False,1 commit
False,2015-01-08 17:41:03,lengthy,True,False,1 commit
False,2015-01-08 20:57:28,very short,False,True,1 commit
False,2015-01-08 22:56:40,lengthy,True,False,1 commit
False,2015-01-09 09:41:27,very short,False,False,1 commit
False,2015-01-09 16:06:23,very short,False,False,1 commit
False,2015-01-09 18:10:17,lengthy,False,True,1 commit
False,2015-01-09 18:49:12,very short,False,True,1 commit
False,2015-01-09 19:09:43,very short,True,False,1 commit
False,2015-01-09 22:10:01,very short,False,False,1 commit
False,2015-01-10 00:30:47,short,False,True,1 commit
False,2015-01-10 18:23:44,medium,False,False,some commits
False,2015-01-11 20:07:39,very short,False,True,1 commit
False,2015-01-11 20:22:41,very short,False,True,1 commit
False,2015-01-12 13:30:48,very short,False,False,1 commit
True,2015-01-12 15:50:14,very short,False,False,1 commit
False,2015-01-12 16:13:00,lengthy,False,True,1 commit
False,2015-01-12 21:52:49,very short,True,False,1 commit
False,2015-01-12 22:13:51,lengthy,False,False,1 commit
False,2015-01-12 22:49:03,lengthy,False,False,1 commit
False,2015-01-13 06:27:03,very short,False,True,1 commit
False,2015-01-13 08:22:06,medium,False,False,1 commit
False,2015-01-13 13:42:48,lengthy,False,True,1 commit
False,2015-01-13 16:03:15,lengthy,False,True,1 commit
False,2015-01-13 16:28:56,very short,False,False,1 commit
False,2015-01-14 18:32:04,short,False,False,1 commit
False,2015-01-14 18:43:33,very short,False,False,1 commit
False,2015-01-15 16:05:52,very short,False,False,1 commit
False,2015-01-15 17:41:50,very short,False,False,1 commit
False,2015-01-15 21:48:16,very short,True,False,1 commit
False,2015-01-15 22:09:13,very short,False,False,1 commit
False,2015-01-16 16:43:09,very short,False,False,1 commit
False,2015-01-16 21:31:00,lengthy,False,False,1 commit
False,2015-01-16 22:51:03,very short,False,True,1 commit
False,2015-01-17 01:48:23,very short,False,True,1 commit
False,2015-01-17 04:17:03,lengthy,False,True,1 commit
False,2015-01-17 13:55:41,lengthy,False,True,1 commit
False,2015-01-17 15:32:33,lengthy,False,False,1 commit
False,2015-01-17 18:38:34,lengthy,True,False,1 commit
False,2015-01-18 22:01:55,short,True,True,some commits
True,2015-01-19 00:14:35,medium,True,False,1 commit
False,2015-01-19 09:57:05,very short,False,False,1 commit
False,2015-01-19 20:15:06,very short,False,True,1 commit
False,2015-01-20 05:19:53,very short,True,True,1 commit
False,2015-01-20 12:39:12,very short,False,True,1 commit
False,2015-01-20 15:23:14,medium,False,False,1 commit
False,2015-01-21 18:27:37,short,False,False,1 commit
False,2015-01-21 22:36:04,very short,False,False,1 commit
False,2015-01-22 03:18:24,lengthy,False,True,1 commit
False,2015-01-22 10:48:29,very short,True,True,some commits
False,2015-01-22 20:21:31,lengthy,False,False,1 commit
False,2015-01-22 21:19:57,lengthy,True,False,1 commit
False,2015-01-22 22:26:48,very short,True,False,some commits
False,2015-01-23 02:41:27,lengthy,True,False,1 commit
False,2015-01-23 10:22:45,lengthy,False,True,1 commit
False,2015-01-23 22:24:34,medium,True,False,1 commit
False,2015-01-24 12:22:22,medium,False,False,1 commit
False,2015-01-24 15:48:04,lengthy,True,False,many commits
False,2015-01-25 15:10:47,lengthy,False,False,1 commit
False,2015-01-25 22:26:05,short,True,True,some commits
False,2015-01-26 01:08:05,short,True,True,some commits
True,2015-01-26 10:11:08,very short,False,False,1 commit
False,2015-01-26 10:24:56,very short,False,False,1 commit
False,2015-01-27 04:08:27,very short,False,False,1 commit
False,2015-01-27 21:06:44,lengthy,False,False,1 commit
False,2015-01-28 09:53:23,lengthy,False,False,1 commit
False,2015-01-28 11:52:27,medium,False,False,1 commit
False,2015-01-28 14:08:08,short,False,True,some commits
False,2015-01-28 14:51:38,lengthy,True,False,1 commit
False,2015-01-28 17:49:08,medium,False,False,1 commit
False,2015-01-29 08:37:49,medium,True,False,some commits
False,2015-01-29 10:04:34,medium,True,False,some commits
False,2015-01-29 14:51:27,lengthy,True,False,1 commit
False,2015-01-29 21:59:00,very short,True,False,many commits
False,2015-01-30 09:45:19,lengthy,False,False,1 commit
False,2015-01-30 14:49:38,medium,True,False,1 commit
False,2015-01-30 17:34:02,very short,False,True,1 commit
False,2015-01-30 23:18:09,short,False,True,1 commit
False,2015-01-31 20:00:48,very short,False,False,1 commit
False,2015-02-02 20:31:01,very short,False,False,1 commit
False,2015-02-02 23:34:07,very short,False,True,1 commit
False,2015-02-03 08:18:34,lengthy,False,False,1 commit
False,2015-02-03 12:50:02,short,False,False,1 commit
False,2015-02-03 13:11:32,very short,False,False,1 commit
False,2015-02-03 14:25:40,very short,True,False,1 commit
False,2015-02-03 15:37:08,lengthy,False,True,some commits
False,2015-02-03 20:46:59,very short,False,False,1 commit
False,2015-02-03 22:37:35,very short,False,False,1 commit
False,2015-02-04 06:04:28,very short,True,False,1 commit
False,2015-02-04 14:01:35,very short,True,True,1 commit
False,2015-02-04 14:46:27,short,True,False,1 commit
False,2015-02-04 21:59:49,very short,False,False,1 commit
False,2015-02-04 23:23:40,medium,False,False,1 commit
False,2015-02-05 08:39:22,short,False,False,1 commit
False,2015-02-05 09:10:10,very short,False,False,some commits
False,2015-02-05 12:33:44,lengthy,False,False,1 commit
False,2015-02-05 13:22:15,lengthy,False,True,1 commit
False,2015-02-05 21:07:12,very short,False,False,many commits
False,2015-02-05 22:11:59,medium,True,False,1 commit
False,2015-02-06 13:59:56,lengthy,False,False,some commits
False,2015-02-06 14:01:43,lengthy,True,False,1 commit
False,2015-02-06 21:53:37,lengthy,True,False,1 commit
False,2015-02-06 23:21:05,lengthy,True,False,1 commit
False,2015-02-07 01:57:57,lengthy,True,False,some commits
False,2015-02-07 16:57:53,very short,False,False,1 commit
False,2015-02-07 17:00:34,lengthy,False,False,1 commit
False,2015-02-07 20:47:52,medium,True,False,1 commit
False,2015-02-07 21:52:08,very short,False,True,1 commit
False,2015-02-07 22:14:36,lengthy,True,False,some commits
False,2015-02-08 07:33:02,very short,False,True,1 commit
False,2015-02-08 18:15:21,very short,False,False,1 commit
False,2015-02-08 18:24:38,very short,False,False,some commits
False,2015-02-09 12:53:40,very short,False,True,1 commit
False,2015-02-09 14:02:44,very short,False,True,1 commit
False,2015-02-09 17:28:46,very short,False,False,1 commit
False,2015-02-10 03:19:16,short,False,True,1 commit
False,2015-02-10 11:54:36,lengthy,True,False,1 commit
False,2015-02-11 10:20:29,very short,False,True,some commits
False,2015-02-11 10:22:51,short,False,True,1 commit
False,2015-02-11 15:00:20,short,False,True,1 commit
False,2015-02-11 16:41:02,very short,False,False,1 commit
True,2015-02-12 08:34:34,very short,True,False,1 commit
False,2015-02-13 14:23:26,very short,True,False,1 commit
False,2015-02-13 22:26:18,very short,False,False,1 commit
False,2015-02-14 01:25:24,lengthy,True,False,1 commit
False,2015-02-14 04:04:42,lengthy,True,False,some commits
False,2015-02-14 07:00:47,short,False,True,1 commit
False,2015-02-14 14:33:15,lengthy,True,True,many commits
False,2015-02-14 19:39:47,medium,False,False,some commits
False,2015-02-14 21:37:22,very short,False,False,1 commit
False,2015-02-15 19:43:27,very short,False,False,1 commit
False,2015-02-15 22:25:36,short,True,False,1 commit
False,2015-02-16 07:59:44,very short,False,True,1 commit
False,2015-02-16 12:45:09,medium,False,False,some commits
False,2015-02-16 13:07:31,very short,True,False,1 commit
False,2015-02-16 13:44:04,lengthy,True,False,1 commit
False,2015-02-16 15:37:39,very short,False,False,1 commit
False,2015-02-16 20:52:43,lengthy,True,False,1 commit
False,2015-02-17 02:58:37,medium,False,False,1 commit
False,2015-02-18 14:54:56,very short,True,False,1 commit
False,2015-02-18 21:52:44,short,False,True,1 commit
False,2015-02-18 22:41:30,medium,False,False,many commits
False,2015-02-19 03:26:42,medium,False,False,some commits
False,2015-02-19 21:38:48,short,False,True,1 commit
False,2015-02-20 14:29:50,short,True,False,1 commit
False,2015-02-20 17:51:16,lengthy,False,False,some commits
False,2015-02-20 20:32:15,very short,False,False,1 commit
False,2015-02-20 22:48:29,very short,False,True,1 commit
False,2015-02-21 03:55:47,very short,False,False,1 commit
True,2015-02-21 18:34:19,very short,False,False,1 commit
False,2015-02-21 22:07:08,lengthy,False,False,1 commit
False,2015-02-21 23:13:48,lengthy,True,False,1 commit
False,2015-02-22 02:00:40,short,False,False,some commits
False,2015-02-22 18:06:38,very short,False,True,some commits
False,2015-02-22 19:48:44,very short,True,False,some commits
False,2015-02-23 01:12:47,medium,True,False,1 commit
False,2015-02-23 03:14:40,short,False,False,1 commit
False,2015-02-23 07:35:32,very short,False,False,1 commit
False,2015-02-23 14:01:55,lengthy,True,False,some commits
False,2015-02-23 16:16:55,lengthy,False,True,1 commit
False,2015-02-23 22:08:12,lengthy,True,False,1 commit
False,2015-02-24 02:20:09,very short,False,False,1 commit
False,2015-02-24 02:53:32,very short,False,False,1 commit
False,2015-02-24 04:16:54,very short,True,False,1 commit
False,2015-02-24 10:49:58,lengthy,False,False,some commits
False,2015-02-24 16:02:34,short,True,True,some commits
False,2015-02-24 20:37:34,medium,False,False,1 commit
False,2015-02-25 18:53:47,medium,True,True,many commits
False,2015-02-25 19:07:29,medium,False,True,1 commit
False,2015-02-25 21:24:08,lengthy,False,True,1 commit
False,2015-02-26 18:14:05,very short,False,True,1 commit
False,2015-02-27 10:36:56,lengthy,True,False,1 commit
False,2015-02-27 15:32:16,short,False,False,1 commit
False,2015-02-27 19:49:33,medium,False,False,1 commit
False,2015-02-27 22:00:07,very short,False,True,1 commit
False,2015-02-28 00:01:30,short,False,False,1 commit
False,2015-03-02 18:22:38,very short,False,False,1 commit
False,2015-03-02 19:27:58,lengthy,False,True,1 commit
False,2015-03-02 20:27:22,very short,False,False,1 commit
False,2015-03-03 09:32:40,very short,False,False,some commits
False,2015-03-03 11:50:06,very short,False,True,1 commit
False,2015-03-03 18:11:29,short,True,True,many commits
False,2015-03-04 18:03:36,short,False,True,1 commit
False,2015-03-04 19:33:42,very short,False,True,1 commit
False,2015-03-05 07:56:33,medium,False,False,1 commit
False,2015-03-05 11:01:14,lengthy,False,False,some commits
False,2015-03-05 12:14:23,very short,True,False,1 commit
False,2015-03-05 14:55:10,lengthy,False,False,1 commit
False,2015-03-05 15:24:07,very short,False,False,1 commit
False,2015-03-05 16:07:45,short,False,True,1 commit
False,2015-03-06 02:17:29,lengthy,False,False,1 commit
False,2015-03-06 10:00:47,medium,False,True,1 commit
False,2015-03-06 13:32:40,lengthy,True,True,1 commit
False,2015-03-07 07:41:16,lengthy,False,False,1 commit
False,2015-03-07 10:43:29,medium,False,False,1 commit
False,2015-03-07 10:48:52,lengthy,False,True,1 commit
False,2015-03-07 10:59:56,very short,False,True,1 commit
False,2015-03-07 12:00:12,lengthy,False,True,1 commit
False,2015-03-07 12:20:23,short,False,False,1 commit
False,2015-03-07 13:08:53,short,True,False,1 commit
False,2015-03-07 13:54:53,very short,False,True,1 commit
False,2015-03-07 14:02:13,lengthy,True,True,1 commit
False,2015-03-07 15:02:26,very short,False,False,1 commit
False,2015-03-07 15:15:02,lengthy,False,True,1 commit
False,2015-03-07 16:35:06,very short,True,True,1 commit
False,2015-03-07 16:57:25,short,False,True,some commits
False,2015-03-07 17:47:42,short,True,False,1 commit
False,2015-03-07 19:10:24,medium,True,False,some commits
True,2015-03-08 09:22:23,very short,False,True,1 commit
False,2015-03-08 10:16:27,medium,False,False,some commits
False,2015-03-08 11:12:27,lengthy,True,False,1 commit
False,2015-03-08 12:46:16,medium,True,False,1 commit
False,2015-03-08 14:07:53,very short,False,False,1 commit
False,2015-03-08 14:47:10,lengthy,False,False,1 commit
False,2015-03-08 15:05:30,very short,True,False,1 commit
False,2015-03-08 17:34:33,medium,False,False,1 commit
False,2015-03-08 18:38:48,very short,True,False,1 commit
False,2015-03-08 19:24:21,lengthy,False,False,1 commit
False,2015-03-08 20:01:06,medium,False,True,1 commit
False,2015-03-09 16:41:38,very short,False,False,some commits
False,2015-03-09 18:55:21,medium,True,False,1 commit
False,2015-03-10 05:25:18,short,False,False,1 commit
False,2015-03-10 09:11:17,very short,False,True,1 commit
False,2015-03-10 16:35:22,short,True,False,1 commit
False,2015-03-10 20:46:54,medium,False,False,1 commit
False,2015-03-10 23:45:07,very short,False,True,1 commit
False,2015-03-11 07:13:37,very short,False,True,1 commit
False,2015-03-11 10:01:54,lengthy,True,False,1 commit
False,2015-03-11 10:18:29,very short,False,False,some commits
False,2015-03-11 15:59:07,very short,False,False,1 commit
True,2015-03-11 18:58:14,very short,False,False,1 commit
False,2015-03-11 23:23:46,very short,False,True,1 commit
False,2015-03-12 02:48:35,very short,True,True,some commits
False,2015-03-12 12:42:12,very short,False,False,1 commit
False,2015-03-12 15:35:59,lengthy,True,False,some commits
False,2015-03-12 17:14:26,lengthy,True,False,1 commit
False,2015-03-12 17:53:38,very short,False,False,1 commit
False,2015-03-12 22:56:50,very short,False,True,1 commit
False,2015-03-13 06:50:30,very short,True,False,some commits
False,2015-03-13 14:17:08,lengthy,True,False,1 commit
False,2015-03-13 15:06:36,very short,False,True,1 commit
False,2015-03-15 01:10:57,lengthy,False,False,1 commit
False,2015-03-15 09:06:41,short,False,True,1 commit
False,2015-03-15 10:16:46,medium,False,False,1 commit
False,2015-03-15 15:03:43,very short,False,True,1 commit
False,2015-03-15 18:33:26,medium,False,False,1 commit
False,2015-03-15 19:15:20,medium,True,False,1 commit
False,2015-03-15 22:59:05,very short,True,False,1 commit
False,2015-03-16 04:55:29,short,False,False,1 commit
False,2015-03-16 05:15:35,very short,False,False,1 commit
False,2015-03-16 06:06:00,very short,False,False,1 commit
False,2015-03-16 10:03:47,medium,True,False,1 commit
False,2015-03-16 10:21:20,very short,True,True,some commits
False,2015-03-16 14:55:45,very short,False,False,some commits
False,2015-03-16 20:15:14,short,False,True,1 commit
False,2015-03-16 21:56:52,medium,True,False,some commits
False,2015-03-17 00:40:47,very short,False,False,1 commit
False,2015-03-17 10:48:57,very short,True,False,1 commit
False,2015-03-17 13:01:16,lengthy,True,False,1 commit
False,2015-03-17 14:44:29,medium,False,False,some commits
False,2015-03-17 14:53:10,short,False,False,1 commit
False,2015-03-18 20:44:57,medium,True,False,some commits
False,2015-03-19 07:11:55,very short,False,True,1 commit
False,2015-03-20 13:50:19,short,False,False,1 commit
False,2015-03-20 17:09:09,very short,True,False,1 commit
False,2015-03-21 02:25:23,very short,False,True,1 commit
False,2015-03-21 12:24:45,short,False,False,1 commit
False,2015-03-21 22:10:06,short,False,False,1 commit
False,2015-03-22 00:47:40,medium,True,True,1 commit
False,2015-03-22 03:30:25,very short,False,False,1 commit
False,2015-03-22 07:58:35,short,True,False,1 commit
False,2015-03-22 10:08:34,very short,True,True,1 commit
False,2015-03-22 10:54:22,very short,True,False,some commits
False,2015-03-22 11:06:00,short,False,True,1 commit
False,2015-03-22 11:12:21,short,False,True,1 commit
False,2015-03-22 11:29:34,short,False,True,1 commit
False,2015-03-22 13:34:56,lengthy,False,True,1 commit
False,2015-03-22 13:50:19,medium,False,False,1 commit
False,2015-03-22 14:02:00,short,False,False,1 commit
False,2015-03-22 15:52:59,short,False,False,1 commit
False,2015-03-22 15:54:52,short,False,False,1 commit
False,2015-03-22 19:03:37,very short,False,True,1 commit
False,2015-03-22 19:34:48,medium,False,True,1 commit
False,2015-03-22 20:00:00,medium,False,False,some commits
False,2015-03-22 20:50:46,very short,False,False,1 commit
False,2015-03-24 01:42:35,very short,False,True,many commits
False,2015-03-24 17:07:13,lengthy,False,True,1 commit
False,2015-03-25 12:18:00,lengthy,False,False,1 commit
False,2015-03-25 14:15:22,lengthy,False,False,1 commit
True,2015-03-25 17:40:54,very short,False,False,1 commit
False,2015-03-26 08:43:49,very short,False,False,1 commit
False,2015-03-27 19:58:56,lengthy,False,False,1 commit
False,2015-03-28 05:50:02,very short,False,False,1 commit
False,2015-03-28 10:06:46,very short,False,False,1 commit
False,2015-03-28 19:36:25,short,True,True,1 commit
False,2015-03-29 00:10:30,lengthy,True,False,1 commit
False,2015-03-30 10:35:59,medium,True,True,1 commit
False,2015-03-30 13:06:46,lengthy,True,False,1 commit
False,2015-03-30 18:32:55,lengthy,False,False,1 commit
False,2015-03-30 20:02:27,very short,True,False,1 commit
False,2015-03-31 04:39:44,short,True,False,1 commit
False,2015-03-31 06:01:07,lengthy,False,False,1 commit
False,2015-03-31 13:37:27,very short,False,True,1 commit
False,2015-03-31 14:51:53,very short,False,False,1 commit
False,2015-03-31 17:58:20,very short,False,True,1 commit
False,2015-03-31 20:40:23,lengthy,True,False,some commits
False,2015-04-01 11:17:08,medium,False,False,1 commit
False,2015-04-01 14:07:18,very short,False,False,1 commit
False,2015-04-01 17:07:55,short,True,False,1 commit
False,2015-04-01 18:30:49,very short,False,False,1 commit
False,2015-04-01 20:48:37,very short,False,True,1 commit
False,2015-04-01 22:05:22,medium,True,False,1 commit
False,2015-04-02 03:55:37,lengthy,False,True,some commits
False,2015-04-02 04:45:29,very short,False,False,1 commit
False,2015-04-02 15:52:42,medium,False,False,1 commit
False,2015-04-02 16:57:43,lengthy,False,True,1 commit
False,2015-04-02 23:32:03,very short,False,True,1 commit
False,2015-04-03 03:33:49,very short,False,False,1 commit
False,2015-04-03 06:50:05,very short,False,True,1 commit
True,2015-04-03 07:13:58,very short,False,False,1 commit
False,2015-04-03 19:04:39,very short,False,True,1 commit
False,2015-04-03 21:01:31,very short,False,True,1 commit
False,2015-04-03 21:46:59,medium,True,False,some commits
False,2015-04-04 09:58:36,lengthy,True,False,some commits
False,2015-04-04 20:54:17,short,False,False,1 commit
False,2015-04-06 02:35:44,short,True,False,1 commit
False,2015-04-06 05:55:28,short,False,True,some commits
False,2015-04-06 15:40:37,very short,True,True,many commits
False,2015-04-06 16:26:53,lengthy,True,False,1 commit
False,2015-04-06 18:11:14,lengthy,True,False,some commits
False,2015-04-06 21:01:21,lengthy,True,False,1 commit
False,2015-04-07 05:00:55,very short,False,True,1 commit
False,2015-04-07 17:46:56,very short,False,True,1 commit
False,2015-04-07 22:38:27,very short,False,True,1 commit
False,2015-04-08 01:49:25,medium,False,False,some commits
False,2015-04-08 09:17:29,lengthy,False,False,some commits
False,2015-04-08 16:16:29,lengthy,True,False,1 commit
False,2015-04-08 21:33:16,very short,True,False,1 commit
True,2015-04-09 01:06:03,very short,False,False,1 commit
False,2015-04-09 06:44:42,lengthy,True,False,1 commit
False,2015-04-09 15:27:32,very short,False,True,1 commit
False,2015-04-09 18:00:36,very short,False,True,1 commit
False,2015-04-09 18:50:24,medium,False,True,some commits
False,2015-04-10 01:50:03,very short,False,False,many commits
False,2015-04-10 07:24:44,medium,False,True,1 commit
False,2015-04-10 14:59:24,lengthy,True,False,many commits
False,2015-04-11 02:12:51,very short,False,True,1 commit
False,2015-04-11 03:28:27,short,False,False,1 commit
False,2015-04-12 11:21:19,short,False,False,1 commit
False,2015-04-13 10:16:36,very short,False,True,1 commit
False,2015-04-13 12:03:40,lengthy,False,True,1 commit
False,2015-04-13 12:42:47,medium,True,False,some commits
False,2015-04-13 15:01:01,very short,False,True,1 commit
False,2015-04-13 16:40:11,short,True,False,1 commit
False,2015-04-13 18:58:53,very short,True,False,1 commit
False,2015-04-13 20:21:39,very short,False,True,1 commit
False,2015-04-13 20:56:27,very short,False,True,some commits
False,2015-04-13 21:13:40,lengthy,True,False,some commits
False,2015-04-13 21:53:56,lengthy,True,True,1 commit
False,2015-04-13 22:12:57,lengthy,True,False,1 commit
False,2015-04-13 22:18:09,short,True,True,some commits
False,2015-04-13 22:22:32,very short,False,True,1 commit
False,2015-04-13 23:09:36,very short,False,True,1 commit
False,2015-04-14 02:34:12,very short,False,False,1 commit
False,2015-04-14 08:43:30,very short,False,False,1 commit
False,2015-04-14 09:27:18,lengthy,False,True,1 commit
False,2015-04-14 11:33:33,very short,False,True,1 commit
False,2015-04-14 13:00:54,very short,True,False,1 commit
False,2015-04-14 15:01:45,very short,False,True,1 commit
False,2015-04-14 16:26:51,short,True,False,1 commit
False,2015-04-14 18:53:06,lengthy,False,False,1 commit
False,2015-04-14 18:59:21,medium,True,False,1 commit
False,2015-04-14 21:10:04,lengthy,True,False,1 commit
False,2015-04-14 21:16:59,very short,True,False,1 commit
False,2015-04-14 22:50:11,short,False,False,some commits
False,2015-04-15 05:52:19,short,False,False,1 commit
False,2015-04-15 20:45:11,lengthy,True,False,1 commit
False,2015-04-16 05:44:58,very short,False,False,1 commit
False,2015-04-16 12:01:27,lengthy,True,False,some commits
False,2015-04-17 00:14:09,very short,False,True,1 commit
False,2015-04-17 07:45:27,very short,False,True,1 commit
True,2015-04-17 14:41:33,very short,False,False,1 commit
False,2015-04-17 15:56:09,lengthy,True,False,1 commit
False,2015-04-17 16:15:50,very short,False,False,1 commit
False,2015-04-18 08:25:59,short,True,True,some commits
False,2015-04-19 13:39:10,lengthy,False,True,some commits
True,2015-04-19 15:22:09,very short,False,True,1 commit
False,2015-04-19 19:12:28,lengthy,False,True,1 commit
False,2015-04-19 21:59:47,short,True,False,1 commit
False,2015-04-20 01:52:17,very short,False,False,1 commit
False,2015-04-20 12:22:21,very short,False,True,1 commit
False,2015-04-20 12:41:40,very short,False,True,1 commit
False,2015-04-20 18:04:20,very short,False,True,1 commit
False,2015-04-21 02:15:59,short,False,False,1 commit
False,2015-04-21 09:30:38,medium,True,True,1 commit
False,2015-04-21 12:55:19,very short,False,True,some commits
False,2015-04-21 13:51:29,very short,False,True,1 commit
False,2015-04-22 10:39:12,short,False,False,1 commit
False,2015-04-23 04:23:35,very short,False,True,some commits
False,2015-04-23 07:35:50,short,False,True,1 commit
False,2015-04-24 05:14:59,lengthy,True,False,some commits
False,2015-04-24 06:38:33,medium,False,True,1 commit
False,2015-04-24 10:18:00,very short,False,False,1 commit
False,2015-04-24 13:03:09,very short,False,True,1 commit
True,2015-04-24 16:06:51,very short,False,True,1 commit
False,2015-04-24 20:09:12,very short,False,False,1 commit
False,2015-04-25 01:44:11,medium,True,False,1 commit
False,2015-04-25 01:58:02,very short,True,False,1 commit
False,2015-04-25 14:22:05,very short,True,False,1 commit
False,2015-04-26 13:06:01,very short,False,False,1 commit
False,2015-04-26 13:23:06,very short,False,False,1 commit
False,2015-04-26 17:20:03,short,True,False,1 commit
False,2015-04-26 21:14:12,medium,False,True,1 commit
False,2015-04-27 01:56:17,lengthy,False,True,1 commit
False,2015-04-27 06:43:19,lengthy,False,False,1 commit
False,2015-04-27 09:56:45,very short,False,False,1 commit
False,2015-04-27 13:51:03,very short,False,False,some commits
False,2015-04-27 16:25:17,medium,True,True,1 commit
False,2015-04-27 22:31:10,very short,False,True,1 commit
False,2015-04-27 23:25:44,lengthy,False,False,1 commit
False,2015-04-28 05:56:22,lengthy,False,False,some commits
False,2015-04-28 16:31:21,very short,False,True,1 commit
False,2015-04-29 04:54:06,lengthy,False,False,many commits
False,2015-04-29 16:00:47,medium,False,True,1 commit
False,2015-04-29 17:46:06,very short,False,False,1 commit
False,2015-04-29 21:18:02,lengthy,True,True,many commits
False,2015-04-29 21:20:12,very short,False,False,1 commit
False,2015-04-30 08:47:30,lengthy,False,True,some commits
False,2015-04-30 19:45:48,very short,True,True,some commits
False,2015-05-01 18:13:25,lengthy,True,False,1 commit
False,2015-05-01 19:51:15,lengthy,True,False,1 commit
False,2015-05-02 01:09:27,very short,False,False,some commits
False,2015-05-02 09:27:44,very short,True,False,1 commit
False,2015-05-02 12:24:22,very short,False,False,1 commit
False,2015-05-02 17:59:59,short,False,True,1 commit
False,2015-05-03 04:30:27,medium,False,True,1 commit
False,2015-05-03 16:32:35,short,False,False,1 commit
False,2015-05-03 17:45:42,very short,False,True,some commits
False,2015-05-04 17:50:50,very short,False,False,some commits
False,2015-05-05 09:01:11,very short,False,True,1 commit
False,2015-05-05 10:58:57,very short,False,False,1 commit
False,2015-05-05 11:36:51,medium,False,False,1 commit
False,2015-05-05 12:12:01,short,False,True,1 commit
False,2015-05-05 14:01:38,very short,False,False,1 commit
False,2015-05-06 13:52:04,very short,False,True,1 commit
False,2015-05-07 10:33:50,very short,False,False,1 commit
False,2015-05-07 20:59:09,very short,False,True,1 commit
False,2015-05-07 22:15:13,very short,False,False,1 commit
False,2015-05-08 01:49:40,very short,False,True,1 commit
False,2015-05-08 07:37:18,very short,False,False,1 commit
False,2015-05-08 14:12:19,very short,False,False,1 commit
False,2015-05-08 19:20:02,lengthy,True,False,some commits
False,2015-05-08 20:51:38,lengthy,False,False,1 commit
False,2015-05-09 02:49:38,medium,True,False,1 commit
False,2015-05-09 05:41:50,lengthy,False,True,some commits
False,2015-05-09 11:05:12,medium,True,False,1 commit
False,2015-05-09 11:09:19,very short,False,False,1 commit
False,2015-05-09 13:42:14,lengthy,False,False,1 commit
False,2015-05-10 00:48:08,short,False,False,1 commit
False,2015-05-10 03:19:07,short,True,False,1 commit
False,2015-05-10 17:02:01,very short,False,False,1 commit
False,2015-05-11 06:49:19,very short,False,False,1 commit
False,2015-05-11 18:02:28,short,False,False,1 commit
False,2015-05-11 21:32:00,lengthy,True,False,1 commit
False,2015-05-12 06:24:19,very short,False,False,1 commit
False,2015-05-13 01:24:00,very short,False,True,1 commit
False,2015-05-13 08:45:18,medium,False,False,1 commit
False,2015-05-13 08:55:19,very short,False,False,1 commit
False,2015-05-13 14:21:21,lengthy,False,False,1 commit
False,2015-05-13 15:44:50,very short,False,False,1 commit
True,2015-05-13 18:55:15,very short,False,False,1 commit
False,2015-05-14 06:23:30,short,True,True,some commits
False,2015-05-14 12:32:38,very short,True,False,1 commit
False,2015-05-14 18:15:56,short,False,False,1 commit
False,2015-05-15 10:36:28,short,False,True,some commits
False,2015-05-16 00:24:09,lengthy,False,True,many commits
False,2015-05-17 03:05:02,short,True,False,1 commit
False,2015-05-17 14:58:54,very short,True,False,1 commit
False,2015-05-18 13:26:24,short,True,False,1 commit
False,2015-05-18 21:15:39,medium,True,False,1 commit
False,2015-05-19 09:15:47,very short,True,False,1 commit
False,2015-05-19 09:49:12,very short,False,False,1 commit
False,2015-05-19 11:41:18,short,False,False,some commits
False,2015-05-19 13:33:25,short,False,False,1 commit
False,2015-05-19 14:14:26,very short,True,False,1 commit
False,2015-05-19 14:37:21,very short,True,False,1 commit
False,2015-05-20 11:00:30,very short,False,True,1 commit
False,2015-05-20 12:35:23,medium,False,False,some commits
False,2015-05-20 16:39:28,short,True,False,1 commit
False,2015-05-20 22:57:22,lengthy,False,True,1 commit
False,2015-05-21 05:27:19,very short,False,True,1 commit
False,2015-05-21 15:10:36,very short,True,False,some commits
False,2015-05-22 10:50:23,very short,False,True,1 commit
False,2015-05-22 13:05:20,very short,False,True,1 commit
False,2015-05-22 13:22:37,lengthy,True,False,1 commit
False,2015-05-22 14:48:15,medium,True,True,some commits
False,2015-05-22 14:54:24,very short,True,False,1 commit
False,2015-05-22 19:18:40,lengthy,True,False,some commits
False,2015-05-23 08:18:51,medium,False,False,1 commit
False,2015-05-23 17:57:17,lengthy,False,False,1 commit
False,2015-05-24 01:57:13,short,True,False,1 commit
False,2015-05-24 11:50:40,medium,True,False,many commits
False,2015-05-24 13:31:04,very short,True,False,1 commit
False,2015-05-24 15:00:43,very short,False,True,1 commit
False,2015-05-24 18:16:56,short,False,False,1 commit
False,2015-05-24 18:46:14,short,True,False,1 commit
False,2015-05-24 19:41:33,very short,True,False,1 commit
False,2015-05-25 14:13:07,very short,True,False,1 commit
False,2015-05-26 14:28:02,very short,True,False,1 commit
False,2015-05-26 19:40:14,very short,True,False,1 commit
False,2015-05-26 21:24:07,very short,True,False,1 commit
False,2015-05-26 22:20:11,short,True,False,1 commit
True,2015-05-27 12:32:46,very short,False,False,1 commit
True,2015-05-29 04:58:49,very short,False,False,some commits
False,2015-05-29 11:51:28,medium,True,False,1 commit
False,2015-05-29 15:05:05,medium,True,False,1 commit
False,2015-05-29 18:04:02,lengthy,True,True,1 commit
False,2015-05-30 14:35:07,medium,True,False,1 commit
False,2015-05-31 18:22:50,very short,True,True,1 commit
False,2015-06-01 08:18:38,very short,False,True,1 commit
False,2015-06-01 12:49:47,very short,True,False,1 commit
False,2015-06-01 22:13:21,lengthy,True,False,1 commit
False,2015-06-02 04:16:39,very short,False,False,1 commit
False,2015-06-02 09:09:04,very short,True,True,many commits
False,2015-06-02 15:12:33,very short,True,False,1 commit
False,2015-06-03 09:21:09,lengthy,False,False,1 commit
False,2015-06-03 15:11:44,medium,False,True,1 commit
False,2015-06-03 17:16:18,short,True,False,1 commit
False,2015-06-03 23:14:22,lengthy,False,True,1 commit
False,2015-06-04 07:11:55,very short,False,True,some commits
False,2015-06-04 09:46:49,medium,False,True,1 commit
False,2015-06-04 10:31:44,medium,True,True,some commits
False,2015-06-04 10:33:01,very short,False,True,some commits
False,2015-06-04 10:37:33,very short,False,True,1 commit
False,2015-06-04 11:57:59,short,True,False,1 commit
False,2015-06-04 12:59:23,lengthy,True,False,1 commit
False,2015-06-04 13:08:29,short,False,False,some commits
False,2015-06-04 13:10:56,very short,True,False,1 commit
True,2015-06-04 13:19:19,very short,False,True,1 commit
False,2015-06-04 13:51:41,short,False,True,1 commit
False,2015-06-04 13:59:59,very short,False,False,1 commit
False,2015-06-04 14:03:09,very short,True,False,1 commit
False,2015-06-04 14:46:50,very short,True,False,some commits
False,2015-06-04 14:54:22,lengthy,False,False,1 commit
False,2015-06-04 15:20:02,short,True,False,some commits
False,2015-06-04 15:26:57,lengthy,False,False,1 commit
False,2015-06-04 15:26:59,very short,False,False,some commits
False,2015-06-04 15:37:47,very short,True,False,1 commit
False,2015-06-04 15:42:50,short,True,False,1 commit
False,2015-06-04 16:01:07,short,False,False,some commits
False,2015-06-04 16:04:35,very short,False,False,1 commit
False,2015-06-04 16:25:52,short,True,True,1 commit
False,2015-06-04 16:39:29,lengthy,False,True,1 commit
False,2015-06-04 16:40:23,very short,False,False,some commits
False,2015-06-04 17:10:35,medium,False,True,1 commit
False,2015-06-04 22:36:44,very short,True,False,some commits
False,2015-06-04 22:52:44,very short,True,False,1 commit
True,2015-06-04 23:29:49,very short,True,False,1 commit
False,2015-06-05 00:08:09,short,False,False,some commits
False,2015-06-05 08:10:39,medium,True,False,1 commit
False,2015-06-05 08:41:50,very short,False,False,1 commit
False,2015-06-05 09:36:56,very short,False,False,1 commit
False,2015-06-05 09:55:04,very short,False,False,1 commit
False,2015-06-05 10:07:39,very short,False,False,1 commit
False,2015-06-05 10:13:21,very short,False,False,1 commit
False,2015-06-05 10:46:11,very short,True,False,1 commit
False,2015-06-05 10:52:27,medium,False,True,1 commit
False,2015-06-05 11:05:22,lengthy,False,False,some commits
False,2015-06-05 11:07:02,lengthy,False,False,some commits
False,2015-06-05 13:21:55,lengthy,False,True,1 commit
False,2015-06-05 13:30:10,lengthy,False,False,1 commit
False,2015-06-05 13:35:29,lengthy,True,False,1 commit
False,2015-06-05 13:46:14,lengthy,False,False,1 commit
False,2015-06-05 13:58:51,short,True,True,some commits
False,2015-06-05 14:11:35,lengthy,True,False,1 commit
False,2015-06-05 14:23:05,lengthy,False,False,some commits
False,2015-06-05 15:00:11,very short,False,False,1 commit
True,2015-06-05 15:02:39,medium,False,True,1 commit
False,2015-06-05 15:32:47,very short,False,False,1 commit
False,2015-06-05 15:50:35,lengthy,False,True,1 commit
False,2015-06-05 15:55:13,medium,True,False,1 commit
False,2015-06-05 19:47:25,very short,False,True,1 commit
False,2015-06-05 20:19:06,lengthy,True,True,1 commit
True,2015-06-05 21:02:43,very short,True,False,some commits
False,2015-06-05 22:57:13,short,False,False,1 commit
True,2015-06-06 00:05:09,very short,False,False,1 commit
False,2015-06-06 11:52:31,lengthy,False,False,some commits
False,2015-06-06 19:41:59,lengthy,False,False,1 commit
False,2015-06-07 00:19:06,very short,False,False,1 commit
False,2015-06-07 00:26:58,lengthy,False,True,1 commit
False,2015-06-07 19:40:18,very short,False,False,1 commit
False,2015-06-08 09:16:14,very short,False,False,1 commit
True,2015-06-08 14:15:00,very short,False,False,1 commit
False,2015-06-08 19:55:46,lengthy,False,True,some commits
False,2015-06-08 21:57:07,medium,False,False,1 commit
False,2015-06-09 13:37:14,very short,False,False,1 commit
False,2015-06-09 14:26:27,very short,False,False,1 commit
False,2015-06-09 15:05:35,very short,False,True,1 commit
False,2015-06-09 15:37:23,very short,False,False,1 commit
False,2015-06-10 14:46:46,short,True,True,1 commit
False,2015-06-10 16:05:36,short,True,False,1 commit
False,2015-06-10 22:18:50,very short,False,True,1 commit
False,2015-06-11 08:18:40,very short,True,False,1 commit
False,2015-06-11 12:08:34,very short,False,True,some commits
False,2015-06-11 13:36:18,very short,False,True,1 commit
False,2015-06-11 22:29:10,medium,False,False,1 commit
False,2015-06-12 12:54:28,lengthy,False,False,1 commit
False,2015-06-13 10:28:34,very short,True,False,1 commit
False,2015-06-13 13:49:54,short,True,False,1 commit
False,2015-06-15 01:33:02,very short,True,False,1 commit
False,2015-06-15 12:43:25,very short,False,False,1 commit
False,2015-06-16 04:39:28,lengthy,False,False,1 commit
False,2015-06-16 13:24:55,medium,True,False,many commits
False,2015-06-16 15:26:15,very short,False,False,1 commit
False,2015-06-16 16:55:31,lengthy,False,False,some commits
False,2015-06-16 20:08:56,lengthy,False,False,many commits
False,2015-06-17 10:12:12,very short,False,True,1 commit
False,2015-06-17 13:24:09,very short,False,False,1 commit
False,2015-06-17 14:44:59,very short,False,False,1 commit
False,2015-06-18 00:59:04,lengthy,True,True,1 commit
False,2015-06-18 09:01:45,lengthy,True,True,1 commit
False,2015-06-18 12:51:03,lengthy,True,True,many commits
False,2015-06-18 14:30:03,lengthy,False,True,some commits
False,2015-06-18 15:17:41,lengthy,False,False,some commits
False,2015-06-18 23:08:26,lengthy,True,True,1 commit
True,2015-06-19 16:14:47,very short,False,False,1 commit
False,2015-06-20 04:26:34,short,True,True,1 commit
False,2015-06-20 11:12:56,very short,True,False,1 commit
False,2015-06-20 11:41:21,lengthy,False,True,1 commit
False,2015-06-20 12:18:17,medium,True,False,1 commit
False,2015-06-20 17:12:03,very short,True,False,1 commit
False,2015-06-21 05:23:02,medium,False,False,1 commit
False,2015-06-21 23:51:32,very short,False,True,1 commit
False,2015-06-22 08:58:54,very short,False,True,1 commit
False,2015-06-22 10:24:17,short,True,False,1 commit
False,2015-06-22 19:12:45,very short,True,False,1 commit
False,2015-06-23 06:09:26,medium,False,True,1 commit
False,2015-06-23 20:58:28,very short,False,True,1 commit
False,2015-06-24 08:25:26,lengthy,True,False,1 commit
False,2015-06-24 10:12:35,medium,True,False,1 commit
False,2015-06-25 10:57:53,short,False,True,1 commit
False,2015-06-25 15:33:53,medium,False,False,1 commit
False,2015-06-25 16:59:16,lengthy,True,False,1 commit
True,2015-06-25 17:31:56,very short,True,False,1 commit
False,2015-06-26 14:56:24,medium,True,True,1 commit
False,2015-06-26 15:45:06,lengthy,True,False,1 commit
False,2015-06-26 19:57:55,medium,True,False,1 commit
False,2015-06-28 21:27:18,medium,False,False,1 commit
False,2015-06-29 03:19:43,lengthy,False,False,1 commit
False,2015-06-29 20:30:17,very short,False,False,some commits
False,2015-06-30 03:17:37,very short,False,True,many commits
False,2015-06-30 18:44:54,very short,False,False,1 commit
False,2015-07-01 07:24:01,short,False,False,1 commit
False,2015-07-01 11:57:27,very short,True,False,1 commit
False,2015-07-01 21:40:12,medium,False,False,1 commit
False,2015-07-01 22:07:36,very short,False,True,1 commit
False,2015-07-02 15:09:16,medium,True,False,1 commit
False,2015-07-02 16:46:04,very short,True,False,1 commit
False,2015-07-02 17:23:21,very short,False,True,1 commit
False,2015-07-02 17:44:35,very short,False,False,1 commit
False,2015-07-02 23:06:42,very short,False,True,1 commit
False,2015-07-03 02:18:43,very short,False,False,1 commit
False,2015-07-03 08:45:57,lengthy,True,False,some commits
False,2015-07-03 16:26:24,medium,False,False,1 commit
False,2015-07-03 16:47:55,medium,False,True,1 commit
False,2015-07-03 23:05:06,lengthy,False,False,1 commit
False,2015-07-05 14:52:31,short,False,True,1 commit
False,2015-07-06 13:50:56,very short,False,True,1 commit
False,2015-07-07 04:19:12,very short,False,False,1 commit
False,2015-07-07 19:47:04,medium,False,False,1 commit
False,2015-07-08 12:34:12,very short,False,True,1 commit
False,2015-07-08 18:18:59,very short,False,True,1 commit
False,2015-07-08 18:54:47,very short,False,True,1 commit
False,2015-07-08 19:06:46,short,False,False,some commits
False,2015-07-09 00:06:40,medium,False,True,some commits
False,2015-07-09 04:27:39,medium,True,False,1 commit
False,2015-07-09 06:08:34,lengthy,True,False,some commits
False,2015-07-09 06:17:29,lengthy,False,False,many commits
False,2015-07-09 08:12:27,lengthy,True,True,many commits
False,2015-07-09 16:23:03,lengthy,False,True,1 commit
False,2015-07-09 18:02:39,very short,False,False,1 commit
False,2015-07-10 05:35:55,very short,False,True,1 commit
False,2015-07-10 06:03:38,medium,False,True,some commits
False,2015-07-10 08:10:26,medium,True,False,1 commit
False,2015-07-10 08:37:00,lengthy,True,False,1 commit
False,2015-07-10 16:36:31,very short,False,True,1 commit
False,2015-07-10 22:13:42,very short,False,True,1 commit
True,2015-07-11 11:47:09,short,False,False,1 commit
False,2015-07-12 03:57:55,short,False,True,some commits
False,2015-07-12 15:47:45,very short,False,False,1 commit
False,2015-07-12 18:11:14,very short,False,True,some commits
False,2015-07-12 20:20:25,very short,False,False,1 commit
False,2015-07-12 20:38:53,very short,False,False,1 commit
False,2015-07-12 22:17:33,very short,False,True,1 commit
False,2015-07-13 02:28:32,very short,False,False,1 commit
False,2015-07-13 08:06:56,very short,False,False,1 commit
False,2015-07-13 14:43:01,short,True,False,1 commit
False,2015-07-14 09:35:31,very short,False,True,1 commit
False,2015-07-15 03:00:13,very short,False,True,1 commit
False,2015-07-15 21:30:35,medium,True,True,1 commit
False,2015-07-16 10:12:19,very short,True,False,some commits
False,2015-07-16 10:21:15,very short,False,True,1 commit
False,2015-07-16 15:09:33,very short,True,False,1 commit
False,2015-07-16 21:43:00,very short,True,False,1 commit
False,2015-07-17 06:34:52,medium,False,False,some commits
False,2015-07-17 20:23:51,medium,True,False,1 commit
False,2015-07-18 10:39:43,short,False,True,1 commit
False,2015-07-18 17:08:54,medium,True,False,1 commit
False,2015-07-20 10:10:30,short,False,False,1 commit
False,2015-07-20 11:54:47,very short,False,False,some commits
False,2015-07-20 15:00:00,lengthy,True,False,1 commit
False,2015-07-20 18:03:19,short,False,False,1 commit
False,2015-07-20 18:28:58,medium,False,False,some commits
False,2015-07-21 17:13:12,very short,False,False,1 commit
False,2015-07-21 21:04:49,lengthy,False,False,1 commit
False,2015-07-21 22:55:07,very short,False,False,1 commit
False,2015-07-22 15:05:53,lengthy,False,False,many commits
False,2015-07-22 20:13:27,short,True,False,1 commit
False,2015-07-23 09:05:46,medium,False,True,1 commit
False,2015-07-24 14:16:00,very short,False,False,1 commit
False,2015-07-25 05:39:00,very short,False,True,1 commit
False,2015-07-25 12:32:06,very short,False,True,1 commit
False,2015-07-25 15:28:28,medium,True,True,1 commit
False,2015-07-25 15:34:10,lengthy,False,True,1 commit
False,2015-07-25 15:53:00,medium,False,False,1 commit
False,2015-07-25 20:40:42,short,False,True,1 commit
False,2015-07-26 07:48:59,short,False,False,1 commit
False,2015-07-26 11:57:29,short,False,True,some commits
False,2015-07-26 13:29:30,very short,False,True,1 commit
False,2015-07-26 17:03:55,medium,True,False,1 commit
False,2015-07-28 14:11:21,very short,False,True,1 commit
False,2015-07-28 17:00:01,very short,False,True,1 commit
False,2015-07-28 20:05:28,short,False,False,some commits
False,2015-07-28 20:17:03,very short,False,False,1 commit
False,2015-07-28 22:00:08,very short,False,True,many commits
False,2015-07-30 06:48:38,medium,False,True,1 commit
False,2015-07-30 07:47:04,medium,True,False,1 commit
False,2015-07-30 16:30:31,medium,False,False,1 commit
False,2015-07-30 18:10:49,very short,True,True,some commits
False,2015-07-30 23:48:38,very short,False,True,1 commit
True,2015-07-31 00:44:22,very short,False,False,1 commit
False,2015-07-31 09:22:21,very short,False,True,many commits
False,2015-08-01 19:02:52,very short,False,False,1 commit
False,2015-08-01 21:34:34,short,False,False,1 commit
False,2015-08-01 21:58:53,very short,False,True,1 commit
False,2015-08-02 09:31:09,short,False,True,1 commit
False,2015-08-02 14:37:56,lengthy,False,True,1 commit
False,2015-08-02 17:16:46,short,False,False,1 commit
False,2015-08-02 20:08:05,short,False,False,1 commit
False,2015-08-03 00:04:25,short,False,False,1 commit
False,2015-08-03 05:33:45,lengthy,True,False,1 commit
False,2015-08-03 08:26:06,short,False,False,1 commit
False,2015-08-03 09:51:45,lengthy,True,False,1 commit
False,2015-08-03 10:03:44,very short,True,False,1 commit
False,2015-08-04 00:16:11,very short,False,False,1 commit
False,2015-08-04 00:52:51,very short,False,False,1 commit
False,2015-08-04 03:22:08,very short,False,True,some commits
False,2015-08-04 07:16:21,medium,True,True,1 commit
False,2015-08-04 14:08:07,very short,False,False,some commits
False,2015-08-04 14:08:25,very short,False,False,1 commit
False,2015-08-04 23:28:10,very short,False,False,1 commit
False,2015-08-05 06:01:36,medium,True,True,1 commit
False,2015-08-05 14:09:46,short,False,False,some commits
False,2015-08-07 01:15:53,very short,False,False,1 commit
False,2015-08-07 19:32:20,medium,False,True,some commits
False,2015-08-08 12:45:05,medium,True,False,1 commit
False,2015-08-10 15:40:58,short,False,False,1 commit
False,2015-08-11 04:43:03,medium,True,False,1 commit
False,2015-08-11 07:52:59,lengthy,False,True,some commits
False,2015-08-12 08:18:23,very short,False,True,1 commit
False,2015-08-12 08:18:23,very short,False,True,1 commit
False,2015-08-13 08:04:02,very short,True,False,some commits
False,2015-08-15 12:42:28,lengthy,False,False,1 commit
False,2015-08-17 10:15:34,very short,False,True,1 commit
False,2015-08-17 16:09:29,lengthy,False,False,1 commit
False,2015-08-18 02:10:25,very short,False,True,1 commit
False,2015-08-18 09:26:11,very short,False,True,1 commit
False,2015-08-18 09:45:08,short,True,False,some commits
False,2015-08-18 14:04:17,very short,False,True,many commits
False,2015-08-18 14:50:41,very short,False,True,some commits
False,2015-08-18 20:04:25,very short,True,False,1 commit
False,2015-08-19 12:29:10,very short,False,True,1 commit
False,2015-08-19 18:43:15,very short,False,False,1 commit
False,2015-08-20 18:15:20,lengthy,True,False,1 commit
False,2015-08-21 06:36:51,lengthy,False,False,1 commit
False,2015-08-21 14:26:41,medium,False,False,1 commit
False,2015-08-21 16:51:18,very short,True,False,1 commit
False,2015-08-23 12:22:07,short,False,False,1 commit
False,2015-08-23 18:59:55,short,True,False,1 commit
False,2015-08-24 00:07:39,medium,True,False,1 commit
False,2015-08-24 06:15:45,lengthy,False,False,many commits
False,2015-08-24 09:49:03,lengthy,False,False,some commits
False,2015-08-24 23:31:00,medium,True,False,1 commit
False,2015-08-25 02:51:15,very short,False,True,1 commit
False,2015-08-25 05:49:22,short,False,True,1 commit
False,2015-08-25 16:30:00,lengthy,True,False,1 commit
False,2015-08-25 19:54:43,very short,False,False,1 commit
False,2015-08-26 04:25:42,medium,True,False,many commits
False,2015-08-26 06:09:09,lengthy,False,True,1 commit
False,2015-08-26 07:34:35,short,False,False,some commits
False,2015-08-26 19:20:21,very short,False,True,1 commit
False,2015-08-26 21:44:17,medium,True,False,some commits
False,2015-08-28 00:30:43,lengthy,False,False,1 commit
False,2015-08-28 09:08:59,short,False,False,1 commit
False,2015-08-28 16:04:19,medium,False,True,1 commit
False,2015-08-28 19:19:45,very short,False,False,1 commit
False,2015-08-28 21:18:02,short,False,False,1 commit
False,2015-08-29 14:58:19,medium,False,True,some commits
False,2015-08-30 12:55:21,lengthy,True,False,some commits
False,2015-08-30 19:34:39,very short,False,False,1 commit
False,2015-08-31 03:57:15,very short,False,False,1 commit
False,2015-08-31 17:01:09,lengthy,True,False,1 commit
False,2015-08-31 17:07:39,lengthy,True,False,some commits
False,2015-08-31 17:42:21,medium,True,False,1 commit
False,2015-08-31 20:14:16,lengthy,True,False,some commits
False,2015-08-31 20:40:21,very short,True,False,1 commit
False,2015-09-01 02:46:36,medium,False,True,some commits
False,2015-09-01 20:28:47,lengthy,True,False,1 commit
False,2015-09-01 21:35:10,lengthy,True,False,some commits
False,2015-09-02 12:22:30,lengthy,True,False,many commits
False,2015-09-02 19:20:25,very short,True,False,1 commit
False,2015-09-02 21:30:44,short,False,True,1 commit
False,2015-09-03 07:18:21,medium,False,False,many commits
False,2015-09-03 13:10:32,lengthy,True,False,1 commit
False,2015-09-03 19:35:45,very short,True,False,1 commit
False,2015-09-03 20:25:12,very short,True,False,some commits
False,2015-09-03 21:26:48,very short,True,False,1 commit
False,2015-09-03 23:43:29,very short,False,False,1 commit
False,2015-09-04 13:30:30,very short,False,False,1 commit
False,2015-09-05 09:18:50,very short,False,False,1 commit
False,2015-09-05 10:36:18,very short,False,True,1 commit
False,2015-09-06 11:35:44,short,True,False,1 commit
False,2015-09-06 20:05:03,very short,True,False,1 commit
False,2015-09-06 22:46:55,very short,True,False,1 commit
False,2015-09-07 13:21:49,very short,True,False,1 commit
False,2015-09-07 15:36:06,lengthy,True,False,many commits
False,2015-09-07 18:12:53,very short,True,False,1 commit
False,2015-09-07 19:29:31,very short,False,False,1 commit
False,2015-09-08 09:05:40,very short,True,False,1 commit
False,2015-09-08 19:34:02,medium,True,False,1 commit
False,2015-09-09 03:40:11,very short,False,True,1 commit
False,2015-09-09 10:31:17,very short,False,False,1 commit
False,2015-09-09 13:17:27,very short,True,False,1 commit
False,2015-09-09 14:27:02,very short,True,False,1 commit
False,2015-09-10 13:11:20,short,True,False,1 commit
False,2015-09-10 15:07:27,very short,True,False,1 commit
False,2015-09-10 16:05:43,very short,True,False,1 commit
False,2015-09-10 16:07:28,medium,False,False,1 commit
False,2015-09-10 16:52:24,very short,False,False,1 commit
False,2015-09-10 19:09:29,very short,False,True,some commits
False,2015-09-10 21:00:32,very short,False,True,1 commit
False,2015-09-10 22:42:52,very short,True,False,1 commit
False,2015-09-11 01:14:07,very short,True,False,1 commit
False,2015-09-11 03:06:29,medium,False,True,1 commit
False,2015-09-11 03:18:00,very short,False,False,some commits
False,2015-09-11 15:14:58,very short,False,False,some commits
False,2015-09-11 16:38:37,very short,False,True,1 commit
False,2015-09-11 21:04:48,lengthy,False,False,some commits
False,2015-09-11 22:58:03,lengthy,False,True,1 commit
False,2015-09-12 06:11:36,lengthy,False,True,1 commit
False,2015-09-12 13:24:57,lengthy,True,False,some commits
False,2015-09-12 13:59:35,lengthy,True,False,some commits
False,2015-09-12 19:08:31,short,True,False,1 commit
False,2015-09-13 10:40:41,short,False,True,1 commit
False,2015-09-14 16:29:01,short,True,False,1 commit
False,2015-09-14 17:25:07,medium,False,True,some commits
False,2015-09-15 15:12:57,very short,True,False,1 commit
False,2015-09-15 17:46:29,very short,True,False,1 commit
False,2015-09-16 02:04:05,very short,False,False,1 commit
True,2015-09-16 11:06:02,very short,True,True,1 commit
False,2015-09-16 12:57:57,lengthy,True,False,1 commit
False,2015-09-16 13:09:43,lengthy,False,False,1 commit
False,2015-09-16 13:19:44,very short,False,True,1 commit
False,2015-09-16 16:20:24,lengthy,True,False,1 commit
False,2015-09-17 03:19:35,short,False,True,1 commit
False,2015-09-17 05:17:30,short,False,True,many commits
False,2015-09-17 07:18:52,medium,True,False,1 commit
False,2015-09-17 19:25:13,very short,False,True,1 commit
False,2015-09-17 19:34:37,very short,True,False,1 commit
False,2015-09-17 20:09:08,very short,True,False,1 commit
False,2015-09-17 23:54:49,lengthy,False,True,1 commit
False,2015-09-18 17:45:28,very short,False,True,1 commit
False,2015-09-19 02:38:22,very short,True,False,1 commit
True,2015-09-19 06:01:02,very short,False,False,1 commit
False,2015-09-20 10:44:45,short,False,False,1 commit
False,2015-09-20 10:53:06,lengthy,False,False,1 commit
False,2015-09-20 13:21:40,medium,False,False,1 commit
False,2015-09-21 07:02:40,lengthy,False,False,some commits
False,2015-09-21 10:39:01,lengthy,True,False,some commits
False,2015-09-21 14:58:08,very short,True,False,1 commit
False,2015-09-21 15:14:15,lengthy,False,True,1 commit
False,2015-09-21 17:57:02,very short,True,False,1 commit
False,2015-09-21 17:57:36,short,False,False,1 commit
False,2015-09-21 20:49:58,short,True,False,1 commit
False,2015-09-21 23:18:07,very short,True,False,1 commit
False,2015-09-22 02:35:40,lengthy,True,False,1 commit
False,2015-09-22 16:28:32,very short,False,True,1 commit
False,2015-09-22 19:06:41,very short,False,True,some commits
False,2015-09-23 13:15:21,lengthy,True,False,1 commit
False,2015-09-23 13:27:15,very short,True,False,1 commit
False,2015-09-23 15:32:19,very short,True,False,1 commit
False,2015-09-23 17:27:05,very short,True,False,1 commit
False,2015-09-24 05:10:07,very short,False,True,1 commit
True,2015-09-24 17:58:32,very short,True,False,1 commit
False,2015-09-24 18:28:32,very short,False,True,1 commit
False,2015-09-25 00:29:49,lengthy,True,False,1 commit
False,2015-09-25 08:47:04,lengthy,False,True,many commits
False,2015-09-25 20:38:20,short,True,False,some commits
False,2015-09-25 21:39:49,short,True,False,1 commit
False,2015-09-25 21:49:55,very short,False,True,1 commit
False,2015-09-27 16:59:35,lengthy,False,True,1 commit
False,2015-09-28 13:24:09,short,False,False,1 commit
False,2015-09-29 05:36:18,very short,False,False,1 commit
False,2015-09-30 10:09:35,medium,False,False,many commits
False,2015-10-01 14:58:07,lengthy,False,True,many commits
False,2015-10-01 20:03:03,very short,False,True,some commits
False,2015-10-02 14:45:14,short,False,True,1 commit
False,2015-10-02 14:57:18,very short,False,False,1 commit
False,2015-10-02 15:13:13,very short,False,True,1 commit
False,2015-10-03 06:12:19,very short,False,True,1 commit
False,2015-10-04 11:30:31,short,False,True,1 commit
False,2015-10-04 18:19:21,short,True,False,1 commit
False,2015-10-04 22:22:06,very short,False,True,some commits
False,2015-10-05 17:28:57,very short,True,False,1 commit
False,2015-10-05 20:17:40,medium,True,False,1 commit
False,2015-10-06 01:26:55,very short,False,True,1 commit
False,2015-10-06 04:36:09,very short,True,False,some commits
False,2015-10-06 23:11:09,lengthy,True,False,1 commit
False,2015-10-07 00:20:13,short,False,False,some commits
False,2015-10-07 02:06:56,very short,False,True,many commits
False,2015-10-07 03:47:40,very short,False,True,1 commit
False,2015-10-07 10:57:17,very short,True,False,1 commit
False,2015-10-08 11:35:08,very short,False,True,many commits
False,2015-10-09 10:47:22,very short,True,False,1 commit
False,2015-10-09 16:57:15,medium,True,False,1 commit
False,2015-10-09 22:47:14,very short,False,True,some commits
False,2015-10-10 17:48:18,lengthy,True,False,1 commit
False,2015-10-12 06:06:53,lengthy,False,True,1 commit
False,2015-10-12 06:52:59,medium,False,True,1 commit
False,2015-10-13 07:00:12,medium,False,False,1 commit
False,2015-10-13 18:33:45,medium,True,False,1 commit
False,2015-10-13 23:08:46,medium,True,False,1 commit
False,2015-10-14 03:27:35,very short,True,False,1 commit
False,2015-10-15 14:40:46,short,False,True,1 commit
False,2015-10-15 22:51:33,short,False,True,1 commit
False,2015-10-16 07:06:19,short,False,True,some commits
False,2015-10-17 22:09:50,very short,False,True,many commits
False,2015-10-18 08:46:45,short,True,False,1 commit
False,2015-10-19 06:26:01,very short,False,True,1 commit
True,2015-10-19 14:43:47,very short,True,False,1 commit
False,2015-10-19 18:04:59,short,True,False,1 commit
False,2015-10-20 09:32:00,very short,False,False,1 commit
False,2015-10-20 17:34:04,very short,False,True,1 commit
False,2015-10-20 21:27:28,very short,True,False,1 commit
False,2015-10-21 01:00:40,medium,True,False,1 commit
False,2015-10-21 05:23:56,very short,True,False,1 commit
False,2015-10-21 08:35:50,short,False,False,1 commit
False,2015-10-21 09:33:42,medium,True,False,1 commit
False,2015-10-21 14:00:43,very short,True,False,1 commit
False,2015-10-21 14:40:45,very short,True,False,1 commit
False,2015-10-21 18:24:05,lengthy,True,False,some commits
False,2015-10-22 11:39:00,very short,True,False,1 commit
False,2015-10-22 12:37:37,very short,False,False,1 commit
False,2015-10-23 02:30:46,very short,False,True,some commits
False,2015-10-23 13:13:57,very short,True,False,1 commit
False,2015-10-24 04:04:40,very short,True,False,1 commit
False,2015-10-25 01:55:38,short,False,False,some commits
False,2015-10-25 09:22:14,short,False,True,1 commit
False,2015-10-25 14:13:35,lengthy,True,False,1 commit
True,2015-10-25 16:31:47,very short,True,False,1 commit
False,2015-10-25 20:32:01,lengthy,True,False,1 commit
False,2015-10-25 23:36:47,short,False,False,1 commit
False,2015-10-26 13:40:47,very short,True,False,1 commit
False,2015-10-27 09:01:44,very short,True,False,1 commit
False,2015-10-27 11:17:56,lengthy,True,False,1 commit
False,2015-10-28 00:37:49,very short,False,True,1 commit
False,2015-10-28 02:28:48,very short,False,True,some commits
False,2015-10-28 12:00:00,very short,True,False,1 commit
False,2015-10-28 21:15:31,very short,True,False,1 commit
False,2015-10-29 04:09:00,medium,True,False,1 commit
False,2015-10-29 07:50:55,very short,True,False,1 commit
False,2015-10-29 10:32:25,very short,True,False,1 commit
False,2015-10-29 11:38:04,very short,True,False,1 commit
False,2015-10-29 11:55:43,very short,True,False,1 commit
False,2015-10-29 15:49:53,short,True,False,1 commit
False,2015-10-29 16:55:26,lengthy,True,False,1 commit
False,2015-10-30 06:34:45,lengthy,True,False,1 commit
False,2015-10-30 07:59:02,very short,True,False,1 commit
False,2015-10-30 08:37:06,very short,True,False,1 commit
False,2015-10-30 11:30:25,very short,False,True,1 commit
False,2015-10-30 12:41:44,short,True,False,some commits
False,2015-10-30 15:31:04,very short,False,True,some commits
False,2015-10-30 18:00:13,very short,True,False,some commits
False,2015-10-30 20:28:40,lengthy,True,False,some commits
False,2015-10-30 22:25:21,lengthy,False,False,1 commit
False,2015-10-30 23:40:05,lengthy,True,False,1 commit
False,2015-10-31 11:40:25,lengthy,False,False,1 commit
False,2015-10-31 11:50:14,very short,False,True,1 commit
False,2015-11-01 03:54:32,very short,True,False,1 commit
False,2015-11-01 04:51:59,lengthy,True,False,1 commit
False,2015-11-01 11:03:21,medium,True,False,1 commit
False,2015-11-02 00:02:19,lengthy,False,True,some commits
False,2015-11-02 09:17:20,very short,True,False,1 commit
False,2015-11-02 10:10:20,short,False,True,some commits
False,2015-11-02 12:47:04,very short,False,False,1 commit
False,2015-11-02 13:57:01,lengthy,False,True,1 commit
False,2015-11-02 18:11:31,very short,True,False,1 commit
False,2015-11-02 18:49:51,short,True,False,1 commit
False,2015-11-02 19:38:21,very short,True,False,1 commit
False,2015-11-02 23:12:04,lengthy,True,False,1 commit
False,2015-11-03 03:54:35,very short,False,True,1 commit
False,2015-11-03 09:45:27,lengthy,True,False,1 commit
True,2015-11-03 09:58:40,very short,True,False,1 commit
False,2015-11-04 06:35:20,short,True,False,1 commit
False,2015-11-04 12:49:34,medium,False,True,1 commit
False,2015-11-04 13:26:49,short,False,False,1 commit
False,2015-11-04 22:45:30,medium,False,False,1 commit
False,2015-11-05 06:09:42,lengthy,True,False,some commits
False,2015-11-05 08:38:15,lengthy,True,False,1 commit
False,2015-11-05 11:17:52,lengthy,False,True,1 commit
False,2015-11-05 13:28:44,very short,False,False,1 commit
False,2015-11-05 14:56:46,lengthy,False,True,some commits
False,2015-11-05 17:16:34,medium,True,False,1 commit
False,2015-11-05 17:17:14,very short,True,False,1 commit
False,2015-11-06 12:05:10,very short,False,False,1 commit
False,2015-11-06 12:24:28,very short,False,True,1 commit
False,2015-11-06 13:37:49,medium,True,False,1 commit
False,2015-11-06 16:21:29,lengthy,True,False,1 commit
False,2015-11-06 16:39:07,short,False,False,1 commit
False,2015-11-06 16:40:37,lengthy,True,False,some commits
False,2015-11-06 16:54:48,medium,False,False,many commits
False,2015-11-06 22:56:35,very short,False,True,1 commit
False,2015-11-07 09:16:55,lengthy,True,False,1 commit
False,2015-11-07 10:23:53,lengthy,True,False,1 commit
False,2015-11-07 10:41:53,lengthy,True,False,many commits
False,2015-11-07 10:53:54,medium,False,False,1 commit
False,2015-11-07 10:59:04,very short,False,True,1 commit
False,2015-11-07 11:22:07,lengthy,False,True,1 commit
False,2015-11-07 11:33:02,lengthy,False,True,some commits
False,2015-11-07 11:33:30,lengthy,True,False,1 commit
False,2015-11-07 11:34:44,lengthy,True,False,1 commit
False,2015-11-07 12:45:42,lengthy,False,True,1 commit
False,2015-11-07 12:53:16,medium,False,False,1 commit
False,2015-11-07 13:02:09,lengthy,True,False,1 commit
False,2015-11-07 13:19:11,lengthy,True,False,1 commit
False,2015-11-07 13:22:12,lengthy,True,False,1 commit
False,2015-11-07 13:33:19,short,False,True,1 commit
False,2015-11-07 13:39:25,lengthy,True,False,1 commit
False,2015-11-07 13:44:57,lengthy,False,False,some commits
False,2015-11-07 14:16:24,very short,False,False,1 commit
False,2015-11-07 14:16:28,lengthy,False,False,some commits
False,2015-11-07 14:39:23,lengthy,True,False,1 commit
False,2015-11-07 14:39:25,medium,False,False,1 commit
False,2015-11-07 14:50:22,lengthy,False,True,1 commit
False,2015-11-07 15:10:33,lengthy,False,True,1 commit
False,2015-11-07 15:10:40,lengthy,True,False,some commits
False,2015-11-07 15:21:54,very short,False,True,1 commit
False,2015-11-07 15:23:20,lengthy,False,True,many commits
False,2015-11-07 15:33:20,lengthy,False,False,1 commit
False,2015-11-07 15:38:43,short,False,False,1 commit
False,2015-11-07 15:51:38,lengthy,True,False,1 commit
False,2015-11-07 15:52:54,very short,False,True,1 commit
False,2015-11-07 16:03:37,lengthy,True,False,1 commit
False,2015-11-07 16:15:55,lengthy,True,False,1 commit
False,2015-11-07 16:26:47,lengthy,True,False,1 commit
False,2015-11-07 16:31:12,lengthy,True,False,many commits
False,2015-11-07 16:31:48,lengthy,False,True,some commits
False,2015-11-07 17:42:06,lengthy,False,True,1 commit
False,2015-11-07 18:29:39,very short,False,False,1 commit
False,2015-11-07 21:02:22,medium,True,False,1 commit
False,2015-11-08 09:13:48,medium,False,True,some commits
False,2015-11-08 15:07:35,medium,False,True,1 commit
False,2015-11-08 20:57:22,lengthy,True,False,1 commit
False,2015-11-09 02:41:04,lengthy,True,False,many commits
False,2015-11-09 06:37:59,lengthy,True,False,1 commit
False,2015-11-09 14:47:41,short,True,False,1 commit
False,2015-11-09 17:40:08,very short,False,True,some commits
False,2015-11-09 17:52:46,lengthy,False,False,some commits
False,2015-11-10 13:10:20,short,True,False,some commits
False,2015-11-10 18:43:41,medium,False,True,1 commit
False,2015-11-10 18:56:53,very short,True,False,1 commit
False,2015-11-11 07:20:27,medium,True,False,1 commit
False,2015-11-11 08:27:59,medium,True,False,1 commit
False,2015-11-11 12:05:16,very short,False,True,1 commit
False,2015-11-11 14:43:06,very short,False,True,1 commit
False,2015-11-11 15:27:04,very short,True,False,1 commit
False,2015-11-11 16:27:49,lengthy,True,False,1 commit
False,2015-11-11 19:24:38,lengthy,False,False,1 commit
False,2015-11-11 21:59:21,very short,False,True,1 commit
False,2015-11-12 00:08:20,lengthy,True,False,1 commit
False,2015-11-12 11:33:35,very short,False,False,some commits
False,2015-11-12 14:18:56,very short,False,False,1 commit
False,2015-11-12 20:24:10,very short,False,True,1 commit
False,2015-11-12 22:21:14,very short,False,False,1 commit
False,2015-11-12 23:24:36,lengthy,True,False,1 commit
False,2015-11-13 08:05:56,lengthy,True,False,1 commit
False,2015-11-13 09:24:11,very short,False,False,1 commit
False,2015-11-13 11:26:03,very short,True,False,1 commit
False,2015-11-13 13:42:31,short,True,False,1 commit
False,2015-11-13 16:11:57,very short,True,False,1 commit
False,2015-11-14 11:00:20,very short,True,False,1 commit
False,2015-11-14 15:20:48,lengthy,False,False,1 commit
False,2015-11-14 16:42:41,lengthy,True,False,1 commit
False,2015-11-15 08:22:20,short,False,False,1 commit
False,2015-11-15 14:12:06,very short,False,True,1 commit
False,2015-11-15 16:06:33,very short,False,True,1 commit
False,2015-11-15 18:56:32,short,True,False,1 commit
False,2015-11-15 20:57:46,lengthy,False,True,1 commit
False,2015-11-15 22:10:19,lengthy,True,False,1 commit
False,2015-11-16 04:52:29,lengthy,True,False,1 commit
False,2015-11-16 13:33:28,lengthy,False,False,1 commit
False,2015-11-16 18:57:35,very short,False,False,1 commit
False,2015-11-16 19:41:10,medium,False,False,1 commit
False,2015-11-16 22:52:38,very short,True,False,1 commit
False,2015-11-17 06:42:50,medium,False,True,some commits
False,2015-11-18 09:48:30,lengthy,True,False,1 commit
False,2015-11-18 10:34:01,lengthy,False,False,many commits
False,2015-11-18 17:19:58,short,True,False,1 commit
False,2015-11-18 18:41:55,very short,True,False,1 commit
False,2015-11-19 04:02:00,very short,True,False,1 commit
False,2015-11-19 06:29:08,lengthy,False,False,1 commit
False,2015-11-19 11:22:21,very short,False,False,1 commit
False,2015-11-19 15:45:15,very short,True,False,1 commit
False,2015-11-19 18:58:57,lengthy,False,True,1 commit
False,2015-11-20 06:02:23,lengthy,True,False,1 commit
False,2015-11-20 07:22:56,very short,False,True,1 commit
False,2015-11-20 07:31:00,medium,True,False,1 commit
False,2015-11-20 08:02:59,very short,True,False,1 commit
False,2015-11-20 10:57:40,lengthy,True,False,1 commit
True,2015-11-20 14:21:04,very short,True,False,1 commit
False,2015-11-20 18:04:45,short,False,False,1 commit
False,2015-11-20 21:04:20,lengthy,False,False,1 commit
False,2015-11-20 21:06:05,short,True,False,1 commit
False,2015-11-21 01:33:09,lengthy,False,False,some commits
False,2015-11-21 12:48:59,short,True,False,1 commit
False,2015-11-21 14:05:52,very short,True,False,1 commit
False,2015-11-22 01:11:29,medium,True,False,some commits
False,2015-11-22 12:14:01,short,False,True,1 commit
False,2015-11-22 14:16:36,lengthy,True,False,1 commit
False,2015-11-23 05:24:48,very short,True,False,1 commit
False,2015-11-23 08:31:53,very short,True,False,1 commit
False,2015-11-24 00:28:47,very short,True,False,1 commit
False,2015-11-24 09:23:08,lengthy,True,False,1 commit
False,2015-11-24 13:18:54,very short,False,False,1 commit
False,2015-11-25 11:20:43,medium,True,False,1 commit
False,2015-11-25 14:27:08,very short,True,True,1 commit
False,2015-11-25 14:34:31,medium,True,False,1 commit
False,2015-11-25 18:49:17,very short,False,True,1 commit
False,2015-11-25 20:43:04,very short,True,False,1 commit
False,2015-11-26 11:17:34,very short,False,False,1 commit
False,2015-11-26 15:03:15,very short,False,True,1 commit
False,2015-11-26 16:15:12,lengthy,False,False,1 commit
False,2015-11-26 16:19:08,lengthy,False,False,1 commit
False,2015-11-27 01:48:13,very short,False,True,1 commit
False,2015-11-27 11:42:44,medium,False,False,many commits
False,2015-11-27 14:53:44,lengthy,True,False,1 commit
False,2015-11-27 16:03:09,lengthy,True,False,1 commit
False,2015-11-27 16:23:38,medium,True,False,1 commit
False,2015-11-27 18:50:00,very short,False,True,1 commit
False,2015-11-27 19:19:31,medium,False,False,many commits
False,2015-11-28 12:37:27,lengthy,False,False,many commits
False,2015-11-28 22:14:33,short,True,False,1 commit
False,2015-11-29 16:51:11,short,True,False,1 commit
False,2015-11-29 23:21:11,lengthy,False,True,1 commit
False,2015-11-30 08:03:57,very short,True,False,1 commit
False,2015-11-30 09:33:44,short,True,False,1 commit
False,2015-11-30 17:56:45,very short,True,False,1 commit
False,2015-11-30 18:00:32,very short,True,False,1 commit
False,2015-12-01 08:08:41,medium,True,False,1 commit
False,2015-12-01 17:46:35,short,False,True,1 commit
False,2015-12-01 22:07:24,very short,False,True,1 commit
False,2015-12-02 00:58:25,very short,False,True,1 commit
False,2015-12-02 03:21:25,short,False,True,1 commit
False,2015-12-02 10:47:10,short,False,True,1 commit
False,2015-12-02 12:59:56,lengthy,True,False,some commits
False,2015-12-02 18:24:24,very short,True,False,1 commit
False,2015-12-03 00:36:20,very short,True,False,1 commit
False,2015-12-03 05:46:54,very short,True,False,1 commit
False,2015-12-03 08:00:06,short,True,False,1 commit
False,2015-12-03 08:39:10,very short,False,True,many commits
False,2015-12-03 11:31:57,short,True,False,1 commit
False,2015-12-03 16:32:11,very short,False,True,1 commit
False,2015-12-03 17:05:45,lengthy,False,False,1 commit
False,2015-12-04 03:14:46,very short,True,False,1 commit
False,2015-12-04 07:29:35,very short,True,False,1 commit
False,2015-12-04 14:18:42,lengthy,True,False,1 commit
False,2015-12-05 01:24:00,very short,True,False,1 commit
False,2015-12-05 10:17:35,very short,False,True,1 commit
False,2015-12-05 14:08:06,lengthy,True,False,1 commit
False,2015-12-05 21:54:43,short,True,False,many commits
False,2015-12-07 00:54:27,medium,True,False,1 commit
False,2015-12-07 09:06:08,very short,True,False,1 commit
False,2015-12-07 09:25:08,lengthy,False,True,1 commit
False,2015-12-07 20:31:24,very short,True,False,1 commit
True,2015-12-08 05:08:05,very short,True,False,1 commit
False,2015-12-08 16:39:20,lengthy,False,False,some commits
False,2015-12-08 17:14:13,very short,False,True,some commits
False,2015-12-08 18:32:36,short,True,False,1 commit
False,2015-12-08 20:38:51,very short,True,False,1 commit
False,2015-12-08 21:19:02,medium,False,True,1 commit
False,2015-12-09 06:05:28,short,True,False,1 commit
False,2015-12-09 06:45:31,lengthy,False,True,1 commit
False,2015-12-09 09:58:04,very short,False,False,1 commit
False,2015-12-09 10:46:58,very short,False,False,1 commit
False,2015-12-09 11:13:09,short,False,True,some commits
False,2015-12-09 17:05:11,lengthy,True,False,1 commit
False,2015-12-09 22:42:20,very short,False,True,1 commit
False,2015-12-10 10:49:44,medium,True,False,1 commit
False,2015-12-10 10:50:52,lengthy,False,True,some commits
False,2015-12-10 13:13:50,very short,False,True,some commits
False,2015-12-10 18:56:27,lengthy,False,True,some commits
False,2015-12-11 04:12:35,lengthy,False,True,many commits
False,2015-12-11 13:04:47,lengthy,False,True,some commits
False,2015-12-11 16:27:34,lengthy,False,True,1 commit
False,2015-12-12 03:09:32,very short,False,True,1 commit
False,2015-12-12 10:40:53,very short,True,False,1 commit
False,2015-12-12 15:03:59,very short,True,False,1 commit
False,2015-12-12 16:27:16,very short,True,False,1 commit
False,2015-12-13 14:20:35,very short,True,False,1 commit
False,2015-12-13 15:12:58,lengthy,False,True,some commits
False,2015-12-13 19:52:41,medium,True,False,1 commit
False,2015-12-14 04:34:51,very short,True,False,1 commit
False,2015-12-15 09:29:53,lengthy,True,False,1 commit
False,2015-12-15 13:07:04,lengthy,False,False,some commits
False,2015-12-15 13:19:30,very short,True,False,1 commit
False,2015-12-16 19:55:31,very short,False,True,1 commit
False,2015-12-17 19:22:36,very short,True,False,1 commit
False,2015-12-18 10:34:33,medium,True,False,1 commit
True,2015-12-18 10:38:33,very short,True,False,1 commit
False,2015-12-20 04:55:22,short,True,False,1 commit
False,2015-12-21 05:32:57,very short,False,True,many commits
False,2015-12-21 18:56:15,lengthy,False,True,some commits
False,2015-12-22 06:34:39,short,True,False,1 commit
False,2015-12-22 14:33:08,very short,False,False,1 commit
True,2015-12-22 21:22:13,very short,True,False,1 commit
False,2015-12-22 23:47:18,short,False,False,1 commit
True,2015-12-23 10:34:50,very short,True,False,1 commit
False,2015-12-23 10:39:31,very short,True,False,1 commit
False,2015-12-23 13:19:15,medium,False,True,1 commit
False,2015-12-23 17:09:07,very short,True,False,1 commit
False,2015-12-23 20:55:52,lengthy,False,True,1 commit
False,2015-12-23 21:18:26,very short,True,False,1 commit
False,2015-12-23 21:43:41,very short,True,False,1 commit
False,2015-12-24 02:03:57,very short,False,True,1 commit
False,2015-12-24 14:56:57,very short,False,False,1 commit
False,2015-12-24 15:40:30,medium,True,False,1 commit
False,2015-12-24 18:31:36,very short,True,False,1 commit
False,2015-12-24 21:33:42,medium,False,False,1 commit
False,2015-12-26 12:22:43,lengthy,False,True,1 commit
False,2015-12-26 20:15:18,medium,True,False,some commits
False,2015-12-26 20:50:59,very short,True,False,1 commit
False,2015-12-26 23:33:12,lengthy,False,False,1 commit
False,2015-12-27 07:57:37,short,False,True,1 commit
False,2015-12-28 02:12:33,short,False,True,1 commit
False,2015-12-28 22:27:42,lengthy,False,True,1 commit
True,2015-12-29 17:38:02,very short,True,False,1 commit
False,2015-12-29 19:02:56,very short,False,False,1 commit
False,2015-12-29 19:54:51,lengthy,True,False,1 commit
False,2015-12-29 20:50:06,lengthy,False,False,1 commit
False,2015-12-29 23:43:13,very short,False,False,1 commit
False,2015-12-30 12:28:02,short,True,False,1 commit
False,2015-12-30 16:18:30,very short,True,False,1 commit
False,2015-12-30 16:24:33,short,True,False,1 commit
False,2015-12-30 17:24:46,very short,True,False,1 commit
False,2015-12-30 21:24:19,very short,False,False,1 commit
False,2015-12-31 00:05:40,medium,False,False,some commits
False,2015-12-31 00:59:18,lengthy,False,True,1 commit
False,2015-12-31 07:43:35,very short,True,False,1 commit
False,2015-12-31 12:32:21,lengthy,False,False,1 commit
False,2015-12-31 13:10:39,very short,False,False,1 commit
True,2016-01-02 06:47:02,very short,True,False,1 commit
False,2016-01-02 09:59:28,very short,False,True,1 commit
False,2016-01-02 14:51:00,lengthy,True,False,1 commit
False,2016-01-02 15:26:53,very short,True,False,1 commit
False,2016-01-02 18:10:09,short,False,True,1 commit
False,2016-01-02 19:17:20,short,False,False,1 commit
False,2016-01-03 00:44:31,medium,False,False,1 commit
False,2016-01-03 10:57:30,lengthy,False,False,1 commit
False,2016-01-03 12:32:03,short,False,True,1 commit
False,2016-01-04 03:13:42,very short,False,True,1 commit
False,2016-01-04 23:28:00,very short,True,False,1 commit
False,2016-01-05 00:42:39,very short,True,False,1 commit
False,2016-01-05 15:34:02,short,False,True,1 commit
False,2016-01-06 02:52:14,short,True,False,1 commit
False,2016-01-06 13:27:22,lengthy,False,True,some commits
False,2016-01-06 14:04:09,very short,False,True,1 commit
False,2016-01-06 14:14:42,short,True,False,many commits
False,2016-01-07 16:08:28,very short,True,False,1 commit
False,2016-01-07 16:37:48,lengthy,False,False,some commits
False,2016-01-08 16:11:49,lengthy,False,True,1 commit
False,2016-01-08 17:58:58,short,True,False,1 commit
False,2016-01-08 19:59:18,very short,True,False,1 commit
False,2016-01-08 20:52:33,very short,False,False,1 commit
False,2016-01-08 23:40:53,very short,True,False,1 commit
False,2016-01-09 04:57:23,lengthy,True,False,some commits
False,2016-01-09 10:11:35,very short,True,False,1 commit
False,2016-01-09 10:46:46,very short,False,False,1 commit
False,2016-01-09 14:30:01,medium,True,False,1 commit
False,2016-01-09 17:53:10,very short,False,True,1 commit
False,2016-01-09 20:30:38,lengthy,False,False,1 commit
False,2016-01-10 17:28:29,short,False,True,some commits
False,2016-01-10 22:08:32,very short,True,False,1 commit
False,2016-01-11 16:57:10,short,False,True,1 commit
False,2016-01-12 01:46:40,very short,True,False,1 commit
False,2016-01-13 09:01:46,lengthy,False,False,1 commit
False,2016-01-13 09:09:00,lengthy,True,False,1 commit
False,2016-01-13 11:32:18,short,False,False,1 commit
False,2016-01-14 08:35:14,lengthy,False,False,some commits
False,2016-01-14 14:05:22,short,True,False,1 commit
False,2016-01-14 17:24:33,medium,True,False,1 commit
False,2016-01-14 18:56:40,very short,True,False,1 commit
False,2016-01-15 02:46:05,lengthy,True,False,1 commit
False,2016-01-15 07:49:16,very short,False,True,1 commit
False,2016-01-15 20:15:44,lengthy,False,True,some commits
False,2016-01-16 07:58:58,short,False,True,1 commit
False,2016-01-16 10:31:02,medium,False,True,1 commit
False,2016-01-17 14:58:13,short,False,True,1 commit
False,2016-01-17 17:22:58,very short,False,True,1 commit
False,2016-01-18 06:44:53,very short,False,False,some commits
False,2016-01-18 12:24:18,lengthy,False,False,many commits
False,2016-01-18 14:05:49,short,False,True,some commits
False,2016-01-18 18:36:29,short,False,True,some commits
False,2016-01-18 20:22:07,lengthy,True,False,some commits
False,2016-01-19 10:58:03,lengthy,True,False,many commits
False,2016-01-20 01:52:40,very short,False,True,1 commit
False,2016-01-20 09:13:58,very short,True,False,1 commit
False,2016-01-20 20:53:12,medium,False,True,1 commit
False,2016-01-21 03:32:37,very short,False,True,1 commit
False,2016-01-21 08:14:06,medium,False,False,1 commit
False,2016-01-21 08:57:14,medium,False,True,1 commit
False,2016-01-21 10:07:05,short,True,False,1 commit
False,2016-01-21 14:37:49,very short,False,True,1 commit
False,2016-01-21 15:59:45,very short,True,False,1 commit
False,2016-01-21 19:26:22,lengthy,False,True,1 commit
False,2016-01-22 03:54:03,very short,True,False,1 commit
False,2016-01-22 04:36:16,lengthy,True,False,1 commit
False,2016-01-22 09:21:11,very short,False,True,1 commit
False,2016-01-22 19:36:28,very short,False,False,1 commit
False,2016-01-22 20:07:56,very short,False,True,1 commit
False,2016-01-23 08:53:46,very short,False,False,some commits
False,2016-01-23 09:36:41,very short,False,True,1 commit
True,2016-01-23 11:24:15,very short,True,False,1 commit
False,2016-01-23 11:53:35,very short,False,True,1 commit
False,2016-01-23 12:14:53,very short,True,False,1 commit
True,2016-01-23 14:11:58,very short,True,False,1 commit
False,2016-01-23 17:25:53,very short,False,False,1 commit
False,2016-01-23 17:45:08,short,True,False,some commits
False,2016-01-24 02:08:44,short,True,False,1 commit
False,2016-01-24 09:27:06,lengthy,False,False,some commits
False,2016-01-24 19:44:03,medium,True,False,1 commit
False,2016-01-24 22:03:11,medium,False,True,some commits
False,2016-01-25 00:36:00,lengthy,False,True,1 commit
False,2016-01-25 04:26:39,medium,True,False,1 commit
False,2016-01-25 12:33:18,short,False,True,some commits
False,2016-01-25 12:34:46,medium,True,False,1 commit
False,2016-01-25 16:07:16,very short,True,False,1 commit
False,2016-01-25 23:09:25,lengthy,True,False,1 commit
False,2016-01-26 18:05:26,lengthy,False,False,1 commit
False,2016-01-27 05:16:43,lengthy,True,False,1 commit
False,2016-01-27 10:36:39,very short,True,False,1 commit
False,2016-01-27 12:37:36,medium,True,False,1 commit
False,2016-01-27 21:14:38,lengthy,False,True,some commits
False,2016-01-28 02:56:08,medium,False,False,1 commit
False,2016-01-28 12:08:29,very short,True,False,1 commit
False,2016-01-28 15:24:38,lengthy,True,False,1 commit
False,2016-01-28 18:14:57,medium,True,False,1 commit
False,2016-01-28 21:39:06,very short,False,True,1 commit
False,2016-01-29 09:08:32,lengthy,True,False,1 commit
False,2016-01-29 21:22:32,very short,False,False,1 commit
False,2016-01-30 04:34:24,very short,True,False,1 commit
False,2016-01-31 21:13:56,very short,False,False,1 commit
False,2016-01-31 23:04:12,very short,False,True,1 commit
False,2016-02-01 17:18:54,lengthy,True,False,some commits
False,2016-02-01 17:51:16,very short,True,False,1 commit
False,2016-02-02 02:00:05,very short,False,False,1 commit
False,2016-02-02 10:13:46,short,False,True,some commits
False,2016-02-02 16:43:34,lengthy,False,True,1 commit
False,2016-02-02 18:59:18,lengthy,False,False,1 commit
False,2016-02-03 10:42:18,short,True,False,1 commit
False,2016-02-03 10:50:25,very short,False,True,1 commit
False,2016-02-03 15:00:21,medium,False,True,1 commit
False,2016-02-04 05:00:29,medium,True,False,1 commit
False,2016-02-04 06:27:34,very short,False,True,1 commit
False,2016-02-04 07:25:00,lengthy,True,False,some commits
False,2016-02-04 17:24:09,very short,True,False,1 commit
False,2016-02-05 07:49:34,lengthy,False,True,1 commit
False,2016-02-05 12:24:45,very short,False,True,1 commit
False,2016-02-05 14:46:53,lengthy,False,False,1 commit
True,2016-02-06 05:00:43,very short,True,False,1 commit
False,2016-02-08 00:45:09,short,False,True,1 commit
False,2016-02-08 02:54:37,very short,True,False,1 commit
False,2016-02-09 00:31:50,very short,False,True,1 commit
False,2016-02-09 13:50:55,very short,True,False,some commits
False,2016-02-09 14:17:46,lengthy,False,False,1 commit
False,2016-02-09 15:01:22,lengthy,True,False,1 commit
False,2016-02-10 02:02:07,short,True,False,1 commit
False,2016-02-10 10:14:09,short,False,True,1 commit
False,2016-02-10 13:49:19,very short,False,True,1 commit
False,2016-02-11 02:32:25,very short,False,True,some commits
False,2016-02-11 05:41:00,very short,True,False,1 commit
False,2016-02-11 06:44:55,very short,True,False,1 commit
False,2016-02-11 09:17:49,lengthy,True,False,some commits
False,2016-02-11 09:31:33,lengthy,False,False,1 commit
True,2016-02-11 11:28:15,very short,True,False,1 commit
False,2016-02-11 12:26:56,very short,False,False,1 commit
False,2016-02-11 19:01:05,lengthy,False,False,1 commit
False,2016-02-11 19:28:28,very short,False,False,1 commit
False,2016-02-11 20:39:30,very short,True,False,1 commit
False,2016-02-11 21:02:57,very short,False,True,1 commit
False,2016-02-12 02:41:46,medium,False,True,some commits
False,2016-02-12 05:08:21,medium,True,False,1 commit
False,2016-02-12 07:04:11,medium,True,False,1 commit
False,2016-02-12 07:19:06,lengthy,False,True,many commits
False,2016-02-12 13:36:59,lengthy,False,False,1 commit
False,2016-02-12 16:27:59,very short,True,False,1 commit
False,2016-02-12 22:38:51,lengthy,False,True,1 commit
False,2016-02-14 11:31:59,short,False,True,some commits
False,2016-02-14 15:42:03,short,True,False,1 commit
True,2016-02-14 21:39:37,short,True,False,1 commit
False,2016-02-14 21:51:39,short,True,False,1 commit
False,2016-02-15 21:10:46,lengthy,False,True,1 commit
False,2016-02-15 23:51:59,medium,True,False,1 commit
False,2016-02-16 14:00:07,very short,False,False,1 commit
False,2016-02-16 22:03:42,very short,True,False,1 commit
False,2016-02-16 23:16:30,very short,False,True,1 commit
False,2016-02-16 23:39:22,very short,False,False,1 commit
False,2016-02-17 04:24:58,very short,True,False,1 commit
False,2016-02-17 04:27:27,medium,True,False,many commits
False,2016-02-17 14:19:23,medium,False,False,1 commit
False,2016-02-19 00:59:29,lengthy,True,False,1 commit
False,2016-02-19 09:13:00,very short,True,False,1 commit
False,2016-02-19 09:35:06,very short,True,False,1 commit
False,2016-02-19 12:09:18,lengthy,True,False,many commits
False,2016-02-19 12:57:52,medium,False,True,1 commit
False,2016-02-19 14:51:51,very short,True,False,1 commit
False,2016-02-19 21:58:33,very short,False,True,1 commit
False,2016-02-20 06:38:01,very short,True,False,1 commit
False,2016-02-20 17:29:00,medium,True,False,some commits
False,2016-02-20 17:40:08,medium,True,False,many commits
False,2016-02-20 21:14:36,lengthy,False,True,1 commit
False,2016-02-22 13:12:02,very short,False,False,some commits
False,2016-02-23 09:15:06,medium,True,False,1 commit
False,2016-02-23 13:39:53,very short,False,True,1 commit
False,2016-02-23 14:39:21,very short,False,True,some commits
False,2016-02-23 18:16:24,short,True,False,some commits
False,2016-02-23 23:42:35,very short,True,False,1 commit
False,2016-02-24 06:37:50,very short,False,True,many commits
False,2016-02-24 07:30:41,medium,False,True,some commits
False,2016-02-24 10:14:09,short,False,False,some commits
False,2016-02-24 16:46:32,lengthy,True,False,1 commit
False,2016-02-25 15:06:05,very short,False,True,some commits
False,2016-02-25 16:49:06,very short,False,True,1 commit
False,2016-02-25 20:17:57,very short,False,True,1 commit
False,2016-02-25 23:02:33,medium,False,False,1 commit
False,2016-02-26 05:31:13,very short,True,False,some commits
False,2016-02-26 12:50:01,medium,False,True,1 commit
False,2016-02-26 20:19:37,lengthy,False,False,1 commit
False,2016-02-27 00:31:26,very short,False,True,1 commit
False,2016-02-27 11:26:07,very short,True,False,1 commit
False,2016-02-27 15:58:26,lengthy,True,False,1 commit
False,2016-02-27 17:23:55,medium,False,True,1 commit
False,2016-02-27 23:19:08,lengthy,True,False,1 commit
False,2016-02-28 06:34:38,medium,True,False,some commits
False,2016-02-28 10:33:00,short,False,False,1 commit
False,2016-02-28 14:38:17,medium,True,False,1 commit
False,2016-02-28 17:51:57,very short,True,False,1 commit
True,2016-02-28 18:11:59,lengthy,True,False,1 commit
False,2016-02-29 08:37:31,medium,False,False,1 commit
False,2016-02-29 12:03:25,short,True,False,1 commit
False,2016-02-29 19:43:01,lengthy,False,True,1 commit
False,2016-03-01 09:40:00,very short,False,True,some commits
False,2016-03-01 12:27:34,short,False,True,1 commit
False,2016-03-01 19:31:03,very short,True,False,1 commit
False,2016-03-01 20:59:54,very short,False,True,1 commit
False,2016-03-01 21:55:09,very short,True,False,1 commit
False,2016-03-02 04:42:05,very short,True,False,1 commit
False,2016-03-02 07:16:50,very short,False,False,1 commit
False,2016-03-02 21:03:10,lengthy,False,False,some commits
False,2016-03-03 00:45:04,very short,True,False,1 commit
False,2016-03-03 20:13:16,very short,True,False,1 commit
False,2016-03-03 20:21:21,very short,True,False,1 commit
False,2016-03-03 22:29:17,very short,True,False,1 commit
False,2016-03-04 09:34:21,very short,True,False,1 commit
False,2016-03-06 00:00:51,very short,True,False,1 commit
False,2016-03-06 08:51:08,short,True,False,1 commit
False,2016-03-06 10:42:54,short,True,False,1 commit
False,2016-03-07 12:28:25,very short,False,True,1 commit
False,2016-03-07 20:37:49,lengthy,True,False,some commits
False,2016-03-08 13:03:27,lengthy,True,False,some commits
False,2016-03-08 19:37:44,very short,False,True,1 commit
False,2016-03-08 21:21:02,medium,True,False,1 commit
False,2016-03-08 22:58:10,very short,False,True,1 commit
False,2016-03-09 03:38:52,medium,True,False,some commits
False,2016-03-09 03:45:57,very short,False,True,1 commit
False,2016-03-09 10:43:43,very short,True,False,1 commit
True,2016-03-10 04:40:32,very short,True,True,1 commit
False,2016-03-10 14:27:06,very short,True,False,some commits
False,2016-03-10 18:19:13,very short,False,True,some commits
False,2016-03-10 19:17:13,lengthy,True,False,1 commit
False,2016-03-11 00:36:22,short,False,True,1 commit
False,2016-03-11 20:02:10,lengthy,True,False,1 commit
False,2016-03-12 01:17:25,very short,True,False,1 commit
False,2016-03-12 01:25:31,very short,True,False,1 commit
False,2016-03-12 01:30:50,very short,True,False,1 commit
False,2016-03-12 02:37:21,medium,True,False,1 commit
False,2016-03-12 03:54:40,medium,False,True,1 commit
False,2016-03-12 14:52:18,very short,False,True,1 commit
False,2016-03-12 16:18:43,very short,True,False,some commits
False,2016-03-12 21:58:54,very short,False,True,1 commit
False,2016-03-13 12:54:14,very short,True,False,1 commit
True,2016-03-13 19:04:30,very short,True,False,1 commit
False,2016-03-14 00:30:41,very short,True,False,1 commit
False,2016-03-14 03:18:50,medium,True,False,1 commit
False,2016-03-14 18:05:52,very short,True,False,1 commit
False,2016-03-14 21:23:42,very short,True,False,1 commit
False,2016-03-14 23:01:11,lengthy,False,False,some commits
False,2016-03-15 00:43:42,medium,False,True,1 commit
False,2016-03-15 02:42:26,very short,True,False,1 commit
False,2016-03-15 16:17:03,lengthy,False,False,1 commit
False,2016-03-15 20:31:44,very short,False,True,1 commit
False,2016-03-15 21:55:40,lengthy,True,False,1 commit
False,2016-03-16 10:35:34,very short,False,False,1 commit
False,2016-03-16 11:00:36,medium,True,False,1 commit
False,2016-03-17 13:47:42,short,False,True,1 commit
False,2016-03-18 12:49:54,medium,True,False,some commits
True,2016-03-18 22:08:22,very short,True,False,1 commit
False,2016-03-19 13:05:47,lengthy,False,True,some commits
False,2016-03-19 15:43:49,medium,False,False,1 commit
False,2016-03-19 20:04:00,very short,False,True,1 commit
False,2016-03-20 10:25:55,short,True,False,1 commit
False,2016-03-21 12:31:14,very short,True,False,1 commit
False,2016-03-21 17:01:45,very short,False,True,1 commit
False,2016-03-21 20:38:18,short,False,True,some commits
False,2016-03-21 22:22:58,lengthy,False,True,1 commit
False,2016-03-22 08:53:36,lengthy,True,False,some commits
False,2016-03-22 12:24:36,very short,True,False,1 commit
False,2016-03-22 23:48:19,very short,True,False,some commits
False,2016-03-23 14:14:01,very short,True,False,1 commit
False,2016-03-23 20:14:55,short,True,False,1 commit
False,2016-03-23 22:31:21,lengthy,True,False,1 commit
False,2016-03-24 11:27:21,lengthy,False,False,many commits
False,2016-03-24 14:48:43,lengthy,False,True,some commits
False,2016-03-25 00:41:16,very short,True,False,1 commit
False,2016-03-25 07:39:58,very short,True,False,1 commit
False,2016-03-25 17:15:22,very short,True,True,1 commit
False,2016-03-26 20:11:27,lengthy,True,False,1 commit
False,2016-03-26 21:35:19,short,False,True,1 commit
False,2016-03-27 14:50:10,lengthy,True,False,some commits
False,2016-03-27 20:00:16,short,True,False,1 commit
False,2016-03-28 06:14:00,short,True,False,1 commit
False,2016-03-28 16:36:43,very short,True,False,1 commit
False,2016-03-28 18:04:37,lengthy,True,False,1 commit
False,2016-03-28 18:28:38,very short,False,True,1 commit
False,2016-03-29 09:11:08,very short,True,False,1 commit
False,2016-03-29 12:05:05,very short,True,False,1 commit
False,2016-03-29 17:37:40,medium,False,False,some commits
False,2016-03-29 21:19:43,lengthy,False,True,1 commit
False,2016-03-30 09:10:40,lengthy,True,False,some commits
False,2016-03-31 09:02:04,lengthy,False,True,many commits
False,2016-03-31 10:57:05,very short,False,True,some commits
False,2016-03-31 22:19:11,lengthy,True,False,1 commit
False,2016-04-01 13:19:27,very short,False,True,1 commit
False,2016-04-02 05:25:29,very short,True,False,1 commit
False,2016-04-02 09:34:43,lengthy,True,False,many commits
False,2016-04-02 10:41:43,very short,True,False,1 commit
False,2016-04-02 11:21:39,medium,False,True,some commits
True,2016-04-02 12:08:37,very short,True,False,1 commit
False,2016-04-02 12:41:32,lengthy,False,False,some commits
False,2016-04-02 12:54:50,medium,False,True,many commits
False,2016-04-02 13:18:07,lengthy,True,False,1 commit
False,2016-04-02 13:48:52,very short,False,True,1 commit
False,2016-04-02 14:19:14,very short,False,True,1 commit
False,2016-04-02 14:35:17,short,True,False,1 commit
False,2016-04-02 14:39:49,lengthy,False,True,some commits
True,2016-04-02 14:50:17,short,False,True,1 commit
False,2016-04-02 14:59:26,very short,True,False,1 commit
True,2016-04-02 23:27:18,lengthy,True,False,1 commit
False,2016-04-03 08:07:42,medium,False,True,1 commit
False,2016-04-03 08:47:41,very short,False,True,1 commit
False,2016-04-03 08:57:20,lengthy,False,False,1 commit
True,2016-04-03 09:30:36,very short,False,False,1 commit
False,2016-04-03 09:48:38,lengthy,True,False,1 commit
False,2016-04-03 10:00:37,short,False,True,some commits
False,2016-04-03 10:12:33,lengthy,True,False,1 commit
False,2016-04-03 10:17:29,lengthy,True,False,1 commit
False,2016-04-03 10:25:11,very short,False,True,1 commit
False,2016-04-03 11:03:25,lengthy,False,True,some commits
False,2016-04-03 11:05:14,short,False,False,some commits
False,2016-04-03 11:12:38,very short,False,True,1 commit
False,2016-04-03 13:37:09,very short,True,False,1 commit
True,2016-04-03 13:39:49,very short,False,False,1 commit
False,2016-04-03 13:48:32,short,True,False,some commits
False,2016-04-03 14:40:56,lengthy,True,False,1 commit
False,2016-04-03 14:47:48,lengthy,True,False,1 commit
False,2016-04-03 14:50:50,lengthy,False,False,1 commit
False,2016-04-03 15:32:12,lengthy,False,True,1 commit
False,2016-04-03 15:33:52,short,True,False,1 commit
False,2016-04-03 17:00:34,short,False,True,1 commit
False,2016-04-03 17:49:01,lengthy,False,True,some commits
False,2016-04-03 22:11:40,very short,True,False,1 commit
False,2016-04-04 01:48:00,short,False,True,1 commit
False,2016-04-04 02:31:34,lengthy,True,False,1 commit
False,2016-04-04 11:30:10,medium,True,False,1 commit
True,2016-04-04 18:33:22,very short,True,False,1 commit
False,2016-04-04 19:34:09,very short,True,False,1 commit
False,2016-04-05 08:02:41,very short,True,False,1 commit
False,2016-04-05 16:18:03,short,False,True,1 commit
False,2016-04-05 19:58:59,very short,False,False,1 commit
False,2016-04-06 11:59:47,very short,True,False,1 commit
False,2016-04-06 14:29:47,medium,False,True,1 commit
False,2016-04-06 15:08:55,very short,True,False,1 commit
False,2016-04-07 05:49:59,very short,False,True,some commits
False,2016-04-07 06:38:19,medium,False,True,1 commit
False,2016-04-07 19:03:47,lengthy,False,False,some commits
False,2016-04-07 22:00:50,very short,False,True,1 commit
False,2016-04-07 22:21:52,very short,False,False,some commits
False,2016-04-08 09:21:07,very short,False,True,1 commit
False,2016-04-09 12:12:37,very short,True,False,1 commit
False,2016-04-09 12:47:50,very short,True,False,some commits
False,2016-04-09 17:19:56,short,True,False,1 commit
True,2016-04-10 02:29:53,very short,False,True,1 commit
False,2016-04-10 23:41:36,medium,False,True,1 commit
False,2016-04-12 07:53:34,very short,True,False,1 commit
True,2016-04-12 09:15:31,very short,True,False,1 commit
False,2016-04-13 05:47:06,medium,False,True,1 commit
False,2016-04-13 08:08:21,very short,True,False,1 commit
False,2016-04-13 16:34:27,medium,False,True,1 commit
False,2016-04-13 19:03:12,lengthy,True,False,some commits
False,2016-04-14 15:37:52,medium,False,True,some commits
False,2016-04-15 08:44:34,medium,False,True,1 commit
False,2016-04-15 12:42:38,medium,True,False,1 commit
False,2016-04-15 16:25:54,lengthy,True,False,some commits
False,2016-04-16 10:17:16,very short,False,True,1 commit
False,2016-04-16 18:45:57,very short,True,False,1 commit
False,2016-04-18 01:57:27,short,True,False,some commits
False,2016-04-18 08:40:01,very short,False,True,1 commit
False,2016-04-18 14:11:34,medium,False,True,1 commit
False,2016-04-18 16:16:43,lengthy,False,True,some commits
True,2016-04-18 20:07:55,very short,True,False,1 commit
False,2016-04-19 00:59:02,very short,True,False,1 commit
False,2016-04-19 09:40:54,very short,True,False,some commits
False,2016-04-19 20:45:10,lengthy,True,False,some commits
True,2016-04-20 07:00:35,lengthy,True,False,1 commit
False,2016-04-20 08:11:30,lengthy,True,False,1 commit
False,2016-04-20 08:44:38,very short,False,True,some commits
True,2016-04-21 00:15:19,very short,True,False,1 commit
True,2016-04-21 03:53:39,medium,False,True,1 commit
True,2016-04-21 08:03:28,medium,False,True,1 commit
True,2016-04-21 08:29:01,very short,True,False,1 commit
True,2016-04-21 12:57:06,lengthy,False,True,some commits
False,2016-04-22 04:31:30,lengthy,True,False,1 commit
False,2016-04-22 11:38:49,medium,True,False,1 commit
False,2016-04-22 16:49:51,very short,False,True,1 commit
False,2016-04-23 17:43:09,lengthy,True,False,1 commit
False,2016-04-23 20:41:05,lengthy,False,True,1 commit
False,2016-04-24 20:05:05,short,True,False,1 commit
False,2016-04-24 23:09:03,lengthy,True,False,1 commit
False,2016-04-25 03:44:37,very short,False,True,1 commit
True,2016-04-26 00:54:02,lengthy,True,False,1 commit
False,2016-04-26 09:02:30,very short,True,False,1 commit
False,2016-04-26 09:57:34,very short,True,False,1 commit
True,2016-04-26 17:37:55,very short,True,False,1 commit
False,2016-04-26 18:31:16,short,True,False,some commits
False,2016-04-26 19:10:37,lengthy,False,True,some commits
False,2016-04-26 21:58:41,very short,False,True,1 commit
False,2016-04-26 22:17:20,medium,True,False,some commits
False,2016-04-27 03:17:12,lengthy,True,False,some commits
True,2016-04-27 10:57:03,very short,True,False,1 commit
True,2016-04-27 13:10:58,very short,True,False,1 commit
True,2016-04-27 14:06:56,very short,True,False,1 commit
False,2016-04-27 18:47:03,medium,True,False,1 commit
True,2016-04-27 19:19:57,very short,True,False,1 commit
True,2016-04-28 18:12:39,very short,True,False,1 commit
False,2016-04-28 22:37:07,very short,True,False,some commits
False,2016-04-29 10:57:13,very short,True,False,1 commit
False,2016-04-29 14:48:38,lengthy,False,True,1 commit
False,2016-04-29 22:34:11,lengthy,False,True,some commits
False,2016-04-30 01:29:28,medium,True,False,some commits
False,2016-05-01 16:06:26,short,False,True,1 commit
False,2016-05-02 12:42:19,short,False,True,1 commit
False,2016-05-02 14:02:18,lengthy,False,True,1 commit
True,2016-05-02 15:41:03,very short,False,False,1 commit
False,2016-05-02 17:31:50,very short,False,True,1 commit
False,2016-05-03 10:29:29,lengthy,True,False,some commits
True,2016-05-03 12:54:03,very short,True,False,1 commit
False,2016-05-03 13:23:07,very short,False,True,many commits
False,2016-05-03 19:09:04,medium,False,True,1 commit
True,2016-05-03 19:54:32,very short,True,False,1 commit
False,2016-05-04 00:27:12,very short,False,True,some commits
False,2016-05-04 10:49:17,medium,True,False,1 commit
False,2016-05-04 15:54:06,very short,False,True,1 commit
True,2016-05-04 18:46:40,medium,True,False,1 commit
False,2016-05-04 23:16:14,medium,False,True,1 commit
False,2016-05-05 12:47:56,short,True,False,1 commit
False,2016-05-05 18:45:00,lengthy,False,True,some commits
True,2016-05-05 19:49:53,very short,False,False,1 commit
True,2016-05-07 03:59:45,very short,False,False,1 commit
True,2016-05-07 12:05:07,very short,False,True,1 commit
False,2016-05-08 04:13:40,lengthy,True,False,some commits
False,2016-05-08 10:02:25,lengthy,True,False,some commits
True,2016-05-08 14:26:33,lengthy,True,False,1 commit
False,2016-05-08 18:07:52,very short,True,False,some commits
True,2016-05-08 19:11:59,very short,True,False,1 commit
False,2016-05-09 10:29:24,medium,False,True,1 commit
False,2016-05-09 18:57:04,lengthy,True,False,1 commit
False,2016-05-10 07:47:12,lengthy,True,False,1 commit
False,2016-05-11 09:30:52,short,True,False,some commits
True,2016-05-11 17:28:32,short,False,True,1 commit
True,2016-05-11 21:33:11,very short,False,True,1 commit
False,2016-05-12 11:51:22,lengthy,True,False,1 commit
False,2016-05-12 14:42:12,very short,True,False,1 commit
True,2016-05-12 17:12:30,very short,True,False,1 commit
False,2016-05-13 11:37:20,very short,True,False,1 commit
True,2016-05-13 13:28:41,very short,True,False,1 commit
True,2016-05-13 15:53:56,medium,True,False,1 commit
True,2016-05-14 22:03:45,lengthy,True,False,1 commit
False,2016-05-15 07:04:07,lengthy,True,False,1 commit
False,2016-05-15 09:55:18,lengthy,False,False,1 commit
False,2016-05-16 10:00:21,very short,True,False,1 commit
False,2016-05-16 19:03:32,short,True,False,1 commit
False,2016-05-16 23:47:01,short,False,True,1 commit
False,2016-05-17 06:52:55,lengthy,True,False,1 commit
False,2016-05-17 08:19:15,medium,True,False,1 commit
False,2016-05-17 14:58:10,very short,False,True,1 commit
False,2016-05-17 17:38:31,very short,False,True,1 commit
True,2016-05-18 04:37:00,very short,True,False,1 commit
False,2016-05-19 01:46:31,lengthy,True,False,1 commit
False,2016-05-19 12:09:36,very short,True,False,1 commit
False,2016-05-20 02:38:16,medium,True,False,1 commit
False,2016-05-20 08:22:56,medium,True,False,1 commit
False,2016-05-20 19:55:41,lengthy,True,False,1 commit
False,2016-05-21 08:02:20,lengthy,False,True,1 commit
False,2016-05-21 13:38:12,medium,True,False,1 commit
False,2016-05-22 15:07:16,lengthy,False,False,some commits
False,2016-05-22 21:12:12,lengthy,True,False,1 commit
True,2016-05-25 06:24:34,very short,False,True,1 commit
False,2016-05-25 08:27:10,medium,False,True,1 commit
False,2016-05-25 12:35:18,very short,False,True,1 commit
False,2016-05-25 20:41:13,medium,False,True,1 commit
False,2016-05-26 13:03:10,lengthy,False,False,1 commit
False,2016-05-26 15:48:54,medium,True,False,1 commit
True,2016-05-26 19:59:11,short,True,False,1 commit
False,2016-05-27 08:44:07,very short,True,False,1 commit
True,2016-05-27 10:27:53,very short,True,False,1 commit
True,2016-05-27 14:18:33,very short,True,False,1 commit
False,2016-05-27 18:01:31,lengthy,False,False,1 commit
False,2016-05-28 07:48:28,lengthy,False,False,some commits
False,2016-05-29 12:30:34,medium,False,True,1 commit
False,2016-05-29 16:41:03,lengthy,False,False,some commits
True,2016-05-30 01:30:59,very short,True,False,1 commit
False,2016-05-30 10:48:07,very short,False,True,many commits
False,2016-05-30 16:44:48,very short,False,True,1 commit
True,2016-05-30 23:31:17,very short,True,False,some commits
True,2016-05-31 03:41:16,very short,True,False,1 commit
False,2016-05-31 06:38:04,very short,True,False,1 commit
False,2016-05-31 16:23:52,short,True,False,1 commit
True,2016-05-31 17:06:01,short,True,False,1 commit
True,2016-05-31 21:21:45,very short,True,False,1 commit
True,2016-06-01 10:36:00,very short,True,False,1 commit
False,2016-06-01 18:29:54,short,True,False,many commits
False,2016-06-02 13:14:48,lengthy,False,False,1 commit
False,2016-06-02 14:53:18,very short,False,True,1 commit
False,2016-06-02 17:55:50,very short,False,True,1 commit
False,2016-06-02 18:01:49,very short,False,True,1 commit
False,2016-06-02 18:10:25,short,False,True,some commits
False,2016-06-02 18:42:54,very short,False,False,1 commit
False,2016-06-02 19:15:04,lengthy,False,True,1 commit
False,2016-06-02 19:42:29,very short,False,True,1 commit
False,2016-06-02 19:58:30,very short,True,False,1 commit
False,2016-06-02 21:03:50,very short,False,True,1 commit
False,2016-06-02 22:43:08,very short,False,True,some commits
False,2016-06-02 22:50:29,lengthy,True,False,1 commit
False,2016-06-02 23:03:43,very short,False,True,some commits
True,2016-06-02 23:31:31,very short,True,False,1 commit
False,2016-06-03 00:07:12,short,True,False,1 commit
False,2016-06-03 00:47:05,very short,False,False,many commits
False,2016-06-03 00:59:12,medium,False,False,1 commit
False,2016-06-03 03:35:56,medium,False,True,1 commit
False,2016-06-03 06:27:44,short,True,False,1 commit
False,2016-06-03 18:23:27,very short,False,True,many commits
False,2016-06-03 18:38:38,medium,False,False,1 commit
True,2016-06-03 19:31:58,short,False,True,some commits
False,2016-06-03 19:45:30,medium,True,False,1 commit
True,2016-06-03 21:01:25,very short,True,False,1 commit
True,2016-06-03 22:34:14,very short,True,False,1 commit
False,2016-06-03 23:12:08,short,False,True,1 commit
False,2016-06-03 23:15:59,lengthy,True,False,1 commit
False,2016-06-04 08:06:06,medium,False,True,some commits
True,2016-06-04 15:56:39,very short,True,False,1 commit
False,2016-06-04 18:54:27,lengthy,False,False,some commits
True,2016-06-04 23:17:18,lengthy,True,False,1 commit
False,2016-06-04 23:48:29,medium,True,False,1 commit
False,2016-06-05 09:01:36,short,False,True,1 commit
False,2016-06-05 12:49:37,lengthy,True,False,1 commit
False,2016-06-05 14:29:12,lengthy,True,False,1 commit
False,2016-06-05 14:56:36,short,True,False,1 commit
False,2016-06-05 15:30:10,short,True,False,1 commit
True,2016-06-05 16:49:47,very short,True,False,1 commit
False,2016-06-06 10:38:25,very short,True,False,some commits
False,2016-06-06 10:46:43,very short,True,False,1 commit
True,2016-06-06 16:05:04,lengthy,False,True,1 commit
False,2016-06-06 20:50:26,lengthy,True,False,1 commit
False,2016-06-07 00:28:42,very short,False,True,some commits
False,2016-06-07 02:13:53,very short,False,True,1 commit
False,2016-06-07 05:28:16,lengthy,False,False,some commits
False,2016-06-07 08:58:05,short,True,False,1 commit
False,2016-06-07 11:25:42,short,False,False,1 commit
False,2016-06-07 11:47:19,lengthy,True,False,1 commit
False,2016-06-08 01:23:37,very short,True,False,1 commit
False,2016-06-08 15:42:07,short,False,True,some commits
False,2016-06-08 16:31:37,very short,False,True,1 commit
False,2016-06-08 19:48:00,medium,True,False,1 commit
False,2016-06-09 11:07:21,very short,False,True,1 commit
False,2016-06-09 14:28:57,short,True,False,1 commit
False,2016-06-09 14:48:39,medium,True,False,1 commit
True,2016-06-09 14:58:42,very short,False,True,1 commit
False,2016-06-09 19:16:49,very short,True,False,1 commit
True,2016-06-09 19:27:37,short,True,False,1 commit
False,2016-06-09 20:34:58,lengthy,True,False,1 commit
False,2016-06-10 06:52:55,lengthy,True,False,1 commit
True,2016-06-10 20:17:39,short,True,False,1 commit
False,2016-06-11 14:39:02,medium,False,True,some commits
False,2016-06-11 16:19:50,short,True,False,1 commit
True,2016-06-11 20:38:44,medium,True,False,1 commit
True,2016-06-11 21:28:22,very short,True,False,1 commit
False,2016-06-12 02:03:14,lengthy,False,True,some commits
True,2016-06-12 12:36:58,very short,True,False,1 commit
True,2016-06-12 20:35:51,very short,True,False,1 commit
False,2016-06-13 06:45:27,lengthy,True,False,1 commit
True,2016-06-13 12:25:41,very short,True,False,1 commit
False,2016-06-13 13:55:21,very short,False,True,1 commit
True,2016-06-13 14:41:22,lengthy,False,False,1 commit
True,2016-06-13 16:41:28,very short,True,False,1 commit
False,2016-06-13 19:23:12,lengthy,True,False,1 commit
True,2016-06-14 07:48:16,medium,True,False,1 commit
True,2016-06-14 09:51:33,lengthy,True,False,1 commit
True,2016-06-14 10:22:34,very short,True,False,1 commit
False,2016-06-14 13:20:54,medium,False,True,some commits
False,2016-06-14 17:22:33,medium,False,True,1 commit
False,2016-06-14 21:11:48,lengthy,False,True,some commits
True,2016-06-15 05:49:45,very short,True,False,1 commit
False,2016-06-15 12:28:14,very short,False,False,1 commit
False,2016-06-15 13:14:11,very short,True,False,1 commit
False,2016-06-15 15:35:57,medium,False,True,1 commit
False,2016-06-15 16:40:16,lengthy,False,True,1 commit
False,2016-06-15 18:52:49,very short,False,True,many commits
False,2016-06-16 10:15:26,medium,False,False,1 commit
False,2016-06-16 10:46:52,very short,False,True,1 commit
False,2016-06-17 08:37:05,very short,False,True,some commits
True,2016-06-17 11:30:28,very short,True,False,1 commit
True,2016-06-17 18:20:21,very short,True,False,1 commit
True,2016-06-18 00:32:34,very short,True,False,1 commit
True,2016-06-18 13:37:58,short,True,False,1 commit
False,2016-06-19 02:04:37,short,True,False,1 commit
False,2016-06-19 04:40:26,lengthy,True,False,1 commit
False,2016-06-19 11:02:05,medium,True,False,some commits
False,2016-06-19 22:15:39,lengthy,True,False,1 commit
False,2016-06-20 09:11:26,very short,False,True,1 commit
False,2016-06-20 19:48:39,lengthy,True,False,1 commit
True,2016-06-20 20:22:26,very short,True,False,1 commit
False,2016-06-20 22:01:15,medium,False,True,1 commit
True,2016-06-21 04:16:44,very short,True,False,1 commit
False,2016-06-21 09:13:40,very short,True,False,1 commit
False,2016-06-21 11:46:13,lengthy,False,False,1 commit
True,2016-06-22 03:28:45,very short,True,False,1 commit
True,2016-06-22 14:15:32,very short,True,False,1 commit
False,2016-06-22 18:33:59,lengthy,False,True,some commits
False,2016-06-23 10:11:58,lengthy,True,False,1 commit
False,2016-06-23 10:19:23,medium,False,True,some commits
True,2016-06-24 15:30:53,very short,True,False,1 commit
False,2016-06-24 17:13:58,lengthy,False,True,1 commit
False,2016-06-24 17:26:03,medium,False,True,many commits
False,2016-06-25 03:27:43,medium,True,False,1 commit
True,2016-06-26 14:33:05,short,True,False,1 commit
False,2016-06-26 20:58:09,lengthy,False,False,1 commit
False,2016-06-27 00:13:26,very short,True,False,1 commit
False,2016-06-27 00:17:20,very short,True,False,1 commit
False,2016-06-27 13:56:28,short,True,False,1 commit
True,2016-06-27 23:31:59,very short,True,False,some commits
False,2016-06-28 11:47:10,very short,True,False,1 commit
False,2016-06-28 20:34:16,very short,False,True,1 commit
False,2016-06-28 20:58:44,very short,False,False,some commits
False,2016-06-28 21:58:29,very short,False,True,some commits
False,2016-06-28 23:35:46,short,False,True,1 commit
True,2016-06-29 06:24:27,very short,True,False,1 commit
False,2016-06-30 04:42:01,medium,True,False,1 commit
False,2016-06-30 11:26:53,very short,True,False,1 commit
False,2016-06-30 12:26:24,lengthy,True,False,1 commit
False,2016-06-30 18:49:50,short,True,False,1 commit
False,2016-06-30 22:10:51,very short,False,True,1 commit
False,2016-06-30 23:45:26,lengthy,True,False,1 commit
True,2016-07-01 08:54:41,lengthy,True,False,1 commit
False,2016-07-02 09:57:14,lengthy,True,False,1 commit
True,2016-07-02 10:18:56,very short,False,True,1 commit
False,2016-07-02 13:34:34,lengthy,False,True,some commits
False,2016-07-02 14:31:33,medium,True,False,some commits
True,2016-07-02 14:32:35,very short,False,True,1 commit
False,2016-07-02 15:54:05,lengthy,False,True,1 commit
True,2016-07-02 17:51:03,very short,True,False,1 commit
False,2016-07-02 18:15:40,lengthy,True,False,some commits
False,2016-07-02 18:19:02,very short,True,False,1 commit
False,2016-07-02 22:28:01,lengthy,True,False,1 commit
False,2016-07-02 23:34:22,medium,False,False,1 commit
False,2016-07-03 07:00:29,medium,True,False,some commits
False,2016-07-03 14:53:06,lengthy,False,True,many commits
False,2016-07-03 16:06:10,lengthy,True,False,some commits
True,2016-07-03 18:19:30,medium,True,False,1 commit
False,2016-07-03 18:51:32,lengthy,False,True,1 commit
False,2016-07-03 18:52:47,lengthy,False,True,1 commit
True,2016-07-04 04:51:28,very short,False,True,1 commit
True,2016-07-04 09:08:42,short,False,True,1 commit
False,2016-07-04 13:45:05,short,False,True,1 commit
False,2016-07-04 17:17:27,medium,False,False,1 commit
False,2016-07-04 22:01:01,lengthy,True,False,some commits
False,2016-07-05 10:00:26,lengthy,True,False,1 commit
True,2016-07-05 12:02:30,short,False,False,1 commit
True,2016-07-05 12:55:21,very short,True,False,1 commit
False,2016-07-05 16:50:29,medium,False,True,1 commit
False,2016-07-06 16:49:15,short,False,True,1 commit
True,2016-07-07 09:21:00,very short,False,True,1 commit
False,2016-07-07 13:16:34,medium,False,False,1 commit
True,2016-07-07 21:23:45,short,True,False,1 commit
False,2016-07-08 02:09:28,short,False,True,some commits
True,2016-07-08 14:23:33,very short,True,False,1 commit
False,2016-07-09 13:44:21,lengthy,True,False,some commits
True,2016-07-09 17:57:18,medium,True,False,1 commit
False,2016-07-10 04:33:07,short,False,True,1 commit
False,2016-07-11 13:30:51,lengthy,True,False,1 commit
False,2016-07-11 15:01:44,lengthy,False,True,1 commit
False,2016-07-11 20:03:51,short,False,True,1 commit
False,2016-07-12 12:29:38,very short,False,True,1 commit
True,2016-07-12 20:04:11,lengthy,False,True,1 commit
False,2016-07-12 21:39:57,very short,False,False,some commits
True,2016-07-12 22:37:45,short,True,False,1 commit
True,2016-07-13 01:33:29,short,True,False,1 commit
True,2016-07-13 06:07:14,very short,True,False,1 commit
False,2016-07-13 17:17:18,very short,True,False,1 commit
True,2016-07-14 11:11:25,very short,False,True,1 commit
True,2016-07-14 14:42:31,very short,True,False,1 commit
True,2016-07-14 21:24:21,medium,False,True,1 commit
True,2016-07-15 03:04:24,very short,True,False,1 commit
False,2016-07-15 18:59:48,very short,True,False,1 commit
True,2016-07-16 16:36:19,short,True,False,some commits
False,2016-07-16 18:21:09,lengthy,True,False,some commits
False,2016-07-17 01:00:25,very short,False,True,some commits
False,2016-07-17 10:39:49,lengthy,True,False,some commits
False,2016-07-17 22:04:12,lengthy,False,False,1 commit
False,2016-07-18 13:41:23,very short,True,False,1 commit
False,2016-07-18 14:33:40,lengthy,True,False,1 commit
False,2016-07-18 16:57:40,medium,True,False,1 commit
False,2016-07-18 18:07:03,lengthy,False,True,1 commit
False,2016-07-19 08:48:17,medium,True,False,some commits
False,2016-07-19 09:05:59,lengthy,False,True,1 commit
False,2016-07-19 23:28:33,lengthy,False,True,some commits
False,2016-07-20 11:44:16,lengthy,False,True,some commits
False,2016-07-20 12:19:00,lengthy,True,False,some commits
False,2016-07-20 14:15:23,short,True,False,1 commit
False,2016-07-20 16:33:24,medium,True,False,some commits
True,2016-07-21 08:00:18,very short,True,False,1 commit
False,2016-07-21 08:41:34,very short,True,False,1 commit
False,2016-07-21 13:29:19,medium,True,False,some commits
True,2016-07-21 15:28:54,very short,True,False,1 commit
False,2016-07-21 17:25:24,very short,False,True,1 commit
False,2016-07-21 18:10:53,short,False,False,1 commit
False,2016-07-21 19:33:17,very short,False,True,1 commit
False,2016-07-21 20:25:20,lengthy,False,True,1 commit
True,2016-07-21 20:54:19,very short,False,True,1 commit
False,2016-07-21 20:56:42,lengthy,False,True,many commits
False,2016-07-21 21:14:59,lengthy,True,False,1 commit
False,2016-07-21 21:39:58,lengthy,False,True,1 commit
True,2016-07-22 00:19:51,very short,True,False,1 commit
False,2016-07-22 02:41:25,lengthy,True,False,1 commit
False,2016-07-22 05:10:37,lengthy,True,False,1 commit
False,2016-07-22 08:54:50,lengthy,True,False,1 commit
False,2016-07-22 19:38:48,lengthy,False,True,1 commit
False,2016-07-22 20:31:04,lengthy,False,True,1 commit
False,2016-07-23 00:40:20,short,True,False,some commits
False,2016-07-23 13:25:16,medium,False,True,1 commit
False,2016-07-24 14:02:20,very short,True,False,1 commit
True,2016-07-24 17:05:31,very short,True,False,1 commit
True,2016-07-24 22:03:56,very short,False,True,1 commit
False,2016-07-25 06:24:01,very short,False,True,many commits
False,2016-07-26 08:24:53,lengthy,True,False,1 commit
False,2016-07-26 12:18:02,lengthy,False,True,some commits
True,2016-07-26 12:51:09,very short,True,False,1 commit
False,2016-07-26 14:15:10,short,False,True,1 commit
False,2016-07-26 14:37:07,lengthy,False,True,1 commit
False,2016-07-26 15:29:20,lengthy,False,True,1 commit
False,2016-07-27 10:11:37,lengthy,False,False,many commits
False,2016-07-27 13:18:40,lengthy,False,True,some commits
False,2016-07-27 14:25:53,lengthy,True,False,some commits
True,2016-07-27 15:16:24,very short,False,True,some commits
True,2016-07-27 20:32:20,short,True,False,1 commit
True,2016-07-27 20:37:03,short,True,False,1 commit
False,2016-07-27 23:04:29,lengthy,False,True,1 commit
False,2016-07-27 23:48:59,lengthy,False,True,some commits
False,2016-07-28 09:54:12,very short,False,True,some commits
False,2016-07-28 11:52:20,short,False,True,1 commit
False,2016-07-30 00:14:03,lengthy,False,True,1 commit
False,2016-07-31 17:48:59,lengthy,False,True,1 commit
True,2016-08-01 13:56:53,very short,False,False,1 commit
True,2016-08-01 18:31:26,very short,True,False,1 commit
False,2016-08-01 22:10:50,lengthy,False,True,some commits
False,2016-08-02 02:22:33,lengthy,False,True,some commits
True,2016-08-02 08:09:22,medium,True,False,1 commit
True,2016-08-02 08:19:28,very short,True,False,1 commit
False,2016-08-02 09:27:22,medium,False,True,1 commit
False,2016-08-02 19:24:09,very short,False,True,1 commit
False,2016-08-02 22:56:55,short,True,False,1 commit
False,2016-08-03 00:37:53,short,False,False,1 commit
False,2016-08-03 03:33:08,very short,True,False,1 commit
False,2016-08-03 06:25:10,lengthy,False,True,some commits
False,2016-08-03 08:02:49,short,True,False,1 commit
False,2016-08-03 15:53:09,medium,False,True,1 commit
True,2016-08-03 23:59:28,very short,True,False,1 commit
False,2016-08-04 04:08:26,medium,True,False,1 commit
False,2016-08-04 13:13:35,very short,False,True,1 commit
False,2016-08-04 18:32:15,short,True,False,1 commit
True,2016-08-04 20:08:43,very short,True,False,1 commit
False,2016-08-05 01:44:54,medium,True,False,1 commit
False,2016-08-05 13:10:24,very short,True,False,1 commit
True,2016-08-05 19:05:35,short,True,False,1 commit
False,2016-08-05 22:03:03,very short,True,False,1 commit
False,2016-08-06 00:23:06,very short,False,False,1 commit
True,2016-08-06 01:55:25,very short,True,False,1 commit
True,2016-08-06 17:20:31,short,True,False,1 commit
False,2016-08-07 10:36:38,lengthy,True,False,1 commit
False,2016-08-07 21:57:28,short,False,False,some commits
False,2016-08-08 09:39:38,very short,True,False,1 commit
False,2016-08-08 19:11:09,medium,True,False,many commits
False,2016-08-08 22:35:53,very short,False,True,1 commit
True,2016-08-09 02:14:37,medium,True,False,1 commit
False,2016-08-09 06:49:27,very short,False,True,1 commit
True,2016-08-09 07:47:16,very short,True,False,1 commit
False,2016-08-09 08:42:14,very short,True,False,1 commit
False,2016-08-09 18:00:28,lengthy,True,False,some commits
False,2016-08-09 20:29:48,very short,False,True,1 commit
False,2016-08-10 15:18:38,lengthy,True,False,1 commit
False,2016-08-10 17:19:18,very short,False,False,1 commit
False,2016-08-10 17:48:03,short,True,False,1 commit
False,2016-08-11 09:02:04,medium,True,False,1 commit
False,2016-08-11 10:05:00,lengthy,False,False,some commits
False,2016-08-11 10:48:26,lengthy,True,False,1 commit
False,2016-08-11 11:08:58,very short,True,False,1 commit
False,2016-08-11 13:17:44,very short,True,False,1 commit
False,2016-08-12 18:54:43,medium,False,False,1 commit
True,2016-08-13 04:06:32,very short,True,False,1 commit
False,2016-08-13 04:17:22,lengthy,True,False,some commits
False,2016-08-13 09:34:48,medium,False,False,1 commit
False,2016-08-13 15:03:04,short,True,False,1 commit
True,2016-08-13 20:19:30,lengthy,True,False,1 commit
False,2016-08-14 00:29:37,short,True,False,1 commit
False,2016-08-14 00:33:20,short,True,False,some commits
False,2016-08-14 02:00:34,short,True,False,1 commit
False,2016-08-14 19:51:34,very short,False,False,1 commit
True,2016-08-14 20:00:37,medium,False,False,1 commit
False,2016-08-15 01:40:32,lengthy,False,False,some commits
False,2016-08-15 05:53:56,very short,False,False,1 commit
False,2016-08-15 10:59:14,lengthy,True,False,some commits
False,2016-08-15 14:17:41,medium,True,False,1 commit
True,2016-08-15 14:51:13,very short,True,False,many commits
False,2016-08-15 17:55:02,lengthy,True,False,some commits
True,2016-08-15 23:38:40,medium,True,False,1 commit
False,2016-08-16 01:24:00,lengthy,False,True,some commits
False,2016-08-16 01:49:24,lengthy,True,False,1 commit
False,2016-08-16 08:28:29,short,False,False,1 commit
False,2016-08-16 22:10:34,short,True,False,1 commit
True,2016-08-17 00:52:10,very short,True,False,1 commit
False,2016-08-17 08:45:07,lengthy,False,True,1 commit
True,2016-08-17 17:43:34,very short,True,False,1 commit
True,2016-08-17 18:13:42,very short,True,False,1 commit
False,2016-08-18 00:31:02,medium,False,True,1 commit
False,2016-08-18 07:53:50,medium,True,False,1 commit
False,2016-08-18 10:33:23,lengthy,True,False,1 commit
False,2016-08-18 14:53:46,lengthy,False,False,1 commit
True,2016-08-18 17:58:59,very short,True,False,1 commit
False,2016-08-18 20:22:50,lengthy,True,False,1 commit
False,2016-08-19 10:05:55,very short,False,False,1 commit
False,2016-08-19 11:22:01,very short,False,True,some commits
True,2016-08-19 15:02:59,very short,False,True,1 commit
False,2016-08-19 16:27:29,very short,True,False,some commits
False,2016-08-19 18:23:10,very short,False,False,some commits
False,2016-08-19 22:29:49,lengthy,False,True,some commits
False,2016-08-22 06:35:19,lengthy,False,True,1 commit
False,2016-08-22 07:53:47,short,False,True,some commits
False,2016-08-22 12:02:44,short,True,False,some commits
False,2016-08-23 07:45:36,very short,True,False,1 commit
False,2016-08-23 11:56:33,very short,True,False,1 commit
True,2016-08-23 17:02:32,lengthy,False,True,1 commit
False,2016-08-24 03:20:54,short,True,False,some commits
False,2016-08-24 09:20:56,lengthy,True,False,1 commit
False,2016-08-24 09:29:05,very short,False,True,many commits
True,2016-08-24 10:06:41,very short,True,False,1 commit
True,2016-08-24 19:03:29,very short,True,False,1 commit
True,2016-08-24 19:32:48,very short,True,False,1 commit
False,2016-08-24 21:42:10,very short,True,False,1 commit
True,2016-08-25 11:22:22,very short,True,False,1 commit
False,2016-08-25 12:35:11,medium,True,False,some commits
False,2016-08-25 16:26:21,lengthy,True,False,many commits
False,2016-08-25 19:36:44,medium,False,False,1 commit
True,2016-08-25 21:51:17,very short,False,False,1 commit
False,2016-08-26 09:52:18,very short,True,False,some commits
False,2016-08-26 15:57:02,very short,False,True,1 commit
False,2016-08-26 19:14:38,medium,False,False,some commits
False,2016-08-26 20:50:01,lengthy,True,False,some commits
False,2016-08-27 10:29:20,lengthy,True,False,some commits
True,2016-08-27 12:25:06,short,False,True,1 commit
False,2016-08-28 00:33:21,medium,False,False,1 commit
False,2016-08-28 14:15:23,short,False,False,some commits
True,2016-08-28 17:15:52,very short,False,False,1 commit
False,2016-08-29 08:31:39,very short,True,False,1 commit
True,2016-08-29 09:39:02,very short,False,False,some commits
False,2016-08-29 10:00:05,very short,False,False,1 commit
False,2016-08-29 10:04:02,very short,False,False,1 commit
False,2016-08-29 11:51:25,medium,False,True,some commits
False,2016-08-29 21:43:24,short,True,False,1 commit
False,2016-08-29 22:39:06,lengthy,True,False,1 commit
False,2016-08-30 15:11:10,medium,True,False,1 commit
False,2016-08-30 19:14:38,lengthy,False,True,1 commit
False,2016-08-30 20:28:43,very short,True,False,1 commit
True,2016-08-31 03:09:51,very short,False,True,1 commit
False,2016-08-31 08:12:38,very short,True,False,1 commit
False,2016-08-31 14:21:21,very short,False,False,some commits
False,2016-09-01 05:20:47,very short,True,False,1 commit
False,2016-09-01 13:44:13,very short,True,False,1 commit
True,2016-09-01 18:09:24,very short,False,False,1 commit
False,2016-09-01 20:32:39,very short,True,False,1 commit
False,2016-09-02 01:50:36,very short,False,True,1 commit
False,2016-09-02 09:03:11,very short,False,False,some commits
True,2016-09-02 11:54:16,short,False,True,some commits
False,2016-09-02 16:13:13,very short,False,True,1 commit
False,2016-09-03 16:38:34,lengthy,True,False,some commits
True,2016-09-03 19:35:23,medium,True,False,1 commit
False,2016-09-03 21:09:29,short,True,False,1 commit
False,2016-09-05 08:22:30,very short,False,True,1 commit
False,2016-09-05 12:37:49,short,False,True,1 commit
False,2016-09-06 06:23:29,short,False,True,some commits
False,2016-09-06 09:41:51,medium,True,False,1 commit
False,2016-09-06 10:24:30,very short,True,False,1 commit
True,2016-09-06 17:33:07,very short,True,False,1 commit
False,2016-09-07 11:14:14,very short,False,True,1 commit
False,2016-09-07 11:44:44,very short,False,True,some commits
False,2016-09-08 16:00:14,very short,False,False,1 commit
False,2016-09-08 16:48:47,lengthy,False,False,1 commit
False,2016-09-10 09:34:53,medium,False,False,1 commit
False,2016-09-10 09:48:22,medium,True,False,1 commit
False,2016-09-11 06:59:50,lengthy,True,False,many commits
False,2016-09-11 09:28:34,lengthy,False,True,1 commit
False,2016-09-11 12:44:04,lengthy,False,True,1 commit
True,2016-09-12 01:52:34,very short,True,False,1 commit
True,2016-09-12 08:41:53,very short,False,True,1 commit
False,2016-09-12 14:21:02,short,True,False,some commits
False,2016-09-12 20:00:55,very short,True,False,1 commit
False,2016-09-12 20:41:44,short,False,False,1 commit
False,2016-09-13 04:05:12,medium,True,False,1 commit
False,2016-09-13 12:17:25,medium,True,False,1 commit
True,2016-09-13 14:51:01,very short,True,False,some commits
False,2016-09-13 20:41:02,short,True,False,1 commit
False,2016-09-14 11:09:34,lengthy,False,True,1 commit
False,2016-09-15 05:43:07,lengthy,True,False,many commits
False,2016-09-15 08:25:40,lengthy,True,False,many commits
False,2016-09-15 15:24:27,lengthy,False,True,some commits
False,2016-09-15 20:40:37,very short,False,True,1 commit
False,2016-09-16 05:54:08,lengthy,False,True,some commits
False,2016-09-16 09:15:59,very short,True,False,1 commit
False,2016-09-16 19:56:54,medium,False,False,1 commit
True,2016-09-17 01:21:34,very short,False,False,some commits
False,2016-09-17 17:20:24,very short,False,True,1 commit
True,2016-09-17 21:03:15,very short,True,False,1 commit
True,2016-09-18 08:21:22,short,True,False,1 commit
True,2016-09-18 14:44:59,very short,True,False,1 commit
False,2016-09-19 13:00:35,medium,False,True,1 commit
False,2016-09-19 13:33:14,medium,False,False,some commits
True,2016-09-19 13:54:01,lengthy,False,True,1 commit
False,2016-09-19 20:25:27,very short,True,False,1 commit
False,2016-09-20 03:33:02,medium,False,True,1 commit
False,2016-09-20 17:40:12,short,False,False,some commits
False,2016-09-21 10:37:27,very short,False,True,1 commit
False,2016-09-21 16:39:12,short,False,True,1 commit
False,2016-09-21 16:46:21,very short,False,True,1 commit
False,2016-09-22 06:20:59,very short,False,True,some commits
True,2016-09-22 15:28:38,medium,False,False,1 commit
False,2016-09-22 21:27:33,very short,True,False,1 commit
True,2016-09-22 21:32:54,very short,True,False,1 commit
True,2016-09-23 19:18:32,very short,True,False,1 commit
False,2016-09-25 23:04:27,short,False,True,some commits
True,2016-09-26 14:15:43,very short,False,True,1 commit
True,2016-09-26 17:10:34,very short,True,False,1 commit
True,2016-09-26 17:21:16,very short,True,False,1 commit
False,2016-09-27 01:58:20,lengthy,True,False,1 commit
False,2016-09-27 15:34:19,very short,False,True,many commits
True,2016-09-27 16:35:16,very short,False,True,1 commit
True,2016-09-27 18:40:07,very short,True,False,1 commit
True,2016-09-28 09:25:49,very short,True,False,1 commit
False,2016-09-28 16:29:55,medium,True,False,1 commit
True,2016-09-28 18:18:47,very short,False,True,1 commit
False,2016-09-29 14:28:32,short,False,False,1 commit
True,2016-09-29 15:50:09,very short,True,False,some commits
False,2016-09-29 17:22:50,medium,True,False,some commits
False,2016-09-29 19:07:32,short,True,False,1 commit
True,2016-09-29 23:09:14,very short,False,True,1 commit
True,2016-09-30 13:22:20,medium,False,True,some commits
False,2016-09-30 22:16:42,medium,True,False,1 commit
True,2016-10-02 15:34:34,medium,False,True,1 commit
True,2016-10-02 15:34:34,medium,False,True,1 commit
False,2016-10-02 18:16:54,lengthy,True,False,1 commit
True,2016-10-03 09:38:17,medium,True,False,1 commit
True,2016-10-03 23:52:58,very short,False,True,some commits
False,2016-10-04 03:03:45,very short,True,False,1 commit
True,2016-10-04 14:11:50,very short,True,False,1 commit
True,2016-10-04 14:15:36,very short,True,False,1 commit
False,2016-10-04 19:21:53,very short,True,False,1 commit
False,2016-10-05 16:03:50,very short,False,True,1 commit
False,2016-10-06 00:45:29,lengthy,False,False,many commits
False,2016-10-06 13:16:46,lengthy,False,True,1 commit
False,2016-10-06 17:05:08,lengthy,True,False,1 commit
False,2016-10-07 09:41:34,very short,True,False,1 commit
False,2016-10-07 10:05:40,very short,False,False,many commits
False,2016-10-07 11:03:32,lengthy,False,True,1 commit
False,2016-10-07 11:27:30,very short,False,True,some commits
True,2016-10-07 12:19:23,very short,True,False,1 commit
True,2016-10-07 18:02:13,medium,True,False,1 commit
False,2016-10-07 18:09:42,very short,False,True,1 commit
True,2016-10-07 20:14:01,medium,True,False,1 commit
False,2016-10-09 10:58:54,very short,False,True,1 commit
True,2016-10-10 07:38:38,lengthy,True,False,some commits
False,2016-10-10 12:09:54,lengthy,False,False,1 commit
False,2016-10-10 15:24:15,lengthy,True,False,1 commit
False,2016-10-11 04:27:04,medium,False,True,1 commit
False,2016-10-11 05:39:08,short,True,False,1 commit
True,2016-10-11 08:06:14,lengthy,True,False,1 commit
False,2016-10-12 22:05:54,very short,True,False,1 commit
True,2016-10-13 03:07:22,short,True,False,1 commit
False,2016-10-13 04:26:58,lengthy,False,True,1 commit
True,2016-10-13 12:57:56,lengthy,True,False,1 commit
False,2016-10-13 20:10:05,very short,False,True,1 commit
False,2016-10-14 00:07:08,very short,True,False,1 commit
False,2016-10-14 02:50:25,medium,True,False,1 commit
False,2016-10-14 10:19:14,very short,True,False,1 commit
False,2016-10-14 18:28:51,very short,False,True,1 commit
True,2016-10-15 02:56:05,short,True,False,1 commit
False,2016-10-15 16:36:22,lengthy,False,True,1 commit
False,2016-10-15 19:31:02,medium,True,False,1 commit
True,2016-10-17 09:22:17,very short,True,False,1 commit
False,2016-10-17 22:29:50,medium,False,True,1 commit
True,2016-10-19 06:37:34,very short,True,False,1 commit
False,2016-10-19 08:12:29,very short,False,True,1 commit
False,2016-10-19 09:37:17,medium,False,False,1 commit
False,2016-10-19 15:39:57,very short,False,True,some commits
False,2016-10-19 17:21:28,very short,False,True,1 commit
False,2016-10-20 12:55:00,very short,False,True,1 commit
True,2016-10-20 14:08:02,lengthy,True,False,some commits
False,2016-10-20 21:04:56,lengthy,False,False,1 commit
False,2016-10-21 09:43:56,lengthy,True,False,1 commit
True,2016-10-22 20:26:51,medium,True,False,1 commit
False,2016-10-23 11:56:39,lengthy,False,False,1 commit
False,2016-10-23 20:29:59,lengthy,True,False,1 commit
False,2016-10-23 20:46:42,medium,True,False,1 commit
False,2016-10-23 21:05:09,short,False,False,1 commit
True,2016-10-24 06:08:43,lengthy,True,False,some commits
True,2016-10-24 12:49:58,very short,True,False,1 commit
True,2016-10-24 15:54:18,lengthy,True,False,some commits
False,2016-10-24 21:42:20,very short,True,False,1 commit
False,2016-10-25 02:03:00,medium,True,False,1 commit
False,2016-10-25 11:28:59,medium,True,False,1 commit
True,2016-10-25 15:01:16,very short,True,False,1 commit
False,2016-10-25 15:02:02,very short,False,True,1 commit
False,2016-10-26 17:35:15,lengthy,False,True,many commits
True,2016-10-26 21:05:09,short,True,False,1 commit
True,2016-10-26 21:20:15,lengthy,False,True,1 commit
True,2016-10-27 06:27:20,lengthy,False,True,1 commit
True,2016-10-27 07:58:40,lengthy,True,False,1 commit
False,2016-10-27 08:14:42,short,True,False,1 commit
True,2016-10-27 12:46:47,very short,False,True,1 commit
False,2016-10-27 15:13:33,lengthy,False,True,1 commit
True,2016-10-27 18:15:38,lengthy,True,False,1 commit
True,2016-10-27 22:05:53,very short,False,True,1 commit
True,2016-10-28 13:42:34,very short,True,False,1 commit
True,2016-10-28 14:48:20,lengthy,True,False,1 commit
True,2016-10-28 17:26:51,lengthy,False,True,1 commit
False,2016-10-28 17:39:54,medium,False,True,1 commit
False,2016-10-28 17:43:48,lengthy,True,False,1 commit
False,2016-10-29 16:32:00,short,False,True,1 commit
False,2016-10-30 04:13:31,very short,False,True,1 commit
True,2016-10-30 21:23:24,very short,True,False,1 commit
False,2016-10-31 12:32:23,very short,False,False,1 commit
True,2016-10-31 19:01:45,very short,True,False,1 commit
True,2016-10-31 20:22:48,medium,True,False,1 commit
False,2016-11-01 13:50:52,lengthy,False,False,1 commit
False,2016-11-01 21:22:06,medium,False,True,some commits
True,2016-11-02 06:32:42,lengthy,True,False,1 commit
False,2016-11-02 13:49:54,medium,True,False,some commits
True,2016-11-02 14:07:38,medium,True,False,1 commit
True,2016-11-02 21:16:27,very short,True,False,1 commit
True,2016-11-03 19:14:41,very short,False,True,1 commit
True,2016-11-04 14:43:54,very short,False,True,1 commit
False,2016-11-04 18:29:04,medium,False,True,1 commit
True,2016-11-04 20:29:13,lengthy,False,False,1 commit
True,2016-11-04 22:36:40,short,False,True,1 commit
True,2016-11-05 10:10:18,medium,True,False,1 commit
True,2016-11-05 11:44:33,medium,False,True,1 commit
True,2016-11-05 11:48:45,medium,True,False,1 commit
False,2016-11-05 11:52:17,very short,False,True,1 commit
False,2016-11-05 11:53:57,medium,False,False,some commits
True,2016-11-05 11:58:16,very short,True,False,1 commit
True,2016-11-05 12:03:08,very short,True,False,1 commit
True,2016-11-05 12:20:00,lengthy,False,True,1 commit
True,2016-11-05 12:40:10,lengthy,True,False,1 commit
False,2016-11-05 12:48:45,lengthy,True,False,1 commit
False,2016-11-05 12:52:12,lengthy,True,False,1 commit
False,2016-11-05 13:05:17,very short,False,False,1 commit
False,2016-11-05 13:06:45,lengthy,False,True,1 commit
False,2016-11-05 13:09:56,medium,False,True,many commits
False,2016-11-05 13:23:01,lengthy,True,False,1 commit
False,2016-11-05 13:41:26,lengthy,False,True,some commits
False,2016-11-05 13:42:47,lengthy,False,True,some commits
True,2016-11-05 13:42:48,very short,True,False,1 commit
True,2016-11-05 13:57:28,lengthy,False,True,some commits
True,2016-11-05 13:58:12,lengthy,False,True,1 commit
True,2016-11-05 14:03:13,lengthy,True,False,1 commit
False,2016-11-05 14:22:31,lengthy,False,True,1 commit
False,2016-11-05 14:56:26,lengthy,False,True,1 commit
False,2016-11-05 15:02:23,lengthy,False,True,1 commit
False,2016-11-05 15:09:12,lengthy,False,True,some commits
True,2016-11-05 15:16:43,medium,True,False,some commits
True,2016-11-05 15:28:47,lengthy,False,False,1 commit
False,2016-11-05 15:31:06,medium,False,True,1 commit
False,2016-11-05 15:39:08,lengthy,False,True,some commits
False,2016-11-05 15:53:33,lengthy,False,False,1 commit
False,2016-11-05 15:57:25,lengthy,True,False,some commits
False,2016-11-05 16:16:34,very short,False,True,1 commit
True,2016-11-05 16:23:44,lengthy,False,True,many commits
False,2016-11-05 16:28:20,lengthy,True,False,1 commit
False,2016-11-05 16:29:13,lengthy,False,True,1 commit
False,2016-11-05 16:50:09,lengthy,False,True,many commits
True,2016-11-05 17:37:47,medium,True,False,1 commit
False,2016-11-05 21:57:20,medium,False,True,1 commit
False,2016-11-05 23:52:22,very short,False,False,1 commit
False,2016-11-06 09:34:19,lengthy,False,False,1 commit
True,2016-11-06 10:06:34,very short,True,False,1 commit
True,2016-11-06 10:39:33,lengthy,False,False,some commits
True,2016-11-06 10:58:19,very short,True,False,1 commit
False,2016-11-06 11:29:32,lengthy,False,False,1 commit
True,2016-11-06 12:06:10,lengthy,False,False,1 commit
True,2016-11-06 12:53:33,medium,True,False,some commits
True,2016-11-06 12:56:31,lengthy,False,True,1 commit
False,2016-11-06 12:57:04,lengthy,True,False,1 commit
True,2016-11-06 13:02:22,very short,True,False,1 commit
False,2016-11-07 08:49:23,medium,False,False,1 commit
True,2016-11-07 22:48:46,lengthy,True,False,1 commit
True,2016-11-08 17:27:19,very short,False,True,1 commit
True,2016-11-08 18:16:33,very short,True,False,1 commit
True,2016-11-09 10:41:00,lengthy,True,False,1 commit
True,2016-11-10 03:29:50,lengthy,True,False,1 commit
False,2016-11-10 16:11:06,lengthy,False,True,1 commit
True,2016-11-10 22:04:44,short,False,True,1 commit
True,2016-11-11 07:09:24,very short,True,False,1 commit
True,2016-11-11 10:29:36,very short,True,False,1 commit
False,2016-11-11 16:37:56,lengthy,True,False,some commits
True,2016-11-11 17:35:13,very short,False,True,1 commit
True,2016-11-12 05:50:17,short,False,False,1 commit
True,2016-11-12 12:41:17,very short,True,False,1 commit
False,2016-11-12 19:10:28,lengthy,True,False,some commits
False,2016-11-12 22:32:48,short,False,False,1 commit
False,2016-11-13 17:49:51,lengthy,True,False,1 commit
True,2016-11-13 17:58:54,short,True,False,1 commit
False,2016-11-14 09:22:04,short,True,False,1 commit
False,2016-11-14 12:30:49,lengthy,True,False,1 commit
True,2016-11-14 20:31:29,very short,True,False,1 commit
True,2016-11-15 04:36:20,very short,True,False,1 commit
False,2016-11-15 11:57:58,short,True,False,1 commit
False,2016-11-15 17:01:11,very short,True,False,1 commit
True,2016-11-15 20:22:51,lengthy,True,False,1 commit
True,2016-11-15 23:44:33,very short,False,True,1 commit
True,2016-11-16 13:26:28,lengthy,False,False,1 commit
False,2016-11-16 15:50:27,medium,True,False,some commits
True,2016-11-16 17:27:48,lengthy,True,False,1 commit
True,2016-11-16 21:19:37,very short,True,False,some commits
True,2016-11-17 10:13:15,medium,True,False,1 commit
False,2016-11-17 10:16:07,very short,False,True,some commits
True,2016-11-17 14:09:30,very short,True,False,1 commit
False,2016-11-17 14:26:32,very short,False,True,1 commit
True,2016-11-18 02:53:47,medium,True,False,1 commit
False,2016-11-18 11:32:12,short,True,False,some commits
True,2016-11-18 16:01:39,medium,False,True,1 commit
True,2016-11-18 22:07:58,lengthy,False,True,some commits
False,2016-11-18 23:00:53,lengthy,False,True,some commits
True,2016-11-20 13:27:59,very short,True,False,1 commit
True,2016-11-20 13:38:13,short,True,False,1 commit
True,2016-11-20 14:28:18,very short,True,False,1 commit
False,2016-11-20 18:07:51,short,True,False,1 commit
True,2016-11-20 18:15:17,very short,True,False,1 commit
False,2016-11-20 18:29:34,short,True,False,some commits
True,2016-11-20 18:53:15,very short,True,False,1 commit
True,2016-11-21 01:47:21,lengthy,True,False,1 commit
True,2016-11-21 11:52:28,short,False,True,some commits
False,2016-11-21 15:02:11,lengthy,True,False,some commits
False,2016-11-21 15:43:52,very short,False,True,some commits
True,2016-11-21 17:53:00,very short,True,False,1 commit
False,2016-11-22 05:48:39,medium,False,True,some commits
False,2016-11-22 11:57:38,very short,True,False,1 commit
False,2016-11-22 12:48:18,lengthy,False,False,1 commit
True,2016-11-22 16:14:28,lengthy,False,False,1 commit
False,2016-11-22 17:06:24,very short,False,True,1 commit
True,2016-11-22 19:57:03,lengthy,True,False,1 commit
True,2016-11-23 09:37:29,very short,True,False,1 commit
True,2016-11-23 15:39:36,lengthy,True,False,1 commit
True,2016-11-23 19:07:46,very short,True,False,1 commit
False,2016-11-23 21:53:39,lengthy,False,True,some commits
False,2016-11-23 22:04:49,short,True,False,1 commit
True,2016-11-23 22:19:07,lengthy,True,False,1 commit
True,2016-11-23 22:41:06,very short,True,False,1 commit
True,2016-11-23 22:56:26,medium,True,False,1 commit
True,2016-11-24 02:52:15,very short,True,False,1 commit
True,2016-11-24 06:43:48,very short,False,True,some commits
True,2016-11-24 09:51:48,lengthy,True,False,1 commit
True,2016-11-24 10:16:06,lengthy,True,False,1 commit
False,2016-11-24 12:43:09,very short,False,True,1 commit
False,2016-11-24 13:19:37,very short,True,False,1 commit
False,2016-11-24 17:18:39,very short,False,True,many commits
True,2016-11-24 18:24:58,lengthy,False,False,1 commit
True,2016-11-24 18:58:15,very short,False,True,1 commit
True,2016-11-24 21:58:07,very short,True,False,1 commit
True,2016-11-25 23:02:27,lengthy,False,False,1 commit
False,2016-11-26 19:18:22,medium,True,False,1 commit
False,2016-11-26 23:06:00,short,False,False,1 commit
True,2016-11-27 18:12:56,lengthy,True,False,1 commit
True,2016-11-27 19:45:49,short,True,False,1 commit
False,2016-11-28 03:59:46,very short,False,True,1 commit
False,2016-11-28 21:08:14,very short,True,False,1 commit
True,2016-11-28 21:16:33,very short,True,False,1 commit
True,2016-11-29 05:23:09,short,True,False,1 commit
True,2016-11-29 06:01:05,short,False,True,some commits
True,2016-11-29 10:40:13,very short,True,False,1 commit
True,2016-11-29 13:05:30,very short,True,False,1 commit
True,2016-11-29 18:34:02,very short,True,False,1 commit
True,2016-11-29 19:06:00,very short,True,False,1 commit
True,2016-11-29 19:34:48,short,False,False,1 commit
True,2016-11-29 21:55:25,very short,True,False,1 commit
True,2016-11-30 09:01:34,very short,True,False,1 commit
True,2016-11-30 09:13:09,very short,True,False,1 commit
True,2016-11-30 10:54:15,very short,True,False,1 commit
False,2016-11-30 14:03:06,very short,False,True,some commits
False,2016-11-30 14:19:08,very short,True,False,1 commit
False,2016-11-30 21:06:15,lengthy,False,True,many commits
True,2016-12-01 15:59:46,very short,False,False,1 commit
False,2016-12-01 16:10:02,very short,False,False,1 commit
True,2016-12-01 21:50:16,short,True,False,1 commit
True,2016-12-02 08:55:55,medium,True,False,some commits
False,2016-12-02 19:12:31,medium,False,True,some commits
False,2016-12-03 00:05:43,medium,False,True,1 commit
True,2016-12-03 18:59:39,short,True,False,1 commit
True,2016-12-05 15:23:43,very short,True,False,1 commit
True,2016-12-05 15:40:05,very short,True,False,1 commit
True,2016-12-05 16:42:39,very short,True,False,1 commit
True,2016-12-06 06:52:49,medium,True,False,1 commit
True,2016-12-06 09:08:02,medium,True,False,1 commit
False,2016-12-07 21:00:12,lengthy,False,False,1 commit
True,2016-12-08 12:23:03,very short,True,False,1 commit
True,2016-12-08 12:31:23,very short,False,True,1 commit
True,2016-12-09 00:42:19,medium,False,False,1 commit
True,2016-12-09 09:24:51,very short,True,False,1 commit
True,2016-12-09 09:44:39,lengthy,True,False,1 commit
True,2016-12-09 15:03:07,medium,False,False,1 commit
True,2016-12-09 19:40:09,medium,True,False,1 commit
False,2016-12-09 23:10:49,lengthy,False,True,1 commit
True,2016-12-10 09:24:33,lengthy,True,False,1 commit
True,2016-12-10 14:07:39,lengthy,False,True,1 commit
True,2016-12-10 17:57:17,short,True,False,1 commit
True,2016-12-10 18:09:02,lengthy,True,False,1 commit
False,2016-12-11 12:53:10,short,False,True,some commits
False,2016-12-12 06:00:29,medium,False,True,1 commit
False,2016-12-13 00:40:32,medium,True,False,many commits
True,2016-12-13 03:28:06,lengthy,True,False,1 commit
True,2016-12-13 14:16:54,lengthy,False,True,1 commit
True,2016-12-14 02:38:04,medium,True,False,1 commit
True,2016-12-14 14:03:48,short,True,False,1 commit
False,2016-12-14 15:15:16,medium,False,True,1 commit
True,2016-12-14 16:00:03,very short,False,False,1 commit
True,2016-12-14 16:55:34,very short,False,True,1 commit
True,2016-12-14 22:03:12,very short,False,False,1 commit
True,2016-12-15 17:00:37,very short,True,False,1 commit
False,2016-12-15 17:18:50,very short,True,False,1 commit
True,2016-12-16 03:40:25,very short,True,False,1 commit
True,2016-12-16 20:55:23,very short,True,False,1 commit
False,2016-12-17 05:31:16,lengthy,True,False,1 commit
False,2016-12-17 09:47:33,very short,True,False,1 commit
True,2016-12-17 09:55:10,very short,True,False,1 commit
False,2016-12-17 15:39:42,short,False,True,1 commit
True,2016-12-18 04:45:13,short,True,False,1 commit
True,2016-12-18 15:01:20,lengthy,True,False,1 commit
False,2016-12-19 11:31:29,very short,True,False,1 commit
True,2016-12-19 12:36:49,short,True,False,1 commit
True,2016-12-19 20:42:56,very short,True,False,1 commit
False,2016-12-20 02:38:55,short,False,False,1 commit
True,2016-12-20 20:30:07,medium,True,False,1 commit
True,2016-12-22 02:01:41,lengthy,False,True,1 commit
True,2016-12-22 19:30:30,short,False,False,1 commit
True,2016-12-22 20:25:03,lengthy,True,False,1 commit
True,2016-12-22 20:40:39,very short,True,False,1 commit
True,2016-12-22 22:12:15,very short,True,False,1 commit
True,2016-12-22 22:18:44,lengthy,True,False,some commits
True,2016-12-22 22:21:57,very short,True,False,1 commit
True,2016-12-22 22:54:54,very short,True,False,1 commit
True,2016-12-22 23:09:48,very short,True,False,1 commit
True,2016-12-23 14:43:10,very short,True,False,1 commit
False,2016-12-24 02:20:22,lengthy,False,True,1 commit
False,2016-12-24 12:29:46,medium,False,True,1 commit
False,2016-12-24 13:42:16,medium,True,False,1 commit
False,2016-12-25 09:20:24,short,False,True,1 commit
False,2016-12-25 13:00:42,lengthy,True,False,1 commit
False,2016-12-25 21:17:55,lengthy,True,False,1 commit
True,2016-12-26 10:21:21,short,False,False,1 commit
True,2016-12-26 13:34:03,short,True,False,1 commit
False,2016-12-26 14:01:25,lengthy,False,True,1 commit
True,2016-12-27 04:31:26,very short,False,True,1 commit
False,2016-12-27 12:32:10,very short,True,False,1 commit
True,2016-12-27 15:48:12,very short,False,True,1 commit
True,2016-12-28 20:17:25,very short,True,False,1 commit
True,2016-12-28 20:48:36,very short,True,False,1 commit
False,2016-12-28 21:09:46,very short,True,False,1 commit
False,2016-12-28 21:19:16,very short,True,False,1 commit
True,2016-12-28 21:27:01,very short,True,False,1 commit
False,2016-12-28 21:58:47,lengthy,True,False,many commits
True,2016-12-28 22:48:09,very short,True,False,1 commit
False,2016-12-29 09:13:33,very short,False,True,many commits
False,2016-12-29 10:54:26,short,True,False,1 commit
True,2016-12-29 16:16:33,lengthy,True,False,1 commit
True,2016-12-29 20:37:48,lengthy,True,False,1 commit
False,2016-12-30 04:00:47,very short,False,True,some commits
True,2016-12-30 09:26:55,medium,False,True,1 commit
False,2016-12-30 10:49:41,medium,True,False,1 commit
True,2016-12-30 11:04:00,medium,False,True,1 commit
True,2016-12-31 22:19:36,short,True,False,1 commit
False,2017-01-01 14:06:45,short,True,False,1 commit
False,2017-01-01 14:16:49,medium,True,False,1 commit
False,2017-01-02 05:00:18,lengthy,False,True,some commits
False,2017-01-02 18:33:39,lengthy,True,False,1 commit
False,2017-01-02 19:34:31,short,False,True,some commits
True,2017-01-02 21:56:26,medium,True,False,some commits
True,2017-01-02 22:54:50,lengthy,False,True,1 commit
False,2017-01-03 12:51:06,very short,True,False,1 commit
False,2017-01-03 15:46:09,short,True,False,1 commit
True,2017-01-03 16:41:27,very short,True,False,1 commit
False,2017-01-04 20:08:32,very short,False,True,some commits
True,2017-01-04 23:39:33,lengthy,True,False,1 commit
True,2017-01-05 09:41:51,medium,True,False,1 commit
True,2017-01-05 14:50:22,short,True,False,1 commit
True,2017-01-05 19:25:27,lengthy,True,False,1 commit
True,2017-01-05 20:32:44,very short,False,True,1 commit
True,2017-01-05 22:11:05,lengthy,True,False,1 commit
False,2017-01-06 04:44:42,very short,True,False,some commits
False,2017-01-06 14:12:20,lengthy,False,True,1 commit
False,2017-01-06 14:40:04,lengthy,False,False,many commits
False,2017-01-06 20:07:21,lengthy,True,False,1 commit
True,2017-01-07 17:55:05,very short,True,False,1 commit
False,2017-01-08 03:38:09,very short,True,False,1 commit
False,2017-01-08 05:43:42,lengthy,True,False,some commits
True,2017-01-09 11:22:11,lengthy,True,False,1 commit
True,2017-01-09 11:56:24,medium,False,True,1 commit
True,2017-01-09 12:54:26,very short,True,False,1 commit
False,2017-01-09 13:53:26,very short,False,True,1 commit
False,2017-01-09 14:18:45,very short,False,False,many commits
True,2017-01-09 14:37:57,very short,True,False,1 commit
True,2017-01-09 14:42:54,very short,True,False,1 commit
True,2017-01-09 17:29:23,lengthy,True,False,1 commit
False,2017-01-09 19:48:23,very short,False,False,some commits
False,2017-01-09 22:42:20,medium,False,False,many commits
False,2017-01-10 00:53:35,lengthy,True,False,some commits
False,2017-01-10 11:48:43,very short,True,False,1 commit
True,2017-01-10 13:50:17,short,True,False,1 commit
False,2017-01-10 14:23:36,very short,True,False,1 commit
True,2017-01-10 14:37:15,very short,True,False,1 commit
True,2017-01-10 18:16:12,lengthy,False,True,1 commit
True,2017-01-10 20:23:31,very short,False,False,1 commit
True,2017-01-10 21:49:00,short,True,False,1 commit
True,2017-01-11 09:50:49,short,True,False,1 commit
True,2017-01-11 18:28:27,lengthy,True,False,1 commit
True,2017-01-11 21:59:28,very short,True,False,1 commit
False,2017-01-12 13:20:45,lengthy,True,False,1 commit
True,2017-01-12 17:16:47,very short,True,False,1 commit
False,2017-01-12 18:37:53,lengthy,True,False,1 commit
False,2017-01-13 12:00:04,lengthy,True,False,1 commit
False,2017-01-13 23:43:30,very short,True,False,1 commit
True,2017-01-14 04:57:38,very short,True,False,1 commit
False,2017-01-14 10:38:48,very short,True,False,1 commit
True,2017-01-14 12:17:30,short,True,False,1 commit
False,2017-01-14 15:27:19,lengthy,True,False,some commits
False,2017-01-16 04:12:08,very short,False,True,some commits
True,2017-01-16 09:46:03,very short,True,False,1 commit
True,2017-01-16 10:28:01,very short,True,False,1 commit
False,2017-01-16 12:20:41,very short,False,True,1 commit
True,2017-01-16 14:53:12,lengthy,False,False,1 commit
False,2017-01-16 17:32:16,very short,True,False,1 commit
True,2017-01-16 19:21:33,very short,True,False,1 commit
False,2017-01-17 13:48:27,very short,False,False,1 commit
False,2017-01-17 14:58:35,very short,False,False,1 commit
True,2017-01-17 21:33:20,medium,False,False,1 commit
False,2017-01-18 00:15:40,very short,False,True,1 commit
False,2017-01-18 09:37:09,very short,True,False,1 commit
True,2017-01-18 12:06:05,short,True,False,1 commit
False,2017-01-18 16:57:55,lengthy,True,False,1 commit
False,2017-01-18 19:34:00,short,True,False,1 commit
True,2017-01-18 20:36:57,very short,True,False,some commits
True,2017-01-18 22:30:57,short,True,False,1 commit
True,2017-01-19 04:55:34,very short,True,False,1 commit
True,2017-01-19 10:01:49,very short,False,False,1 commit
False,2017-01-19 10:47:09,lengthy,True,False,1 commit
True,2017-01-19 13:08:04,very short,False,True,1 commit
False,2017-01-19 13:32:00,very short,False,False,1 commit
True,2017-01-19 14:34:46,short,True,False,1 commit
True,2017-01-19 18:20:07,very short,False,True,1 commit
False,2017-01-19 18:42:22,very short,False,False,1 commit
False,2017-01-19 18:54:06,very short,False,False,1 commit
False,2017-01-19 20:59:05,short,True,False,1 commit
False,2017-01-19 21:06:05,lengthy,True,False,1 commit
True,2017-01-20 02:15:43,very short,True,False,1 commit
True,2017-01-20 03:39:13,very short,True,False,1 commit
True,2017-01-20 05:15:43,medium,True,False,1 commit
False,2017-01-20 10:08:11,lengthy,True,False,1 commit
True,2017-01-20 11:37:29,short,False,True,1 commit
True,2017-01-21 13:36:00,short,False,True,1 commit
True,2017-01-21 22:50:33,medium,True,False,1 commit
True,2017-01-22 02:14:04,short,True,False,1 commit
False,2017-01-22 03:36:36,lengthy,False,False,some commits
False,2017-01-22 06:07:52,short,True,False,1 commit
True,2017-01-22 12:06:09,medium,True,False,1 commit
True,2017-01-22 15:12:43,medium,False,True,1 commit
True,2017-01-22 17:27:56,medium,True,False,1 commit
True,2017-01-22 18:34:10,very short,True,False,1 commit
True,2017-01-23 00:07:56,very short,True,False,1 commit
True,2017-01-23 01:27:51,very short,True,False,1 commit
True,2017-01-23 01:52:03,very short,True,False,1 commit
False,2017-01-23 03:49:45,very short,True,False,1 commit
True,2017-01-23 11:31:09,short,True,False,1 commit
False,2017-01-23 15:46:01,lengthy,False,True,1 commit
True,2017-01-25 10:00:25,very short,True,False,1 commit
True,2017-01-25 15:40:47,very short,False,False,1 commit
False,2017-01-25 20:33:11,very short,False,False,1 commit
False,2017-01-26 02:52:58,medium,False,False,some commits
True,2017-01-26 08:34:11,short,True,False,1 commit
True,2017-01-26 08:44:58,lengthy,True,False,1 commit
False,2017-01-26 15:45:06,medium,False,False,1 commit
True,2017-01-26 19:26:51,very short,True,False,1 commit
False,2017-01-26 20:09:15,very short,True,False,1 commit
False,2017-01-26 20:15:26,lengthy,False,True,1 commit
False,2017-01-26 22:19:46,very short,True,False,1 commit
True,2017-01-26 22:59:04,very short,True,False,1 commit
False,2017-01-27 02:23:56,lengthy,False,True,many commits
True,2017-01-27 09:45:05,medium,True,False,some commits
True,2017-01-27 11:39:00,short,False,True,1 commit
False,2017-01-27 13:02:43,very short,True,False,1 commit
False,2017-01-27 16:48:41,very short,True,False,1 commit
True,2017-01-27 16:50:07,very short,True,False,1 commit
False,2017-01-27 18:50:22,very short,True,False,1 commit
True,2017-01-27 19:25:26,medium,True,False,some commits
True,2017-01-28 04:40:36,very short,True,False,1 commit
True,2017-01-28 09:04:42,short,True,False,1 commit
True,2017-01-28 19:12:11,short,True,False,1 commit
True,2017-01-28 22:47:48,medium,True,False,1 commit
False,2017-01-29 07:50:56,very short,False,True,many commits
False,2017-01-29 12:14:52,short,True,False,some commits
False,2017-01-29 20:02:02,very short,True,False,1 commit
True,2017-01-29 20:31:36,short,True,False,1 commit
False,2017-01-30 16:36:08,lengthy,True,False,1 commit
False,2017-01-30 16:41:36,lengthy,True,False,1 commit
False,2017-01-30 18:00:09,lengthy,True,False,1 commit
False,2017-01-30 19:51:09,lengthy,False,True,some commits
True,2017-01-31 00:09:07,very short,True,False,1 commit
True,2017-01-31 04:05:04,lengthy,True,False,many commits
True,2017-01-31 10:01:07,lengthy,False,True,1 commit
False,2017-01-31 14:50:47,very short,True,False,1 commit
True,2017-01-31 21:22:31,very short,True,False,1 commit
False,2017-02-01 13:54:53,medium,True,False,1 commit
False,2017-02-02 09:29:18,very short,True,False,1 commit
False,2017-02-02 11:10:37,very short,False,True,1 commit
False,2017-02-02 12:58:54,very short,False,True,some commits
False,2017-02-02 13:06:05,medium,True,False,1 commit
True,2017-02-02 18:39:43,medium,True,False,1 commit
False,2017-02-03 06:33:35,medium,False,True,1 commit
False,2017-02-03 14:41:00,medium,False,True,1 commit
True,2017-02-03 18:51:01,very short,True,False,1 commit
True,2017-02-04 22:10:35,lengthy,False,False,1 commit
False,2017-02-06 11:07:46,very short,True,False,1 commit
True,2017-02-06 12:37:20,very short,True,False,1 commit
True,2017-02-06 14:12:11,lengthy,True,False,1 commit
True,2017-02-07 07:58:36,very short,False,True,1 commit
True,2017-02-07 09:21:59,very short,False,True,1 commit
True,2017-02-07 15:41:26,lengthy,True,False,1 commit
False,2017-02-08 08:08:07,short,False,True,1 commit
True,2017-02-08 18:35:33,lengthy,False,False,1 commit
False,2017-02-08 21:24:46,very short,True,False,1 commit
True,2017-02-09 07:41:48,very short,True,False,1 commit
True,2017-02-09 19:02:15,short,True,False,1 commit
True,2017-02-10 08:32:27,medium,False,False,1 commit
False,2017-02-10 14:32:06,lengthy,False,True,1 commit
True,2017-02-10 16:26:30,very short,False,False,some commits
True,2017-02-11 20:49:09,lengthy,True,False,1 commit
True,2017-02-12 11:12:55,short,True,False,1 commit
False,2017-02-12 18:21:33,lengthy,True,False,many commits
True,2017-02-12 18:24:02,medium,True,False,1 commit
True,2017-02-14 09:24:43,lengthy,False,True,1 commit
True,2017-02-14 16:38:22,very short,True,False,1 commit
True,2017-02-15 09:37:28,lengthy,False,True,1 commit
True,2017-02-15 11:32:24,short,True,False,1 commit
True,2017-02-15 13:08:44,very short,False,False,1 commit
True,2017-02-15 14:02:30,lengthy,True,False,1 commit
False,2017-02-15 23:07:41,very short,True,False,1 commit
True,2017-02-16 17:45:00,very short,True,False,1 commit
True,2017-02-16 20:19:20,medium,True,False,1 commit
True,2017-02-17 06:32:32,medium,False,False,1 commit
False,2017-02-17 16:37:36,very short,False,True,1 commit
False,2017-02-17 23:28:42,very short,True,False,1 commit
True,2017-02-18 00:39:37,medium,True,False,1 commit
False,2017-02-18 05:22:20,very short,False,True,1 commit
False,2017-02-18 08:55:39,lengthy,True,False,some commits
True,2017-02-18 16:06:48,lengthy,True,False,1 commit
False,2017-02-19 12:12:18,very short,True,False,1 commit
False,2017-02-20 06:37:08,very short,False,True,1 commit
True,2017-02-20 14:54:24,lengthy,False,True,1 commit
True,2017-02-20 18:57:24,short,True,False,some commits
True,2017-02-21 06:45:57,lengthy,True,False,1 commit
True,2017-02-21 16:19:23,very short,False,True,some commits
False,2017-02-21 16:54:50,very short,True,False,1 commit
True,2017-02-21 19:58:02,very short,True,False,1 commit
False,2017-02-21 20:32:33,very short,True,False,1 commit
True,2017-02-21 20:32:46,medium,True,False,1 commit
True,2017-02-22 13:12:24,very short,False,False,1 commit
True,2017-02-22 14:46:34,short,True,False,1 commit
False,2017-02-22 19:21:15,short,True,False,some commits
True,2017-02-22 21:15:09,short,False,True,1 commit
True,2017-02-23 01:25:04,short,True,False,1 commit
True,2017-02-23 03:15:58,short,True,False,1 commit
True,2017-02-23 16:01:05,very short,True,False,1 commit
False,2017-02-23 17:43:41,very short,False,True,many commits
True,2017-02-23 21:05:40,very short,True,False,1 commit
False,2017-02-23 21:38:17,lengthy,False,False,some commits
True,2017-02-24 05:40:41,very short,True,False,1 commit
True,2017-02-24 12:59:40,very short,False,False,1 commit
False,2017-02-24 21:37:11,lengthy,True,False,1 commit
False,2017-02-25 02:27:06,lengthy,True,False,1 commit
True,2017-02-25 06:51:24,short,True,False,1 commit
True,2017-02-25 10:43:05,medium,True,False,1 commit
True,2017-02-25 12:05:22,lengthy,True,False,1 commit
False,2017-02-26 06:10:56,lengthy,False,True,many commits
True,2017-02-27 09:30:20,lengthy,True,False,1 commit
True,2017-02-27 17:21:02,lengthy,False,True,1 commit
True,2017-02-28 01:06:27,lengthy,True,False,1 commit
False,2017-02-28 06:37:22,very short,True,False,some commits
True,2017-02-28 19:10:37,short,False,True,1 commit
True,2017-02-28 19:21:42,lengthy,True,False,1 commit
True,2017-02-28 22:42:24,very short,True,False,1 commit
True,2017-03-01 13:55:54,very short,True,False,1 commit
True,2017-03-01 18:52:13,very short,False,False,1 commit
True,2017-03-01 22:47:19,very short,True,False,1 commit
True,2017-03-02 00:10:08,medium,True,False,1 commit
False,2017-03-02 03:56:52,very short,True,False,some commits
True,2017-03-02 06:13:24,short,True,False,1 commit
False,2017-03-02 13:09:32,lengthy,False,True,some commits
False,2017-03-02 13:50:37,lengthy,True,False,many commits
True,2017-03-02 14:54:52,medium,False,False,1 commit
False,2017-03-03 18:02:26,medium,False,True,1 commit
True,2017-03-04 04:02:35,lengthy,True,False,some commits
False,2017-03-04 13:03:48,very short,False,True,1 commit
False,2017-03-04 19:11:11,very short,True,False,1 commit
True,2017-03-05 17:45:33,medium,True,False,1 commit
True,2017-03-05 18:28:26,medium,True,False,1 commit
True,2017-03-07 03:25:36,very short,False,False,1 commit
True,2017-03-07 13:09:29,short,True,False,1 commit
False,2017-03-07 13:48:57,lengthy,True,False,some commits
True,2017-03-07 21:13:54,lengthy,True,False,1 commit
False,2017-03-08 13:12:42,lengthy,False,True,1 commit
True,2017-03-08 15:47:50,very short,True,False,1 commit
True,2017-03-09 02:11:21,very short,False,True,1 commit
False,2017-03-09 15:24:08,lengthy,True,False,some commits
True,2017-03-10 00:05:21,lengthy,True,False,1 commit
True,2017-03-11 07:13:50,medium,False,True,1 commit
False,2017-03-12 08:06:57,short,True,False,1 commit
False,2017-03-12 14:28:20,very short,False,True,many commits
True,2017-03-12 21:38:02,lengthy,False,True,1 commit
True,2017-03-13 14:14:48,medium,True,False,1 commit
False,2017-03-13 16:52:31,very short,True,False,1 commit
True,2017-03-13 19:24:06,very short,True,False,1 commit
True,2017-03-14 01:15:31,very short,True,False,1 commit
False,2017-03-14 12:29:55,very short,True,False,1 commit
True,2017-03-14 12:35:15,very short,True,False,1 commit
True,2017-03-14 12:59:09,lengthy,True,False,some commits
True,2017-03-14 21:37:19,short,True,False,1 commit
True,2017-03-15 10:01:59,very short,False,True,some commits
True,2017-03-15 19:30:27,very short,False,True,1 commit
True,2017-03-16 05:52:18,very short,True,False,1 commit
True,2017-03-16 07:23:30,very short,True,False,1 commit
False,2017-03-16 11:50:41,very short,False,True,1 commit
True,2017-03-16 13:53:22,very short,True,False,1 commit
True,2017-03-16 14:54:26,very short,True,False,1 commit
False,2017-03-16 15:40:11,lengthy,True,False,some commits
True,2017-03-16 17:49:13,very short,True,False,1 commit
True,2017-03-17 07:21:29,very short,True,False,1 commit
True,2017-03-17 09:41:23,very short,True,False,1 commit
False,2017-03-17 14:32:50,medium,True,False,1 commit
True,2017-03-17 16:24:34,lengthy,True,False,1 commit
True,2017-03-17 17:03:24,medium,False,True,some commits
True,2017-03-17 18:56:26,very short,True,False,some commits
True,2017-03-17 19:10:48,short,False,False,1 commit
False,2017-03-17 19:13:35,short,False,True,some commits
True,2017-03-17 19:27:12,lengthy,True,False,1 commit
True,2017-03-17 20:21:17,short,False,False,1 commit
True,2017-03-18 20:05:38,short,True,False,1 commit
True,2017-03-18 20:08:43,short,True,False,1 commit
True,2017-03-18 21:02:41,short,True,False,1 commit
True,2017-03-19 17:48:21,very short,True,False,1 commit
True,2017-03-20 07:12:55,medium,True,False,1 commit
True,2017-03-20 12:29:31,short,True,True,1 commit
True,2017-03-20 16:15:18,short,True,False,1 commit
False,2017-03-20 17:30:06,lengthy,False,True,some commits
True,2017-03-20 18:52:47,very short,True,False,1 commit
True,2017-03-20 19:38:55,very short,True,False,1 commit
True,2017-03-21 01:41:07,very short,True,False,1 commit
False,2017-03-21 04:40:29,very short,True,False,some commits
True,2017-03-21 14:55:56,very short,True,False,1 commit
False,2017-03-21 15:07:42,lengthy,True,False,1 commit
True,2017-03-21 23:46:22,short,False,True,1 commit
True,2017-03-22 02:49:50,medium,True,False,1 commit
True,2017-03-22 04:17:06,very short,True,False,1 commit
False,2017-03-22 05:41:23,very short,True,False,1 commit
True,2017-03-22 16:09:06,lengthy,False,True,1 commit
True,2017-03-22 17:57:12,very short,True,False,1 commit
True,2017-03-22 20:02:22,very short,False,False,1 commit
True,2017-03-23 04:10:00,very short,True,False,1 commit
False,2017-03-23 09:55:36,lengthy,True,False,many commits
True,2017-03-23 13:16:04,lengthy,True,False,1 commit
True,2017-03-23 16:32:38,very short,True,False,1 commit
True,2017-03-23 18:28:39,very short,True,False,1 commit
True,2017-03-23 18:36:25,medium,True,False,1 commit
True,2017-03-24 05:03:00,medium,True,False,1 commit
False,2017-03-24 07:16:41,lengthy,True,False,many commits
True,2017-03-24 17:16:29,medium,True,False,1 commit
True,2017-03-24 22:04:07,medium,True,False,1 commit
True,2017-03-25 15:21:17,very short,True,False,1 commit
True,2017-03-25 16:49:42,very short,True,False,1 commit
True,2017-03-25 17:42:05,short,True,False,1 commit
True,2017-03-25 18:04:34,very short,False,True,1 commit
True,2017-03-25 19:45:34,short,True,False,1 commit
True,2017-03-26 18:33:00,short,True,False,1 commit
True,2017-03-26 19:32:21,lengthy,True,False,1 commit
True,2017-03-27 13:40:30,medium,False,False,1 commit
True,2017-03-28 09:17:41,lengthy,True,False,1 commit
True,2017-03-28 11:54:41,very short,False,True,1 commit
True,2017-03-28 12:51:47,lengthy,True,False,some commits
True,2017-03-28 16:02:42,lengthy,False,False,1 commit
True,2017-03-28 17:12:21,medium,False,False,1 commit
True,2017-03-29 05:39:01,short,True,False,1 commit
True,2017-03-29 05:47:42,very short,True,False,1 commit
True,2017-03-29 21:57:56,lengthy,True,False,1 commit
True,2017-03-30 02:47:55,short,False,True,1 commit
True,2017-03-30 09:37:07,lengthy,False,True,1 commit
False,2017-03-30 18:55:52,lengthy,True,False,1 commit
False,2017-03-30 19:01:07,very short,False,True,1 commit
True,2017-03-30 23:43:09,medium,True,False,1 commit
False,2017-03-31 11:21:39,very short,False,True,1 commit
True,2017-03-31 14:23:40,short,True,False,1 commit
True,2017-03-31 17:46:50,short,True,False,1 commit
True,2017-03-31 19:04:07,short,True,False,1 commit
True,2017-03-31 21:04:24,very short,True,False,1 commit
False,2017-03-31 21:40:49,short,True,False,1 commit
False,2017-04-01 03:14:48,lengthy,False,True,many commits
True,2017-04-01 15:34:58,lengthy,True,False,some commits
True,2017-04-01 16:24:22,very short,True,False,1 commit
True,2017-04-01 22:22:57,very short,True,False,1 commit
True,2017-04-02 11:42:15,very short,True,False,1 commit
True,2017-04-02 12:21:01,very short,True,False,1 commit
True,2017-04-02 22:09:54,very short,True,False,1 commit
True,2017-04-03 06:03:54,very short,True,False,1 commit
True,2017-04-03 17:19:18,medium,True,False,1 commit
True,2017-04-03 19:39:32,very short,True,False,1 commit
False,2017-04-04 08:35:33,lengthy,False,True,1 commit
True,2017-04-04 16:45:38,short,True,False,1 commit
True,2017-04-04 19:00:48,lengthy,False,True,1 commit
True,2017-04-05 04:18:07,lengthy,False,True,1 commit
True,2017-04-05 08:21:50,very short,True,False,1 commit
True,2017-04-05 10:03:05,very short,False,True,1 commit
True,2017-04-05 14:14:02,lengthy,True,False,1 commit
True,2017-04-05 14:45:37,medium,True,False,some commits
True,2017-04-05 21:31:33,very short,False,True,1 commit
False,2017-04-06 10:01:37,lengthy,True,False,many commits
True,2017-04-06 10:34:58,lengthy,False,True,1 commit
False,2017-04-06 13:15:44,lengthy,False,True,many commits
False,2017-04-06 13:39:02,lengthy,True,False,some commits
True,2017-04-06 13:49:06,very short,False,True,some commits
True,2017-04-06 14:33:04,lengthy,False,True,1 commit
True,2017-04-06 15:36:00,very short,True,False,1 commit
False,2017-04-06 15:52:50,lengthy,False,True,some commits
True,2017-04-06 16:06:38,lengthy,False,False,1 commit
True,2017-04-06 16:14:57,medium,False,True,1 commit
True,2017-04-07 04:33:56,very short,True,False,1 commit
True,2017-04-07 07:45:53,lengthy,False,False,1 commit
True,2017-04-07 08:34:03,lengthy,False,True,some commits
True,2017-04-07 09:09:26,very short,False,False,1 commit
False,2017-04-07 10:01:00,lengthy,True,False,many commits
True,2017-04-07 10:25:35,very short,False,True,some commits
False,2017-04-07 10:25:41,lengthy,True,False,some commits
True,2017-04-07 10:57:44,very short,False,False,1 commit
True,2017-04-07 11:18:46,lengthy,True,False,1 commit
False,2017-04-07 11:37:30,lengthy,True,False,some commits
True,2017-04-07 12:44:57,very short,True,False,1 commit
True,2017-04-07 13:55:46,lengthy,True,False,1 commit
True,2017-04-07 14:21:31,lengthy,False,True,1 commit
True,2017-04-07 15:09:02,lengthy,True,False,1 commit
False,2017-04-07 17:02:53,lengthy,True,False,1 commit
True,2017-04-07 17:55:51,lengthy,False,False,1 commit
True,2017-04-08 09:35:27,very short,True,False,1 commit
True,2017-04-08 18:39:43,lengthy,True,False,1 commit
True,2017-04-08 19:51:34,short,True,False,1 commit
True,2017-04-08 20:39:13,medium,False,False,some commits
True,2017-04-09 01:31:22,short,True,False,1 commit
True,2017-04-10 06:56:01,very short,True,False,1 commit
True,2017-04-10 20:11:43,very short,True,False,1 commit
True,2017-04-11 09:47:19,very short,False,False,1 commit
True,2017-04-11 14:53:30,very short,False,True,1 commit
False,2017-04-11 17:07:59,very short,True,False,1 commit
True,2017-04-11 17:25:04,very short,True,False,1 commit
True,2017-04-12 16:55:28,lengthy,True,False,1 commit
True,2017-04-12 20:50:35,medium,True,False,1 commit
True,2017-04-13 02:04:05,lengthy,True,False,1 commit
True,2017-04-13 06:34:44,very short,True,False,1 commit
False,2017-04-14 18:30:45,lengthy,True,False,1 commit
True,2017-04-14 20:52:44,lengthy,False,False,1 commit
True,2017-04-15 10:50:58,lengthy,True,False,1 commit
False,2017-04-16 23:42:00,lengthy,False,True,some commits
True,2017-04-17 12:47:18,lengthy,True,False,1 commit
False,2017-04-17 20:30:19,very short,False,True,1 commit
False,2017-04-18 00:23:48,very short,False,True,1 commit
False,2017-04-18 13:51:03,lengthy,False,False,some commits
False,2017-04-18 19:16:17,short,True,False,1 commit
True,2017-04-19 04:54:41,lengthy,False,True,1 commit
True,2017-04-19 12:50:29,very short,False,True,1 commit
True,2017-04-19 17:05:49,lengthy,True,False,1 commit
True,2017-04-19 18:55:33,medium,True,False,1 commit
False,2017-04-20 12:24:52,lengthy,False,True,many commits
True,2017-04-20 14:02:17,very short,True,False,1 commit
True,2017-04-20 21:41:27,lengthy,True,False,1 commit
True,2017-04-21 05:43:35,very short,True,False,1 commit
False,2017-04-21 14:03:49,short,True,False,1 commit
True,2017-04-21 14:17:38,very short,True,False,1 commit
True,2017-04-23 10:56:38,lengthy,True,False,1 commit
False,2017-04-23 17:17:31,lengthy,True,False,1 commit
True,2017-04-23 20:09:25,short,True,False,1 commit
True,2017-04-24 15:04:14,very short,False,False,some commits
True,2017-04-25 20:58:16,lengthy,True,False,1 commit
True,2017-04-26 02:33:18,very short,True,False,1 commit
True,2017-04-26 05:09:27,lengthy,False,False,1 commit
True,2017-04-26 13:10:35,very short,True,False,1 commit
True,2017-04-26 13:22:21,very short,True,False,1 commit
False,2017-04-26 16:22:03,lengthy,False,False,1 commit
True,2017-04-26 18:33:03,very short,True,False,1 commit
True,2017-04-27 05:02:26,very short,True,False,1 commit
True,2017-04-27 16:40:52,very short,False,False,1 commit
True,2017-04-27 17:32:51,medium,True,False,1 commit
True,2017-04-28 04:17:07,lengthy,True,False,1 commit
True,2017-04-28 05:36:07,very short,True,False,1 commit
False,2017-04-28 09:48:06,lengthy,False,True,some commits
False,2017-04-28 13:42:40,lengthy,True,False,1 commit
True,2017-04-28 23:40:29,lengthy,True,False,1 commit
False,2017-04-29 00:21:02,medium,False,True,some commits
True,2017-04-29 08:49:16,very short,False,True,1 commit
True,2017-04-29 13:39:59,short,False,True,1 commit
True,2017-04-29 18:36:33,short,True,False,1 commit
True,2017-04-29 23:17:43,lengthy,False,True,1 commit
False,2017-05-01 09:05:55,medium,True,False,1 commit
True,2017-05-01 11:33:02,medium,False,True,1 commit
False,2017-05-01 17:39:40,very short,False,True,1 commit
False,2017-05-01 21:12:51,medium,False,False,1 commit
True,2017-05-02 00:05:17,short,False,True,1 commit
False,2017-05-02 11:44:55,lengthy,False,True,1 commit
False,2017-05-03 02:57:58,very short,False,True,1 commit
True,2017-05-03 06:47:42,very short,True,False,1 commit
False,2017-05-04 04:50:44,lengthy,True,False,1 commit
True,2017-05-04 11:35:11,very short,True,False,1 commit
True,2017-05-05 14:39:05,very short,True,False,1 commit
True,2017-05-05 16:01:16,lengthy,False,True,1 commit
True,2017-05-06 17:24:35,medium,True,False,1 commit
True,2017-05-07 02:47:27,lengthy,True,False,1 commit
False,2017-05-07 06:37:42,very short,True,False,some commits
False,2017-05-07 17:01:32,lengthy,False,True,1 commit
True,2017-05-08 19:34:08,lengthy,False,True,1 commit
True,2017-05-08 21:51:55,lengthy,False,True,some commits
False,2017-05-09 12:53:59,short,True,False,1 commit
True,2017-05-10 07:45:38,lengthy,False,True,some commits
True,2017-05-10 12:34:06,very short,True,False,1 commit
True,2017-05-10 15:30:44,lengthy,False,True,1 commit
True,2017-05-11 08:36:14,lengthy,True,False,1 commit
False,2017-05-11 11:47:44,lengthy,False,True,1 commit
True,2017-05-11 18:09:42,lengthy,True,False,1 commit
False,2017-05-11 18:56:40,lengthy,True,False,1 commit
True,2017-05-12 12:42:35,short,True,False,1 commit
True,2017-05-12 15:25:34,short,True,False,1 commit
True,2017-05-12 16:02:45,short,False,True,1 commit
False,2017-05-13 07:47:24,very short,False,True,1 commit
False,2017-05-13 17:43:57,very short,False,True,1 commit
False,2017-05-13 17:46:41,very short,False,False,1 commit
False,2017-05-14 16:54:14,lengthy,False,True,1 commit
True,2017-05-14 20:04:01,medium,True,False,1 commit
True,2017-05-14 22:46:34,very short,False,True,1 commit
True,2017-05-15 11:33:27,very short,True,False,1 commit
False,2017-05-15 19:49:25,lengthy,False,False,1 commit
False,2017-05-16 17:18:28,medium,True,False,some commits
False,2017-05-16 23:41:05,very short,False,True,many commits
True,2017-05-17 03:19:32,lengthy,False,True,1 commit
False,2017-05-17 05:03:09,very short,True,False,1 commit
True,2017-05-17 10:46:11,medium,False,True,1 commit
True,2017-05-18 18:07:02,medium,True,False,some commits
True,2017-05-19 11:28:24,medium,False,True,1 commit
False,2017-05-19 18:54:49,short,True,False,1 commit
False,2017-05-19 21:01:22,lengthy,True,False,1 commit
True,2017-05-19 21:18:31,very short,True,False,1 commit
True,2017-05-20 09:58:12,short,False,False,1 commit
True,2017-05-20 21:08:44,very short,True,False,1 commit
True,2017-05-20 21:38:05,medium,True,False,some commits
True,2017-05-20 22:11:52,lengthy,True,False,1 commit
False,2017-05-22 00:43:18,lengthy,False,True,some commits
True,2017-05-22 10:51:55,lengthy,True,False,1 commit
True,2017-05-22 15:26:06,very short,True,False,1 commit
True,2017-05-22 16:01:34,very short,True,False,1 commit
True,2017-05-22 17:23:13,medium,False,True,1 commit
True,2017-05-22 17:35:43,very short,True,False,1 commit
True,2017-05-22 23:53:50,lengthy,False,True,1 commit
True,2017-05-23 13:59:38,lengthy,True,False,1 commit
False,2017-05-23 14:12:21,very short,False,True,many commits
False,2017-05-23 20:06:48,lengthy,False,True,1 commit
False,2017-05-23 21:22:48,lengthy,False,True,many commits
False,2017-05-23 23:53:30,short,False,True,1 commit
False,2017-05-24 07:15:28,very short,False,False,1 commit
True,2017-05-24 18:26:15,very short,False,True,1 commit
True,2017-05-24 19:39:52,very short,False,True,1 commit
True,2017-05-24 23:46:22,lengthy,False,True,1 commit
True,2017-05-25 09:16:58,very short,False,True,1 commit
False,2017-05-25 16:06:20,short,False,True,1 commit
False,2017-05-25 16:23:02,very short,False,True,1 commit
False,2017-05-25 16:23:39,very short,False,False,1 commit
False,2017-05-25 16:24:27,very short,False,False,1 commit
False,2017-05-27 07:35:25,very short,False,True,1 commit
False,2017-05-27 10:44:07,very short,False,True,1 commit
True,2017-05-27 12:33:05,short,False,False,1 commit
True,2017-05-27 20:16:53,very short,True,False,1 commit
True,2017-05-27 21:22:25,very short,True,False,1 commit
False,2017-05-27 21:55:59,lengthy,True,False,many commits
True,2017-05-27 22:19:26,very short,True,False,1 commit
False,2017-05-27 22:55:47,very short,False,True,1 commit
True,2017-05-28 07:11:59,medium,True,False,1 commit
False,2017-05-28 10:54:40,short,True,False,some commits
True,2017-05-28 17:50:55,medium,True,False,1 commit
True,2017-05-29 07:12:01,short,True,False,1 commit
False,2017-05-29 07:13:25,lengthy,True,False,some commits
True,2017-05-30 07:09:55,very short,True,False,1 commit
True,2017-05-30 19:53:32,very short,True,False,1 commit
True,2017-05-30 21:54:57,very short,True,False,1 commit
False,2017-05-31 13:19:50,lengthy,True,False,some commits
False,2017-05-31 13:53:49,very short,False,True,many commits
False,2017-06-01 05:23:18,very short,False,True,some commits
True,2017-06-02 00:40:21,very short,True,False,1 commit
True,2017-06-02 01:08:45,very short,False,True,1 commit
True,2017-06-03 21:25:56,short,True,False,1 commit
True,2017-06-03 21:42:31,very short,True,False,1 commit
True,2017-06-03 22:24:44,short,True,False,1 commit
True,2017-06-04 15:04:53,short,False,True,1 commit
True,2017-06-04 18:20:22,very short,True,False,1 commit
True,2017-06-04 22:00:55,very short,True,False,some commits
True,2017-06-04 22:15:45,very short,True,False,some commits
False,2017-06-05 06:08:56,very short,True,False,1 commit
True,2017-06-05 20:18:41,very short,False,True,1 commit
True,2017-06-06 08:59:41,short,False,False,some commits
True,2017-06-06 17:28:57,lengthy,True,False,some commits
False,2017-06-07 09:52:03,lengthy,False,True,some commits
True,2017-06-07 14:15:50,very short,True,False,1 commit
True,2017-06-07 19:44:38,very short,False,False,1 commit
True,2017-06-08 08:48:03,very short,True,False,1 commit
True,2017-06-08 10:56:25,very short,True,False,1 commit
True,2017-06-08 16:23:15,very short,True,False,1 commit
True,2017-06-08 16:29:54,medium,True,False,1 commit
True,2017-06-09 17:30:58,short,True,False,1 commit
True,2017-06-10 01:01:52,medium,True,False,1 commit
True,2017-06-10 02:09:37,medium,False,True,1 commit
False,2017-06-10 12:11:08,lengthy,False,True,1 commit
True,2017-06-10 17:23:48,lengthy,True,False,1 commit
True,2017-06-11 03:28:45,lengthy,True,False,1 commit
True,2017-06-11 15:40:06,lengthy,False,True,1 commit
True,2017-06-12 18:20:41,medium,False,True,1 commit
True,2017-06-13 11:33:28,medium,True,False,1 commit
False,2017-06-13 15:15:47,very short,False,True,many commits
True,2017-06-13 18:16:53,very short,False,False,1 commit
True,2017-06-13 19:03:21,very short,True,False,1 commit
False,2017-06-13 22:03:04,very short,False,True,many commits
False,2017-06-14 12:51:34,lengthy,False,True,1 commit
True,2017-06-14 21:01:24,very short,True,False,1 commit
True,2017-06-15 20:46:23,lengthy,False,True,1 commit
False,2017-06-16 01:47:34,lengthy,False,True,some commits
True,2017-06-18 03:34:04,short,True,False,1 commit
True,2017-06-18 03:44:25,very short,True,False,1 commit
False,2017-06-18 07:01:29,very short,False,True,1 commit
True,2017-06-19 17:47:42,very short,True,False,1 commit
True,2017-06-19 20:07:35,very short,False,True,1 commit
False,2017-06-19 20:59:08,lengthy,False,False,1 commit
False,2017-06-20 00:55:32,lengthy,False,True,many commits
True,2017-06-20 14:18:18,very short,True,False,1 commit
True,2017-06-20 18:02:49,lengthy,True,False,1 commit
True,2017-06-20 19:50:31,medium,True,False,1 commit
True,2017-06-21 05:14:17,very short,True,False,1 commit
True,2017-06-21 13:23:31,lengthy,True,False,1 commit
True,2017-06-21 23:17:49,lengthy,True,False,1 commit
True,2017-06-23 15:16:16,lengthy,False,False,1 commit
True,2017-06-23 19:49:57,lengthy,True,False,1 commit
True,2017-06-24 14:23:45,short,True,False,1 commit
True,2017-06-25 18:36:14,lengthy,False,True,1 commit
True,2017-06-25 19:18:27,short,False,True,1 commit
True,2017-06-26 12:06:13,very short,True,False,1 commit
True,2017-06-26 18:45:08,very short,True,False,1 commit
True,2017-06-27 03:22:51,lengthy,True,False,some commits
False,2017-06-27 22:17:21,lengthy,False,False,some commits
True,2017-06-27 23:54:13,lengthy,False,True,1 commit
True,2017-06-28 01:26:27,very short,False,True,1 commit
True,2017-06-28 03:59:16,lengthy,True,False,1 commit
True,2017-06-28 06:28:44,short,True,False,1 commit
True,2017-06-28 13:15:55,lengthy,False,True,1 commit
True,2017-06-29 03:41:14,short,True,False,1 commit
True,2017-06-29 11:31:35,medium,True,False,1 commit
True,2017-06-29 18:14:12,very short,True,False,1 commit
True,2017-07-01 07:11:13,short,True,False,1 commit
True,2017-07-01 13:25:17,lengthy,True,False,1 commit
True,2017-07-01 13:40:59,lengthy,True,False,1 commit
False,2017-07-02 15:44:28,very short,False,True,many commits
True,2017-07-04 12:51:44,very short,True,False,1 commit
False,2017-07-04 13:33:23,very short,False,True,1 commit
False,2017-07-04 15:22:34,very short,False,False,some commits
True,2017-07-04 21:57:30,very short,False,True,some commits
True,2017-07-05 09:03:57,very short,True,False,1 commit
False,2017-07-05 11:02:11,lengthy,False,True,some commits
True,2017-07-05 11:38:27,lengthy,True,False,1 commit
True,2017-07-05 11:42:43,very short,True,False,1 commit
True,2017-07-05 17:26:56,very short,True,False,1 commit
False,2017-07-06 19:18:44,lengthy,False,False,many commits
True,2017-07-06 19:20:28,very short,False,True,1 commit
True,2017-07-07 07:33:09,medium,True,False,1 commit
False,2017-07-07 13:30:42,short,False,True,1 commit
True,2017-07-07 14:02:10,short,True,False,1 commit
True,2017-07-08 19:07:14,short,True,False,1 commit
False,2017-07-08 21:32:06,short,False,True,1 commit
False,2017-07-10 10:19:50,very short,False,True,some commits
False,2017-07-10 11:25:57,very short,False,True,1 commit
True,2017-07-10 13:53:53,very short,True,False,1 commit
True,2017-07-10 14:55:13,lengthy,False,False,1 commit
False,2017-07-10 19:54:24,very short,False,True,1 commit
True,2017-07-10 21:31:45,very short,True,False,1 commit
False,2017-07-10 23:41:49,very short,False,True,1 commit
True,2017-07-11 05:40:21,very short,True,False,1 commit
True,2017-07-11 05:47:19,very short,True,False,1 commit
True,2017-07-11 09:12:03,very short,True,False,1 commit
False,2017-07-11 14:45:06,lengthy,False,False,many commits
True,2017-07-11 16:44:49,lengthy,False,False,some commits
True,2017-07-11 17:06:18,very short,False,False,1 commit
False,2017-07-12 02:34:39,lengthy,False,True,some commits
True,2017-07-12 05:12:18,short,False,True,1 commit
False,2017-07-12 07:16:41,very short,False,True,some commits
True,2017-07-12 08:18:06,very short,True,False,1 commit
True,2017-07-12 10:11:25,lengthy,True,False,1 commit
True,2017-07-12 10:29:11,very short,True,False,1 commit
False,2017-07-12 10:33:26,medium,False,False,1 commit
True,2017-07-12 15:15:20,very short,True,False,some commits
False,2017-07-12 17:32:03,lengthy,True,False,1 commit
True,2017-07-12 17:46:39,very short,True,False,1 commit
False,2017-07-12 19:22:44,lengthy,False,True,1 commit
True,2017-07-13 00:25:37,lengthy,False,True,1 commit
True,2017-07-13 04:10:56,lengthy,True,False,1 commit
True,2017-07-13 04:46:28,very short,True,False,some commits
True,2017-07-13 06:42:21,very short,True,False,1 commit
True,2017-07-13 06:55:22,medium,True,False,some commits
True,2017-07-13 06:59:22,very short,True,False,1 commit
True,2017-07-13 11:23:07,medium,True,False,1 commit
False,2017-07-13 12:06:19,lengthy,True,False,1 commit
True,2017-07-13 14:57:57,short,True,False,1 commit
True,2017-07-13 18:38:05,short,True,False,1 commit
True,2017-07-13 18:54:05,lengthy,True,False,1 commit
False,2017-07-13 23:33:47,very short,False,True,1 commit
True,2017-07-14 09:19:47,very short,True,False,1 commit
True,2017-07-14 09:39:00,very short,True,False,1 commit
True,2017-07-14 16:13:13,very short,True,False,1 commit
False,2017-07-15 06:34:40,lengthy,False,False,many commits
True,2017-07-15 08:05:48,short,True,False,1 commit
True,2017-07-15 10:07:07,very short,True,False,1 commit
False,2017-07-16 11:17:12,lengthy,True,False,some commits
True,2017-07-17 15:20:35,very short,False,True,1 commit
False,2017-07-17 19:56:35,lengthy,False,True,1 commit
True,2017-07-18 04:28:45,very short,True,False,1 commit
True,2017-07-18 10:00:53,very short,True,False,1 commit
True,2017-07-18 17:23:55,very short,True,False,1 commit
True,2017-07-19 05:51:06,short,True,False,1 commit
True,2017-07-19 06:17:14,short,True,False,1 commit
True,2017-07-19 12:54:10,very short,False,True,1 commit
True,2017-07-19 13:03:30,very short,True,False,1 commit
False,2017-07-19 15:50:32,medium,True,False,1 commit
True,2017-07-19 16:04:58,very short,True,False,1 commit
True,2017-07-20 05:17:53,very short,True,False,1 commit
True,2017-07-20 09:58:47,very short,True,False,1 commit
True,2017-07-20 17:37:38,very short,True,False,1 commit
True,2017-07-20 18:16:41,short,False,True,1 commit
True,2017-07-20 20:11:34,very short,True,False,1 commit
False,2017-07-21 01:45:13,very short,False,True,1 commit
True,2017-07-21 12:36:40,very short,True,False,1 commit
False,2017-07-21 13:48:28,medium,True,False,1 commit
True,2017-07-21 20:34:30,lengthy,True,False,1 commit
False,2017-07-22 20:51:42,short,False,True,1 commit
True,2017-07-23 11:23:45,short,True,False,1 commit
False,2017-07-23 22:38:36,lengthy,False,True,many commits
True,2017-07-24 10:38:06,short,True,False,1 commit
True,2017-07-24 22:08:07,lengthy,False,True,1 commit
False,2017-07-25 06:44:03,very short,False,True,many commits
False,2017-07-25 07:04:06,lengthy,True,False,1 commit
True,2017-07-25 07:41:19,very short,True,False,1 commit
True,2017-07-25 09:15:29,short,True,False,1 commit
False,2017-07-25 10:19:27,short,True,False,1 commit
False,2017-07-25 22:15:07,lengthy,False,False,some commits
True,2017-07-26 07:54:02,very short,True,False,1 commit
True,2017-07-26 11:41:24,short,True,False,1 commit
True,2017-07-26 12:54:14,very short,True,False,1 commit
True,2017-07-26 16:36:17,very short,True,False,1 commit
True,2017-07-27 18:36:33,very short,True,False,1 commit
True,2017-07-27 20:13:50,lengthy,True,False,1 commit
True,2017-07-28 14:29:46,lengthy,True,False,1 commit
False,2017-07-28 17:46:13,very short,True,False,1 commit
True,2017-07-28 20:16:30,medium,True,False,some commits
True,2017-07-28 22:26:26,very short,True,False,1 commit
True,2017-07-30 20:03:41,very short,True,False,1 commit
True,2017-07-30 23:02:49,very short,True,False,1 commit
True,2017-07-31 08:48:34,very short,True,False,1 commit
True,2017-07-31 18:31:57,very short,True,False,1 commit
True,2017-07-31 22:04:12,lengthy,False,False,1 commit
True,2017-08-01 08:18:01,very short,True,False,1 commit
True,2017-08-01 10:15:34,very short,True,False,1 commit
False,2017-08-01 11:03:00,lengthy,True,False,1 commit
False,2017-08-01 13:51:34,very short,True,False,1 commit
True,2017-08-01 14:44:09,very short,True,False,1 commit
True,2017-08-01 19:20:32,very short,True,False,1 commit
True,2017-08-01 20:33:06,very short,True,False,1 commit
True,2017-08-01 21:07:17,very short,True,False,1 commit
True,2017-08-02 07:42:31,medium,True,False,1 commit
False,2017-08-02 19:24:14,very short,False,True,1 commit
True,2017-08-02 20:14:27,very short,True,False,1 commit
False,2017-08-03 17:27:04,lengthy,True,False,1 commit
True,2017-08-03 19:19:42,medium,True,False,1 commit
True,2017-08-04 06:26:43,medium,True,False,1 commit
True,2017-08-04 11:49:00,lengthy,True,False,1 commit
True,2017-08-05 18:54:32,medium,True,False,1 commit
False,2017-08-06 20:56:01,lengthy,True,False,1 commit
False,2017-08-07 03:04:19,lengthy,True,True,some commits
False,2017-08-07 03:14:37,medium,False,True,1 commit
False,2017-08-07 04:49:57,lengthy,False,True,some commits
True,2017-08-07 06:54:36,very short,True,False,1 commit
True,2017-08-07 07:04:17,very short,True,False,1 commit
True,2017-08-07 14:53:34,very short,False,True,1 commit
True,2017-08-07 18:09:27,very short,True,False,1 commit
True,2017-08-07 20:00:33,very short,False,True,1 commit
True,2017-08-07 21:27:40,very short,True,False,1 commit
False,2017-08-08 03:21:54,very short,False,True,1 commit
True,2017-08-08 06:11:44,very short,True,False,1 commit
True,2017-08-08 13:00:53,very short,True,False,1 commit
False,2017-08-08 13:55:18,very short,False,True,many commits
True,2017-08-08 15:03:04,lengthy,True,False,1 commit
True,2017-08-08 15:54:48,very short,True,False,1 commit
True,2017-08-08 17:53:40,lengthy,True,False,some commits
True,2017-08-09 10:14:31,lengthy,True,False,1 commit
True,2017-08-09 12:43:48,very short,False,True,1 commit
True,2017-08-09 14:48:25,very short,False,True,1 commit
True,2017-08-09 16:13:14,very short,True,False,1 commit
True,2017-08-09 17:22:33,very short,True,False,1 commit
True,2017-08-09 18:24:07,short,True,False,1 commit
True,2017-08-09 19:26:08,very short,True,False,1 commit
True,2017-08-10 01:14:41,short,False,True,1 commit
True,2017-08-10 06:50:06,very short,True,False,1 commit
True,2017-08-10 08:26:34,very short,True,False,1 commit
True,2017-08-10 09:46:14,short,True,False,1 commit
True,2017-08-10 15:54:42,very short,True,False,1 commit
False,2017-08-10 16:29:32,lengthy,True,False,1 commit
False,2017-08-10 19:51:37,very short,False,True,some commits
True,2017-08-11 06:22:23,very short,True,False,1 commit
True,2017-08-11 07:58:40,very short,True,False,1 commit
True,2017-08-11 10:53:02,very short,True,False,1 commit
True,2017-08-11 11:03:24,very short,True,False,1 commit
True,2017-08-11 15:05:02,very short,True,False,1 commit
False,2017-08-11 17:37:29,very short,False,True,1 commit
True,2017-08-12 16:36:28,lengthy,True,False,1 commit
True,2017-08-13 04:55:46,lengthy,False,True,1 commit
True,2017-08-13 06:24:04,medium,False,True,1 commit
True,2017-08-13 06:25:15,medium,False,False,1 commit
True,2017-08-13 13:26:40,short,False,True,1 commit
True,2017-08-14 06:32:23,medium,False,True,1 commit
True,2017-08-14 10:54:31,medium,True,False,1 commit
False,2017-08-14 12:03:09,medium,True,False,some commits
True,2017-08-14 21:29:50,medium,True,False,1 commit
True,2017-08-15 00:49:35,lengthy,True,False,1 commit
True,2017-08-15 06:22:36,very short,True,False,1 commit
True,2017-08-15 08:06:22,lengthy,False,False,1 commit
True,2017-08-15 08:10:00,very short,False,False,1 commit
True,2017-08-15 09:36:03,very short,True,False,1 commit
True,2017-08-15 09:57:29,very short,True,False,1 commit
True,2017-08-15 11:04:09,very short,True,False,1 commit
False,2017-08-16 12:28:56,medium,True,False,1 commit
True,2017-08-16 13:52:42,very short,True,False,1 commit
True,2017-08-17 10:58:16,medium,True,False,1 commit
True,2017-08-17 14:48:45,medium,True,False,1 commit
True,2017-08-17 16:09:22,medium,False,True,1 commit
False,2017-08-17 16:39:41,lengthy,False,True,some commits
True,2017-08-17 18:12:03,lengthy,True,False,1 commit
True,2017-08-17 19:24:21,medium,True,False,1 commit
False,2017-08-17 21:26:48,lengthy,False,False,many commits
True,2017-08-17 21:37:38,lengthy,False,True,1 commit
True,2017-08-17 21:42:22,lengthy,True,False,1 commit
True,2017-08-17 22:04:47,lengthy,False,True,1 commit
False,2017-08-17 22:22:00,lengthy,True,False,some commits
True,2017-08-17 23:33:08,lengthy,True,False,1 commit
False,2017-08-18 00:22:13,lengthy,False,True,1 commit
True,2017-08-18 00:48:26,lengthy,False,True,1 commit
False,2017-08-18 09:27:21,very short,False,True,many commits
True,2017-08-18 10:00:06,medium,True,False,1 commit
True,2017-08-18 10:52:41,medium,True,False,1 commit
True,2017-08-18 14:27:09,medium,True,False,1 commit
False,2017-08-18 19:15:07,short,False,True,some commits
True,2017-08-18 21:00:13,lengthy,False,True,1 commit
True,2017-08-18 22:04:57,lengthy,False,False,1 commit
False,2017-08-20 01:14:01,short,False,True,1 commit
False,2017-08-20 13:04:51,very short,True,False,1 commit
True,2017-08-20 13:26:29,very short,True,False,1 commit
True,2017-08-20 19:03:56,very short,True,False,1 commit
False,2017-08-20 19:04:17,lengthy,False,True,1 commit
True,2017-08-20 22:18:39,very short,True,False,1 commit
False,2017-08-21 12:12:44,lengthy,False,True,1 commit
True,2017-08-21 19:32:16,very short,True,False,1 commit
True,2017-08-21 19:53:07,lengthy,True,False,1 commit
False,2017-08-22 04:21:22,lengthy,False,True,1 commit
True,2017-08-22 12:31:47,very short,True,False,1 commit
True,2017-08-22 12:38:03,lengthy,True,False,some commits
True,2017-08-22 20:24:32,short,True,False,1 commit
False,2017-08-22 23:42:02,lengthy,True,False,1 commit
True,2017-08-23 00:12:15,lengthy,True,False,1 commit
True,2017-08-23 08:00:17,very short,True,False,1 commit
True,2017-08-23 08:15:36,very short,True,False,1 commit
True,2017-08-23 12:58:43,medium,True,False,1 commit
True,2017-08-23 13:14:50,very short,True,False,1 commit
True,2017-08-23 13:18:13,lengthy,True,False,1 commit
True,2017-08-23 13:32:50,very short,False,True,1 commit
True,2017-08-24 09:46:57,very short,True,False,1 commit
False,2017-08-25 05:02:38,lengthy,False,False,1 commit
True,2017-08-25 08:40:34,lengthy,True,False,1 commit
True,2017-08-25 08:53:59,very short,True,False,1 commit
True,2017-08-25 09:50:26,lengthy,True,False,1 commit
False,2017-08-25 18:37:38,lengthy,False,False,some commits
True,2017-08-25 18:51:07,lengthy,False,True,1 commit
True,2017-08-25 20:38:23,very short,True,False,1 commit
True,2017-08-25 20:38:39,very short,True,False,1 commit
False,2017-08-26 00:11:31,lengthy,False,True,some commits
True,2017-08-26 14:35:02,very short,True,False,1 commit
True,2017-08-26 15:13:55,lengthy,True,False,1 commit
False,2017-08-28 09:10:05,very short,False,False,some commits
True,2017-08-28 16:57:49,short,False,False,1 commit
True,2017-08-29 01:53:11,very short,False,False,1 commit
True,2017-08-29 04:17:34,very short,True,False,1 commit
True,2017-08-29 06:21:20,lengthy,True,False,1 commit
True,2017-08-29 14:22:09,lengthy,False,True,1 commit
True,2017-08-30 01:37:37,very short,False,False,1 commit
True,2017-08-31 01:21:26,very short,False,True,1 commit
False,2017-08-31 02:32:56,medium,False,True,1 commit
True,2017-08-31 04:32:08,medium,True,False,1 commit
True,2017-08-31 04:53:38,very short,True,False,1 commit
True,2017-08-31 05:03:21,very short,True,False,1 commit
True,2017-08-31 09:27:05,lengthy,True,False,1 commit
False,2017-09-01 06:28:40,very short,True,False,1 commit
True,2017-09-01 11:53:06,lengthy,True,False,1 commit
True,2017-09-01 13:13:00,short,True,False,1 commit
True,2017-09-02 00:52:04,very short,True,False,1 commit
True,2017-09-02 07:49:43,short,True,False,1 commit
True,2017-09-02 08:15:39,very short,True,False,1 commit
False,2017-09-02 10:19:41,very short,True,False,1 commit
False,2017-09-02 10:26:43,very short,True,False,1 commit
True,2017-09-02 10:43:09,very short,True,False,1 commit
False,2017-09-02 16:39:39,very short,False,True,1 commit
True,2017-09-02 20:09:48,very short,True,False,1 commit
True,2017-09-03 05:11:04,lengthy,True,False,1 commit
False,2017-09-03 09:05:10,lengthy,False,True,many commits
True,2017-09-03 13:35:46,very short,True,False,1 commit
True,2017-09-03 23:36:40,short,True,False,1 commit
True,2017-09-04 12:20:18,very short,True,False,1 commit
True,2017-09-04 13:48:24,lengthy,True,False,1 commit
True,2017-09-04 16:02:59,very short,False,False,1 commit
True,2017-09-04 20:15:09,very short,True,False,some commits
True,2017-09-05 11:25:26,very short,True,False,1 commit
True,2017-09-05 12:35:23,very short,True,False,1 commit
True,2017-09-05 12:43:10,very short,True,False,1 commit
True,2017-09-05 15:35:13,very short,True,False,1 commit
True,2017-09-05 16:59:12,very short,True,False,1 commit
True,2017-09-05 21:58:36,lengthy,True,False,some commits
True,2017-09-06 04:03:14,very short,True,False,1 commit
True,2017-09-06 04:44:29,very short,True,False,1 commit
True,2017-09-06 05:04:18,short,True,False,1 commit
True,2017-09-06 15:50:19,very short,True,False,1 commit
True,2017-09-08 04:20:19,very short,True,False,1 commit
True,2017-09-08 09:14:59,very short,True,False,1 commit
False,2017-09-08 11:19:45,lengthy,True,False,1 commit
True,2017-09-09 08:55:41,very short,True,False,1 commit
True,2017-09-09 11:25:22,very short,True,False,1 commit
True,2017-09-09 14:14:00,very short,False,False,1 commit
True,2017-09-09 14:53:14,short,True,False,1 commit
True,2017-09-09 17:22:58,lengthy,True,False,some commits
True,2017-09-10 14:36:14,lengthy,True,False,1 commit
True,2017-09-10 17:03:11,very short,True,False,1 commit
True,2017-09-10 18:58:06,very short,True,False,1 commit
True,2017-09-10 19:35:22,very short,True,False,1 commit
False,2017-09-11 06:40:59,lengthy,False,True,some commits
False,2017-09-11 10:07:51,very short,False,True,1 commit
True,2017-09-12 03:32:03,very short,True,False,1 commit
False,2017-09-12 12:16:43,lengthy,False,True,1 commit
False,2017-09-12 15:57:19,lengthy,False,True,1 commit
True,2017-09-12 17:21:49,very short,True,False,1 commit
False,2017-09-12 18:38:33,very short,False,True,1 commit
False,2017-09-12 18:55:32,lengthy,False,False,1 commit
True,2017-09-12 19:13:31,lengthy,True,False,1 commit
False,2017-09-13 09:01:01,lengthy,True,False,1 commit
False,2017-09-13 09:07:01,lengthy,True,False,some commits
False,2017-09-13 11:36:47,medium,True,False,1 commit
True,2017-09-13 18:05:16,very short,True,False,1 commit
True,2017-09-13 19:46:23,very short,True,False,1 commit
False,2017-09-14 01:00:33,very short,False,False,1 commit
True,2017-09-14 01:29:29,lengthy,False,False,1 commit
True,2017-09-14 13:03:14,medium,True,False,1 commit
True,2017-09-14 14:26:04,lengthy,False,False,1 commit
True,2017-09-14 22:16:27,very short,True,False,1 commit
True,2017-09-15 14:29:02,medium,True,False,1 commit
True,2017-09-15 17:30:32,medium,True,False,1 commit
True,2017-09-15 21:31:20,lengthy,False,True,1 commit
False,2017-09-15 23:11:09,lengthy,True,False,1 commit
True,2017-09-16 09:32:42,very short,True,False,1 commit
True,2017-09-16 09:49:04,very short,True,False,1 commit
False,2017-09-16 10:17:25,lengthy,False,False,1 commit
True,2017-09-16 22:30:53,lengthy,False,False,1 commit
False,2017-09-17 07:18:00,very short,False,True,1 commit
True,2017-09-17 07:25:11,short,True,False,1 commit
True,2017-09-17 07:42:31,short,True,False,1 commit
False,2017-09-17 20:18:00,lengthy,False,False,some commits
True,2017-09-17 20:28:05,medium,True,False,some commits
False,2017-09-18 07:29:16,medium,False,True,1 commit
True,2017-09-18 10:01:01,lengthy,False,True,1 commit
True,2017-09-18 19:17:16,lengthy,True,False,1 commit
True,2017-09-19 00:54:46,short,False,True,1 commit
True,2017-09-19 05:38:12,very short,False,True,1 commit
True,2017-09-19 09:26:52,very short,True,False,1 commit
True,2017-09-19 11:32:25,short,False,True,1 commit
True,2017-09-19 14:29:39,short,False,True,1 commit
True,2017-09-19 17:55:16,lengthy,True,False,1 commit
False,2017-09-19 18:37:57,lengthy,True,False,1 commit
True,2017-09-19 20:31:23,very short,True,False,1 commit
True,2017-09-19 21:46:26,short,True,False,1 commit
True,2017-09-19 22:17:36,lengthy,True,False,1 commit
False,2017-09-20 08:33:37,very short,False,True,1 commit
True,2017-09-20 16:27:59,lengthy,True,False,some commits
False,2017-09-21 01:06:09,very short,False,True,1 commit
True,2017-09-21 04:27:52,lengthy,True,False,1 commit
False,2017-09-21 13:10:53,medium,False,True,1 commit
False,2017-09-22 09:22:12,lengthy,False,False,1 commit
True,2017-09-22 12:45:27,very short,False,False,1 commit
True,2017-09-22 13:21:25,medium,True,False,1 commit
True,2017-09-22 13:46:59,very short,True,False,1 commit
False,2017-09-22 14:20:22,lengthy,False,True,1 commit
False,2017-09-22 16:22:50,lengthy,True,False,1 commit
True,2017-09-22 17:17:14,medium,False,True,1 commit
True,2017-09-23 09:47:07,short,True,False,1 commit
True,2017-09-23 18:21:44,short,False,True,1 commit
True,2017-09-24 04:00:56,medium,False,True,1 commit
True,2017-09-24 14:08:51,medium,True,False,1 commit
False,2017-09-25 15:57:25,medium,False,False,1 commit
True,2017-09-25 18:43:30,short,True,False,1 commit
True,2017-09-25 19:00:40,short,True,False,1 commit
True,2017-09-26 07:18:26,lengthy,False,True,1 commit
True,2017-09-26 17:59:50,lengthy,False,True,1 commit
True,2017-09-27 07:26:30,medium,True,False,1 commit
False,2017-09-27 07:44:30,very short,False,True,1 commit
True,2017-09-27 08:25:51,lengthy,False,True,1 commit
True,2017-09-27 15:23:21,very short,True,False,some commits
True,2017-09-27 20:14:11,very short,True,False,some commits
True,2017-09-27 21:31:32,very short,True,False,1 commit
True,2017-09-28 14:47:02,very short,True,False,1 commit
False,2017-09-28 16:05:22,lengthy,False,False,1 commit
True,2017-09-28 19:58:58,very short,True,False,some commits
True,2017-09-28 21:23:28,lengthy,False,True,1 commit
True,2017-09-28 21:41:51,lengthy,False,False,1 commit
True,2017-09-29 04:39:22,very short,True,False,1 commit
True,2017-09-29 07:42:16,very short,True,False,1 commit
True,2017-09-29 13:30:25,very short,True,False,1 commit
True,2017-09-29 14:07:26,very short,False,True,1 commit
True,2017-09-29 15:11:02,very short,True,False,1 commit
False,2017-09-29 20:19:18,lengthy,True,False,some commits
True,2017-09-30 01:42:33,lengthy,True,False,1 commit
False,2017-09-30 12:29:49,very short,True,False,1 commit
True,2017-10-01 00:13:09,very short,True,False,1 commit
True,2017-10-01 07:03:17,short,True,False,1 commit
True,2017-10-01 07:50:21,short,True,False,1 commit
True,2017-10-01 08:19:52,lengthy,True,False,1 commit
True,2017-10-01 08:31:49,lengthy,True,False,1 commit
False,2017-10-01 14:42:18,lengthy,False,False,1 commit
True,2017-10-01 18:23:10,medium,True,False,1 commit
False,2017-10-01 22:26:47,very short,False,True,1 commit
True,2017-10-02 05:55:09,lengthy,True,False,1 commit
True,2017-10-02 08:56:24,very short,True,False,1 commit
True,2017-10-02 14:39:23,medium,True,False,1 commit
True,2017-10-02 21:00:20,very short,False,True,1 commit
True,2017-10-02 23:52:39,lengthy,True,False,1 commit
True,2017-10-03 17:27:37,lengthy,False,False,1 commit
True,2017-10-03 18:22:20,medium,True,False,1 commit
False,2017-10-04 10:52:38,lengthy,False,True,1 commit
True,2017-10-05 18:55:26,very short,True,False,1 commit
True,2017-10-06 08:20:55,very short,True,False,1 commit
True,2017-10-06 19:45:28,lengthy,False,False,1 commit
False,2017-10-07 10:33:24,lengthy,True,False,1 commit
False,2017-10-07 21:24:53,lengthy,True,False,some commits
False,2017-10-08 00:25:03,lengthy,False,False,1 commit
True,2017-10-08 12:42:56,short,True,False,1 commit
False,2017-10-08 15:24:00,lengthy,True,False,some commits
True,2017-10-08 19:08:35,very short,True,False,1 commit
True,2017-10-09 10:43:35,medium,True,False,1 commit
False,2017-10-10 05:50:27,lengthy,False,False,many commits
True,2017-10-10 11:02:09,lengthy,True,False,1 commit
True,2017-10-10 18:16:57,medium,False,True,1 commit
True,2017-10-11 11:44:12,short,False,True,1 commit
False,2017-10-11 12:02:55,lengthy,True,False,1 commit
True,2017-10-11 15:09:37,very short,True,False,some commits
True,2017-10-12 04:47:38,lengthy,True,False,1 commit
True,2017-10-12 15:19:32,short,True,False,1 commit
True,2017-10-12 19:00:46,lengthy,True,False,1 commit
True,2017-10-13 01:14:21,very short,True,False,1 commit
False,2017-10-13 17:03:05,lengthy,False,True,many commits
True,2017-10-13 18:13:59,medium,True,False,1 commit
True,2017-10-14 09:35:10,medium,True,False,1 commit
True,2017-10-14 14:21:49,medium,False,True,1 commit
True,2017-10-14 17:18:42,very short,False,True,1 commit
False,2017-10-14 19:06:36,very short,False,True,1 commit
True,2017-10-15 21:04:10,lengthy,False,True,1 commit
True,2017-10-16 12:17:52,very short,False,True,1 commit
True,2017-10-17 02:23:33,very short,True,False,1 commit
True,2017-10-17 03:31:09,lengthy,True,False,1 commit
False,2017-10-17 11:20:48,very short,False,False,1 commit
True,2017-10-17 13:23:46,lengthy,True,False,1 commit
True,2017-10-17 13:36:30,very short,True,False,1 commit
True,2017-10-17 14:01:42,lengthy,False,True,1 commit
True,2017-10-18 13:33:02,medium,True,False,1 commit
True,2017-10-18 18:11:01,medium,False,False,1 commit
True,2017-10-18 19:08:04,lengthy,False,True,1 commit
False,2017-10-19 16:57:59,very short,False,True,1 commit
True,2017-10-20 20:20:09,very short,True,False,1 commit
False,2017-10-21 00:00:06,lengthy,False,True,many commits
True,2017-10-21 08:35:39,very short,True,False,some commits
True,2017-10-22 00:08:34,lengthy,True,False,1 commit
False,2017-10-22 03:45:32,very short,False,True,1 commit
True,2017-10-22 15:31:41,lengthy,True,False,some commits
False,2017-10-23 05:22:38,very short,False,True,1 commit
False,2017-10-23 13:50:05,very short,False,True,1 commit
False,2017-10-23 16:41:35,very short,False,True,some commits
False,2017-10-23 18:52:18,lengthy,True,False,1 commit
False,2017-10-23 19:44:54,short,True,False,some commits
False,2017-10-24 02:06:35,very short,False,True,some commits
True,2017-10-24 08:08:14,very short,False,True,1 commit
True,2017-10-24 19:49:48,very short,True,False,1 commit
True,2017-10-25 08:38:15,very short,False,True,1 commit
True,2017-10-25 11:10:17,medium,False,True,1 commit
True,2017-10-25 15:02:18,very short,False,True,1 commit
False,2017-10-25 15:59:17,very short,False,True,1 commit
True,2017-10-25 18:03:41,lengthy,False,False,1 commit
False,2017-10-25 20:01:07,lengthy,False,True,some commits
True,2017-10-26 17:18:45,short,True,False,1 commit
True,2017-10-26 17:47:10,lengthy,True,False,1 commit
True,2017-10-26 19:17:37,short,False,True,1 commit
True,2017-10-26 20:41:05,very short,False,False,1 commit
False,2017-10-27 10:16:41,lengthy,False,True,1 commit
True,2017-10-27 11:10:04,lengthy,False,True,1 commit
True,2017-10-27 17:10:52,very short,True,False,1 commit
True,2017-10-27 18:53:55,lengthy,True,False,1 commit
True,2017-10-27 19:09:02,lengthy,True,False,1 commit
True,2017-10-27 22:22:00,medium,False,False,1 commit
False,2017-10-27 22:31:58,medium,False,False,some commits
True,2017-10-28 04:14:57,very short,True,False,1 commit
True,2017-10-28 16:05:36,lengthy,True,False,1 commit
True,2017-10-29 11:02:07,short,True,False,1 commit
True,2017-10-29 12:32:55,short,True,False,1 commit
True,2017-10-30 08:21:31,medium,True,False,some commits
False,2017-10-30 10:34:35,lengthy,False,False,1 commit
True,2017-10-30 10:48:15,short,True,False,1 commit
True,2017-10-30 12:35:26,short,True,False,1 commit
True,2017-10-30 19:32:00,very short,True,False,1 commit
True,2017-10-30 19:32:31,very short,True,False,1 commit
True,2017-10-30 21:13:41,lengthy,False,False,1 commit
True,2017-10-31 05:30:03,medium,False,True,1 commit
True,2017-10-31 14:04:44,very short,True,False,1 commit
False,2017-11-01 12:27:44,lengthy,False,True,some commits
True,2017-11-01 13:47:14,medium,True,False,some commits
True,2017-11-01 19:46:09,lengthy,False,True,1 commit
False,2017-11-01 23:51:30,lengthy,True,False,1 commit
False,2017-11-02 16:37:24,lengthy,True,False,some commits
True,2017-11-03 03:32:05,very short,False,True,1 commit
True,2017-11-03 12:30:42,very short,False,True,1 commit
True,2017-11-06 18:43:49,very short,True,False,1 commit
False,2017-11-07 01:33:55,very short,False,True,1 commit
False,2017-11-07 21:48:55,lengthy,True,False,some commits
True,2017-11-08 07:39:03,very short,True,False,1 commit
False,2017-11-08 07:46:07,very short,True,False,1 commit
False,2017-11-08 23:00:04,lengthy,True,False,some commits
False,2017-11-09 00:46:58,lengthy,False,False,1 commit
False,2017-11-09 13:40:32,lengthy,False,True,1 commit
False,2017-11-09 17:28:34,lengthy,False,True,1 commit
False,2017-11-10 18:05:46,lengthy,True,False,some commits
True,2017-11-11 16:42:34,very short,True,False,1 commit
True,2017-11-11 19:43:56,very short,True,False,1 commit
True,2017-11-12 14:04:26,short,True,False,1 commit
True,2017-11-12 18:39:30,short,True,False,1 commit
True,2017-11-14 16:03:58,lengthy,True,False,1 commit
True,2017-11-14 17:18:06,very short,True,False,1 commit
True,2017-11-15 02:05:36,lengthy,True,False,1 commit
True,2017-11-15 06:30:08,lengthy,True,False,1 commit
True,2017-11-15 12:21:35,short,True,False,1 commit
True,2017-11-17 07:11:05,short,True,False,1 commit
True,2017-11-17 14:26:29,lengthy,False,True,1 commit
False,2017-11-17 18:32:11,medium,False,False,1 commit
True,2017-11-17 21:39:57,very short,True,False,1 commit
True,2017-11-19 15:16:02,short,True,False,1 commit
False,2017-11-19 19:46:49,very short,False,False,1 commit
True,2017-11-20 07:11:48,lengthy,False,False,1 commit
True,2017-11-20 13:32:27,lengthy,True,False,1 commit
True,2017-11-20 15:58:12,short,False,False,1 commit
True,2017-11-21 10:22:00,very short,False,True,1 commit
True,2017-11-21 21:37:34,lengthy,True,False,1 commit
True,2017-11-22 06:44:14,very short,False,False,1 commit
False,2017-11-22 10:55:18,lengthy,True,False,1 commit
True,2017-11-22 11:30:02,lengthy,False,True,1 commit
False,2017-11-22 12:30:23,very short,False,True,some commits
True,2017-11-22 22:07:44,short,True,False,1 commit
True,2017-11-23 03:23:48,very short,True,False,1 commit
True,2017-11-23 16:19:59,medium,True,False,1 commit
True,2017-11-23 16:39:53,very short,True,False,1 commit
True,2017-11-24 08:09:45,lengthy,True,False,1 commit
True,2017-11-24 15:51:53,lengthy,True,False,1 commit
False,2017-11-25 00:02:22,lengthy,False,True,1 commit
True,2017-11-25 02:56:36,lengthy,True,False,1 commit
True,2017-11-26 16:39:31,short,True,False,1 commit
False,2017-11-27 09:15:09,lengthy,False,False,some commits
False,2017-11-28 00:13:37,very short,False,True,many commits
True,2017-11-28 13:28:52,very short,True,False,1 commit
True,2017-11-29 06:16:19,short,True,False,1 commit
True,2017-11-29 06:18:09,short,True,False,1 commit
True,2017-11-30 08:44:05,lengthy,False,True,1 commit
True,2017-11-30 08:49:45,short,True,False,some commits
True,2017-11-30 10:10:15,medium,True,False,1 commit
False,2017-11-30 12:08:54,lengthy,True,False,some commits
True,2017-11-30 20:20:07,very short,False,True,1 commit
True,2017-12-01 16:06:05,lengthy,False,True,1 commit
True,2017-12-02 12:03:18,lengthy,True,False,1 commit
True,2017-12-02 18:41:02,short,True,False,1 commit
True,2017-12-02 23:55:15,lengthy,True,False,some commits
True,2017-12-03 15:13:36,medium,True,False,1 commit
True,2017-12-03 19:07:29,medium,False,True,1 commit
True,2017-12-03 23:31:57,lengthy,False,True,1 commit
False,2017-12-04 05:02:42,short,False,True,1 commit
True,2017-12-04 08:35:06,lengthy,False,True,1 commit
False,2017-12-04 12:53:58,very short,False,True,1 commit
False,2017-12-04 17:47:39,very short,True,False,1 commit
False,2017-12-05 01:08:26,very short,False,True,1 commit
True,2017-12-05 01:43:56,lengthy,True,False,1 commit
True,2017-12-05 04:53:11,short,True,False,1 commit
True,2017-12-05 08:10:54,very short,False,True,1 commit
False,2017-12-05 10:15:55,lengthy,True,False,many commits
False,2017-12-05 11:22:05,lengthy,True,False,1 commit
True,2017-12-05 14:48:18,very short,True,False,1 commit
True,2017-12-05 17:10:29,short,True,False,1 commit
False,2017-12-05 17:42:46,very short,True,False,1 commit
False,2017-12-05 19:35:20,very short,False,True,1 commit
True,2017-12-05 21:56:01,short,False,True,1 commit
True,2017-12-06 10:00:04,very short,True,False,1 commit
True,2017-12-06 11:08:42,medium,True,False,some commits
True,2017-12-06 19:07:02,very short,True,False,1 commit
False,2017-12-06 21:27:14,lengthy,True,False,1 commit
True,2017-12-07 09:17:01,very short,False,True,1 commit
False,2017-12-07 09:20:49,lengthy,True,False,some commits
True,2017-12-07 12:14:35,very short,True,False,1 commit
False,2017-12-07 12:21:49,very short,True,False,1 commit
False,2017-12-07 14:42:58,very short,True,False,1 commit
True,2017-12-07 15:27:14,very short,False,True,1 commit
True,2017-12-08 03:15:53,very short,True,False,1 commit
True,2017-12-08 05:45:30,very short,True,False,1 commit
True,2017-12-08 05:47:08,very short,True,False,1 commit
True,2017-12-08 10:24:08,very short,True,False,1 commit
True,2017-12-08 16:24:16,short,True,False,many commits
True,2017-12-08 19:20:38,lengthy,True,False,1 commit
True,2017-12-08 19:57:27,medium,False,True,1 commit
True,2017-12-09 04:03:37,lengthy,True,False,some commits
True,2017-12-11 12:29:05,lengthy,True,False,some commits
True,2017-12-12 14:02:04,very short,True,False,1 commit
True,2017-12-12 15:29:48,very short,True,False,1 commit
False,2017-12-13 03:37:23,very short,False,True,many commits
True,2017-12-13 18:48:33,medium,True,False,1 commit
False,2017-12-14 04:44:44,short,True,False,1 commit
False,2017-12-14 07:31:40,lengthy,True,False,1 commit
True,2017-12-14 08:41:31,lengthy,True,False,1 commit
False,2017-12-14 13:54:06,lengthy,False,True,1 commit
False,2017-12-16 03:22:55,short,False,True,1 commit
False,2017-12-16 08:06:38,lengthy,True,False,1 commit
True,2017-12-16 08:52:10,medium,True,False,1 commit
True,2017-12-16 13:31:54,lengthy,False,True,1 commit
True,2017-12-16 14:39:34,medium,True,False,1 commit
False,2017-12-17 05:30:11,short,False,True,1 commit
True,2017-12-17 15:38:45,medium,True,False,1 commit
True,2017-12-17 15:42:12,medium,True,False,1 commit
True,2017-12-18 13:44:10,very short,False,True,some commits
True,2017-12-18 14:13:19,very short,True,False,1 commit
True,2017-12-18 20:40:55,medium,False,True,1 commit
True,2017-12-19 08:22:23,short,True,False,1 commit
False,2017-12-19 15:15:57,lengthy,True,False,many commits
True,2017-12-19 19:18:55,lengthy,True,False,1 commit
True,2017-12-19 22:52:35,short,False,True,1 commit
True,2017-12-21 16:42:26,lengthy,True,False,1 commit
True,2017-12-23 10:27:53,medium,True,False,1 commit
True,2017-12-23 10:40:56,medium,True,False,1 commit
False,2017-12-24 15:26:13,short,True,False,1 commit
True,2017-12-26 18:46:06,very short,True,False,1 commit
True,2017-12-27 07:26:20,very short,True,False,1 commit
True,2017-12-27 11:32:58,very short,True,False,1 commit
True,2017-12-27 18:17:12,very short,True,False,1 commit
True,2017-12-27 21:53:48,medium,False,True,some commits
True,2017-12-28 00:24:27,short,True,False,1 commit
True,2017-12-28 02:45:41,short,True,False,1 commit
True,2017-12-28 09:22:24,very short,True,False,1 commit
False,2017-12-28 16:14:13,very short,False,False,1 commit
False,2017-12-28 17:11:00,very short,False,False,1 commit
True,2017-12-29 08:10:58,very short,True,False,1 commit
True,2017-12-29 09:24:01,very short,True,False,1 commit
False,2017-12-30 02:30:31,lengthy,True,False,1 commit
True,2017-12-30 19:24:42,medium,True,False,1 commit
True,2017-12-31 02:40:17,short,True,False,1 commit
True,2018-01-01 00:01:03,medium,False,True,1 commit
False,2018-01-01 10:59:03,very short,False,True,1 commit
True,2018-01-01 12:45:18,very short,False,True,1 commit
True,2018-01-02 10:33:48,short,True,False,1 commit
False,2018-01-02 12:44:04,lengthy,False,True,1 commit
True,2018-01-02 16:49:13,lengthy,True,False,some commits
True,2018-01-02 17:32:30,medium,True,False,1 commit
True,2018-01-02 21:08:10,very short,True,False,1 commit
False,2018-01-02 21:18:41,very short,False,False,1 commit
True,2018-01-02 21:52:59,very short,False,True,1 commit
False,2018-01-02 23:48:03,very short,False,True,1 commit
True,2018-01-03 10:55:53,very short,False,True,1 commit
True,2018-01-03 15:47:56,lengthy,False,False,1 commit
True,2018-01-03 17:05:58,very short,True,False,some commits
True,2018-01-03 18:19:46,lengthy,False,True,1 commit
True,2018-01-03 22:18:15,very short,True,False,1 commit
True,2018-01-04 03:47:05,lengthy,True,False,1 commit
True,2018-01-04 14:20:52,lengthy,True,False,1 commit
True,2018-01-04 18:39:04,medium,True,False,1 commit
True,2018-01-04 21:06:34,very short,True,False,1 commit
True,2018-01-04 22:26:04,lengthy,True,False,1 commit
True,2018-01-05 10:52:21,very short,True,False,1 commit
True,2018-01-05 11:28:26,very short,True,False,1 commit
False,2018-01-05 22:54:15,lengthy,True,False,some commits
False,2018-01-06 06:48:11,very short,False,True,1 commit
True,2018-01-06 13:59:52,lengthy,True,False,some commits
True,2018-01-06 15:47:37,very short,True,False,1 commit
False,2018-01-06 17:57:29,very short,True,False,1 commit
True,2018-01-08 13:22:15,medium,False,True,1 commit
False,2018-01-08 20:10:46,very short,True,False,1 commit
True,2018-01-08 21:46:02,lengthy,False,True,1 commit
False,2018-01-09 08:06:55,very short,False,True,many commits
False,2018-01-09 11:50:06,short,False,True,1 commit
True,2018-01-09 16:16:56,lengthy,False,True,1 commit
True,2018-01-09 16:35:02,lengthy,True,False,1 commit
True,2018-01-10 14:25:22,very short,True,False,1 commit
True,2018-01-10 14:51:45,very short,True,False,1 commit
False,2018-01-11 03:01:40,very short,False,True,many commits
False,2018-01-11 04:15:05,very short,False,True,some commits
True,2018-01-11 05:40:54,short,False,True,1 commit
True,2018-01-11 11:03:31,very short,True,False,1 commit
True,2018-01-11 16:24:06,lengthy,False,True,1 commit
False,2018-01-12 00:55:47,very short,False,True,1 commit
True,2018-01-12 02:44:23,lengthy,True,False,1 commit
False,2018-01-12 14:02:28,very short,False,True,1 commit
False,2018-01-12 14:19:12,lengthy,False,True,1 commit
False,2018-01-12 21:50:17,lengthy,False,True,many commits
True,2018-01-12 22:20:39,very short,True,False,1 commit
True,2018-01-12 23:20:07,lengthy,False,True,1 commit
True,2018-01-13 12:13:02,very short,False,True,1 commit
True,2018-01-14 00:11:42,short,False,True,1 commit
True,2018-01-14 03:20:45,lengthy,True,False,1 commit
True,2018-01-15 12:03:34,short,False,True,1 commit
True,2018-01-15 12:21:57,very short,True,False,1 commit
True,2018-01-15 13:54:12,very short,True,False,1 commit
True,2018-01-17 05:53:38,very short,False,True,1 commit
True,2018-01-18 03:53:35,very short,True,False,1 commit
True,2018-01-18 04:21:29,very short,True,False,1 commit
False,2018-01-18 14:29:09,lengthy,False,True,1 commit
True,2018-01-18 18:19:28,lengthy,False,False,1 commit
True,2018-01-19 05:08:46,short,True,False,1 commit
False,2018-01-19 09:21:13,lengthy,False,True,some commits
True,2018-01-20 04:21:07,very short,True,False,1 commit
True,2018-01-20 15:30:38,very short,True,False,1 commit
True,2018-01-20 16:32:22,lengthy,True,False,1 commit
True,2018-01-21 01:06:02,very short,True,False,1 commit
False,2018-01-21 15:13:20,lengthy,False,True,1 commit
False,2018-01-21 19:18:33,lengthy,False,True,some commits
True,2018-01-21 19:29:31,medium,False,True,1 commit
True,2018-01-21 22:46:03,short,True,False,1 commit
True,2018-01-22 19:43:36,very short,True,False,1 commit
True,2018-01-23 04:52:03,short,False,True,1 commit
False,2018-01-24 09:25:56,very short,False,False,some commits
True,2018-01-25 04:56:26,short,True,False,1 commit
True,2018-01-25 12:18:26,very short,False,True,1 commit
True,2018-01-25 20:11:51,medium,True,False,1 commit
False,2018-01-25 21:14:52,lengthy,False,False,many commits
True,2018-01-26 00:48:20,lengthy,False,False,many commits
True,2018-01-26 04:59:52,very short,True,False,1 commit
True,2018-01-26 10:54:32,lengthy,False,True,1 commit
False,2018-01-26 23:00:07,very short,False,True,1 commit
True,2018-01-27 17:26:37,short,True,False,1 commit
True,2018-01-28 10:32:16,medium,False,False,1 commit
True,2018-01-29 15:16:07,very short,False,True,1 commit
True,2018-01-30 01:14:29,short,False,True,1 commit
True,2018-01-30 09:43:25,very short,True,False,1 commit
True,2018-01-30 10:13:58,very short,True,False,1 commit
False,2018-01-30 11:03:48,very short,False,False,many commits
True,2018-01-30 15:23:14,short,False,True,some commits
True,2018-01-31 03:16:26,very short,True,False,1 commit
True,2018-01-31 03:49:08,very short,True,False,1 commit
True,2018-01-31 04:40:16,very short,False,False,1 commit
True,2018-01-31 16:41:28,medium,False,False,1 commit
True,2018-01-31 18:30:27,very short,True,False,1 commit
True,2018-02-01 02:27:47,very short,True,False,1 commit
True,2018-02-01 08:01:22,very short,True,False,1 commit
False,2018-02-01 20:44:19,very short,True,False,1 commit
True,2018-02-01 21:18:19,very short,True,False,1 commit
True,2018-02-02 04:25:57,very short,True,False,1 commit
True,2018-02-02 08:03:58,medium,True,False,1 commit
True,2018-02-02 08:55:38,medium,True,False,1 commit
False,2018-02-02 15:44:24,very short,False,True,1 commit
True,2018-02-03 08:56:50,medium,True,False,1 commit
True,2018-02-03 17:30:44,short,True,False,1 commit
False,2018-02-04 01:53:27,lengthy,True,False,1 commit
True,2018-02-04 05:35:05,medium,True,False,1 commit
True,2018-02-04 20:28:33,very short,True,False,1 commit
True,2018-02-05 08:07:40,very short,False,True,1 commit
True,2018-02-05 17:44:28,medium,False,True,1 commit
False,2018-02-05 20:30:45,lengthy,False,True,some commits
True,2018-02-06 05:58:41,very short,True,False,1 commit
True,2018-02-06 10:53:50,lengthy,True,False,1 commit
False,2018-02-06 21:47:39,lengthy,True,False,some commits
True,2018-02-07 03:10:03,medium,True,False,1 commit
True,2018-02-08 07:13:25,lengthy,True,False,1 commit
False,2018-02-08 07:44:52,lengthy,True,False,some commits
False,2018-02-08 08:20:29,very short,False,False,1 commit
True,2018-02-08 08:35:26,very short,True,False,1 commit
False,2018-02-09 09:36:51,very short,True,False,1 commit
True,2018-02-09 15:06:24,lengthy,True,False,some commits
True,2018-02-10 00:42:20,very short,True,False,1 commit
False,2018-02-10 06:54:13,lengthy,True,False,some commits
True,2018-02-10 15:13:12,very short,True,False,1 commit
True,2018-02-10 15:22:03,very short,True,False,1 commit
False,2018-02-11 13:43:04,very short,False,True,1 commit
False,2018-02-11 13:45:23,lengthy,False,True,some commits
True,2018-02-12 09:10:48,very short,False,True,1 commit
True,2018-02-12 10:03:59,very short,False,False,1 commit
True,2018-02-12 12:51:50,medium,False,True,1 commit
False,2018-02-13 21:06:47,lengthy,False,True,1 commit
True,2018-02-15 05:44:37,lengthy,False,True,1 commit
True,2018-02-16 00:25:16,lengthy,False,True,1 commit
True,2018-02-16 18:18:31,medium,True,False,1 commit
True,2018-02-17 08:38:53,short,False,False,1 commit
True,2018-02-19 13:45:27,short,False,True,1 commit
True,2018-02-19 18:17:05,lengthy,True,False,1 commit
True,2018-02-20 10:12:13,very short,False,True,1 commit
True,2018-02-20 13:55:35,short,False,True,1 commit
False,2018-02-20 18:45:23,lengthy,True,False,1 commit
True,2018-02-20 18:50:49,very short,False,True,1 commit
False,2018-02-21 09:26:31,lengthy,True,False,1 commit
True,2018-02-21 10:25:27,very short,False,True,1 commit
False,2018-02-21 10:53:32,very short,False,False,some commits
False,2018-02-21 17:31:57,lengthy,True,False,1 commit
True,2018-02-22 14:09:49,very short,True,False,1 commit
True,2018-02-23 04:34:26,lengthy,True,False,1 commit
True,2018-02-23 07:44:23,very short,True,False,1 commit
True,2018-02-23 17:20:43,very short,True,False,1 commit
True,2018-02-24 06:40:52,medium,True,False,1 commit
True,2018-02-24 06:49:34,medium,True,False,1 commit
True,2018-02-24 09:22:52,short,True,False,1 commit
False,2018-02-25 15:55:18,very short,False,True,many commits
True,2018-02-25 17:28:00,very short,True,False,1 commit
True,2018-02-26 14:45:46,very short,True,False,1 commit
True,2018-02-27 20:05:38,lengthy,True,False,1 commit
True,2018-03-01 07:56:43,very short,True,False,1 commit
True,2018-03-01 09:46:47,very short,True,False,1 commit
True,2018-03-01 14:48:08,short,False,True,1 commit
False,2018-03-02 09:38:10,lengthy,True,False,1 commit
True,2018-03-02 15:34:50,medium,True,False,some commits
True,2018-03-02 19:07:06,very short,True,False,1 commit
True,2018-03-02 21:43:08,very short,True,False,1 commit
False,2018-03-03 06:33:04,very short,False,True,1 commit
True,2018-03-03 14:13:48,very short,False,True,1 commit
False,2018-03-03 19:42:13,lengthy,False,True,some commits
True,2018-03-03 21:51:02,short,False,True,1 commit
False,2018-03-04 16:52:35,lengthy,False,False,1 commit
True,2018-03-04 17:48:20,very short,False,True,1 commit
True,2018-03-05 06:25:50,very short,False,True,1 commit
True,2018-03-06 16:19:31,medium,True,False,1 commit
False,2018-03-06 20:20:35,medium,True,False,1 commit
True,2018-03-06 21:14:51,very short,True,False,1 commit
True,2018-03-07 11:05:22,very short,False,True,1 commit
True,2018-03-07 21:28:59,very short,False,False,1 commit
False,2018-03-07 21:54:00,lengthy,False,True,1 commit
True,2018-03-08 07:21:29,very short,True,False,1 commit
False,2018-03-08 17:32:08,very short,True,False,1 commit
True,2018-03-08 22:22:58,medium,True,False,1 commit
True,2018-03-10 12:27:11,short,True,False,1 commit
True,2018-03-10 13:07:46,short,True,False,1 commit
True,2018-03-11 12:29:12,short,True,False,1 commit
True,2018-03-11 17:07:17,short,True,False,1 commit
True,2018-03-11 19:41:48,very short,True,False,1 commit
True,2018-03-12 15:53:48,lengthy,True,False,1 commit
True,2018-03-12 16:58:30,very short,False,True,1 commit
True,2018-03-12 19:40:43,very short,False,True,1 commit
False,2018-03-13 16:11:50,very short,True,False,many commits
False,2018-03-14 00:15:34,lengthy,False,True,some commits
True,2018-03-14 09:41:04,short,True,False,1 commit
False,2018-03-14 17:50:58,medium,False,True,1 commit
True,2018-03-14 18:11:35,very short,True,False,1 commit
False,2018-03-14 20:51:19,very short,False,True,some commits
True,2018-03-14 22:58:26,very short,False,True,1 commit
True,2018-03-15 10:37:26,very short,True,False,1 commit
False,2018-03-15 17:01:58,very short,False,True,many commits
True,2018-03-15 19:37:53,medium,True,False,1 commit
False,2018-03-17 02:46:00,lengthy,True,False,1 commit
True,2018-03-17 09:52:31,very short,True,False,1 commit
True,2018-03-17 12:44:23,short,False,False,1 commit
False,2018-03-17 20:31:57,short,True,False,1 commit
True,2018-03-18 13:37:34,short,True,False,1 commit
False,2018-03-18 13:37:38,short,True,False,1 commit
False,2018-03-20 18:58:36,short,False,True,many commits
True,2018-03-21 00:22:46,lengthy,True,False,1 commit
True,2018-03-21 07:21:11,very short,True,False,1 commit
True,2018-03-21 13:37:06,very short,True,False,1 commit
True,2018-03-22 00:49:32,very short,False,True,1 commit
False,2018-03-22 07:20:00,lengthy,False,False,some commits
False,2018-03-22 09:19:26,lengthy,False,True,1 commit
True,2018-03-22 13:24:40,lengthy,False,True,1 commit
False,2018-03-22 14:40:03,very short,False,True,1 commit
True,2018-03-22 16:52:19,very short,False,True,1 commit
False,2018-03-23 13:11:41,lengthy,True,False,1 commit
True,2018-03-24 05:34:00,lengthy,True,False,1 commit
False,2018-03-24 14:19:55,lengthy,False,True,many commits
True,2018-03-24 16:54:50,short,True,False,1 commit
True,2018-03-24 20:27:43,very short,True,False,1 commit
True,2018-03-25 13:04:44,short,True,False,1 commit
True,2018-03-25 15:09:52,short,False,True,1 commit
True,2018-03-26 01:46:12,lengthy,True,False,1 commit
False,2018-03-26 21:17:28,medium,False,True,some commits
True,2018-03-27 05:52:27,short,False,True,1 commit
False,2018-03-27 17:26:24,very short,False,False,1 commit
True,2018-03-28 05:00:38,very short,True,False,1 commit
True,2018-03-28 08:17:32,very short,False,True,1 commit
True,2018-03-29 08:04:00,very short,True,False,1 commit
True,2018-03-29 09:37:50,very short,False,True,1 commit
True,2018-03-29 14:09:45,short,True,False,1 commit
True,2018-03-30 08:47:59,short,True,False,1 commit
True,2018-03-30 10:04:52,medium,True,False,1 commit
False,2018-03-31 04:21:12,medium,True,False,1 commit
True,2018-03-31 10:16:14,very short,True,False,1 commit
True,2018-03-31 23:50:46,lengthy,True,False,1 commit
False,2018-04-01 14:05:51,lengthy,True,False,1 commit
True,2018-04-02 08:01:41,very short,False,True,some commits
True,2018-04-02 15:52:10,short,True,False,1 commit
True,2018-04-02 20:39:43,very short,True,False,1 commit
True,2018-04-02 20:53:19,very short,True,False,1 commit
True,2018-04-03 03:10:47,short,False,True,1 commit
True,2018-04-03 07:17:52,short,True,False,1 commit
True,2018-04-04 08:38:07,very short,False,True,1 commit
True,2018-04-04 13:14:19,very short,True,False,1 commit
True,2018-04-05 09:50:49,very short,False,True,1 commit
True,2018-04-07 20:00:08,medium,True,False,1 commit
True,2018-04-08 18:06:18,medium,False,True,1 commit
False,2018-04-09 09:55:51,short,True,False,some commits
False,2018-04-09 16:25:46,short,True,False,1 commit
True,2018-04-09 16:53:19,very short,True,False,1 commit
True,2018-04-09 17:45:22,short,False,False,some commits
True,2018-04-10 09:08:28,lengthy,True,False,1 commit
True,2018-04-11 00:17:31,medium,False,True,1 commit
False,2018-04-11 01:14:28,very short,False,True,1 commit
True,2018-04-11 02:53:17,very short,False,False,1 commit
True,2018-04-12 18:10:05,very short,True,False,1 commit
True,2018-04-13 11:57:32,very short,True,False,1 commit
True,2018-04-13 21:05:10,short,False,True,1 commit
True,2018-04-13 21:05:36,medium,True,False,1 commit
True,2018-04-15 19:03:50,very short,False,True,1 commit
True,2018-04-16 13:33:04,very short,False,True,1 commit
False,2018-04-16 17:01:13,lengthy,False,True,some commits
True,2018-04-16 17:44:13,short,True,False,1 commit
True,2018-04-16 20:07:02,very short,True,False,1 commit
True,2018-04-17 22:21:48,very short,False,True,1 commit
False,2018-04-18 05:06:53,lengthy,False,True,1 commit
True,2018-04-19 08:09:06,very short,False,True,1 commit
True,2018-04-19 10:13:58,very short,False,False,1 commit
False,2018-04-20 03:48:06,very short,True,False,some commits
True,2018-04-20 18:21:19,medium,True,False,1 commit
True,2018-04-21 00:05:28,short,True,False,1 commit
True,2018-04-21 00:34:10,short,True,False,1 commit
True,2018-04-21 13:45:12,short,False,False,1 commit
True,2018-04-21 18:37:59,very short,True,False,1 commit
False,2018-04-22 09:29:19,short,False,True,some commits
True,2018-04-22 19:58:24,very short,True,False,1 commit
False,2018-04-23 05:28:05,very short,False,True,1 commit
True,2018-04-23 07:21:41,very short,False,True,1 commit
True,2018-04-23 22:58:34,medium,False,True,many commits
False,2018-04-24 18:48:17,lengthy,True,False,some commits
True,2018-04-27 17:34:49,very short,False,True,1 commit
True,2018-04-27 22:41:10,lengthy,True,False,1 commit
True,2018-04-28 13:24:44,medium,True,False,some commits
True,2018-04-28 23:19:49,medium,False,True,1 commit
True,2018-04-28 23:38:56,very short,False,False,1 commit
False,2018-04-29 16:26:18,short,False,True,some commits
True,2018-04-29 23:49:44,very short,True,False,1 commit
True,2018-04-30 17:38:52,short,True,False,1 commit
False,2018-04-30 20:16:09,very short,False,True,1 commit
False,2018-05-01 18:14:04,lengthy,False,True,some commits
True,2018-05-02 07:19:34,very short,True,False,1 commit
True,2018-05-03 04:51:58,very short,True,False,1 commit
False,2018-05-03 09:31:36,short,False,True,1 commit
True,2018-05-03 12:35:26,medium,True,False,1 commit
True,2018-05-03 14:04:38,lengthy,False,True,1 commit
False,2018-05-04 07:56:20,lengthy,True,False,many commits
False,2018-05-05 00:53:56,lengthy,False,True,some commits
True,2018-05-05 11:47:51,very short,False,True,1 commit
True,2018-05-06 16:56:10,very short,True,False,1 commit
False,2018-05-07 11:18:55,lengthy,False,True,1 commit
True,2018-05-07 16:37:05,short,True,False,1 commit
False,2018-05-08 14:20:43,very short,True,False,some commits
True,2018-05-08 18:55:41,medium,False,False,1 commit
True,2018-05-09 00:18:17,medium,False,True,1 commit
True,2018-05-09 10:33:15,very short,True,False,some commits
False,2018-05-09 13:15:26,lengthy,False,True,some commits
True,2018-05-10 19:50:44,short,True,False,1 commit
True,2018-05-11 10:04:51,lengthy,True,False,1 commit
False,2018-05-12 16:47:29,very short,True,False,1 commit
True,2018-05-13 09:48:32,very short,False,True,1 commit
True,2018-05-13 18:58:31,very short,True,False,1 commit
False,2018-05-14 12:53:49,lengthy,False,True,1 commit
True,2018-05-14 15:04:02,very short,True,False,1 commit
True,2018-05-14 16:29:32,medium,False,True,1 commit
False,2018-05-14 17:54:56,very short,False,True,1 commit
False,2018-05-14 19:26:27,very short,False,False,1 commit
False,2018-05-14 20:49:23,lengthy,True,False,1 commit
True,2018-05-15 17:38:33,very short,False,True,1 commit
True,2018-05-16 18:06:39,very short,False,False,1 commit
False,2018-05-17 11:37:20,lengthy,False,True,1 commit
True,2018-05-17 14:32:22,lengthy,True,False,1 commit
True,2018-05-18 02:14:25,very short,True,False,1 commit
True,2018-05-18 08:02:09,lengthy,False,True,1 commit
True,2018-05-18 14:43:34,medium,False,True,1 commit
True,2018-05-19 01:21:57,medium,True,False,1 commit
True,2018-05-19 13:24:43,short,True,False,1 commit
True,2018-05-19 15:56:30,lengthy,False,False,1 commit
True,2018-05-20 06:28:03,very short,False,True,1 commit
False,2018-05-20 07:26:27,short,True,False,1 commit
True,2018-05-22 07:38:55,lengthy,False,True,1 commit
False,2018-05-22 07:43:20,medium,True,False,1 commit
True,2018-05-23 20:07:46,lengthy,False,True,1 commit
True,2018-05-24 07:19:21,short,True,False,1 commit
True,2018-05-24 07:57:56,very short,True,False,1 commit
False,2018-05-24 16:24:20,very short,True,False,1 commit
True,2018-05-24 22:59:40,very short,False,True,1 commit
True,2018-05-25 15:24:32,very short,True,False,1 commit
True,2018-05-26 10:19:09,short,True,False,1 commit
True,2018-05-26 10:19:38,lengthy,True,False,1 commit
True,2018-05-26 12:06:33,lengthy,True,False,some commits
False,2018-05-26 12:21:50,lengthy,True,False,1 commit
True,2018-05-26 13:02:51,lengthy,False,True,1 commit
True,2018-05-26 13:21:31,very short,False,False,1 commit
True,2018-05-26 13:55:51,very short,True,False,1 commit
True,2018-05-26 14:03:04,very short,False,True,1 commit
False,2018-05-26 14:48:02,lengthy,False,True,1 commit
False,2018-05-26 22:07:03,lengthy,True,False,1 commit
True,2018-05-27 09:26:31,lengthy,False,False,1 commit
True,2018-05-27 10:24:39,lengthy,False,True,1 commit
True,2018-05-27 10:25:39,very short,True,False,1 commit
True,2018-05-27 11:50:53,very short,True,False,1 commit
True,2018-05-27 12:04:03,short,False,True,1 commit
True,2018-05-27 12:22:41,lengthy,False,True,1 commit
True,2018-05-27 13:01:53,very short,True,False,1 commit
True,2018-05-27 20:08:11,very short,False,True,1 commit
True,2018-05-28 12:01:10,very short,False,True,1 commit
True,2018-05-28 14:21:10,medium,True,False,1 commit
True,2018-05-29 03:48:08,medium,False,True,1 commit
True,2018-05-29 12:55:20,lengthy,True,False,1 commit
True,2018-05-29 16:51:21,lengthy,True,False,1 commit
False,2018-05-30 08:43:48,very short,False,True,1 commit
True,2018-05-30 10:45:38,medium,False,True,1 commit
False,2018-05-30 16:58:26,very short,False,True,1 commit
True,2018-05-30 20:24:54,very short,True,False,1 commit
False,2018-05-31 10:33:36,lengthy,False,True,1 commit
True,2018-06-01 09:48:23,very short,False,True,1 commit
True,2018-06-03 01:50:18,short,True,False,1 commit
False,2018-06-03 20:29:28,lengthy,True,False,1 commit
True,2018-06-04 23:34:20,very short,True,False,1 commit
True,2018-06-05 07:19:18,very short,True,False,1 commit
True,2018-06-05 13:15:10,lengthy,True,False,1 commit
True,2018-06-05 20:44:06,short,True,False,1 commit
True,2018-06-06 00:20:59,very short,False,True,1 commit
False,2018-06-06 14:07:33,short,True,False,1 commit
True,2018-06-07 08:41:04,very short,True,False,1 commit
True,2018-06-07 13:04:11,lengthy,True,False,1 commit
False,2018-06-08 11:54:39,very short,False,True,1 commit
True,2018-06-08 15:58:41,medium,False,True,1 commit
True,2018-06-08 19:25:18,medium,True,False,1 commit
True,2018-06-08 23:44:43,very short,True,False,1 commit
True,2018-06-09 17:43:35,medium,True,False,1 commit
True,2018-06-09 22:14:33,short,False,True,1 commit
True,2018-06-12 03:33:42,very short,True,False,1 commit
False,2018-06-12 12:22:11,medium,False,True,1 commit
False,2018-06-12 21:55:46,very short,False,True,1 commit
True,2018-06-14 17:09:00,short,False,True,1 commit
True,2018-06-15 20:20:22,very short,True,False,1 commit
True,2018-06-15 21:08:43,very short,True,False,1 commit
True,2018-06-16 09:15:00,very short,False,False,1 commit
True,2018-06-18 08:34:35,very short,True,False,1 commit
True,2018-06-18 14:20:07,short,True,False,1 commit
False,2018-06-19 03:57:36,very short,False,False,1 commit
False,2018-06-19 07:11:37,very short,True,False,1 commit
True,2018-06-19 07:39:24,short,True,False,some commits
True,2018-06-19 08:53:10,very short,True,False,1 commit
True,2018-06-19 22:41:10,very short,True,False,1 commit
True,2018-06-20 10:19:55,lengthy,True,False,1 commit
True,2018-06-20 10:47:26,very short,True,False,some commits
True,2018-06-20 10:55:45,very short,True,False,1 commit
False,2018-06-20 14:32:19,very short,False,True,1 commit
True,2018-06-21 04:33:18,very short,True,False,1 commit
True,2018-06-21 09:25:01,very short,True,False,1 commit
True,2018-06-21 15:14:02,very short,True,False,1 commit
False,2018-06-21 17:27:23,medium,False,True,1 commit
True,2018-06-21 19:27:40,very short,True,False,1 commit
True,2018-06-21 20:02:17,medium,False,True,1 commit
True,2018-06-21 22:21:12,medium,False,True,1 commit
False,2018-06-22 09:17:48,medium,True,False,1 commit
True,2018-06-22 09:36:13,medium,True,False,1 commit
True,2018-06-22 09:48:38,very short,True,False,1 commit
True,2018-06-23 05:35:26,short,False,False,1 commit
True,2018-06-23 10:19:19,short,False,False,1 commit
True,2018-06-23 22:14:28,short,False,True,1 commit
False,2018-06-23 22:37:41,lengthy,False,True,1 commit
True,2018-06-24 01:43:43,medium,True,False,1 commit
True,2018-06-25 10:28:47,lengthy,True,False,some commits
False,2018-06-25 14:06:45,very short,False,True,1 commit
False,2018-06-26 16:20:54,very short,False,True,many commits
True,2018-06-26 22:25:41,very short,True,False,1 commit
True,2018-06-26 23:30:51,lengthy,False,True,many commits
False,2018-06-27 20:59:14,lengthy,False,True,some commits
True,2018-06-28 10:28:28,very short,True,False,1 commit
True,2018-06-28 19:15:40,very short,False,False,1 commit
False,2018-06-29 04:39:53,lengthy,False,True,some commits
True,2018-06-29 10:27:39,very short,True,False,1 commit
False,2018-06-29 16:25:26,lengthy,True,False,1 commit
False,2018-06-29 18:58:03,lengthy,False,True,some commits
False,2018-06-29 23:28:52,lengthy,False,True,1 commit
False,2018-06-30 01:30:55,very short,True,False,1 commit
False,2018-06-30 09:13:51,lengthy,True,False,1 commit
False,2018-06-30 14:29:54,lengthy,False,True,some commits
True,2018-06-30 16:42:06,short,True,False,1 commit
True,2018-06-30 16:58:32,very short,False,True,1 commit
False,2018-06-30 18:03:53,very short,False,True,1 commit
False,2018-06-30 20:50:10,lengthy,True,False,1 commit
True,2018-07-01 17:35:36,short,True,False,1 commit
False,2018-07-02 14:47:24,very short,False,True,1 commit
False,2018-07-02 17:33:17,lengthy,False,True,1 commit
True,2018-07-03 15:00:11,very short,False,True,1 commit
True,2018-07-03 19:25:48,very short,True,False,1 commit
True,2018-07-04 09:19:59,short,False,True,1 commit
True,2018-07-04 14:53:36,very short,False,True,1 commit
True,2018-07-05 08:24:17,very short,True,False,1 commit
True,2018-07-05 08:37:44,very short,True,False,1 commit
True,2018-07-05 20:08:41,very short,True,False,1 commit
True,2018-07-05 22:54:37,medium,True,False,1 commit
True,2018-07-06 09:31:16,medium,False,True,1 commit
True,2018-07-06 09:31:22,medium,True,False,1 commit
True,2018-07-06 09:41:22,very short,True,False,1 commit
False,2018-07-06 09:51:01,short,False,True,1 commit
True,2018-07-06 12:17:28,lengthy,True,False,1 commit
True,2018-07-06 16:25:15,medium,True,False,1 commit
True,2018-07-06 16:44:17,short,True,False,1 commit
True,2018-07-06 20:15:07,short,True,False,1 commit
True,2018-07-06 21:58:41,short,True,False,some commits
True,2018-07-07 08:31:04,short,True,False,1 commit
False,2018-07-08 02:45:05,lengthy,False,True,many commits
False,2018-07-08 12:38:53,lengthy,False,False,1 commit
True,2018-07-09 06:27:18,very short,True,False,1 commit
True,2018-07-09 06:32:50,very short,True,False,1 commit
True,2018-07-09 07:23:27,very short,True,False,1 commit
True,2018-07-09 08:37:52,very short,True,False,1 commit
False,2018-07-09 10:13:44,very short,False,True,1 commit
True,2018-07-09 13:19:32,very short,True,False,1 commit
False,2018-07-09 15:42:05,very short,False,True,1 commit
False,2018-07-10 01:53:09,lengthy,False,False,some commits
True,2018-07-10 04:22:42,very short,True,False,1 commit
True,2018-07-10 04:51:34,very short,True,False,1 commit
True,2018-07-10 05:14:17,very short,True,False,1 commit
True,2018-07-10 11:20:23,very short,True,False,1 commit
False,2018-07-10 11:49:15,very short,False,True,1 commit
True,2018-07-10 13:06:48,very short,True,False,1 commit
True,2018-07-10 15:14:47,very short,False,True,1 commit
True,2018-07-10 19:17:36,medium,True,False,1 commit
True,2018-07-10 20:56:43,lengthy,False,False,1 commit
True,2018-07-11 02:16:40,very short,True,False,1 commit
True,2018-07-11 04:33:23,very short,True,False,1 commit
True,2018-07-11 08:23:17,very short,False,False,some commits
True,2018-07-12 04:30:21,lengthy,True,False,some commits
False,2018-07-12 07:05:06,very short,False,True,1 commit
True,2018-07-14 04:41:26,medium,True,False,some commits
True,2018-07-14 10:06:41,medium,True,False,1 commit
True,2018-07-14 12:12:45,medium,True,False,1 commit
False,2018-07-14 20:49:51,very short,False,True,1 commit
False,2018-07-15 02:27:37,very short,True,False,1 commit
True,2018-07-15 21:50:10,very short,True,False,1 commit
True,2018-07-16 03:38:19,lengthy,False,True,1 commit
False,2018-07-16 06:44:22,lengthy,False,False,some commits
True,2018-07-16 07:52:53,very short,True,False,1 commit
False,2018-07-17 07:04:21,short,False,True,many commits
True,2018-07-17 08:43:22,short,True,False,1 commit
True,2018-07-17 08:48:49,short,True,False,1 commit
True,2018-07-17 16:00:47,very short,True,False,1 commit
True,2018-07-18 04:15:49,very short,True,False,1 commit
False,2018-07-18 07:04:35,very short,False,True,some commits
True,2018-07-18 10:13:16,lengthy,True,False,some commits
True,2018-07-18 19:50:54,short,False,True,1 commit
True,2018-07-18 22:23:41,lengthy,False,False,1 commit
True,2018-07-19 04:31:15,lengthy,False,False,1 commit
True,2018-07-19 18:18:03,very short,True,False,1 commit
True,2018-07-20 00:35:09,medium,False,True,some commits
False,2018-07-20 14:23:03,very short,False,True,1 commit
False,2018-07-20 19:10:56,short,True,False,1 commit
True,2018-07-22 17:15:08,lengthy,True,False,some commits
True,2018-07-23 10:25:15,short,True,False,1 commit
False,2018-07-23 10:59:59,very short,False,False,some commits
False,2018-07-24 11:46:38,medium,False,False,some commits
True,2018-07-24 15:37:19,short,True,False,1 commit
False,2018-07-24 18:05:47,very short,False,True,1 commit
True,2018-07-24 21:24:54,very short,True,False,1 commit
False,2018-07-25 00:04:05,very short,False,True,1 commit
True,2018-07-25 03:54:27,very short,True,False,1 commit
True,2018-07-25 09:04:39,short,True,False,some commits
True,2018-07-25 23:46:20,medium,True,False,1 commit
False,2018-07-26 12:46:12,very short,False,True,1 commit
True,2018-07-27 13:37:27,very short,True,False,1 commit
False,2018-07-27 14:12:40,lengthy,False,True,1 commit
False,2018-07-27 20:57:41,lengthy,True,False,1 commit
False,2018-07-28 12:11:51,very short,False,False,many commits
False,2018-07-28 14:49:35,medium,True,False,1 commit
True,2018-07-31 10:14:30,very short,True,False,1 commit
True,2018-07-31 15:06:56,very short,True,False,1 commit
True,2018-08-01 09:52:50,very short,True,False,some commits
True,2018-08-01 10:36:49,short,False,True,1 commit
True,2018-08-01 12:32:50,lengthy,False,False,1 commit
True,2018-08-01 17:02:10,very short,False,True,1 commit
True,2018-08-01 20:13:07,medium,True,False,1 commit
False,2018-08-02 00:06:07,short,False,True,1 commit
True,2018-08-02 02:18:01,lengthy,False,False,1 commit
False,2018-08-02 11:42:10,lengthy,False,True,1 commit
True,2018-08-02 20:43:34,short,True,False,some commits
True,2018-08-02 21:02:09,very short,True,False,1 commit
True,2018-08-03 11:58:27,very short,True,False,1 commit
True,2018-08-03 16:18:43,very short,True,False,1 commit
True,2018-08-04 20:26:12,very short,True,False,1 commit
True,2018-08-04 22:22:36,very short,True,False,1 commit
True,2018-08-06 02:53:44,short,True,False,some commits
True,2018-08-06 23:20:28,very short,True,False,1 commit
True,2018-08-07 16:11:26,very short,True,False,1 commit
True,2018-08-07 21:32:55,medium,True,False,1 commit
True,2018-08-07 22:09:21,medium,True,False,1 commit
True,2018-08-08 17:35:21,medium,False,True,1 commit
True,2018-08-09 01:34:12,short,True,False,1 commit
False,2018-08-09 07:57:05,lengthy,True,False,1 commit
True,2018-08-09 15:54:31,very short,False,True,1 commit
True,2018-08-11 05:22:41,medium,False,True,1 commit
True,2018-08-11 18:48:48,medium,False,False,1 commit
True,2018-08-11 19:42:57,lengthy,True,False,1 commit
True,2018-08-11 20:50:33,medium,False,True,1 commit
True,2018-08-11 22:59:32,very short,False,True,1 commit
True,2018-08-12 15:11:28,very short,True,False,1 commit
True,2018-08-12 17:17:56,medium,True,False,1 commit
False,2018-08-13 07:01:01,very short,False,True,many commits
True,2018-08-13 07:14:21,medium,False,False,1 commit
False,2018-08-13 07:48:37,short,False,True,1 commit
True,2018-08-13 08:28:23,medium,False,False,some commits
True,2018-08-13 19:07:52,very short,True,False,1 commit
False,2018-08-14 09:35:42,very short,False,True,1 commit
False,2018-08-14 16:49:48,very short,False,True,some commits
False,2018-08-15 06:12:16,lengthy,True,False,1 commit
True,2018-08-15 19:48:50,very short,True,False,1 commit
True,2018-08-16 00:36:27,lengthy,True,False,1 commit
True,2018-08-16 01:46:22,very short,True,False,1 commit
True,2018-08-16 08:52:44,very short,False,True,1 commit
False,2018-08-16 12:50:12,lengthy,False,True,1 commit
True,2018-08-16 20:55:37,medium,False,False,some commits
False,2018-08-16 22:47:40,very short,False,True,some commits
True,2018-08-17 01:49:52,very short,True,False,1 commit
True,2018-08-17 19:23:39,very short,True,False,1 commit
True,2018-08-18 06:50:42,medium,True,False,1 commit
True,2018-08-18 12:22:08,medium,False,True,1 commit
True,2018-08-18 18:28:06,very short,True,False,1 commit
True,2018-08-18 19:18:53,very short,True,False,1 commit
True,2018-08-18 19:30:09,short,True,False,1 commit
False,2018-08-19 02:11:16,lengthy,True,False,1 commit
True,2018-08-19 15:18:10,very short,True,False,1 commit
True,2018-08-19 17:38:02,very short,True,False,1 commit
True,2018-08-19 23:44:14,very short,True,False,1 commit
True,2018-08-21 12:04:52,very short,True,False,1 commit
True,2018-08-21 16:30:42,very short,True,False,1 commit
True,2018-08-21 20:37:31,very short,False,True,1 commit
False,2018-08-22 02:03:12,very short,False,True,1 commit
False,2018-08-22 06:11:12,lengthy,True,False,some commits
True,2018-08-22 19:30:31,medium,True,False,1 commit
True,2018-08-23 06:17:58,very short,False,True,1 commit
False,2018-08-23 16:55:49,lengthy,False,True,1 commit
False,2018-08-24 04:23:45,lengthy,False,True,1 commit
False,2018-08-26 15:33:42,lengthy,True,False,1 commit
False,2018-08-27 00:52:50,lengthy,False,False,1 commit
True,2018-08-27 02:26:56,lengthy,False,False,1 commit
False,2018-08-27 03:12:54,lengthy,True,False,some commits
True,2018-08-27 04:11:19,medium,False,True,1 commit
False,2018-08-27 08:04:12,very short,False,True,1 commit
True,2018-08-27 22:05:29,very short,True,False,1 commit
False,2018-08-28 00:48:01,medium,False,True,some commits
True,2018-08-28 00:55:22,very short,True,False,1 commit
True,2018-08-28 01:29:36,very short,True,False,1 commit
True,2018-08-28 02:19:40,very short,True,False,1 commit
False,2018-08-28 05:27:51,lengthy,True,False,some commits
True,2018-08-28 05:27:52,very short,False,True,1 commit
False,2018-08-28 09:17:21,lengthy,False,True,many commits
False,2018-08-28 09:49:17,very short,False,True,some commits
True,2018-08-29 04:52:46,very short,True,False,1 commit
True,2018-08-29 20:48:39,very short,True,False,some commits
True,2018-08-30 13:38:11,lengthy,True,False,1 commit
True,2018-08-30 18:47:00,very short,True,False,1 commit
True,2018-08-31 02:35:34,very short,True,False,1 commit
True,2018-09-01 09:24:48,lengthy,True,False,1 commit
True,2018-09-01 10:11:01,very short,True,False,1 commit
True,2018-09-01 14:33:14,medium,True,False,1 commit
False,2018-09-01 17:55:40,medium,False,True,some commits
True,2018-09-01 19:29:42,medium,True,False,1 commit
False,2018-09-02 17:03:20,medium,True,False,1 commit
True,2018-09-04 07:48:06,lengthy,False,False,1 commit
True,2018-09-04 08:47:05,short,True,False,1 commit
True,2018-09-04 13:05:05,very short,False,True,1 commit
True,2018-09-05 00:35:41,medium,False,False,1 commit
True,2018-09-06 09:07:50,short,False,True,1 commit
False,2018-09-06 11:02:14,very short,False,True,some commits
True,2018-09-06 11:05:34,medium,False,True,1 commit
True,2018-09-07 07:40:14,medium,True,False,1 commit
True,2018-09-08 00:07:13,medium,False,True,1 commit
True,2018-09-09 11:38:36,short,False,False,1 commit
False,2018-09-10 06:12:51,very short,False,True,1 commit
False,2018-09-10 11:17:42,very short,False,True,1 commit
True,2018-09-11 04:25:57,lengthy,True,False,1 commit
False,2018-09-12 04:03:26,lengthy,False,False,1 commit
True,2018-09-12 05:24:27,lengthy,False,True,1 commit
True,2018-09-12 09:01:32,short,False,True,1 commit
False,2018-09-12 13:24:03,lengthy,True,False,1 commit
True,2018-09-12 21:50:34,very short,True,False,1 commit
True,2018-09-12 22:23:42,lengthy,True,False,1 commit
True,2018-09-13 14:21:35,lengthy,False,True,1 commit
False,2018-09-13 14:41:26,lengthy,False,False,some commits
True,2018-09-14 03:34:49,very short,True,False,1 commit
True,2018-09-14 17:50:40,lengthy,False,False,1 commit
True,2018-09-14 20:56:20,medium,True,False,1 commit
True,2018-09-16 11:49:46,short,False,False,1 commit
True,2018-09-17 05:42:55,very short,True,False,1 commit
True,2018-09-17 11:06:57,very short,True,False,1 commit
False,2018-09-18 05:44:22,very short,True,False,1 commit
True,2018-09-18 13:30:28,lengthy,True,False,1 commit
True,2018-09-18 16:32:10,medium,True,False,1 commit
True,2018-09-18 18:39:14,very short,True,False,1 commit
True,2018-09-19 08:47:46,lengthy,False,False,1 commit
True,2018-09-19 08:50:50,lengthy,False,False,1 commit
True,2018-09-19 08:54:08,lengthy,False,False,1 commit
True,2018-09-19 08:59:08,medium,False,False,1 commit
True,2018-09-19 09:57:47,very short,True,False,1 commit
True,2018-09-19 11:03:53,lengthy,False,True,1 commit
True,2018-09-19 11:04:43,medium,False,True,1 commit
False,2018-09-19 12:45:03,very short,False,False,1 commit
True,2018-09-19 13:06:12,lengthy,False,True,1 commit
True,2018-09-19 13:07:45,lengthy,False,False,1 commit
True,2018-09-19 13:21:47,medium,False,True,1 commit
True,2018-09-19 14:01:03,medium,False,True,1 commit
True,2018-09-19 14:36:20,lengthy,True,False,1 commit
True,2018-09-19 15:27:30,very short,False,False,1 commit
False,2018-09-20 22:34:44,medium,False,True,1 commit
False,2018-09-21 08:40:42,very short,True,False,1 commit
False,2018-09-21 15:44:52,short,True,False,1 commit
True,2018-09-22 13:07:11,lengthy,True,False,1 commit
True,2018-09-22 14:12:29,lengthy,False,True,1 commit
True,2018-09-22 17:54:39,lengthy,True,False,1 commit
True,2018-09-22 18:59:53,lengthy,True,False,1 commit
True,2018-09-22 21:24:54,short,True,False,1 commit
True,2018-09-23 01:35:46,medium,True,False,1 commit
True,2018-09-23 03:38:50,short,True,False,1 commit
True,2018-09-23 21:37:33,short,True,False,1 commit
False,2018-09-24 11:07:00,short,False,True,some commits
False,2018-09-24 11:18:23,lengthy,False,True,some commits
False,2018-09-24 17:18:18,very short,False,True,1 commit
False,2018-09-24 23:35:28,lengthy,False,True,1 commit
True,2018-09-25 05:03:57,very short,True,False,1 commit
True,2018-09-25 06:50:14,very short,True,False,1 commit
True,2018-09-25 12:29:26,very short,True,False,1 commit
True,2018-09-25 17:19:37,short,False,True,1 commit
True,2018-09-25 21:19:56,very short,False,True,1 commit
True,2018-09-26 03:51:18,medium,True,False,1 commit
True,2018-09-26 04:45:50,very short,True,False,1 commit
True,2018-09-26 11:03:17,short,True,False,many commits
False,2018-09-26 12:04:52,very short,True,False,1 commit
True,2018-09-26 14:39:16,very short,True,False,1 commit
True,2018-09-26 16:56:41,very short,True,False,1 commit
True,2018-09-26 18:37:58,very short,True,False,1 commit
False,2018-09-27 18:47:57,lengthy,False,True,1 commit
False,2018-09-28 05:49:31,lengthy,False,False,1 commit
True,2018-09-29 08:17:20,short,False,False,1 commit
True,2018-09-29 10:13:15,very short,True,False,1 commit
True,2018-09-29 17:53:56,short,True,False,1 commit
True,2018-09-30 17:03:40,very short,True,False,1 commit
True,2018-10-02 04:54:32,very short,True,False,1 commit
True,2018-10-02 05:28:08,very short,True,False,1 commit
True,2018-10-02 12:55:18,very short,True,False,1 commit
True,2018-10-02 13:08:57,very short,True,False,1 commit
True,2018-10-02 17:13:51,lengthy,True,False,1 commit
False,2018-10-03 01:45:43,very short,True,False,1 commit
True,2018-10-03 03:09:22,very short,True,False,1 commit
True,2018-10-03 04:03:05,very short,True,False,1 commit
True,2018-10-03 04:56:39,lengthy,True,False,1 commit
True,2018-10-03 13:19:47,short,True,False,1 commit
True,2018-10-03 19:42:31,very short,False,True,1 commit
True,2018-10-04 07:58:54,very short,True,False,1 commit
True,2018-10-04 09:58:52,lengthy,True,False,some commits
True,2018-10-04 11:52:52,very short,True,False,1 commit
True,2018-10-04 12:20:09,very short,True,False,1 commit
True,2018-10-04 13:31:19,very short,True,False,1 commit
False,2018-10-05 02:09:42,very short,False,True,many commits
True,2018-10-05 21:50:53,medium,True,False,1 commit
True,2018-10-06 00:27:29,medium,False,True,1 commit
True,2018-10-06 15:43:43,medium,True,False,1 commit
True,2018-10-06 16:14:48,medium,True,False,1 commit
True,2018-10-06 17:51:57,short,True,False,1 commit
True,2018-10-07 15:53:43,short,True,False,1 commit
True,2018-10-07 16:23:15,short,True,False,1 commit
True,2018-10-07 16:45:14,short,True,False,1 commit
True,2018-10-08 10:55:51,short,True,False,1 commit
False,2018-10-09 09:50:14,medium,False,True,1 commit
False,2018-10-09 10:21:26,medium,True,False,1 commit
False,2018-10-10 07:10:17,very short,False,True,some commits
False,2018-10-10 09:51:43,lengthy,False,False,1 commit
True,2018-10-10 16:02:51,short,False,True,1 commit
True,2018-10-10 21:38:55,medium,False,True,some commits
True,2018-10-11 11:47:34,very short,True,False,1 commit
True,2018-10-11 12:09:50,very short,False,True,1 commit
True,2018-10-11 14:55:10,very short,True,False,some commits
True,2018-10-13 22:02:57,very short,True,False,1 commit
True,2018-10-14 03:06:48,very short,False,True,1 commit
True,2018-10-15 18:57:35,very short,True,False,1 commit
False,2018-10-15 20:34:35,very short,False,True,1 commit
True,2018-10-16 12:27:25,very short,True,False,1 commit
False,2018-10-16 14:52:00,very short,True,False,some commits
False,2018-10-16 18:50:36,very short,False,False,1 commit
True,2018-10-16 19:44:23,very short,False,True,1 commit
True,2018-10-17 13:56:17,very short,True,False,1 commit
True,2018-10-17 15:00:27,medium,True,False,1 commit
False,2018-10-17 15:53:30,very short,False,True,1 commit
True,2018-10-18 00:03:37,short,False,True,1 commit
True,2018-10-18 00:10:31,very short,True,False,1 commit
True,2018-10-18 01:55:34,medium,False,True,1 commit
False,2018-10-18 21:04:08,short,False,True,1 commit
True,2018-10-18 23:13:26,lengthy,False,True,1 commit
True,2018-10-18 23:46:17,lengthy,False,True,1 commit
True,2018-10-19 00:29:39,lengthy,True,False,1 commit
True,2018-10-19 06:50:37,short,False,True,1 commit
False,2018-10-19 06:57:08,lengthy,False,True,1 commit
True,2018-10-19 13:45:16,lengthy,True,False,1 commit
True,2018-10-19 14:08:26,medium,False,True,1 commit
True,2018-10-19 19:56:23,medium,True,False,1 commit
False,2018-10-19 23:01:33,very short,False,True,1 commit
True,2018-10-20 17:32:58,medium,True,False,1 commit
False,2018-10-20 23:28:55,lengthy,False,False,many commits
True,2018-10-21 03:15:06,short,True,False,1 commit
True,2018-10-21 15:26:29,very short,True,False,1 commit
True,2018-10-21 21:18:19,short,True,False,1 commit
True,2018-10-23 09:20:22,very short,True,False,1 commit
True,2018-10-23 10:50:27,very short,True,False,1 commit
True,2018-10-23 23:38:54,very short,True,False,1 commit
True,2018-10-24 07:19:36,very short,True,False,1 commit
True,2018-10-24 11:51:31,very short,False,True,1 commit
True,2018-10-24 14:24:45,lengthy,False,False,1 commit
True,2018-10-24 20:04:00,short,True,False,1 commit
True,2018-10-24 20:29:35,very short,False,True,1 commit
True,2018-10-24 20:55:59,very short,True,False,1 commit
False,2018-10-25 04:41:07,lengthy,False,False,1 commit
True,2018-10-25 11:29:31,short,False,True,1 commit
True,2018-10-25 19:58:08,medium,True,False,1 commit
True,2018-10-25 21:00:43,very short,True,False,1 commit
False,2018-10-25 21:08:41,lengthy,True,False,1 commit
False,2018-10-26 05:51:05,lengthy,True,False,1 commit
True,2018-10-26 15:20:52,short,True,False,1 commit
True,2018-10-26 15:21:43,medium,False,True,1 commit
True,2018-10-26 18:10:26,lengthy,True,False,1 commit
False,2018-10-26 20:53:18,lengthy,True,False,many commits
True,2018-10-27 02:23:17,lengthy,True,False,1 commit
False,2018-10-27 16:21:07,very short,False,True,many commits
False,2018-10-27 21:14:09,lengthy,True,False,some commits
False,2018-10-28 04:35:20,very short,False,True,1 commit
False,2018-10-28 16:52:40,very short,False,True,1 commit
False,2018-10-28 17:03:07,lengthy,True,False,1 commit
True,2018-10-29 01:00:27,very short,True,False,1 commit
True,2018-10-29 01:30:24,short,False,True,1 commit
False,2018-10-29 03:01:55,very short,False,False,1 commit
False,2018-10-29 04:49:09,very short,False,True,many commits
True,2018-10-29 09:48:31,very short,False,True,1 commit
False,2018-10-29 12:16:09,very short,False,True,1 commit
True,2018-10-29 14:59:10,very short,True,False,1 commit
True,2018-10-29 22:32:15,short,False,True,1 commit
True,2018-10-30 11:49:11,very short,True,False,1 commit
False,2018-10-30 13:40:49,very short,False,True,many commits
False,2018-10-30 17:43:17,very short,False,True,1 commit
False,2018-10-30 17:59:42,very short,False,False,1 commit
False,2018-10-30 22:01:58,very short,False,True,1 commit
False,2018-10-31 19:35:19,lengthy,True,False,1 commit
False,2018-11-01 01:52:16,lengthy,True,False,some commits
True,2018-11-01 06:45:59,medium,True,False,1 commit
True,2018-11-02 14:09:22,very short,False,True,1 commit
False,2018-11-02 14:31:04,lengthy,False,True,1 commit
True,2018-11-02 23:20:57,very short,True,False,1 commit
False,2018-11-02 23:26:34,lengthy,False,True,many commits
True,2018-11-03 10:04:58,very short,False,False,1 commit
True,2018-11-03 16:31:09,medium,True,False,1 commit
True,2018-11-03 23:35:43,very short,True,False,1 commit
False,2018-11-04 00:58:38,lengthy,False,True,many commits
True,2018-11-04 02:46:48,lengthy,False,True,some commits
False,2018-11-04 09:09:25,short,True,False,1 commit
True,2018-11-04 14:57:05,very short,True,False,1 commit
True,2018-11-06 04:17:48,very short,False,False,1 commit
False,2018-11-06 05:05:26,very short,False,False,1 commit
False,2018-11-06 17:13:39,very short,False,True,1 commit
True,2018-11-07 05:29:39,short,True,False,1 commit
False,2018-11-07 10:37:05,lengthy,False,False,1 commit
False,2018-11-07 14:45:07,very short,False,True,1 commit
True,2018-11-07 15:31:07,medium,True,False,1 commit
True,2018-11-08 06:51:32,short,False,False,1 commit
False,2018-11-08 19:01:04,lengthy,False,True,1 commit
True,2018-11-08 19:05:01,very short,True,False,1 commit
True,2018-11-08 20:33:14,very short,False,True,1 commit
False,2018-11-09 06:15:02,very short,False,True,1 commit
True,2018-11-09 10:18:31,very short,True,False,1 commit
True,2018-11-09 10:50:53,very short,True,False,1 commit
True,2018-11-09 13:28:03,very short,True,False,1 commit
True,2018-11-09 16:14:15,medium,True,False,1 commit
True,2018-11-09 18:18:08,very short,True,False,1 commit
True,2018-11-09 20:49:32,lengthy,False,True,1 commit
True,2018-11-09 20:54:35,medium,False,False,1 commit
True,2018-11-09 21:57:54,medium,True,False,1 commit
True,2018-11-10 10:20:47,short,True,False,1 commit
False,2018-11-10 17:05:27,very short,False,True,some commits
True,2018-11-10 17:54:50,very short,True,False,1 commit
False,2018-11-10 19:58:35,lengthy,True,False,some commits
True,2018-11-10 22:52:08,very short,True,False,1 commit
False,2018-11-11 01:13:26,very short,True,False,1 commit
False,2018-11-11 19:29:39,lengthy,False,True,many commits
True,2018-11-12 04:26:38,short,False,False,some commits
True,2018-11-12 05:58:04,very short,True,False,1 commit
True,2018-11-12 19:24:06,lengthy,False,False,some commits
True,2018-11-13 21:04:55,short,False,False,1 commit
True,2018-11-14 12:10:23,medium,False,True,1 commit
True,2018-11-14 14:21:50,very short,True,False,1 commit
True,2018-11-15 00:39:43,very short,False,True,1 commit
True,2018-11-15 15:47:08,very short,True,False,1 commit
True,2018-11-15 16:41:51,very short,True,False,1 commit
False,2018-11-16 08:42:12,lengthy,True,False,some commits
True,2018-11-16 12:02:19,medium,True,False,1 commit
True,2018-11-16 14:12:32,very short,True,False,1 commit
True,2018-11-16 15:54:06,short,False,True,some commits
True,2018-11-16 22:58:05,very short,True,False,1 commit
True,2018-11-17 07:50:22,lengthy,True,False,1 commit
False,2018-11-17 15:11:58,short,False,False,1 commit
True,2018-11-17 23:16:00,lengthy,True,False,1 commit
True,2018-11-18 11:47:05,short,False,False,1 commit
True,2018-11-18 13:01:36,very short,True,False,1 commit
False,2018-11-18 23:39:16,lengthy,True,False,1 commit
False,2018-11-19 10:51:34,very short,False,False,many commits
False,2018-11-19 20:38:59,very short,False,True,1 commit
False,2018-11-19 23:12:36,lengthy,True,False,1 commit
True,2018-11-19 23:19:15,medium,True,False,1 commit
True,2018-11-20 22:28:47,lengthy,False,False,some commits
True,2018-11-21 10:31:16,very short,True,False,1 commit
True,2018-11-21 16:23:24,short,True,False,1 commit
False,2018-11-22 02:30:17,lengthy,True,False,1 commit
True,2018-11-22 15:06:22,short,True,False,1 commit
True,2018-11-22 21:11:38,lengthy,True,False,1 commit
True,2018-11-22 21:22:51,medium,True,False,1 commit
True,2018-11-23 08:17:23,very short,False,True,1 commit
False,2018-11-24 01:33:48,lengthy,True,False,1 commit
True,2018-11-24 02:04:49,medium,True,False,some commits
False,2018-11-24 16:19:14,short,True,False,1 commit
False,2018-11-24 19:38:15,lengthy,False,True,some commits
False,2018-11-24 21:15:54,very short,False,True,1 commit
True,2018-11-25 14:41:10,very short,False,True,1 commit
True,2018-11-25 19:47:03,lengthy,True,False,1 commit
True,2018-11-25 21:52:25,lengthy,False,True,1 commit
True,2018-11-25 22:20:11,lengthy,True,False,1 commit
True,2018-11-26 06:47:49,very short,False,True,1 commit
False,2018-11-26 18:41:35,very short,False,True,1 commit
False,2018-11-26 20:02:56,very short,False,False,some commits
True,2018-11-26 21:50:52,medium,False,True,1 commit
False,2018-11-27 10:18:53,very short,False,True,1 commit
True,2018-11-28 02:18:10,short,False,False,1 commit
False,2018-11-28 11:28:20,lengthy,False,True,1 commit
False,2018-11-29 04:40:34,very short,False,True,1 commit
False,2018-11-29 08:30:39,very short,True,False,1 commit
True,2018-11-29 10:41:23,short,True,False,1 commit
False,2018-11-29 21:13:05,lengthy,False,True,1 commit
False,2018-11-30 05:35:19,lengthy,True,False,some commits
True,2018-11-30 14:54:59,very short,True,False,1 commit
True,2018-11-30 17:41:07,very short,True,False,1 commit
True,2018-11-30 19:06:15,lengthy,False,True,some commits
True,2018-12-01 19:07:13,medium,True,False,1 commit
True,2018-12-02 09:16:46,short,True,False,1 commit
True,2018-12-02 22:23:47,medium,True,False,1 commit
True,2018-12-03 15:57:12,lengthy,False,True,some commits
False,2018-12-04 02:26:02,short,False,True,1 commit
True,2018-12-04 02:37:51,short,True,False,1 commit
False,2018-12-04 21:25:31,lengthy,True,False,1 commit
True,2018-12-04 21:36:39,lengthy,True,False,1 commit
False,2018-12-05 01:11:34,lengthy,False,True,some commits
False,2018-12-05 01:15:49,lengthy,True,False,1 commit
True,2018-12-06 13:02:54,lengthy,True,False,1 commit
True,2018-12-06 15:50:29,very short,True,False,1 commit
True,2018-12-06 15:59:02,lengthy,False,True,1 commit
True,2018-12-07 00:57:32,very short,True,False,1 commit
True,2018-12-07 17:07:59,short,True,False,1 commit
True,2018-12-09 14:24:37,very short,True,False,1 commit
True,2018-12-09 14:39:19,lengthy,True,False,1 commit
True,2018-12-09 15:19:25,lengthy,True,False,1 commit
False,2018-12-10 03:47:53,lengthy,False,True,some commits
False,2018-12-10 22:15:39,very short,False,True,some commits
False,2018-12-11 02:36:56,medium,False,False,1 commit
True,2018-12-11 06:03:15,medium,False,False,1 commit
True,2018-12-11 19:51:13,medium,True,False,some commits
True,2018-12-11 20:14:18,lengthy,True,False,1 commit
False,2018-12-12 10:42:49,very short,False,True,many commits
False,2018-12-12 19:28:29,lengthy,False,True,many commits
False,2018-12-13 02:17:12,lengthy,False,True,some commits
False,2018-12-13 08:19:09,medium,False,False,many commits
True,2018-12-13 16:15:08,lengthy,False,True,1 commit
True,2018-12-14 05:01:57,medium,True,False,1 commit
False,2018-12-14 23:34:22,very short,False,True,1 commit
False,2018-12-15 10:42:26,very short,False,True,many commits
True,2018-12-16 02:47:30,short,False,True,some commits
False,2018-12-16 08:29:14,lengthy,False,True,1 commit
False,2018-12-16 08:42:47,lengthy,False,False,some commits
True,2018-12-17 17:50:36,lengthy,True,False,1 commit
True,2018-12-17 19:26:15,lengthy,True,False,1 commit
True,2018-12-17 21:12:11,medium,True,False,1 commit
True,2018-12-17 21:51:15,lengthy,True,False,many commits
False,2018-12-18 07:25:30,lengthy,False,False,1 commit
True,2018-12-18 11:04:59,medium,False,False,1 commit
False,2018-12-19 13:13:57,very short,False,True,1 commit
True,2018-12-19 14:07:59,medium,True,False,1 commit
True,2018-12-19 15:30:22,very short,False,True,1 commit
False,2018-12-20 04:43:24,very short,False,False,1 commit
True,2018-12-20 05:18:07,short,False,False,some commits
True,2018-12-20 09:07:52,very short,True,False,1 commit
True,2018-12-20 17:03:45,lengthy,True,False,1 commit
True,2018-12-20 18:50:36,very short,False,True,1 commit
True,2018-12-21 07:30:42,lengthy,False,False,1 commit
True,2018-12-21 23:37:00,very short,True,False,many commits
True,2018-12-22 06:57:36,very short,True,False,1 commit
True,2018-12-22 23:20:40,short,True,False,1 commit
True,2018-12-23 01:08:47,medium,False,True,1 commit
False,2018-12-23 12:07:36,lengthy,True,False,some commits
False,2018-12-23 21:44:20,lengthy,True,False,1 commit
False,2018-12-24 13:04:05,short,False,True,1 commit
False,2018-12-24 15:44:16,lengthy,False,False,some commits
True,2018-12-24 16:09:57,medium,False,True,many commits
True,2018-12-24 18:37:52,very short,True,False,some commits
True,2018-12-25 17:42:54,very short,True,False,some commits
True,2018-12-26 01:20:47,short,True,False,1 commit
True,2018-12-27 19:38:51,lengthy,False,False,1 commit
True,2018-12-27 19:45:05,short,False,False,1 commit
True,2018-12-28 19:55:22,short,True,False,1 commit
False,2018-12-30 14:06:16,very short,False,True,1 commit
True,2018-12-31 12:28:36,medium,False,True,1 commit
True,2018-12-31 21:27:50,very short,True,False,some commits
True,2019-01-01 21:15:11,medium,False,False,1 commit
True,2019-01-02 09:52:23,very short,True,False,1 commit
True,2019-01-03 23:07:47,medium,True,False,some commits
False,2019-01-04 05:50:23,very short,False,True,some commits
True,2019-01-04 20:06:52,lengthy,False,False,1 commit
True,2019-01-04 22:14:00,lengthy,True,False,1 commit
True,2019-01-07 23:22:06,short,True,False,1 commit
True,2019-01-08 22:48:01,very short,True,False,1 commit
True,2019-01-09 00:28:25,medium,True,False,1 commit
True,2019-01-09 14:01:05,very short,False,False,1 commit
False,2019-01-09 21:19:23,lengthy,True,False,1 commit
False,2019-01-10 21:05:44,very short,False,True,1 commit
False,2019-01-11 10:17:06,very short,False,True,1 commit
True,2019-01-11 12:45:29,very short,False,True,1 commit
False,2019-01-11 18:54:00,medium,False,True,1 commit
True,2019-01-11 21:57:16,very short,True,False,1 commit
False,2019-01-12 14:48:04,very short,False,True,1 commit
True,2019-01-12 21:04:31,short,True,False,some commits
False,2019-01-13 17:34:13,short,True,False,1 commit
True,2019-01-13 19:12:42,very short,True,False,1 commit
True,2019-01-13 22:05:08,very short,True,False,some commits
False,2019-01-14 19:57:11,very short,True,False,1 commit
True,2019-01-14 20:28:01,very short,True,False,1 commit
True,2019-01-14 20:54:10,very short,False,False,1 commit
True,2019-01-14 23:55:03,very short,False,True,1 commit
True,2019-01-15 01:44:36,very short,True,False,1 commit
True,2019-01-15 13:18:07,lengthy,True,False,1 commit
True,2019-01-15 16:01:12,medium,False,False,1 commit
True,2019-01-15 17:56:29,lengthy,True,False,1 commit
True,2019-01-16 04:27:17,lengthy,True,False,some commits
True,2019-01-16 05:41:33,very short,True,False,1 commit
False,2019-01-17 03:17:25,very short,False,True,1 commit
True,2019-01-17 03:57:50,medium,True,False,some commits
True,2019-01-17 16:16:05,very short,False,True,1 commit
True,2019-01-17 21:09:36,medium,True,False,1 commit
False,2019-01-18 15:01:34,very short,False,False,1 commit
False,2019-01-18 20:37:43,very short,True,False,some commits
True,2019-01-18 21:16:16,short,True,False,1 commit
False,2019-01-18 22:31:38,very short,False,True,1 commit
True,2019-01-18 23:10:26,very short,True,False,1 commit
False,2019-01-18 23:28:39,lengthy,True,False,1 commit
True,2019-01-18 23:30:01,medium,True,False,1 commit
False,2019-01-19 00:19:36,medium,True,False,1 commit
True,2019-01-19 00:39:50,very short,True,False,1 commit
True,2019-01-19 04:26:51,lengthy,True,False,1 commit
True,2019-01-19 08:55:01,lengthy,True,False,1 commit
True,2019-01-19 22:31:59,lengthy,True,False,1 commit
True,2019-01-20 13:44:49,short,True,False,1 commit
True,2019-01-20 22:55:15,very short,True,False,1 commit
True,2019-01-21 00:22:36,very short,True,False,1 commit
True,2019-01-22 08:57:50,medium,True,False,1 commit
True,2019-01-22 21:54:20,very short,True,False,some commits
False,2019-01-22 21:55:44,short,False,False,1 commit
True,2019-01-22 21:57:43,very short,True,False,some commits
False,2019-01-23 10:43:23,lengthy,True,False,1 commit
False,2019-01-23 16:29:55,medium,False,True,1 commit
True,2019-01-23 20:02:54,very short,True,False,1 commit
False,2019-01-24 16:29:19,medium,False,True,1 commit
True,2019-01-24 18:07:08,medium,False,False,1 commit
True,2019-01-25 14:01:52,lengthy,True,False,1 commit
True,2019-01-25 14:37:51,very short,True,False,1 commit
False,2019-01-25 23:24:31,lengthy,False,False,1 commit
False,2019-01-26 01:06:08,lengthy,False,True,some commits
False,2019-01-26 12:10:18,very short,False,True,1 commit
False,2019-01-26 17:58:25,very short,False,True,1 commit
True,2019-01-26 21:04:16,very short,True,False,1 commit
False,2019-01-26 21:14:26,lengthy,True,False,many commits
True,2019-01-27 01:01:52,short,True,False,1 commit
True,2019-01-27 20:43:58,very short,True,False,some commits
True,2019-01-27 20:59:04,very short,False,False,1 commit
True,2019-01-28 01:59:42,lengthy,False,True,1 commit
False,2019-01-28 05:30:16,very short,False,True,some commits
True,2019-01-28 08:12:14,lengthy,False,False,1 commit
True,2019-01-29 10:19:20,very short,True,False,1 commit
True,2019-01-30 13:13:20,medium,False,True,1 commit
False,2019-01-31 07:17:12,very short,True,False,1 commit
True,2019-01-31 10:15:19,very short,True,False,1 commit
True,2019-01-31 12:33:00,very short,True,False,1 commit
True,2019-01-31 15:13:57,very short,True,False,1 commit
True,2019-01-31 21:26:47,lengthy,True,False,some commits
False,2019-02-01 04:03:44,lengthy,True,False,1 commit
True,2019-02-01 19:44:11,very short,True,False,1 commit
True,2019-02-03 11:30:12,lengthy,False,True,some commits
True,2019-02-03 23:34:18,medium,True,False,1 commit
False,2019-02-04 15:21:28,very short,False,True,1 commit
True,2019-02-04 21:07:22,very short,True,False,1 commit
True,2019-02-05 02:20:40,very short,True,False,1 commit
True,2019-02-05 03:38:00,very short,True,False,1 commit
True,2019-02-05 14:02:21,medium,True,False,1 commit
True,2019-02-05 14:30:16,very short,True,False,1 commit
True,2019-02-05 14:46:25,very short,True,False,1 commit
True,2019-02-05 15:00:11,very short,True,False,1 commit
False,2019-02-05 17:00:36,very short,False,True,1 commit
True,2019-02-05 20:50:29,very short,True,False,1 commit
False,2019-02-05 21:55:40,lengthy,False,True,1 commit
True,2019-02-05 22:03:16,lengthy,True,False,some commits
True,2019-02-06 02:08:11,very short,True,False,1 commit
True,2019-02-06 03:27:16,very short,True,False,1 commit
False,2019-02-06 06:03:57,lengthy,False,True,some commits
False,2019-02-06 14:05:49,very short,False,True,1 commit
True,2019-02-06 19:06:14,very short,True,False,1 commit
True,2019-02-07 21:31:48,lengthy,False,True,1 commit
True,2019-02-08 02:22:31,very short,True,False,1 commit
True,2019-02-08 22:24:16,very short,True,False,1 commit
True,2019-02-09 09:56:24,very short,True,False,1 commit
True,2019-02-09 10:08:44,very short,True,False,1 commit
True,2019-02-09 10:27:06,very short,True,False,1 commit
True,2019-02-09 10:39:16,very short,True,False,1 commit
True,2019-02-09 15:31:02,very short,True,False,1 commit
True,2019-02-09 15:44:42,very short,True,False,1 commit
True,2019-02-10 16:11:40,very short,True,False,1 commit
True,2019-02-10 16:42:25,medium,True,False,1 commit
True,2019-02-11 01:19:56,short,False,True,1 commit
True,2019-02-11 11:31:09,very short,False,True,some commits
True,2019-02-11 12:42:41,very short,True,False,1 commit
True,2019-02-11 14:27:23,lengthy,True,False,some commits
True,2019-02-11 21:13:43,very short,False,True,1 commit
True,2019-02-12 02:53:19,very short,True,False,1 commit
True,2019-02-12 13:17:43,short,False,True,1 commit
False,2019-02-12 22:19:51,very short,False,True,some commits
False,2019-02-12 22:29:32,very short,True,False,1 commit
True,2019-02-12 22:59:45,very short,False,False,1 commit
False,2019-02-13 08:52:09,medium,False,False,some commits
False,2019-02-14 03:58:01,very short,False,False,1 commit
True,2019-02-14 09:40:41,very short,False,False,1 commit
True,2019-02-15 06:12:36,medium,True,False,some commits
True,2019-02-15 15:10:47,lengthy,True,False,1 commit
False,2019-02-16 06:59:04,lengthy,False,True,1 commit
True,2019-02-16 07:44:50,medium,False,False,1 commit
False,2019-02-17 11:26:27,medium,False,True,1 commit
True,2019-02-17 13:02:09,lengthy,False,False,1 commit
True,2019-02-17 22:24:49,lengthy,False,False,some commits
True,2019-02-18 22:16:56,lengthy,True,False,1 commit
True,2019-02-19 19:48:42,very short,True,False,1 commit
True,2019-02-19 20:42:40,very short,True,False,1 commit
False,2019-02-20 21:31:05,medium,True,False,1 commit
True,2019-02-21 03:25:10,lengthy,False,True,1 commit
True,2019-02-21 15:21:17,medium,True,False,1 commit
False,2019-02-21 18:23:16,very short,False,True,1 commit
False,2019-02-21 20:42:00,lengthy,True,False,1 commit
True,2019-02-22 16:53:33,lengthy,True,False,1 commit
True,2019-02-22 23:13:10,lengthy,False,True,1 commit
True,2019-02-23 15:51:14,medium,True,False,1 commit
True,2019-02-24 12:09:38,short,True,False,1 commit
True,2019-02-24 15:16:58,lengthy,True,False,1 commit
True,2019-02-24 15:45:01,short,True,False,1 commit
True,2019-02-25 22:21:18,very short,True,False,1 commit
True,2019-02-26 14:38:16,lengthy,True,False,1 commit
True,2019-02-26 16:02:28,very short,True,False,1 commit
False,2019-02-26 18:45:14,very short,False,True,1 commit
True,2019-02-26 18:55:12,very short,False,True,1 commit
True,2019-02-27 04:33:12,lengthy,True,False,some commits
True,2019-02-27 10:28:58,short,True,False,1 commit
True,2019-02-27 12:24:06,lengthy,True,False,1 commit
True,2019-02-27 17:02:10,short,False,False,1 commit
True,2019-02-28 12:53:01,lengthy,True,False,some commits
True,2019-02-28 12:54:39,very short,True,False,1 commit
True,2019-03-01 10:24:38,medium,False,True,1 commit
True,2019-03-01 13:10:38,very short,False,True,1 commit
True,2019-03-02 02:51:19,very short,True,False,1 commit
True,2019-03-02 18:14:26,short,False,True,some commits
False,2019-03-02 18:34:53,lengthy,False,True,some commits
False,2019-03-03 00:09:19,lengthy,False,False,many commits
True,2019-03-03 09:56:16,short,False,True,1 commit
True,2019-03-03 15:54:42,very short,True,False,1 commit
True,2019-03-04 01:31:46,short,True,False,1 commit
False,2019-03-04 10:42:46,lengthy,False,False,1 commit
False,2019-03-04 11:38:43,very short,False,False,1 commit
False,2019-03-04 21:31:06,short,False,True,1 commit
True,2019-03-05 21:45:50,medium,False,True,1 commit
True,2019-03-07 16:56:26,very short,True,False,1 commit
True,2019-03-07 21:41:42,lengthy,True,False,1 commit
True,2019-03-07 23:03:42,lengthy,True,False,some commits
True,2019-03-08 05:59:19,short,False,True,1 commit
True,2019-03-08 16:34:17,lengthy,True,False,many commits
True,2019-03-08 18:14:13,very short,False,True,1 commit
False,2019-03-08 21:53:39,very short,False,True,1 commit
True,2019-03-09 09:20:24,very short,True,False,1 commit
True,2019-03-09 13:03:14,lengthy,True,False,1 commit
True,2019-03-09 14:38:45,lengthy,True,False,1 commit
True,2019-03-10 10:05:36,lengthy,True,False,1 commit
True,2019-03-11 00:09:08,very short,True,False,1 commit
True,2019-03-11 00:46:51,very short,True,False,1 commit
True,2019-03-11 03:15:19,short,True,False,1 commit
True,2019-03-11 10:19:38,short,False,False,1 commit
False,2019-03-11 11:05:03,medium,False,True,1 commit
False,2019-03-13 05:44:49,lengthy,True,False,many commits
True,2019-03-13 11:37:38,lengthy,False,False,1 commit
True,2019-03-13 13:06:58,short,True,False,1 commit
True,2019-03-13 17:27:34,short,True,False,1 commit
True,2019-03-13 19:13:15,very short,True,False,1 commit
True,2019-03-14 03:10:49,medium,False,True,1 commit
False,2019-03-14 17:29:58,lengthy,False,False,some commits
True,2019-03-14 17:47:04,very short,True,False,1 commit
True,2019-03-16 18:03:41,short,True,False,1 commit
True,2019-03-16 22:59:57,lengthy,True,False,some commits
True,2019-03-17 20:52:14,medium,True,False,1 commit
False,2019-03-18 00:12:38,very short,False,False,1 commit
True,2019-03-18 01:41:50,short,False,True,1 commit
False,2019-03-18 02:20:05,very short,False,False,1 commit
False,2019-03-18 15:28:30,medium,False,True,1 commit
True,2019-03-19 15:17:28,lengthy,True,False,1 commit
True,2019-03-19 15:53:33,medium,False,False,1 commit
True,2019-03-19 19:33:45,lengthy,False,True,1 commit
True,2019-03-20 03:46:18,short,False,True,1 commit
True,2019-03-20 08:29:40,short,True,False,1 commit
True,2019-03-20 09:41:17,very short,False,False,1 commit
True,2019-03-20 23:40:24,very short,True,False,1 commit
False,2019-03-21 05:19:13,very short,False,False,1 commit
True,2019-03-21 07:16:16,very short,False,False,1 commit
True,2019-03-21 10:10:39,very short,True,False,1 commit
True,2019-03-22 12:22:51,very short,True,False,1 commit
False,2019-03-22 16:03:51,lengthy,False,True,1 commit
False,2019-03-22 19:43:52,short,False,False,1 commit
True,2019-03-22 21:18:07,very short,True,False,1 commit
True,2019-03-23 09:09:27,very short,True,False,some commits
True,2019-03-23 17:14:05,short,True,False,1 commit
False,2019-03-24 06:25:34,medium,True,False,some commits
False,2019-03-24 18:55:29,medium,False,True,1 commit
True,2019-03-24 21:17:05,short,False,True,1 commit
False,2019-03-25 05:49:13,medium,True,False,1 commit
True,2019-03-25 09:10:34,medium,False,False,1 commit
False,2019-03-25 11:28:21,lengthy,True,False,some commits
False,2019-03-25 20:21:56,lengthy,False,True,some commits
True,2019-03-25 23:10:23,medium,True,False,1 commit
False,2019-03-26 11:12:44,very short,False,True,1 commit
True,2019-03-26 18:15:16,lengthy,False,False,1 commit
True,2019-03-26 23:28:20,very short,True,False,many commits
True,2019-03-26 23:36:21,very short,True,False,1 commit
True,2019-03-27 06:48:09,short,False,True,1 commit
True,2019-03-28 05:45:38,very short,False,False,1 commit
True,2019-03-28 13:11:56,lengthy,False,False,1 commit
True,2019-03-28 20:49:53,lengthy,True,False,1 commit
True,2019-03-29 19:49:26,very short,False,False,1 commit
True,2019-03-29 21:54:27,very short,True,False,1 commit
True,2019-03-29 23:39:58,very short,True,False,1 commit
True,2019-03-31 12:24:42,very short,False,True,1 commit
True,2019-04-01 07:54:31,very short,True,False,some commits
True,2019-04-01 10:04:40,medium,True,False,1 commit
True,2019-04-01 15:25:33,very short,True,False,1 commit
False,2019-04-01 17:38:01,lengthy,False,True,some commits
True,2019-04-01 23:42:13,short,False,True,1 commit
False,2019-04-02 07:36:44,very short,True,False,1 commit
False,2019-04-02 07:43:14,very short,True,False,1 commit
True,2019-04-02 10:49:12,lengthy,True,False,some commits
False,2019-04-02 16:57:10,lengthy,True,False,1 commit
True,2019-04-02 21:46:42,very short,False,False,some commits
True,2019-04-03 01:23:39,very short,True,False,1 commit
True,2019-04-03 11:25:53,lengthy,False,True,1 commit
True,2019-04-03 12:25:37,lengthy,False,False,1 commit
False,2019-04-03 15:23:17,lengthy,False,False,1 commit
False,2019-04-03 20:52:47,very short,False,True,1 commit
True,2019-04-03 23:31:55,lengthy,True,False,1 commit
True,2019-04-03 23:46:10,short,True,False,some commits
True,2019-04-04 21:43:27,short,False,True,some commits
True,2019-04-05 04:44:31,lengthy,True,False,some commits
True,2019-04-05 11:19:42,very short,False,True,1 commit
True,2019-04-05 12:40:59,lengthy,True,False,some commits
True,2019-04-05 15:54:39,medium,True,False,1 commit
True,2019-04-06 04:57:53,lengthy,False,True,1 commit
True,2019-04-06 13:33:59,lengthy,False,False,1 commit
True,2019-04-08 10:40:34,lengthy,False,False,1 commit
True,2019-04-08 18:02:55,short,False,True,1 commit
True,2019-04-08 18:34:54,lengthy,False,True,1 commit
False,2019-04-09 07:28:16,very short,True,False,1 commit
True,2019-04-09 07:59:35,lengthy,False,True,1 commit
False,2019-04-09 16:53:39,short,True,False,1 commit
False,2019-04-09 17:15:01,very short,False,True,many commits
False,2019-04-09 21:48:29,short,False,True,1 commit
True,2019-04-10 21:52:03,lengthy,True,False,1 commit
False,2019-04-11 21:12:20,very short,True,False,1 commit
False,2019-04-12 03:04:25,very short,False,False,1 commit
False,2019-04-12 13:34:10,lengthy,True,False,many commits
False,2019-04-12 19:15:54,lengthy,False,True,many commits
False,2019-04-12 21:20:49,very short,False,True,1 commit
True,2019-04-13 02:24:03,short,True,False,1 commit
False,2019-04-13 09:39:54,lengthy,False,False,many commits
False,2019-04-13 09:47:16,lengthy,False,False,1 commit
True,2019-04-13 09:59:04,very short,True,False,1 commit
True,2019-04-13 10:05:39,short,True,False,some commits
True,2019-04-13 10:19:38,very short,True,False,1 commit
False,2019-04-13 11:20:19,lengthy,True,False,many commits
True,2019-04-13 11:53:33,lengthy,True,False,some commits
True,2019-04-13 11:58:02,very short,False,True,1 commit
False,2019-04-13 12:33:02,lengthy,False,True,1 commit
True,2019-04-13 12:50:14,very short,False,True,1 commit
True,2019-04-13 13:04:37,very short,True,False,1 commit
True,2019-04-13 13:11:02,lengthy,False,True,1 commit
True,2019-04-13 13:17:07,lengthy,True,False,1 commit
True,2019-04-13 13:53:44,medium,True,False,1 commit
False,2019-04-13 14:17:45,lengthy,True,False,1 commit
True,2019-04-13 15:15:05,very short,False,True,1 commit
False,2019-04-13 15:20:50,lengthy,False,True,some commits
False,2019-04-13 15:34:50,lengthy,False,True,some commits
False,2019-04-13 15:38:10,lengthy,False,False,1 commit
False,2019-04-13 17:41:01,lengthy,True,False,some commits
False,2019-04-13 17:47:20,lengthy,True,False,1 commit
True,2019-04-14 07:47:31,medium,True,False,1 commit
False,2019-04-14 10:53:18,lengthy,True,False,1 commit
False,2019-04-14 12:46:02,lengthy,False,True,some commits
True,2019-04-14 12:46:39,lengthy,False,True,1 commit
True,2019-04-14 14:41:56,lengthy,True,False,1 commit
True,2019-04-14 15:09:15,medium,True,False,1 commit
False,2019-04-14 23:35:58,short,False,True,many commits
True,2019-04-15 11:10:15,very short,False,False,1 commit
True,2019-04-15 17:23:46,very short,True,False,1 commit
True,2019-04-15 17:55:48,very short,True,False,1 commit
True,2019-04-16 04:29:10,very short,False,True,1 commit
True,2019-04-16 09:44:54,short,False,True,1 commit
False,2019-04-16 19:54:47,lengthy,True,False,1 commit
True,2019-04-17 06:51:04,medium,True,False,1 commit
True,2019-04-17 11:39:14,lengthy,True,False,some commits
False,2019-04-17 14:43:10,very short,False,True,1 commit
True,2019-04-17 15:09:14,lengthy,False,False,1 commit
True,2019-04-18 03:34:21,lengthy,False,False,1 commit
False,2019-04-18 03:36:20,medium,False,False,1 commit
True,2019-04-19 06:47:52,medium,True,False,1 commit
False,2019-04-19 11:10:03,very short,True,False,1 commit
True,2019-04-19 19:21:27,medium,True,False,1 commit
True,2019-04-20 11:28:41,medium,True,False,1 commit
True,2019-04-20 11:34:04,very short,True,False,1 commit
False,2019-04-20 18:45:34,short,False,True,1 commit
True,2019-04-20 19:21:50,medium,False,True,1 commit
False,2019-04-21 10:17:18,lengthy,False,False,many commits
True,2019-04-21 12:57:28,lengthy,False,False,1 commit
True,2019-04-22 07:01:04,short,True,False,1 commit
True,2019-04-22 21:44:05,lengthy,True,False,1 commit
True,2019-04-24 02:48:54,short,False,False,1 commit
True,2019-04-24 09:54:56,very short,True,False,1 commit
True,2019-04-24 10:14:07,very short,True,False,1 commit
True,2019-04-24 10:27:52,very short,True,False,1 commit
True,2019-04-24 10:53:12,lengthy,True,False,some commits
True,2019-04-24 12:35:05,short,True,False,1 commit
True,2019-04-24 13:02:29,lengthy,True,False,1 commit
True,2019-04-24 13:24:54,medium,False,False,1 commit
True,2019-04-24 16:46:52,lengthy,False,False,some commits
False,2019-04-24 23:57:42,lengthy,False,True,some commits
True,2019-04-25 02:38:11,lengthy,True,False,1 commit
False,2019-04-25 23:48:18,lengthy,False,True,1 commit
True,2019-04-26 07:02:50,short,True,False,1 commit
False,2019-04-26 08:17:05,lengthy,False,True,some commits
False,2019-04-26 17:44:35,lengthy,True,False,1 commit
True,2019-04-26 18:07:27,lengthy,True,False,1 commit
False,2019-04-26 22:39:58,lengthy,True,False,1 commit
True,2019-04-26 23:40:58,very short,True,False,1 commit
True,2019-04-27 14:23:07,short,True,False,1 commit
True,2019-04-27 15:50:10,lengthy,True,False,1 commit
True,2019-04-27 16:11:05,medium,True,False,some commits
True,2019-04-27 16:34:15,short,True,False,1 commit
True,2019-04-27 16:49:21,lengthy,True,False,1 commit
True,2019-04-27 21:13:02,short,True,False,1 commit
True,2019-04-28 09:13:45,lengthy,True,False,1 commit
True,2019-04-28 11:15:08,short,False,False,1 commit
True,2019-04-28 13:21:22,very short,True,False,1 commit
True,2019-04-28 14:51:45,very short,True,False,1 commit
False,2019-04-29 10:43:43,very short,False,True,1 commit
True,2019-04-29 20:53:30,medium,True,False,1 commit
True,2019-04-29 20:57:36,lengthy,True,False,1 commit
True,2019-04-29 21:15:46,lengthy,True,False,1 commit
True,2019-04-30 03:33:24,very short,True,False,1 commit
False,2019-04-30 10:08:37,very short,False,False,1 commit
True,2019-04-30 21:37:27,medium,True,False,1 commit
False,2019-05-01 11:02:44,lengthy,True,False,1 commit
False,2019-05-03 11:19:30,lengthy,True,False,many commits
False,2019-05-03 18:47:21,lengthy,True,False,1 commit
False,2019-05-03 19:44:40,medium,True,False,1 commit
False,2019-05-04 08:55:36,very short,False,True,1 commit
False,2019-05-04 14:15:28,short,True,False,1 commit
True,2019-05-04 17:26:36,short,False,True,some commits
False,2019-05-04 17:47:04,short,False,True,1 commit
True,2019-05-04 23:30:06,medium,True,False,1 commit
True,2019-05-05 01:45:58,medium,True,False,1 commit
False,2019-05-05 05:50:48,short,True,False,1 commit
False,2019-05-05 11:53:48,very short,False,True,some commits
True,2019-05-06 01:05:33,short,False,True,1 commit
True,2019-05-06 13:43:05,very short,True,False,1 commit
True,2019-05-06 14:21:20,very short,False,False,1 commit
True,2019-05-06 15:55:59,medium,True,False,1 commit
True,2019-05-06 18:24:51,very short,False,True,1 commit
False,2019-05-06 18:43:30,very short,False,False,1 commit
True,2019-05-06 21:00:53,lengthy,False,True,1 commit
True,2019-05-07 02:19:11,lengthy,False,True,1 commit
False,2019-05-07 09:56:31,lengthy,True,False,1 commit
True,2019-05-07 19:25:44,medium,False,True,1 commit
False,2019-05-08 00:23:10,lengthy,False,True,1 commit
False,2019-05-08 02:27:29,lengthy,False,True,1 commit
False,2019-05-08 05:10:59,lengthy,False,True,1 commit
True,2019-05-08 13:29:56,short,True,False,1 commit
True,2019-05-09 13:57:49,very short,True,False,1 commit
True,2019-05-09 14:21:35,very short,True,False,1 commit
True,2019-05-09 14:46:41,very short,True,False,1 commit
True,2019-05-10 00:30:10,very short,True,False,1 commit
False,2019-05-10 10:29:39,lengthy,True,False,some commits
True,2019-05-10 12:41:28,medium,True,False,1 commit
False,2019-05-10 15:12:50,very short,False,True,1 commit
False,2019-05-11 00:05:51,lengthy,False,True,1 commit
True,2019-05-11 10:41:23,medium,True,False,1 commit
True,2019-05-11 12:43:07,lengthy,False,False,1 commit
True,2019-05-11 15:32:13,medium,True,False,1 commit
True,2019-05-12 11:00:10,very short,True,False,1 commit
False,2019-05-12 18:05:49,medium,False,False,1 commit
True,2019-05-12 21:29:57,lengthy,True,False,some commits
True,2019-05-13 12:22:38,very short,True,False,1 commit
True,2019-05-14 01:37:02,short,True,False,1 commit
True,2019-05-14 01:53:42,medium,True,False,1 commit
False,2019-05-14 04:44:17,very short,False,True,many commits
False,2019-05-15 06:50:15,very short,True,False,1 commit
True,2019-05-15 08:49:54,very short,False,True,1 commit
True,2019-05-15 22:05:06,medium,True,False,some commits
True,2019-05-15 23:20:24,very short,False,True,1 commit
True,2019-05-15 23:27:24,very short,True,False,some commits
True,2019-05-16 00:42:49,very short,True,False,1 commit
False,2019-05-16 07:50:19,very short,False,False,1 commit
True,2019-05-16 13:42:34,medium,False,True,1 commit
False,2019-05-16 14:28:08,very short,True,False,1 commit
True,2019-05-16 16:33:30,lengthy,True,False,1 commit
True,2019-05-17 07:53:01,short,False,True,1 commit
False,2019-05-17 11:42:05,very short,False,True,1 commit
True,2019-05-17 14:37:08,short,False,True,1 commit
False,2019-05-17 19:56:30,lengthy,False,True,some commits
True,2019-05-18 03:42:51,medium,True,False,some commits
False,2019-05-18 11:54:07,lengthy,True,False,1 commit
False,2019-05-18 16:07:40,very short,False,True,1 commit
False,2019-05-19 10:47:31,lengthy,False,False,1 commit
False,2019-05-19 13:55:27,lengthy,True,False,some commits
True,2019-05-19 20:18:28,short,True,False,1 commit
True,2019-05-19 21:53:52,medium,True,False,1 commit
True,2019-05-19 22:15:18,short,True,False,1 commit
False,2019-05-20 08:41:29,very short,False,False,1 commit
True,2019-05-20 23:01:01,very short,True,False,some commits
False,2019-05-21 16:08:11,lengthy,False,False,1 commit
True,2019-05-21 19:57:46,very short,True,False,1 commit
True,2019-05-22 09:09:50,very short,True,False,1 commit
True,2019-05-22 11:30:39,lengthy,True,False,some commits
True,2019-05-22 13:41:27,short,True,False,some commits
True,2019-05-22 15:23:31,very short,True,False,1 commit
True,2019-05-23 12:36:11,medium,True,False,some commits
True,2019-05-23 13:16:01,very short,True,False,1 commit
False,2019-05-23 14:40:46,lengthy,False,False,1 commit
False,2019-05-24 04:02:07,very short,False,True,many commits
True,2019-05-24 05:48:34,very short,False,True,1 commit
True,2019-05-24 13:43:30,lengthy,False,True,1 commit
True,2019-05-25 14:01:48,short,True,False,1 commit
True,2019-05-25 16:26:30,lengthy,True,False,some commits
True,2019-05-25 19:00:38,medium,True,False,some commits
False,2019-05-26 04:31:49,lengthy,False,False,1 commit
True,2019-05-26 17:32:11,lengthy,True,False,some commits
True,2019-05-27 10:19:26,short,False,True,1 commit
False,2019-05-27 11:52:24,short,True,False,1 commit
True,2019-05-27 18:59:58,very short,True,False,1 commit
False,2019-05-27 19:05:01,short,True,False,some commits
True,2019-05-27 19:15:21,very short,True,False,1 commit
True,2019-05-28 07:50:36,medium,False,False,some commits
False,2019-05-28 10:05:55,short,False,False,some commits
False,2019-05-28 15:08:38,very short,False,True,1 commit
True,2019-05-28 18:00:19,medium,False,False,1 commit
True,2019-05-28 18:08:20,very short,True,False,1 commit
True,2019-05-29 12:23:14,medium,True,False,1 commit
False,2019-05-29 13:16:09,very short,True,False,1 commit
True,2019-05-30 20:20:59,very short,True,False,1 commit
False,2019-06-01 19:37:05,lengthy,True,True,some commits
False,2019-06-01 20:55:02,very short,False,True,1 commit
False,2019-06-02 14:47:43,lengthy,True,False,some commits
False,2019-06-03 18:31:43,lengthy,True,False,some commits
True,2019-06-03 19:31:14,very short,True,False,some commits
True,2019-06-04 20:42:55,very short,False,True,1 commit
False,2019-06-05 14:02:21,lengthy,False,True,some commits
False,2019-06-05 14:37:59,lengthy,True,False,1 commit
True,2019-06-05 18:57:08,short,False,True,some commits
False,2019-06-06 08:53:18,very short,False,True,1 commit
True,2019-06-07 00:54:56,very short,True,False,1 commit
True,2019-06-07 01:23:38,very short,True,False,1 commit
True,2019-06-08 19:11:42,short,True,False,1 commit
False,2019-06-09 08:45:57,very short,False,False,1 commit
False,2019-06-09 12:17:42,very short,False,False,1 commit
False,2019-06-09 18:45:16,very short,True,False,1 commit
True,2019-06-09 19:39:43,very short,False,True,1 commit
True,2019-06-09 22:38:18,very short,False,True,1 commit
True,2019-06-09 23:08:20,very short,True,False,1 commit
True,2019-06-09 23:58:03,short,True,False,some commits
True,2019-06-10 00:59:29,medium,True,False,1 commit
False,2019-06-10 08:43:59,very short,False,True,many commits
True,2019-06-10 12:04:43,lengthy,True,False,1 commit
False,2019-06-10 14:05:28,lengthy,False,True,1 commit
False,2019-06-10 14:35:56,lengthy,False,False,1 commit
True,2019-06-11 06:53:57,very short,False,True,1 commit
True,2019-06-12 02:42:30,very short,True,False,1 commit
True,2019-06-13 08:19:33,short,True,False,1 commit
False,2019-06-13 16:51:50,very short,False,True,1 commit
False,2019-06-14 07:55:24,very short,True,False,1 commit
False,2019-06-14 08:37:52,lengthy,False,True,some commits
True,2019-06-14 17:40:45,medium,False,False,some commits
True,2019-06-14 20:17:10,medium,True,False,1 commit
True,2019-06-14 20:30:23,short,False,True,1 commit
False,2019-06-16 20:35:42,lengthy,True,False,some commits
False,2019-06-17 01:50:52,lengthy,True,False,some commits
True,2019-06-17 15:00:19,lengthy,True,False,1 commit
True,2019-06-17 17:49:13,very short,True,False,1 commit
True,2019-06-18 09:00:26,short,True,False,some commits
False,2019-06-18 11:23:16,very short,False,True,1 commit
False,2019-06-18 18:40:45,very short,True,False,1 commit
False,2019-06-19 05:58:15,lengthy,False,False,1 commit
False,2019-06-19 08:31:58,very short,False,True,many commits
False,2019-06-20 02:50:51,very short,False,True,some commits
False,2019-06-20 09:27:50,very short,False,True,some commits
True,2019-06-20 14:48:06,very short,True,False,1 commit
False,2019-06-20 19:58:48,medium,True,False,1 commit
True,2019-06-21 10:43:43,very short,True,False,1 commit
False,2019-06-21 12:07:29,lengthy,False,False,1 commit
False,2019-06-21 16:50:26,short,True,False,1 commit
True,2019-06-21 21:39:42,lengthy,True,False,1 commit
False,2019-06-22 07:01:56,short,True,False,1 commit
True,2019-06-22 17:38:20,short,False,True,1 commit
True,2019-06-22 19:23:48,lengthy,False,True,some commits
False,2019-06-22 20:51:38,very short,False,False,1 commit
True,2019-06-23 13:51:30,very short,True,False,1 commit
True,2019-06-23 17:35:02,short,True,False,1 commit
False,2019-06-24 12:36:39,very short,False,False,1 commit
True,2019-06-24 15:49:11,very short,False,False,1 commit
True,2019-06-24 23:00:25,lengthy,False,True,1 commit
True,2019-06-25 00:36:36,very short,False,False,1 commit
True,2019-06-26 04:28:07,very short,False,True,1 commit
True,2019-06-26 06:21:02,medium,True,False,1 commit
False,2019-06-26 19:15:28,lengthy,False,True,1 commit
True,2019-06-26 20:18:50,short,True,False,1 commit
True,2019-06-27 07:59:02,very short,True,False,some commits
False,2019-06-27 12:20:28,very short,False,False,1 commit
False,2019-06-28 06:40:38,very short,False,False,some commits
False,2019-06-28 08:08:24,very short,False,False,1 commit
True,2019-06-28 15:57:23,short,False,True,1 commit
True,2019-06-28 23:52:53,medium,True,False,1 commit
True,2019-06-29 01:58:14,short,False,True,1 commit
True,2019-06-29 23:44:21,short,True,False,1 commit
False,2019-06-30 00:35:58,lengthy,False,False,1 commit
True,2019-07-01 10:01:14,very short,True,False,1 commit
True,2019-07-01 15:55:55,very short,True,False,1 commit
True,2019-07-02 10:29:28,very short,False,True,some commits
False,2019-07-03 09:31:12,very short,False,True,1 commit
True,2019-07-03 09:36:29,very short,True,False,1 commit
True,2019-07-03 18:01:38,very short,True,False,1 commit
False,2019-07-04 06:54:05,lengthy,True,False,1 commit
True,2019-07-04 14:51:31,very short,False,False,1 commit
True,2019-07-04 23:26:23,lengthy,True,False,1 commit
False,2019-07-05 08:49:02,short,False,False,1 commit
False,2019-07-06 14:19:12,medium,False,True,many commits
True,2019-07-06 16:28:41,medium,False,True,1 commit
True,2019-07-07 18:32:20,very short,False,True,1 commit
False,2019-07-07 22:38:29,very short,False,True,1 commit
False,2019-07-07 23:46:30,short,True,False,1 commit
False,2019-07-08 02:26:36,short,False,False,1 commit
True,2019-07-08 09:41:12,short,True,False,1 commit
True,2019-07-09 17:00:23,very short,True,False,1 commit
True,2019-07-09 21:41:48,very short,True,False,1 commit
True,2019-07-09 22:28:45,very short,True,False,1 commit
False,2019-07-10 02:58:39,very short,False,True,1 commit
False,2019-07-10 11:48:07,lengthy,False,True,1 commit
True,2019-07-10 18:07:07,very short,True,False,1 commit
True,2019-07-10 19:59:37,very short,True,False,1 commit
True,2019-07-10 22:37:15,lengthy,False,True,1 commit
False,2019-07-11 08:36:07,very short,True,False,1 commit
True,2019-07-11 19:15:56,very short,True,False,1 commit
True,2019-07-12 21:06:28,lengthy,False,True,1 commit
True,2019-07-13 19:02:48,short,True,False,1 commit
True,2019-07-13 23:28:02,medium,True,False,1 commit
True,2019-07-14 10:33:20,short,False,True,1 commit
False,2019-07-15 11:07:33,very short,False,True,1 commit
True,2019-07-15 13:28:47,very short,True,False,1 commit
False,2019-07-17 18:03:48,very short,False,True,1 commit
True,2019-07-18 14:05:06,very short,False,False,1 commit
True,2019-07-19 14:46:54,very short,True,False,1 commit
True,2019-07-19 14:47:13,lengthy,True,False,1 commit
False,2019-07-19 20:24:05,lengthy,True,False,some commits
True,2019-07-19 21:39:09,medium,True,False,1 commit
True,2019-07-20 16:44:14,lengthy,True,False,some commits
True,2019-07-21 20:56:14,short,True,False,1 commit
True,2019-07-21 21:31:31,short,True,False,1 commit
True,2019-07-23 01:25:13,very short,True,False,1 commit
True,2019-07-23 04:29:04,medium,True,False,some commits
True,2019-07-24 02:28:25,short,True,False,some commits
True,2019-07-24 15:41:09,very short,True,False,1 commit
True,2019-07-24 17:10:08,short,False,False,1 commit
True,2019-07-25 12:15:46,lengthy,True,False,1 commit
False,2019-07-26 00:54:02,very short,False,True,many commits
True,2019-07-26 01:56:29,medium,False,True,1 commit
True,2019-07-26 10:40:56,short,True,False,some commits
False,2019-07-27 08:50:38,very short,False,True,many commits
True,2019-07-27 09:19:06,very short,True,False,1 commit
False,2019-07-27 11:58:29,lengthy,False,False,some commits
False,2019-07-27 22:49:22,very short,False,True,1 commit
True,2019-07-28 18:14:23,short,True,False,some commits
False,2019-07-29 04:25:49,lengthy,False,True,1 commit
True,2019-07-29 11:52:50,medium,False,True,1 commit
True,2019-07-29 14:45:36,lengthy,False,True,some commits
True,2019-07-29 22:02:43,very short,True,False,some commits
True,2019-07-30 03:31:35,medium,False,True,1 commit
False,2019-07-30 14:36:20,very short,False,False,1 commit
True,2019-07-30 17:15:22,short,True,False,1 commit
True,2019-07-31 00:24:16,short,False,True,some commits
True,2019-07-31 04:36:07,short,True,False,1 commit
True,2019-07-31 10:04:42,very short,True,False,1 commit
True,2019-07-31 15:10:13,lengthy,True,False,1 commit
False,2019-07-31 16:26:27,very short,False,True,1 commit
True,2019-08-01 14:51:49,very short,True,False,some commits
True,2019-08-02 10:47:49,very short,True,False,1 commit
True,2019-08-02 13:56:08,medium,True,False,1 commit
True,2019-08-02 15:20:24,lengthy,True,False,1 commit
True,2019-08-02 20:57:56,short,True,False,1 commit
True,2019-08-02 21:28:13,lengthy,True,False,1 commit
False,2019-08-02 21:52:15,very short,True,False,1 commit
True,2019-08-02 22:52:34,lengthy,True,False,1 commit
False,2019-08-03 14:11:12,very short,False,True,1 commit
True,2019-08-03 18:48:04,medium,True,False,1 commit
True,2019-08-05 04:10:53,short,True,False,1 commit
True,2019-08-05 11:22:41,medium,True,False,1 commit
True,2019-08-05 12:26:48,short,True,False,1 commit
True,2019-08-05 15:48:50,short,True,False,1 commit
False,2019-08-06 14:36:35,lengthy,False,True,1 commit
True,2019-08-07 16:59:15,medium,True,False,1 commit
True,2019-08-08 03:27:48,very short,True,False,1 commit
False,2019-08-08 04:31:56,short,False,False,1 commit
True,2019-08-08 12:33:08,lengthy,False,True,1 commit
True,2019-08-09 08:41:19,short,True,False,1 commit
True,2019-08-09 12:58:20,medium,False,True,1 commit
False,2019-08-09 14:45:05,very short,True,False,1 commit
False,2019-08-09 19:59:08,lengthy,False,True,1 commit
True,2019-08-10 06:45:13,short,True,False,some commits
False,2019-08-10 07:42:06,very short,False,True,many commits
True,2019-08-10 08:32:22,very short,False,True,1 commit
True,2019-08-10 09:58:12,medium,True,False,some commits
True,2019-08-10 17:08:58,very short,False,False,1 commit
True,2019-08-10 18:50:44,lengthy,True,False,1 commit
True,2019-08-10 22:09:36,short,True,False,some commits
True,2019-08-11 06:22:34,short,True,False,some commits
False,2019-08-11 09:56:02,very short,True,False,some commits
False,2019-08-11 17:12:04,very short,True,False,1 commit
False,2019-08-11 17:16:39,very short,True,False,1 commit
True,2019-08-11 18:29:44,lengthy,True,False,1 commit
False,2019-08-12 01:56:35,very short,False,True,1 commit
False,2019-08-12 15:03:34,very short,False,True,1 commit
False,2019-08-12 19:54:29,medium,True,False,1 commit
True,2019-08-13 02:01:25,medium,False,True,1 commit
True,2019-08-13 20:21:43,very short,True,False,1 commit
True,2019-08-13 20:41:11,short,True,False,1 commit
True,2019-08-13 21:19:18,medium,True,False,1 commit
False,2019-08-14 11:26:54,very short,False,True,many commits
True,2019-08-15 05:49:40,lengthy,True,False,1 commit
False,2019-08-15 11:06:53,lengthy,True,False,1 commit
True,2019-08-15 14:16:17,very short,True,False,1 commit
True,2019-08-15 16:15:15,medium,False,True,1 commit
True,2019-08-15 16:25:28,medium,True,False,some commits
False,2019-08-16 11:36:48,short,False,False,1 commit
True,2019-08-16 19:24:02,very short,True,False,1 commit
True,2019-08-17 01:59:04,very short,True,False,1 commit
False,2019-08-17 02:52:15,lengthy,True,False,1 commit
True,2019-08-17 10:54:28,medium,True,False,1 commit
True,2019-08-17 13:32:36,short,True,False,1 commit
True,2019-08-17 14:39:05,medium,True,False,1 commit
True,2019-08-18 19:16:33,lengthy,True,False,1 commit
True,2019-08-18 23:32:17,very short,False,True,1 commit
True,2019-08-19 13:13:10,medium,True,False,1 commit
True,2019-08-19 15:33:10,very short,True,False,1 commit
True,2019-08-20 08:01:21,lengthy,True,False,1 commit
True,2019-08-21 07:57:31,very short,True,False,1 commit
False,2019-08-21 08:13:55,very short,False,True,1 commit
True,2019-08-21 11:54:14,very short,False,True,1 commit
True,2019-08-21 16:39:32,medium,False,False,1 commit
True,2019-08-22 09:33:11,very short,True,False,some commits
True,2019-08-22 17:59:19,very short,True,False,1 commit
True,2019-08-22 21:37:01,very short,False,True,1 commit
True,2019-08-23 15:16:52,lengthy,True,False,some commits
True,2019-08-23 21:38:34,medium,True,False,1 commit
True,2019-08-23 23:34:54,medium,True,False,1 commit
True,2019-08-24 17:20:17,short,True,False,1 commit
True,2019-08-24 17:34:31,medium,True,False,1 commit
True,2019-08-24 18:24:42,short,True,False,1 commit
False,2019-08-24 19:40:24,lengthy,True,False,many commits
True,2019-08-25 10:50:06,very short,True,False,1 commit
True,2019-08-27 16:01:43,very short,True,False,1 commit
True,2019-08-27 21:58:50,very short,False,True,1 commit
False,2019-08-28 02:48:11,very short,True,False,1 commit
False,2019-08-28 14:24:21,very short,False,True,1 commit
True,2019-08-28 14:57:56,medium,True,False,1 commit
True,2019-08-28 17:08:32,short,False,True,1 commit
False,2019-08-29 12:45:43,very short,False,True,1 commit
True,2019-08-29 14:32:01,lengthy,True,False,1 commit
True,2019-08-29 17:31:03,very short,False,True,1 commit
True,2019-08-30 08:30:32,lengthy,True,False,1 commit
False,2019-08-30 13:51:55,lengthy,True,False,1 commit
True,2019-08-30 14:33:28,very short,False,True,1 commit
False,2019-08-31 19:37:55,short,False,True,1 commit
True,2019-09-01 18:46:50,very short,True,False,some commits
False,2019-09-01 23:40:23,lengthy,True,False,1 commit
True,2019-09-02 10:03:27,very short,True,False,1 commit
False,2019-09-02 13:06:30,very short,False,True,1 commit
True,2019-09-03 08:02:22,lengthy,True,False,1 commit
True,2019-09-03 10:44:38,very short,False,True,1 commit
False,2019-09-03 14:02:33,very short,False,True,1 commit
True,2019-09-04 08:30:14,medium,True,False,1 commit
True,2019-09-04 14:55:26,very short,True,False,some commits
True,2019-09-05 06:15:25,medium,True,False,1 commit
True,2019-09-05 21:47:44,very short,True,False,1 commit
True,2019-09-07 07:55:44,short,True,False,1 commit
True,2019-09-07 15:18:43,lengthy,True,False,1 commit
True,2019-09-07 17:33:11,lengthy,False,False,1 commit
False,2019-09-08 16:39:07,medium,True,False,some commits
True,2019-09-08 21:27:34,medium,True,False,1 commit
False,2019-09-09 00:57:42,short,True,False,1 commit
True,2019-09-09 04:23:03,very short,True,False,1 commit
False,2019-09-09 11:19:28,medium,True,False,1 commit
True,2019-09-10 15:40:36,lengthy,True,False,1 commit
True,2019-09-11 10:33:16,medium,True,False,some commits
True,2019-09-11 10:58:14,lengthy,True,False,1 commit
True,2019-09-11 14:22:06,short,True,False,1 commit
False,2019-09-11 18:43:13,very short,False,False,some commits
True,2019-09-11 21:55:19,medium,False,True,1 commit
True,2019-09-12 05:49:04,lengthy,True,False,1 commit
False,2019-09-12 19:16:38,lengthy,True,False,1 commit
False,2019-09-13 08:45:36,short,False,True,some commits
False,2019-09-13 10:59:41,lengthy,False,True,some commits
True,2019-09-13 14:18:47,very short,False,True,some commits
True,2019-09-14 02:53:26,short,True,False,1 commit
True,2019-09-14 21:59:49,medium,True,False,some commits
False,2019-09-15 02:57:11,lengthy,True,False,some commits
True,2019-09-16 03:30:46,very short,True,False,1 commit
False,2019-09-16 09:20:19,very short,False,False,1 commit
True,2019-09-16 10:14:00,medium,True,False,1 commit
False,2019-09-17 10:09:51,lengthy,True,False,some commits
True,2019-09-17 14:33:44,very short,False,True,1 commit
True,2019-09-18 01:20:37,lengthy,True,False,some commits
False,2019-09-19 14:02:55,medium,False,True,1 commit
False,2019-09-19 20:37:10,very short,False,True,1 commit
True,2019-09-20 02:23:19,very short,False,False,1 commit
True,2019-09-20 02:52:26,very short,True,False,1 commit
False,2019-09-20 14:48:21,lengthy,True,False,1 commit
False,2019-09-20 21:23:28,very short,False,True,1 commit
True,2019-09-21 19:04:00,short,True,False,1 commit
False,2019-09-22 16:06:24,very short,False,True,1 commit
False,2019-09-22 16:52:30,lengthy,True,False,some commits
False,2019-09-22 19:16:47,very short,False,True,1 commit
True,2019-09-23 15:12:09,medium,False,True,some commits
False,2019-09-23 15:26:55,very short,False,True,1 commit
True,2019-09-23 19:56:25,very short,True,False,1 commit
True,2019-09-24 01:18:02,lengthy,True,False,some commits
False,2019-09-24 10:55:01,lengthy,False,False,many commits
True,2019-09-24 21:45:36,medium,True,False,1 commit
True,2019-09-24 21:49:01,very short,False,True,1 commit
False,2019-09-25 20:20:20,lengthy,False,True,1 commit
False,2019-09-26 01:23:07,short,False,True,1 commit
True,2019-09-26 08:37:14,short,True,False,some commits
True,2019-09-26 17:43:01,short,False,True,1 commit
True,2019-09-26 17:48:40,very short,False,True,1 commit
True,2019-09-26 18:42:25,lengthy,True,False,1 commit
False,2019-09-26 19:09:34,short,False,True,1 commit
True,2019-09-26 19:38:31,medium,False,True,1 commit
True,2019-09-26 19:39:02,lengthy,True,False,1 commit
True,2019-09-26 20:59:55,lengthy,True,False,1 commit
True,2019-09-26 21:11:08,lengthy,False,True,1 commit
False,2019-09-26 21:55:46,very short,False,False,1 commit
True,2019-09-26 22:26:48,very short,False,False,1 commit
False,2019-09-26 22:47:43,lengthy,False,True,1 commit
False,2019-09-26 23:08:51,very short,False,True,1 commit
False,2019-09-26 23:09:55,very short,False,False,1 commit
False,2019-09-26 23:56:44,medium,False,True,1 commit
True,2019-09-27 00:00:44,medium,False,True,1 commit
True,2019-09-27 10:16:37,very short,False,False,1 commit
False,2019-09-27 13:10:21,very short,False,False,some commits
False,2019-09-27 15:09:38,lengthy,False,True,many commits
True,2019-09-27 16:48:56,very short,False,False,1 commit
False,2019-09-27 16:55:42,short,True,False,some commits
False,2019-09-27 18:37:51,lengthy,False,True,1 commit
True,2019-09-27 20:48:31,lengthy,True,False,some commits
True,2019-09-27 21:33:35,short,True,False,1 commit
True,2019-09-28 00:50:21,lengthy,True,False,1 commit
True,2019-09-28 04:28:22,short,False,True,some commits
False,2019-09-28 20:02:43,short,True,False,1 commit
True,2019-09-29 09:19:15,medium,False,True,1 commit
True,2019-09-29 12:31:06,lengthy,True,False,1 commit
True,2019-09-30 12:55:53,short,False,True,1 commit
True,2019-09-30 22:33:25,short,False,True,some commits
True,2019-10-01 05:50:29,very short,False,True,1 commit
True,2019-10-01 07:39:36,short,True,False,some commits
False,2019-10-01 10:42:20,very short,True,False,1 commit
False,2019-10-01 12:29:02,very short,False,True,1 commit
False,2019-10-01 17:18:34,lengthy,True,False,some commits
False,2019-10-01 19:50:23,lengthy,True,False,many commits
True,2019-10-02 00:17:34,medium,False,True,1 commit
False,2019-10-02 17:21:16,very short,False,True,1 commit
False,2019-10-03 02:16:10,lengthy,False,True,1 commit
True,2019-10-03 06:42:20,very short,True,False,1 commit
True,2019-10-03 15:54:54,very short,True,False,1 commit
True,2019-10-03 16:46:16,very short,True,False,1 commit
False,2019-10-04 00:15:30,very short,False,True,1 commit
False,2019-10-04 00:15:59,medium,False,False,some commits
True,2019-10-04 13:56:01,short,True,False,1 commit
True,2019-10-04 13:56:01,short,True,False,1 commit
True,2019-10-04 22:56:10,lengthy,False,True,1 commit
False,2019-10-05 12:47:32,very short,True,False,1 commit
False,2019-10-07 15:06:50,very short,True,False,many commits
False,2019-10-07 15:20:32,very short,True,False,many commits
False,2019-10-07 15:26:40,very short,True,False,many commits
False,2019-10-07 18:28:35,very short,True,False,1 commit
True,2019-10-07 19:10:59,very short,True,False,1 commit
False,2019-10-08 08:49:47,very short,False,False,1 commit
True,2019-10-08 11:36:31,lengthy,True,False,1 commit
True,2019-10-08 13:14:12,very short,True,False,1 commit
True,2019-10-08 15:22:07,very short,True,False,some commits
True,2019-10-08 22:03:38,lengthy,True,False,some commits
True,2019-10-09 02:11:04,very short,True,False,1 commit
True,2019-10-09 02:26:03,very short,True,False,1 commit
True,2019-10-09 09:20:50,very short,True,False,1 commit
True,2019-10-09 10:14:53,lengthy,True,False,some commits
True,2019-10-09 12:01:10,lengthy,True,False,some commits
False,2019-10-09 12:11:19,very short,False,True,1 commit
False,2019-10-10 05:54:20,lengthy,True,False,1 commit
False,2019-10-10 12:47:06,lengthy,True,False,some commits
True,2019-10-10 19:16:23,very short,True,False,some commits
False,2019-10-11 14:03:04,short,True,False,some commits
True,2019-10-11 14:46:51,medium,True,False,1 commit
False,2019-10-11 17:00:15,lengthy,False,False,some commits
True,2019-10-11 18:19:39,medium,True,False,1 commit
True,2019-10-12 02:45:30,medium,True,False,1 commit
False,2019-10-13 00:27:30,very short,False,True,1 commit
True,2019-10-13 05:37:48,lengthy,False,True,some commits
True,2019-10-13 23:36:59,very short,True,False,1 commit
True,2019-10-14 01:56:49,very short,True,False,1 commit
False,2019-10-14 15:35:46,lengthy,True,False,1 commit
False,2019-10-14 20:09:17,very short,False,False,1 commit
False,2019-10-14 20:37:27,very short,False,False,1 commit
True,2019-10-14 23:01:15,medium,True,False,some commits
False,2019-10-14 23:25:41,very short,False,False,1 commit
False,2019-10-15 07:08:34,lengthy,True,False,1 commit
False,2019-10-15 07:59:48,lengthy,False,True,some commits
True,2019-10-15 09:47:31,very short,True,False,1 commit
True,2019-10-16 12:36:43,lengthy,True,False,1 commit
True,2019-10-16 13:43:34,very short,True,False,1 commit
True,2019-10-16 16:10:59,very short,True,False,1 commit
True,2019-10-16 21:51:27,lengthy,False,True,1 commit
True,2019-10-16 22:16:24,lengthy,True,False,some commits
True,2019-10-17 06:30:41,medium,True,False,1 commit
True,2019-10-17 17:39:25,very short,True,False,1 commit
True,2019-10-17 19:38:59,very short,True,False,1 commit
True,2019-10-18 16:20:26,lengthy,True,False,some commits
False,2019-10-18 22:18:10,very short,False,False,many commits
True,2019-10-19 01:45:07,lengthy,False,False,1 commit
False,2019-10-19 14:26:06,very short,False,True,1 commit
False,2019-10-20 14:57:05,lengthy,False,True,many commits
True,2019-10-20 16:48:10,very short,True,False,1 commit
True,2019-10-20 19:35:30,lengthy,True,False,1 commit
True,2019-10-20 22:01:57,very short,True,False,1 commit
False,2019-10-21 05:56:45,very short,False,True,1 commit
True,2019-10-21 12:23:44,very short,True,False,1 commit
True,2019-10-21 16:05:17,medium,True,False,some commits
True,2019-10-21 16:11:37,medium,True,False,1 commit
True,2019-10-21 17:10:03,short,True,False,some commits
True,2019-10-21 23:43:11,short,False,True,1 commit
True,2019-10-22 10:44:51,very short,False,True,1 commit
True,2019-10-22 10:55:07,very short,True,False,1 commit
True,2019-10-22 11:03:11,very short,True,False,some commits
True,2019-10-22 11:33:08,medium,True,False,1 commit
True,2019-10-23 14:16:45,short,True,False,1 commit
False,2019-10-23 15:16:42,very short,True,False,1 commit
True,2019-10-23 20:19:14,very short,False,False,1 commit
True,2019-10-24 06:48:05,very short,True,False,1 commit
False,2019-10-24 10:55:11,very short,False,True,1 commit
True,2019-10-24 11:42:06,medium,False,True,some commits
True,2019-10-24 13:17:50,very short,True,False,1 commit
True,2019-10-24 21:45:04,very short,False,True,1 commit
False,2019-10-24 23:45:08,lengthy,True,False,1 commit
True,2019-10-25 12:59:23,medium,True,False,some commits
True,2019-10-25 13:13:14,short,True,False,1 commit
True,2019-10-26 14:44:34,short,True,False,some commits
False,2019-10-27 10:42:24,short,False,True,1 commit
False,2019-10-27 11:41:38,very short,True,False,1 commit
True,2019-10-27 14:22:20,short,False,True,1 commit
False,2019-10-27 16:07:03,lengthy,True,False,1 commit
True,2019-10-28 10:19:29,very short,True,False,1 commit
True,2019-10-28 14:13:20,very short,False,False,1 commit
True,2019-10-28 14:21:17,medium,True,False,1 commit
False,2019-10-28 22:21:50,very short,True,False,1 commit
False,2019-10-29 14:26:59,very short,False,True,1 commit
True,2019-10-29 19:50:13,very short,True,False,1 commit
True,2019-10-29 20:22:42,very short,True,False,1 commit
False,2019-10-29 23:56:50,lengthy,False,True,many commits
True,2019-10-30 09:34:35,lengthy,True,False,some commits
True,2019-10-30 14:31:39,very short,False,True,1 commit
False,2019-10-30 14:48:57,lengthy,False,True,1 commit
False,2019-10-30 16:55:39,very short,False,False,1 commit
True,2019-10-31 02:27:55,very short,True,False,1 commit
True,2019-10-31 02:48:00,very short,False,True,some commits
True,2019-10-31 04:14:51,medium,False,True,1 commit
True,2019-10-31 10:39:18,medium,True,False,1 commit
True,2019-10-31 13:56:01,very short,True,False,1 commit
True,2019-11-01 11:09:44,very short,True,False,1 commit
True,2019-11-01 12:19:32,medium,True,False,1 commit
True,2019-11-01 17:03:28,medium,True,False,1 commit
True,2019-11-02 00:31:58,medium,True,False,1 commit
True,2019-11-02 02:03:26,medium,True,False,1 commit
True,2019-11-02 02:49:40,short,True,False,1 commit
True,2019-11-02 03:28:00,medium,True,False,1 commit
True,2019-11-02 04:49:18,lengthy,True,False,some commits
True,2019-11-02 05:28:52,short,True,False,1 commit
True,2019-11-02 10:21:19,short,True,False,1 commit
True,2019-11-02 15:08:38,short,True,False,1 commit
True,2019-11-02 16:02:44,medium,True,False,some commits
False,2019-11-03 12:33:02,lengthy,True,False,many commits
False,2019-11-04 00:27:06,very short,False,True,1 commit
True,2019-11-04 11:50:57,short,True,False,some commits
True,2019-11-04 12:35:35,lengthy,True,False,1 commit
True,2019-11-04 22:09:00,very short,False,False,1 commit
True,2019-11-05 20:35:22,very short,True,False,1 commit
True,2019-11-06 01:14:17,very short,True,False,1 commit
True,2019-11-06 01:35:41,very short,True,False,1 commit
True,2019-11-06 01:37:41,very short,True,False,1 commit
True,2019-11-06 02:54:05,very short,True,False,1 commit
True,2019-11-06 03:13:18,very short,False,True,1 commit
True,2019-11-06 03:28:34,very short,True,False,1 commit
False,2019-11-06 08:15:32,very short,True,False,1 commit
False,2019-11-06 09:16:17,very short,True,False,some commits
True,2019-11-06 10:24:18,medium,True,False,1 commit
True,2019-11-06 12:29:57,very short,True,False,1 commit
True,2019-11-06 12:57:30,very short,True,False,1 commit
True,2019-11-06 14:13:49,very short,True,False,1 commit
True,2019-11-06 15:06:40,lengthy,True,False,1 commit
True,2019-11-06 15:39:52,lengthy,True,False,some commits
True,2019-11-06 16:00:33,very short,True,False,1 commit
True,2019-11-06 21:14:34,short,True,False,some commits
True,2019-11-06 22:18:52,short,True,False,1 commit
False,2019-11-07 01:36:52,lengthy,True,False,some commits
True,2019-11-07 01:54:49,very short,True,False,1 commit
False,2019-11-07 03:01:09,very short,False,True,1 commit
False,2019-11-07 04:13:38,very short,True,False,1 commit
False,2019-11-07 08:48:49,very short,True,False,1 commit
True,2019-11-07 14:11:39,very short,True,False,1 commit
True,2019-11-08 06:16:01,very short,False,True,1 commit
True,2019-11-08 20:22:26,short,True,False,1 commit
True,2019-11-08 23:50:59,medium,True,False,some commits
True,2019-11-10 08:53:45,short,True,False,1 commit
True,2019-11-10 10:30:28,lengthy,True,False,1 commit
False,2019-11-10 10:49:19,lengthy,True,False,1 commit
True,2019-11-10 11:12:02,lengthy,True,False,1 commit
True,2019-11-10 13:55:02,very short,True,False,1 commit
True,2019-11-10 22:00:30,lengthy,True,False,some commits
False,2019-11-11 19:09:00,very short,False,True,1 commit
True,2019-11-12 10:58:08,short,True,False,1 commit
False,2019-11-12 20:36:05,very short,False,True,1 commit
False,2019-11-12 23:12:20,lengthy,True,False,1 commit
True,2019-11-13 03:54:00,medium,True,False,1 commit
False,2019-11-14 16:38:22,very short,False,True,1 commit
True,2019-11-15 04:31:07,lengthy,True,False,1 commit
True,2019-11-15 05:40:16,medium,True,False,some commits
True,2019-11-15 15:49:09,lengthy,True,False,1 commit
True,2019-11-15 19:18:09,medium,True,False,1 commit
True,2019-11-15 21:01:09,medium,True,False,1 commit
True,2019-11-15 21:23:02,short,True,False,1 commit
True,2019-11-15 21:30:02,short,True,False,1 commit
False,2019-11-15 21:52:41,short,True,False,1 commit
True,2019-11-15 22:02:58,short,True,False,some commits
True,2019-11-15 22:26:33,short,True,False,1 commit
True,2019-11-15 23:27:48,short,True,False,some commits
False,2019-11-16 05:21:31,short,False,True,1 commit
True,2019-11-16 15:05:14,short,True,False,1 commit
True,2019-11-16 22:20:42,medium,True,False,1 commit
False,2019-11-17 07:35:48,lengthy,False,True,some commits
True,2019-11-17 19:38:43,medium,True,False,1 commit
True,2019-11-17 23:43:40,lengthy,True,False,some commits
False,2019-11-18 02:50:25,lengthy,False,False,1 commit
True,2019-11-18 08:31:16,lengthy,True,False,some commits
True,2019-11-18 10:28:52,very short,True,False,1 commit
True,2019-11-18 12:18:31,very short,True,False,1 commit
True,2019-11-18 12:26:28,very short,True,False,1 commit
True,2019-11-18 12:36:01,lengthy,True,False,1 commit
False,2019-11-18 12:40:42,short,True,False,1 commit
True,2019-11-18 12:52:48,very short,True,False,1 commit
True,2019-11-18 13:09:42,lengthy,True,False,1 commit
True,2019-11-18 13:15:56,very short,True,False,1 commit
True,2019-11-18 13:28:50,lengthy,True,False,1 commit
False,2019-11-18 13:56:33,lengthy,True,False,1 commit
False,2019-11-18 14:52:47,very short,False,True,1 commit
False,2019-11-18 16:59:05,lengthy,True,False,1 commit
False,2019-11-18 23:21:35,very short,True,False,1 commit
True,2019-11-19 00:53:52,lengthy,True,False,1 commit
False,2019-11-19 06:08:42,lengthy,False,False,some commits
True,2019-11-19 08:34:42,very short,True,False,1 commit
False,2019-11-19 18:09:35,very short,False,False,1 commit
True,2019-11-20 12:04:49,very short,True,False,1 commit
True,2019-11-20 14:24:34,very short,True,False,1 commit
True,2019-11-20 17:49:06,short,True,False,1 commit
False,2019-11-21 01:04:57,very short,False,False,some commits
False,2019-11-21 03:24:15,very short,False,True,1 commit
False,2019-11-21 03:38:01,very short,False,False,1 commit
True,2019-11-21 06:10:49,medium,True,False,1 commit
True,2019-11-21 07:45:29,very short,True,False,1 commit
True,2019-11-21 14:48:17,very short,True,False,1 commit
True,2019-11-21 19:11:36,lengthy,False,True,1 commit
True,2019-11-21 19:39:03,very short,True,False,some commits
True,2019-11-22 01:16:46,very short,True,False,some commits
False,2019-11-22 04:56:06,very short,False,True,many commits
True,2019-11-22 12:55:45,short,False,True,some commits
True,2019-11-22 20:59:17,short,True,False,1 commit
True,2019-11-22 21:33:30,short,True,False,1 commit
True,2019-11-23 02:45:29,medium,False,False,1 commit
False,2019-11-23 09:04:26,short,True,False,1 commit
True,2019-11-23 10:25:51,medium,True,False,1 commit
True,2019-11-23 11:09:24,lengthy,True,False,some commits
True,2019-11-24 02:18:03,lengthy,False,True,1 commit
False,2019-11-24 08:55:47,lengthy,True,False,many commits
False,2019-11-24 10:37:35,lengthy,True,False,1 commit
False,2019-11-24 15:16:27,lengthy,True,False,1 commit
True,2019-11-24 15:25:26,very short,True,False,1 commit
True,2019-11-24 16:46:04,very short,True,False,1 commit
True,2019-11-24 20:08:34,short,True,False,1 commit
True,2019-11-24 20:30:15,medium,True,False,1 commit
True,2019-11-24 22:14:12,very short,True,False,1 commit
False,2019-11-25 03:52:07,short,True,False,some commits
True,2019-11-25 08:43:43,short,True,False,some commits
True,2019-11-25 14:38:30,very short,True,False,1 commit
False,2019-11-26 06:59:31,lengthy,True,False,1 commit
True,2019-11-26 09:56:26,very short,True,False,1 commit
True,2019-11-26 13:03:19,short,True,False,1 commit
True,2019-11-26 23:08:25,lengthy,True,False,some commits
True,2019-11-27 12:05:04,lengthy,True,False,1 commit
True,2019-11-28 03:45:45,very short,True,False,1 commit
True,2019-11-28 16:24:23,very short,True,False,1 commit
False,2019-11-28 19:58:38,lengthy,True,False,some commits
True,2019-11-29 04:17:37,medium,True,False,1 commit
True,2019-11-29 14:00:42,medium,True,False,some commits
True,2019-11-29 15:56:16,lengthy,False,False,some commits
False,2019-11-29 16:30:08,short,False,True,1 commit
True,2019-11-29 17:06:08,medium,True,False,some commits
True,2019-11-30 13:52:30,medium,False,True,1 commit
True,2019-12-01 15:08:03,lengthy,True,False,1 commit
False,2019-12-01 15:31:25,very short,True,False,1 commit
False,2019-12-01 17:39:13,lengthy,False,True,some commits
True,2019-12-02 07:59:38,very short,True,False,some commits
True,2019-12-02 10:44:49,medium,True,False,1 commit
False,2019-12-02 13:42:31,very short,False,True,1 commit
False,2019-12-02 14:10:49,short,True,False,some commits
True,2019-12-02 20:04:10,very short,True,False,some commits
False,2019-12-03 13:32:50,lengthy,True,False,1 commit
True,2019-12-03 16:27:58,very short,True,False,1 commit
True,2019-12-03 16:27:58,very short,True,False,1 commit
False,2019-12-03 23:32:58,very short,False,False,some commits
True,2019-12-03 23:54:24,very short,False,True,some commits
True,2019-12-04 03:33:01,lengthy,True,False,some commits
True,2019-12-05 03:55:01,very short,False,False,1 commit
True,2019-12-05 16:13:43,very short,True,False,some commits
True,2019-12-05 16:35:46,very short,True,False,1 commit
True,2019-12-05 23:03:59,lengthy,False,False,1 commit
True,2019-12-06 02:32:49,medium,False,True,some commits
True,2019-12-06 03:21:55,medium,True,False,1 commit
False,2019-12-06 10:24:44,lengthy,True,False,1 commit
True,2019-12-07 05:13:34,short,True,False,1 commit
True,2019-12-07 22:05:18,medium,True,False,1 commit
True,2019-12-08 01:38:25,short,False,True,1 commit
True,2019-12-09 11:37:40,short,True,False,1 commit
True,2019-12-09 12:02:49,very short,True,False,some commits
True,2019-12-09 16:59:47,very short,True,False,some commits
True,2019-12-10 13:38:42,very short,True,False,1 commit
True,2019-12-11 10:59:29,short,True,False,1 commit
True,2019-12-11 14:28:00,very short,True,False,1 commit
True,2019-12-11 16:06:44,very short,True,False,1 commit
True,2019-12-11 21:05:13,very short,True,False,1 commit
False,2019-12-12 01:17:05,very short,False,True,1 commit
True,2019-12-12 04:08:14,very short,True,False,1 commit
True,2019-12-12 04:11:05,lengthy,True,False,some commits
False,2019-12-12 04:24:14,very short,False,True,1 commit
True,2019-12-12 05:30:45,very short,True,False,1 commit
True,2019-12-12 08:40:03,short,True,False,1 commit
True,2019-12-13 16:14:04,very short,True,False,1 commit
True,2019-12-13 17:47:33,medium,True,False,1 commit
True,2019-12-13 20:55:34,short,False,True,1 commit
True,2019-12-13 21:02:36,very short,True,False,1 commit
True,2019-12-14 15:28:06,lengthy,True,False,1 commit
True,2019-12-14 17:11:00,lengthy,True,False,1 commit
False,2019-12-14 22:37:38,lengthy,False,False,1 commit
False,2019-12-14 23:27:51,short,True,False,1 commit
True,2019-12-15 20:00:55,very short,False,False,1 commit
False,2019-12-16 08:38:44,very short,False,False,1 commit
True,2019-12-16 21:18:44,very short,False,False,1 commit
True,2019-12-16 21:22:53,short,True,False,1 commit
True,2019-12-17 06:59:55,short,True,False,some commits
False,2019-12-18 17:22:24,lengthy,False,False,1 commit
True,2019-12-18 22:29:29,lengthy,False,True,1 commit
True,2019-12-19 10:10:59,very short,True,False,1 commit
True,2019-12-20 16:21:04,short,True,False,1 commit
False,2019-12-20 18:28:36,short,False,True,1 commit
True,2019-12-21 04:12:05,very short,False,True,1 commit
True,2019-12-21 12:24:00,medium,True,False,1 commit
True,2019-12-21 14:03:24,medium,False,True,some commits
True,2019-12-21 15:49:20,lengthy,True,False,1 commit
True,2019-12-21 20:23:38,lengthy,False,True,1 commit
False,2019-12-22 04:27:34,short,True,False,1 commit
True,2019-12-22 10:27:20,medium,True,False,1 commit
True,2019-12-23 10:57:27,medium,True,False,1 commit
True,2019-12-23 11:06:35,medium,True,False,1 commit
True,2019-12-23 22:33:11,lengthy,True,False,some commits
False,2019-12-24 12:45:11,very short,True,False,many commits
True,2019-12-26 10:06:23,very short,False,True,1 commit
True,2019-12-26 10:38:20,lengthy,False,False,some commits
True,2019-12-26 12:22:16,very short,True,False,1 commit
False,2019-12-27 20:22:24,short,False,False,1 commit
False,2019-12-27 23:14:34,lengthy,False,True,some commits
True,2019-12-28 21:55:33,short,False,True,some commits
True,2019-12-30 13:04:45,lengthy,False,False,1 commit
True,2019-12-30 13:13:59,short,False,True,1 commit
True,2019-12-30 20:32:25,lengthy,True,False,1 commit
False,2019-12-31 17:05:51,short,False,True,1 commit
False,2019-12-31 18:51:53,very short,False,False,some commits
False,2020-01-01 14:35:36,lengthy,False,True,1 commit
True,2020-01-01 17:39:41,lengthy,False,False,1 commit
False,2020-01-02 16:38:33,very short,True,False,1 commit
False,2020-01-02 17:39:10,very short,False,True,1 commit
True,2020-01-03 18:47:56,lengthy,False,False,1 commit
False,2020-01-03 23:27:56,lengthy,True,False,1 commit
True,2020-01-04 11:17:34,short,True,False,1 commit
True,2020-01-05 08:04:40,medium,True,False,1 commit
True,2020-01-05 10:07:33,short,True,False,1 commit
False,2020-01-05 13:30:17,lengthy,True,False,1 commit
False,2020-01-06 05:25:56,very short,False,True,1 commit
False,2020-01-06 07:21:07,lengthy,True,False,many commits
True,2020-01-06 11:14:37,medium,True,False,1 commit
True,2020-01-06 14:20:53,very short,True,False,1 commit
False,2020-01-07 11:48:57,lengthy,False,True,some commits
False,2020-01-07 22:54:29,very short,False,True,many commits
False,2020-01-08 07:50:16,very short,True,False,1 commit
False,2020-01-08 16:23:34,lengthy,True,False,some commits
False,2020-01-08 22:11:27,very short,False,True,some commits
True,2020-01-09 08:09:59,very short,False,True,many commits
False,2020-01-09 08:22:24,very short,False,False,some commits
False,2020-01-09 08:30:24,very short,False,False,1 commit
True,2020-01-09 09:13:27,lengthy,True,False,1 commit
True,2020-01-09 09:50:03,lengthy,True,False,1 commit
True,2020-01-09 10:13:12,very short,True,False,1 commit
True,2020-01-09 10:42:34,short,True,False,some commits
False,2020-01-09 15:02:20,very short,False,True,some commits
True,2020-01-09 15:04:08,short,True,False,1 commit
True,2020-01-09 15:13:45,very short,True,False,1 commit
True,2020-01-09 15:43:51,very short,True,False,1 commit
True,2020-01-10 10:23:19,lengthy,True,False,1 commit
True,2020-01-11 06:11:33,short,False,True,1 commit
True,2020-01-12 04:21:15,lengthy,False,True,some commits
False,2020-01-12 14:43:31,lengthy,True,False,some commits
True,2020-01-12 20:41:21,lengthy,True,False,1 commit
True,2020-01-13 09:39:33,medium,True,False,some commits
True,2020-01-13 10:13:01,very short,True,False,1 commit
True,2020-01-13 16:26:23,lengthy,True,False,1 commit
True,2020-01-13 22:00:14,very short,True,False,1 commit
True,2020-01-13 22:04:45,medium,True,False,1 commit
False,2020-01-14 10:26:01,very short,True,False,many commits
False,2020-01-15 10:18:57,lengthy,False,True,1 commit
False,2020-01-15 12:46:46,very short,False,True,some commits
True,2020-01-15 15:08:22,very short,False,True,1 commit
True,2020-01-16 11:38:53,very short,True,False,1 commit
True,2020-01-16 19:32:19,lengthy,True,False,1 commit
False,2020-01-16 23:56:17,lengthy,False,False,many commits
True,2020-01-17 07:51:01,lengthy,True,False,1 commit
True,2020-01-17 10:44:13,very short,True,False,1 commit
False,2020-01-17 12:00:30,very short,False,True,1 commit
True,2020-01-17 13:50:22,lengthy,True,False,1 commit
False,2020-01-17 18:40:27,lengthy,True,False,1 commit
True,2020-01-18 18:41:02,short,True,False,1 commit
False,2020-01-19 13:59:32,very short,False,False,1 commit
True,2020-01-19 15:13:25,very short,True,False,1 commit
True,2020-01-19 19:13:18,lengthy,False,True,1 commit
True,2020-01-19 22:20:04,very short,True,False,1 commit
True,2020-01-19 23:32:30,very short,True,False,1 commit
True,2020-01-20 10:28:17,short,True,False,1 commit
True,2020-01-20 10:32:53,lengthy,True,False,1 commit
True,2020-01-21 07:17:29,short,False,True,1 commit
False,2020-01-21 13:54:26,lengthy,True,False,1 commit
True,2020-01-21 14:17:15,short,True,False,1 commit
True,2020-01-21 14:48:04,very short,True,False,1 commit
False,2020-01-21 15:09:27,very short,False,True,many commits
True,2020-01-21 16:45:39,very short,True,False,1 commit
False,2020-01-21 17:20:27,lengthy,True,False,1 commit
True,2020-01-21 18:24:36,very short,True,False,1 commit
False,2020-01-22 06:26:21,very short,True,False,many commits
True,2020-01-22 10:18:26,very short,True,False,1 commit
True,2020-01-23 04:23:05,very short,False,True,1 commit
True,2020-01-23 16:27:43,very short,False,True,some commits
True,2020-01-23 17:19:54,lengthy,False,False,some commits
False,2020-01-24 08:56:11,very short,False,True,1 commit
True,2020-01-24 15:39:04,very short,True,False,1 commit
True,2020-01-24 22:25:31,medium,True,False,1 commit
False,2020-01-24 23:20:22,short,False,False,1 commit
False,2020-01-25 09:27:45,very short,False,True,1 commit
True,2020-01-25 14:59:25,short,True,False,some commits
True,2020-01-27 13:22:43,very short,True,False,1 commit
True,2020-01-27 18:13:37,lengthy,True,False,some commits
False,2020-01-27 20:47:06,very short,True,False,1 commit
True,2020-01-28 09:54:31,very short,True,False,some commits
True,2020-01-28 21:59:32,very short,True,False,1 commit
True,2020-01-29 01:04:27,very short,True,False,1 commit
True,2020-01-29 01:29:50,very short,True,False,1 commit
True,2020-01-29 01:42:24,very short,True,False,1 commit
True,2020-01-29 13:33:14,short,True,False,1 commit
False,2020-01-29 16:16:45,very short,True,False,some commits
False,2020-01-29 17:06:19,very short,False,True,1 commit
True,2020-01-29 20:38:37,lengthy,False,True,some commits
False,2020-01-30 09:28:51,lengthy,True,False,1 commit
True,2020-01-30 09:32:32,very short,True,False,1 commit
True,2020-01-30 09:41:51,very short,True,False,1 commit
True,2020-01-30 14:17:43,lengthy,True,False,some commits
False,2020-01-30 16:05:20,lengthy,True,False,1 commit
True,2020-01-30 17:11:15,very short,True,False,1 commit
True,2020-01-30 21:51:49,very short,True,False,1 commit
True,2020-01-31 06:41:25,medium,True,False,some commits
True,2020-01-31 10:22:14,medium,True,False,some commits
True,2020-01-31 19:02:59,very short,True,False,1 commit
True,2020-02-01 08:09:28,lengthy,False,False,1 commit
True,2020-02-01 17:00:45,short,False,True,1 commit
True,2020-02-02 10:17:58,lengthy,False,True,1 commit
True,2020-02-02 16:34:05,short,True,False,some commits
True,2020-02-02 16:53:25,lengthy,False,False,1 commit
False,2020-02-03 07:14:32,short,False,True,1 commit
True,2020-02-03 12:26:15,very short,True,False,1 commit
True,2020-02-03 18:58:04,very short,True,False,some commits
False,2020-02-04 07:41:49,very short,False,True,many commits
True,2020-02-04 08:01:18,very short,True,False,1 commit
True,2020-02-04 14:40:14,short,True,False,some commits
True,2020-02-04 21:00:43,short,True,False,1 commit
False,2020-02-04 21:25:17,very short,True,False,1 commit
False,2020-02-04 21:58:42,lengthy,True,False,1 commit
True,2020-02-05 01:53:52,short,False,True,1 commit
True,2020-02-05 10:02:56,very short,True,False,1 commit
True,2020-02-05 10:15:13,very short,True,False,1 commit
True,2020-02-05 23:11:49,very short,True,False,1 commit
False,2020-02-06 07:49:28,lengthy,True,False,1 commit
False,2020-02-06 12:02:43,very short,False,True,1 commit
True,2020-02-06 12:23:27,very short,False,False,1 commit
True,2020-02-06 13:56:22,medium,False,False,1 commit
True,2020-02-07 01:48:08,very short,True,False,1 commit
False,2020-02-07 01:59:21,lengthy,True,False,1 commit
True,2020-02-07 02:03:56,medium,True,False,1 commit
True,2020-02-07 11:57:36,medium,True,False,some commits
False,2020-02-07 19:53:02,very short,False,True,1 commit
True,2020-02-08 05:10:06,medium,True,False,1 commit
True,2020-02-08 19:32:14,short,True,False,1 commit
False,2020-02-09 06:18:15,short,True,False,some commits
False,2020-02-09 12:50:34,short,False,False,some commits
False,2020-02-10 00:55:24,very short,False,True,1 commit
True,2020-02-10 06:08:11,very short,False,True,1 commit
True,2020-02-10 21:49:56,short,True,False,1 commit
False,2020-02-11 13:17:03,lengthy,True,False,1 commit
False,2020-02-11 20:22:24,very short,False,True,many commits
False,2020-02-12 01:48:16,very short,False,True,some commits
False,2020-02-12 10:40:47,very short,False,True,1 commit
True,2020-02-12 13:56:47,lengthy,True,False,1 commit
True,2020-02-12 20:10:20,very short,False,True,1 commit
False,2020-02-12 22:10:38,lengthy,True,False,1 commit
True,2020-02-13 15:07:41,very short,True,False,1 commit
False,2020-02-13 19:04:58,very short,False,True,many commits
True,2020-02-13 20:03:27,very short,True,False,1 commit
True,2020-02-13 20:21:39,lengthy,True,False,1 commit
True,2020-02-13 22:36:33,lengthy,False,True,1 commit
True,2020-02-14 17:31:01,lengthy,True,False,some commits
False,2020-02-14 19:18:17,lengthy,False,True,1 commit
True,2020-02-15 11:21:51,lengthy,True,False,1 commit
False,2020-02-16 00:32:46,short,False,True,1 commit
False,2020-02-16 15:02:02,very short,False,True,1 commit
True,2020-02-17 15:31:54,short,True,False,1 commit
True,2020-02-18 07:34:42,very short,True,False,1 commit
True,2020-02-18 12:22:15,medium,True,False,some commits
True,2020-02-18 12:55:58,very short,False,False,1 commit
True,2020-02-18 14:18:28,lengthy,True,False,some commits
True,2020-02-19 04:48:55,lengthy,True,False,1 commit
False,2020-02-19 11:12:11,very short,False,True,1 commit
True,2020-02-19 11:25:51,medium,True,False,1 commit
True,2020-02-19 11:58:49,very short,True,False,1 commit
True,2020-02-19 21:40:50,very short,True,False,1 commit
True,2020-02-19 22:26:20,medium,False,True,1 commit
True,2020-02-20 04:33:29,very short,True,False,1 commit
True,2020-02-20 06:19:06,medium,True,False,1 commit
True,2020-02-20 08:55:11,very short,True,False,1 commit
False,2020-02-20 14:11:39,lengthy,False,True,1 commit
False,2020-02-20 15:22:43,lengthy,True,False,1 commit
True,2020-02-20 18:26:04,medium,False,False,1 commit
True,2020-02-21 05:43:48,medium,False,False,1 commit
True,2020-02-23 13:42:26,medium,True,False,1 commit
True,2020-02-23 22:28:10,very short,False,True,1 commit
True,2020-02-24 19:34:58,short,False,False,1 commit
True,2020-02-25 00:38:00,short,False,False,1 commit
False,2020-02-25 07:53:13,very short,False,True,1 commit
True,2020-02-25 14:53:54,very short,True,False,some commits
False,2020-02-26 08:53:04,very short,False,False,1 commit
True,2020-02-26 17:59:25,medium,True,False,1 commit
True,2020-02-26 18:12:31,short,True,False,some commits
True,2020-02-26 18:18:09,short,False,True,1 commit
False,2020-02-27 05:32:57,very short,False,False,1 commit
True,2020-02-27 05:36:56,very short,True,False,1 commit
False,2020-02-27 06:30:48,very short,False,False,1 commit
True,2020-02-27 09:34:35,short,True,False,1 commit
True,2020-02-27 12:47:46,very short,False,False,1 commit
True,2020-02-27 17:07:31,lengthy,True,False,1 commit
False,2020-02-28 01:39:02,lengthy,True,False,some commits
True,2020-02-28 07:00:27,very short,False,True,1 commit
True,2020-02-29 08:15:13,lengthy,True,False,many commits
False,2020-02-29 15:15:11,short,False,False,1 commit
True,2020-03-01 11:21:09,lengthy,True,False,1 commit
False,2020-03-01 11:29:09,lengthy,False,True,1 commit
True,2020-03-01 17:34:20,medium,True,False,1 commit
False,2020-03-01 18:02:27,lengthy,False,False,1 commit
True,2020-03-01 18:49:50,very short,True,False,1 commit
False,2020-03-01 19:28:22,very short,True,False,1 commit
True,2020-03-01 20:35:12,lengthy,True,False,1 commit
True,2020-03-01 22:17:19,medium,True,False,some commits
True,2020-03-02 17:31:20,very short,True,False,1 commit
True,2020-03-03 10:39:07,short,False,False,some commits
True,2020-03-03 14:29:52,short,True,False,1 commit
False,2020-03-03 17:53:05,medium,True,False,1 commit
True,2020-03-04 13:36:58,lengthy,True,False,1 commit
False,2020-03-04 21:59:30,very short,False,False,1 commit
True,2020-03-05 08:05:49,very short,True,False,1 commit
True,2020-03-05 08:52:02,short,True,False,1 commit
True,2020-03-05 15:05:33,very short,True,False,1 commit
True,2020-03-05 22:30:13,medium,False,False,1 commit
True,2020-03-06 04:59:04,very short,False,True,1 commit
True,2020-03-06 05:04:27,very short,True,False,1 commit
False,2020-03-06 16:03:48,very short,False,True,1 commit
True,2020-03-07 18:33:55,short,True,False,1 commit
True,2020-03-07 21:16:45,short,True,False,1 commit
True,2020-03-08 10:49:38,very short,False,True,1 commit
True,2020-03-08 21:23:46,short,False,True,1 commit
False,2020-03-09 15:54:38,very short,False,False,1 commit
True,2020-03-09 17:23:04,very short,False,True,1 commit
False,2020-03-09 18:47:39,lengthy,True,False,1 commit
True,2020-03-09 19:38:33,lengthy,True,False,1 commit
False,2020-03-09 22:18:05,very short,True,False,1 commit
False,2020-03-10 04:06:32,lengthy,False,True,many commits
True,2020-03-10 21:24:24,lengthy,True,False,1 commit
True,2020-03-10 21:55:27,lengthy,False,True,some commits
True,2020-03-10 21:56:54,very short,False,False,1 commit
False,2020-03-10 23:03:10,very short,False,True,1 commit
True,2020-03-11 08:49:53,very short,True,False,1 commit
False,2020-03-11 19:16:01,medium,False,False,many commits
True,2020-03-12 02:05:11,lengthy,False,True,some commits
True,2020-03-13 13:38:55,short,True,False,some commits
True,2020-03-13 21:36:31,very short,True,False,1 commit
True,2020-03-14 06:25:22,very short,True,False,1 commit
False,2020-03-14 07:20:04,medium,True,False,some commits
True,2020-03-14 16:35:50,short,False,True,1 commit
True,2020-03-14 21:01:18,short,True,False,some commits
True,2020-03-15 17:49:30,medium,True,False,1 commit
True,2020-03-15 23:35:53,short,True,False,1 commit
True,2020-03-16 02:02:21,short,True,False,some commits
True,2020-03-16 02:21:03,very short,True,False,1 commit
False,2020-03-16 09:47:50,very short,False,True,many commits
False,2020-03-16 13:32:47,very short,False,True,1 commit
True,2020-03-16 15:11:26,short,True,False,1 commit
True,2020-03-16 20:55:36,very short,True,False,1 commit
True,2020-03-17 08:55:40,lengthy,True,False,some commits
True,2020-03-17 11:40:01,very short,False,False,1 commit
True,2020-03-17 22:37:05,very short,True,False,1 commit
True,2020-03-18 02:04:58,very short,True,False,1 commit
False,2020-03-19 08:33:27,very short,True,False,1 commit
True,2020-03-19 09:42:25,medium,True,False,1 commit
True,2020-03-19 19:04:17,medium,True,False,1 commit
True,2020-03-20 07:59:43,lengthy,False,True,1 commit
True,2020-03-20 14:05:39,short,True,False,1 commit
False,2020-03-20 18:09:04,medium,True,False,1 commit
True,2020-03-20 20:23:45,lengthy,False,False,1 commit
True,2020-03-20 21:02:14,short,True,False,1 commit
True,2020-03-21 14:32:32,short,True,False,1 commit
True,2020-03-21 15:12:50,short,True,False,1 commit
False,2020-03-21 16:03:21,very short,True,False,1 commit
True,2020-03-21 16:08:07,very short,True,False,1 commit
True,2020-03-21 18:26:07,medium,True,False,1 commit
False,2020-03-22 11:38:49,very short,False,True,1 commit
False,2020-03-22 15:40:37,lengthy,False,False,many commits
True,2020-03-22 22:36:12,lengthy,True,False,some commits
True,2020-03-23 00:04:12,very short,True,False,1 commit
False,2020-03-23 05:41:09,very short,False,True,1 commit
True,2020-03-23 12:33:47,very short,True,False,1 commit
True,2020-03-23 18:39:24,lengthy,True,False,1 commit
True,2020-03-24 02:01:58,very short,False,True,1 commit
True,2020-03-24 08:16:28,short,True,False,1 commit
True,2020-03-24 11:49:54,short,True,False,some commits
True,2020-03-24 14:53:02,very short,True,False,1 commit
False,2020-03-25 00:26:56,very short,True,False,1 commit
True,2020-03-25 12:43:50,very short,True,False,1 commit
True,2020-03-25 18:58:41,lengthy,True,False,1 commit
False,2020-03-25 20:28:55,very short,False,True,1 commit
True,2020-03-25 22:04:26,medium,True,False,some commits
True,2020-03-25 22:08:01,medium,True,False,some commits
True,2020-03-26 09:22:15,very short,True,False,1 commit
True,2020-03-26 10:57:32,very short,False,True,1 commit
False,2020-03-26 14:54:23,lengthy,False,False,many commits
True,2020-03-26 21:27:37,very short,True,False,1 commit
True,2020-03-27 08:54:30,medium,False,False,1 commit
False,2020-03-27 21:27:12,lengthy,True,False,1 commit
False,2020-03-28 14:40:43,short,False,True,1 commit
True,2020-03-29 09:34:56,very short,True,False,1 commit
True,2020-03-29 14:40:51,lengthy,True,False,1 commit
False,2020-03-29 14:41:52,very short,False,True,1 commit
True,2020-03-31 09:09:55,short,True,False,some commits
False,2020-03-31 14:06:02,lengthy,True,False,1 commit
True,2020-04-01 13:22:26,very short,True,False,some commits
True,2020-04-01 19:25:14,very short,True,False,1 commit
True,2020-04-03 09:48:23,short,True,False,1 commit
False,2020-04-03 13:41:07,medium,True,False,1 commit
True,2020-04-03 20:12:40,medium,True,False,1 commit
True,2020-04-03 20:13:13,lengthy,True,False,1 commit
True,2020-04-04 00:28:04,lengthy,True,False,1 commit
False,2020-04-04 04:08:47,very short,True,False,1 commit
True,2020-04-04 18:32:08,short,False,True,many commits
True,2020-04-04 18:58:49,short,True,False,1 commit
True,2020-04-05 00:05:04,medium,True,False,1 commit
True,2020-04-05 06:24:23,short,True,False,some commits
False,2020-04-05 08:36:41,very short,False,True,1 commit
False,2020-04-05 08:45:01,very short,False,False,1 commit
True,2020-04-05 13:53:54,very short,True,False,1 commit
True,2020-04-05 19:55:36,very short,True,False,some commits
True,2020-04-06 10:18:12,very short,True,False,1 commit
False,2020-04-06 11:39:32,very short,True,False,1 commit
False,2020-04-06 17:07:06,very short,False,False,1 commit
True,2020-04-06 20:03:27,very short,True,False,1 commit
True,2020-04-06 20:16:02,lengthy,False,False,1 commit
True,2020-04-06 20:32:22,very short,True,False,1 commit
False,2020-04-06 20:51:53,very short,False,False,1 commit
True,2020-04-06 22:02:20,short,True,False,1 commit
False,2020-04-07 06:40:50,lengthy,False,False,many commits
False,2020-04-07 20:52:10,short,True,False,1 commit
False,2020-04-08 09:09:53,very short,False,False,1 commit
True,2020-04-08 13:12:18,very short,True,False,1 commit
False,2020-04-08 16:19:40,lengthy,True,False,1 commit
False,2020-04-08 18:18:30,lengthy,False,False,some commits
True,2020-04-08 20:50:09,lengthy,True,False,some commits
False,2020-04-09 11:06:27,lengthy,True,False,1 commit
True,2020-04-09 19:35:18,very short,True,False,some commits
False,2020-04-10 05:57:58,very short,True,False,1 commit
True,2020-04-10 13:43:12,lengthy,True,False,1 commit
True,2020-04-10 15:39:23,medium,True,False,some commits
False,2020-04-11 00:27:44,medium,True,False,some commits
True,2020-04-11 01:58:27,medium,True,False,1 commit
True,2020-04-11 08:16:18,short,True,False,1 commit
True,2020-04-12 01:04:34,short,True,False,1 commit
True,2020-04-12 10:45:42,lengthy,False,False,1 commit
True,2020-04-12 16:14:51,short,True,False,1 commit
False,2020-04-12 17:23:24,lengthy,True,False,1 commit
True,2020-04-12 22:20:59,lengthy,True,False,1 commit
False,2020-04-12 23:46:48,short,True,False,1 commit
True,2020-04-13 08:07:45,short,True,False,1 commit
False,2020-04-13 08:27:18,very short,False,True,some commits
True,2020-04-13 23:57:12,short,True,False,1 commit
False,2020-04-14 11:08:55,very short,False,True,1 commit
False,2020-04-14 12:51:31,lengthy,True,False,many commits
True,2020-04-14 12:59:59,lengthy,True,False,1 commit
False,2020-04-14 18:56:58,very short,False,True,1 commit
True,2020-04-15 00:31:26,lengthy,True,False,1 commit
True,2020-04-15 12:47:40,medium,True,False,1 commit
True,2020-04-15 13:25:12,very short,True,False,1 commit
True,2020-04-15 14:03:03,very short,True,False,1 commit
False,2020-04-15 14:45:58,very short,True,False,1 commit
False,2020-04-15 16:53:12,lengthy,True,False,many commits
True,2020-04-16 00:32:13,short,True,False,1 commit
False,2020-04-16 04:32:34,very short,False,True,1 commit
False,2020-04-16 18:04:58,very short,False,True,1 commit
True,2020-04-16 20:41:35,very short,True,False,some commits
True,2020-04-17 05:00:59,medium,True,False,some commits
True,2020-04-17 13:55:34,short,True,False,1 commit
False,2020-04-17 19:04:47,very short,False,True,some commits
True,2020-04-17 22:35:55,short,True,False,1 commit
True,2020-04-18 10:35:01,short,True,False,1 commit
True,2020-04-18 10:38:51,short,True,False,1 commit
True,2020-04-18 14:55:26,short,True,False,1 commit
True,2020-04-18 15:27:54,short,True,False,1 commit
True,2020-04-18 16:16:26,short,False,False,1 commit
True,2020-04-18 16:41:40,short,True,False,1 commit
True,2020-04-18 16:45:01,short,True,False,1 commit
True,2020-04-18 17:38:11,short,True,False,1 commit
True,2020-04-18 20:38:31,lengthy,True,False,1 commit
True,2020-04-18 21:00:15,short,True,False,1 commit
False,2020-04-19 00:50:09,lengthy,True,False,some commits
True,2020-04-19 06:44:26,medium,True,False,1 commit
True,2020-04-19 10:59:30,lengthy,False,True,1 commit
False,2020-04-19 11:49:41,short,True,False,1 commit
True,2020-04-19 15:57:50,very short,True,False,1 commit
True,2020-04-19 22:35:04,short,True,False,some commits
False,2020-04-20 18:55:44,very short,True,False,1 commit
True,2020-04-21 00:19:01,short,True,False,1 commit
False,2020-04-21 01:33:14,very short,False,True,1 commit
False,2020-04-21 08:27:33,lengthy,False,True,many commits
True,2020-04-21 08:36:02,very short,True,False,1 commit
True,2020-04-21 12:05:24,medium,True,False,some commits
True,2020-04-21 12:19:29,very short,True,False,1 commit
True,2020-04-22 02:01:30,very short,True,False,1 commit
True,2020-04-22 03:21:43,very short,True,False,some commits
True,2020-04-22 10:35:23,very short,True,False,1 commit
True,2020-04-22 10:52:07,very short,True,False,1 commit
True,2020-04-22 11:02:30,very short,True,False,1 commit
False,2020-04-22 11:34:09,very short,False,False,some commits
True,2020-04-22 14:35:25,lengthy,True,False,1 commit
False,2020-04-22 16:21:29,very short,False,True,1 commit
False,2020-04-22 17:55:27,very short,False,True,1 commit
True,2020-04-22 19:48:59,very short,True,False,1 commit
True,2020-04-23 13:11:46,very short,False,True,1 commit
True,2020-04-23 15:32:59,very short,True,False,1 commit
True,2020-04-23 18:52:09,very short,True,False,1 commit
False,2020-04-23 20:16:06,short,False,True,1 commit
True,2020-04-23 20:18:16,medium,True,False,some commits
True,2020-04-24 16:31:18,medium,True,False,1 commit
True,2020-04-24 23:52:37,very short,True,False,1 commit
True,2020-04-25 12:27:45,very short,True,False,1 commit
True,2020-04-25 13:52:52,short,True,False,1 commit
True,2020-04-25 13:55:20,short,True,False,1 commit
False,2020-04-25 18:34:50,short,True,False,1 commit
True,2020-04-25 18:42:15,medium,True,False,1 commit
True,2020-04-25 19:26:46,lengthy,False,True,1 commit
True,2020-04-25 20:20:05,short,True,False,1 commit
True,2020-04-25 20:21:40,short,True,False,1 commit
False,2020-04-26 15:38:34,lengthy,True,False,1 commit
True,2020-04-26 16:33:32,lengthy,True,False,1 commit
True,2020-04-26 18:03:26,short,True,False,some commits
False,2020-04-26 20:20:02,very short,False,True,1 commit
True,2020-04-26 20:22:37,short,False,True,1 commit
True,2020-04-27 03:21:28,short,True,False,some commits
False,2020-04-27 08:51:33,lengthy,True,False,some commits
False,2020-04-27 15:23:44,very short,False,True,many commits
True,2020-04-27 20:30:16,short,True,False,1 commit
False,2020-04-28 07:03:44,very short,False,True,1 commit
True,2020-04-28 10:46:06,short,False,True,1 commit
False,2020-04-28 15:02:50,lengthy,True,False,many commits
False,2020-04-28 16:32:44,very short,False,False,1 commit
False,2020-04-28 16:43:33,very short,True,False,some commits
False,2020-04-28 18:38:57,lengthy,True,False,1 commit
True,2020-04-28 21:17:10,short,True,False,1 commit
True,2020-04-29 00:35:42,lengthy,True,False,some commits
True,2020-04-29 00:39:35,lengthy,True,False,1 commit
True,2020-04-29 03:32:25,lengthy,True,False,1 commit
True,2020-04-29 22:53:07,short,True,False,1 commit
True,2020-04-30 09:42:35,medium,True,False,1 commit
True,2020-04-30 10:42:34,lengthy,True,False,some commits
False,2020-04-30 14:51:50,very short,False,False,1 commit
False,2020-04-30 15:42:50,very short,False,True,1 commit
True,2020-04-30 19:13:43,very short,True,False,1 commit
True,2020-04-30 19:55:06,lengthy,True,False,some commits
True,2020-05-01 01:46:58,very short,True,False,1 commit
True,2020-05-01 02:27:19,very short,True,False,1 commit
True,2020-05-01 02:36:57,lengthy,False,True,1 commit
True,2020-05-01 05:24:34,short,True,False,1 commit
True,2020-05-01 07:39:09,medium,True,False,1 commit
False,2020-05-01 08:32:17,lengthy,False,True,some commits
True,2020-05-01 12:40:06,short,True,False,some commits
False,2020-05-01 14:40:58,lengthy,True,False,1 commit
True,2020-05-01 14:44:36,very short,True,False,1 commit
True,2020-05-01 14:56:10,short,True,False,1 commit
True,2020-05-02 17:37:51,short,True,False,1 commit
True,2020-05-02 17:53:36,very short,True,False,1 commit
False,2020-05-02 20:37:42,lengthy,True,False,some commits
True,2020-05-02 21:15:24,lengthy,True,False,1 commit
True,2020-05-02 21:24:38,lengthy,True,False,1 commit
True,2020-05-02 21:40:42,lengthy,True,False,1 commit
True,2020-05-02 21:49:25,short,False,True,1 commit
True,2020-05-03 14:23:26,lengthy,True,False,1 commit
True,2020-05-03 14:57:24,medium,True,False,some commits
True,2020-05-04 07:53:50,very short,False,True,1 commit
True,2020-05-04 19:25:37,very short,True,False,1 commit
True,2020-05-04 21:29:23,lengthy,True,False,1 commit
True,2020-05-05 04:44:19,very short,False,True,1 commit
True,2020-05-05 09:45:45,very short,True,False,1 commit
True,2020-05-05 14:06:50,short,False,True,1 commit
False,2020-05-05 15:03:55,very short,False,True,1 commit
True,2020-05-05 15:06:11,very short,True,False,1 commit
True,2020-05-05 19:06:44,lengthy,True,False,1 commit
True,2020-05-05 23:46:58,very short,True,False,1 commit
True,2020-05-06 00:55:22,short,True,False,1 commit
False,2020-05-06 10:59:20,lengthy,False,False,some commits
True,2020-05-06 17:56:16,lengthy,True,False,some commits
True,2020-05-06 20:31:29,short,True,False,some commits
True,2020-05-07 10:01:35,very short,True,False,1 commit
True,2020-05-07 12:46:15,very short,True,False,1 commit
True,2020-05-07 13:44:52,lengthy,False,True,some commits
True,2020-05-07 20:19:29,very short,True,False,1 commit
False,2020-05-07 22:38:18,very short,False,True,1 commit
True,2020-05-08 03:41:00,very short,True,False,1 commit
True,2020-05-08 06:46:18,medium,True,False,some commits
True,2020-05-08 09:07:26,very short,False,False,some commits
True,2020-05-08 13:32:35,medium,True,False,some commits
True,2020-05-08 17:03:08,medium,True,False,1 commit
False,2020-05-08 18:08:34,very short,False,False,some commits
False,2020-05-09 01:58:45,lengthy,False,False,many commits
True,2020-05-09 17:15:45,medium,True,False,1 commit
True,2020-05-09 17:22:21,short,True,False,1 commit
True,2020-05-09 17:35:52,medium,True,False,1 commit
False,2020-05-09 18:02:23,medium,True,False,1 commit
True,2020-05-09 18:34:51,medium,True,False,1 commit
True,2020-05-10 00:36:32,medium,True,False,1 commit
False,2020-05-10 14:01:29,very short,False,True,1 commit
True,2020-05-10 18:54:31,short,True,False,1 commit
True,2020-05-10 19:08:47,lengthy,True,False,1 commit
True,2020-05-10 20:45:36,very short,True,False,1 commit
False,2020-05-10 23:31:39,lengthy,False,True,1 commit
False,2020-05-11 07:41:32,very short,False,True,1 commit
False,2020-05-11 15:03:37,very short,False,True,1 commit
True,2020-05-11 19:08:19,very short,True,False,1 commit
True,2020-05-11 19:41:04,very short,True,False,1 commit
True,2020-05-12 08:51:35,very short,True,False,1 commit
True,2020-05-12 09:07:24,short,True,False,1 commit
False,2020-05-12 11:09:08,very short,True,False,1 commit
False,2020-05-12 11:52:26,very short,False,True,many commits
False,2020-05-12 12:17:54,very short,False,True,some commits
True,2020-05-13 02:12:02,very short,True,False,1 commit
True,2020-05-13 02:44:41,short,True,False,some commits
True,2020-05-13 10:51:55,very short,True,False,1 commit
True,2020-05-13 11:36:48,very short,True,False,1 commit
True,2020-05-13 22:02:49,medium,True,False,1 commit
True,2020-05-14 03:43:26,very short,True,False,1 commit
True,2020-05-14 04:21:52,very short,True,False,1 commit
True,2020-05-14 11:07:54,very short,True,False,1 commit
False,2020-05-14 15:26:41,very short,False,True,1 commit
True,2020-05-14 23:30:01,lengthy,False,True,1 commit
True,2020-05-14 23:40:23,very short,False,True,1 commit
False,2020-05-15 17:59:20,lengthy,True,False,some commits
True,2020-05-15 19:03:42,lengthy,True,False,1 commit
True,2020-05-16 00:04:31,short,True,False,1 commit
True,2020-05-16 00:38:57,short,True,False,1 commit
True,2020-05-16 12:21:14,lengthy,False,False,1 commit
True,2020-05-16 16:50:16,short,True,False,some commits
False,2020-05-16 19:15:44,lengthy,True,False,many commits
False,2020-05-16 20:06:33,short,False,False,some commits
True,2020-05-16 22:21:43,short,True,False,1 commit
False,2020-05-17 00:06:06,lengthy,True,False,1 commit
True,2020-05-17 08:01:59,short,True,False,1 commit
True,2020-05-17 15:16:39,lengthy,True,False,some commits
True,2020-05-17 21:22:05,short,True,False,1 commit
False,2020-05-18 07:54:12,very short,False,False,1 commit
False,2020-05-18 16:08:41,very short,True,False,1 commit
True,2020-05-18 20:17:36,lengthy,True,False,1 commit
True,2020-05-19 08:55:43,very short,True,False,1 commit
False,2020-05-19 12:18:20,medium,True,False,some commits
False,2020-05-19 13:16:28,very short,True,False,1 commit
False,2020-05-19 16:52:03,lengthy,True,False,1 commit
True,2020-05-19 18:25:48,very short,True,False,1 commit
True,2020-05-19 19:20:29,short,True,False,some commits
True,2020-05-19 20:23:57,very short,True,False,1 commit
True,2020-05-20 10:26:52,lengthy,True,False,1 commit
True,2020-05-20 16:49:46,medium,False,False,1 commit
False,2020-05-20 21:40:01,lengthy,True,False,1 commit
True,2020-05-20 22:09:56,very short,True,False,1 commit
True,2020-05-21 23:59:07,medium,False,True,1 commit
True,2020-05-22 09:42:22,medium,True,False,some commits
True,2020-05-22 13:30:18,lengthy,True,False,1 commit
True,2020-05-22 18:06:03,lengthy,True,False,1 commit
True,2020-05-22 18:42:00,medium,True,False,1 commit
True,2020-05-22 19:04:28,lengthy,True,False,1 commit
True,2020-05-22 20:40:19,lengthy,True,False,some commits
True,2020-05-22 23:58:18,very short,True,False,1 commit
True,2020-05-23 13:06:38,short,True,False,1 commit
True,2020-05-23 15:16:54,very short,True,False,1 commit
True,2020-05-23 15:19:37,medium,False,True,some commits
True,2020-05-23 18:31:01,medium,True,False,1 commit
False,2020-05-23 18:32:39,lengthy,True,False,1 commit
True,2020-05-24 13:20:03,very short,True,False,1 commit
True,2020-05-24 15:42:03,very short,True,False,1 commit
False,2020-05-24 17:24:39,very short,True,False,some commits
True,2020-05-24 19:12:25,very short,True,False,1 commit
False,2020-05-24 19:13:32,short,False,False,some commits
True,2020-05-25 06:31:38,medium,True,False,many commits
True,2020-05-25 07:56:14,lengthy,True,False,1 commit
True,2020-05-25 14:42:33,very short,True,False,1 commit
True,2020-05-25 15:36:10,very short,True,False,1 commit
True,2020-05-25 17:20:50,medium,True,False,1 commit
True,2020-05-26 15:55:12,lengthy,False,False,1 commit
False,2020-05-26 20:12:08,very short,False,True,1 commit
True,2020-05-26 21:15:50,very short,True,False,1 commit
True,2020-05-26 21:22:17,short,True,False,1 commit
True,2020-05-26 22:02:40,short,True,False,some commits
True,2020-05-26 22:28:14,medium,True,False,some commits
True,2020-05-27 10:01:08,short,True,False,1 commit
True,2020-05-27 10:19:15,medium,True,False,1 commit
False,2020-05-28 08:11:50,lengthy,True,False,many commits
True,2020-05-28 08:28:13,medium,True,False,1 commit
False,2020-05-28 11:28:07,medium,True,False,some commits
True,2020-05-29 09:51:53,short,True,False,1 commit
True,2020-05-29 11:19:07,very short,True,False,1 commit
True,2020-05-29 12:52:14,short,True,False,1 commit
False,2020-05-30 01:35:59,very short,False,True,many commits
True,2020-05-30 18:27:29,short,True,False,1 commit
True,2020-05-31 05:19:44,medium,True,False,1 commit
True,2020-05-31 22:01:21,very short,True,False,1 commit
False,2020-06-01 11:56:24,very short,True,False,1 commit
True,2020-06-01 13:16:54,very short,False,True,1 commit
True,2020-06-01 18:36:21,short,True,False,1 commit
True,2020-06-01 19:35:03,very short,True,False,some commits
False,2020-06-02 07:57:14,very short,False,True,some commits
False,2020-06-02 15:17:32,very short,False,True,1 commit
False,2020-06-02 18:25:13,very short,False,True,1 commit
True,2020-06-02 21:19:37,very short,False,True,1 commit
True,2020-06-02 22:20:47,very short,True,False,1 commit
True,2020-06-02 22:27:41,lengthy,True,False,1 commit
True,2020-06-03 12:41:21,very short,True,False,1 commit
True,2020-06-03 14:56:38,very short,True,False,1 commit
False,2020-06-03 21:55:50,lengthy,False,True,many commits
True,2020-06-04 20:40:44,very short,False,True,some commits
True,2020-06-04 21:00:01,medium,True,False,1 commit
False,2020-06-05 16:52:25,medium,False,False,1 commit
True,2020-06-05 19:49:04,short,False,True,1 commit
False,2020-06-05 20:37:56,lengthy,True,False,some commits
True,2020-06-05 22:49:57,medium,True,False,1 commit
True,2020-06-06 21:32:15,lengthy,True,False,some commits
True,2020-06-06 23:12:13,short,False,True,1 commit
True,2020-06-07 14:52:19,short,True,False,some commits
True,2020-06-08 17:59:41,short,True,False,1 commit
True,2020-06-08 18:45:34,short,False,True,1 commit
True,2020-06-08 19:02:05,short,False,False,1 commit
True,2020-06-09 09:25:46,lengthy,False,True,1 commit
False,2020-06-09 17:37:25,very short,False,True,1 commit
True,2020-06-09 17:47:02,very short,False,True,1 commit
True,2020-06-09 20:31:16,very short,True,False,1 commit
False,2020-06-10 11:51:16,very short,True,False,1 commit
True,2020-06-10 20:38:36,medium,True,False,some commits
False,2020-06-11 07:25:24,lengthy,False,True,1 commit
True,2020-06-11 19:07:03,short,True,False,1 commit
False,2020-06-11 20:17:25,very short,True,False,1 commit
True,2020-06-12 12:55:09,short,True,False,1 commit
True,2020-06-12 13:05:13,lengthy,True,False,1 commit
True,2020-06-12 13:32:19,short,False,True,1 commit
False,2020-06-12 13:57:23,very short,False,True,1 commit
False,2020-06-12 14:35:48,very short,False,False,some commits
True,2020-06-12 14:58:00,very short,False,True,1 commit
False,2020-06-12 15:34:30,very short,False,True,some commits
False,2020-06-12 20:08:34,medium,True,False,some commits
False,2020-06-13 08:47:20,lengthy,False,True,some commits
True,2020-06-13 20:28:52,short,True,False,1 commit
True,2020-06-14 00:17:15,lengthy,True,False,some commits
False,2020-06-14 05:17:25,very short,True,False,1 commit
True,2020-06-14 15:24:15,very short,True,False,1 commit
True,2020-06-14 17:34:29,lengthy,False,True,1 commit
True,2020-06-15 13:27:18,short,True,False,some commits
True,2020-06-15 19:13:05,very short,True,False,1 commit
True,2020-06-16 10:44:21,lengthy,True,False,1 commit
False,2020-06-16 19:25:45,lengthy,False,True,1 commit
True,2020-06-17 00:36:06,medium,False,True,1 commit
True,2020-06-17 16:45:52,very short,True,False,1 commit
True,2020-06-17 16:46:03,medium,False,True,1 commit
True,2020-06-17 20:11:50,short,True,False,1 commit
False,2020-06-17 20:57:50,very short,False,True,many commits
False,2020-06-18 11:35:06,very short,False,True,1 commit
True,2020-06-18 14:13:29,lengthy,False,True,1 commit
True,2020-06-18 14:13:29,lengthy,False,True,1 commit
False,2020-06-18 23:50:43,medium,True,False,1 commit
True,2020-06-19 08:28:19,short,True,False,some commits
False,2020-06-19 17:12:44,lengthy,False,True,1 commit
True,2020-06-19 20:22:20,short,True,False,some commits
True,2020-06-20 04:58:37,lengthy,False,False,1 commit
True,2020-06-20 07:36:10,short,False,True,1 commit
True,2020-06-20 16:35:32,medium,True,False,1 commit
True,2020-06-20 17:24:56,short,True,False,1 commit
True,2020-06-20 17:30:11,short,True,False,1 commit
False,2020-06-20 21:29:36,lengthy,False,True,some commits
False,2020-06-22 13:04:51,short,False,True,1 commit
True,2020-06-22 19:27:10,short,True,False,1 commit
True,2020-06-23 01:39:50,medium,True,False,1 commit
False,2020-06-23 05:55:00,very short,False,True,1 commit
True,2020-06-23 11:57:25,medium,True,False,1 commit
True,2020-06-23 13:07:08,very short,True,False,1 commit
False,2020-06-23 20:24:53,lengthy,False,False,some commits
True,2020-06-24 03:55:32,very short,True,False,1 commit
False,2020-06-24 07:44:08,very short,False,True,1 commit
True,2020-06-24 20:54:50,lengthy,True,False,1 commit
False,2020-06-25 02:33:53,medium,True,False,1 commit
True,2020-06-25 21:05:18,very short,True,False,1 commit
True,2020-06-26 18:45:13,short,True,False,some commits
False,2020-06-26 22:23:54,lengthy,True,False,some commits
True,2020-06-27 21:51:56,medium,False,True,1 commit
True,2020-06-28 04:45:34,short,True,False,1 commit
True,2020-06-29 09:04:15,very short,True,False,some commits
False,2020-06-30 04:25:12,lengthy,True,False,many commits
False,2020-06-30 07:47:20,very short,False,True,some commits
True,2020-06-30 10:06:32,very short,True,False,1 commit
False,2020-06-30 13:53:08,very short,False,True,1 commit
True,2020-06-30 18:06:56,short,True,False,1 commit
True,2020-06-30 18:25:53,very short,True,False,1 commit
True,2020-06-30 22:25:53,short,True,False,1 commit
True,2020-07-01 02:55:54,medium,False,True,1 commit
True,2020-07-01 14:46:49,medium,True,False,1 commit
False,2020-07-01 19:44:42,very short,False,True,1 commit
True,2020-07-01 21:35:32,lengthy,True,False,1 commit
False,2020-07-02 08:20:07,very short,True,False,1 commit
True,2020-07-02 09:20:22,very short,True,False,1 commit
True,2020-07-02 12:03:27,very short,True,False,1 commit
True,2020-07-02 20:22:46,very short,True,False,1 commit
False,2020-07-03 06:01:58,very short,False,False,1 commit
True,2020-07-03 06:57:34,very short,True,False,1 commit
True,2020-07-03 23:30:47,lengthy,False,True,1 commit
True,2020-07-04 00:31:36,very short,True,False,1 commit
True,2020-07-04 13:52:32,very short,False,False,1 commit
True,2020-07-04 18:20:03,lengthy,True,False,many commits
False,2020-07-04 18:36:24,very short,True,False,some commits
False,2020-07-04 19:17:02,lengthy,False,True,1 commit
True,2020-07-05 04:03:36,short,False,False,1 commit
False,2020-07-05 12:17:55,lengthy,True,False,some commits
True,2020-07-05 16:49:09,lengthy,True,False,1 commit
False,2020-07-05 22:02:28,lengthy,True,False,many commits
True,2020-07-05 22:50:17,medium,False,True,1 commit
False,2020-07-06 01:31:11,lengthy,True,False,1 commit
True,2020-07-06 04:58:23,short,False,False,1 commit
False,2020-07-06 20:32:24,very short,True,False,some commits
False,2020-07-07 02:05:11,very short,True,False,1 commit
True,2020-07-07 20:09:24,very short,False,True,1 commit
True,2020-07-07 22:13:05,lengthy,True,False,1 commit
True,2020-07-07 23:37:07,very short,True,False,1 commit
True,2020-07-08 04:12:47,very short,True,False,some commits
True,2020-07-09 01:46:25,very short,True,False,1 commit
False,2020-07-09 08:56:26,lengthy,False,False,1 commit
True,2020-07-09 11:36:53,medium,True,False,1 commit
False,2020-07-09 19:17:36,lengthy,True,False,some commits
True,2020-07-09 21:42:51,lengthy,True,False,some commits
True,2020-07-10 13:27:43,medium,True,False,1 commit
False,2020-07-11 09:34:26,short,True,False,1 commit
False,2020-07-11 22:25:50,short,True,False,1 commit
True,2020-07-12 04:29:59,short,True,False,1 commit
True,2020-07-12 13:01:25,lengthy,True,False,1 commit
True,2020-07-12 13:12:49,medium,False,True,1 commit
True,2020-07-13 17:44:07,lengthy,False,True,1 commit
True,2020-07-14 11:34:37,lengthy,True,False,1 commit
True,2020-07-14 19:08:07,lengthy,True,False,1 commit
False,2020-07-15 00:04:03,very short,True,False,1 commit
True,2020-07-15 02:40:37,very short,True,False,some commits
True,2020-07-15 09:28:51,short,True,False,1 commit
True,2020-07-15 09:36:25,medium,True,False,some commits
True,2020-07-16 08:36:43,very short,False,True,1 commit
False,2020-07-17 10:22:11,very short,False,True,1 commit
False,2020-07-17 14:56:37,lengthy,True,False,some commits
False,2020-07-17 16:18:32,very short,False,True,some commits
True,2020-07-18 11:20:04,lengthy,True,False,1 commit
True,2020-07-18 18:44:06,short,True,False,1 commit
True,2020-07-19 08:17:26,short,False,False,some commits
False,2020-07-19 11:37:37,very short,False,False,many commits
True,2020-07-19 15:59:53,very short,True,False,1 commit
True,2020-07-21 02:53:58,medium,True,False,some commits
False,2020-07-21 05:28:40,very short,False,True,1 commit
True,2020-07-21 16:40:51,very short,True,False,1 commit
False,2020-07-21 19:41:04,very short,True,False,1 commit
True,2020-07-21 19:54:16,medium,True,False,1 commit
True,2020-07-22 11:18:25,very short,True,False,1 commit
False,2020-07-22 12:52:07,very short,False,True,some commits
True,2020-07-22 16:04:39,lengthy,True,False,1 commit
True,2020-07-22 20:01:16,very short,False,False,1 commit
True,2020-07-23 06:24:58,short,False,True,1 commit
False,2020-07-23 07:49:02,very short,False,True,1 commit
True,2020-07-23 10:43:43,very short,False,True,1 commit
True,2020-07-23 14:59:50,medium,False,True,1 commit
True,2020-07-23 16:53:27,very short,False,False,1 commit
True,2020-07-24 06:30:29,medium,True,False,1 commit
True,2020-07-24 06:59:52,very short,True,False,1 commit
False,2020-07-24 14:17:02,lengthy,False,True,1 commit
True,2020-07-25 10:08:53,lengthy,False,True,1 commit
True,2020-07-25 13:52:40,lengthy,False,False,1 commit
True,2020-07-26 06:21:15,short,True,False,1 commit
True,2020-07-26 18:14:11,short,True,False,1 commit
True,2020-07-26 18:28:23,short,True,False,1 commit
True,2020-07-26 21:40:50,short,True,False,1 commit
False,2020-07-27 12:07:35,very short,False,False,1 commit
False,2020-07-27 13:10:56,lengthy,False,True,1 commit
False,2020-07-27 16:09:07,very short,False,True,1 commit
True,2020-07-27 18:35:10,short,True,False,1 commit
True,2020-07-27 20:38:47,medium,True,False,1 commit
True,2020-07-28 11:59:53,very short,True,False,1 commit
False,2020-07-28 19:53:24,short,True,False,many commits
True,2020-07-28 20:29:05,very short,True,False,1 commit
True,2020-07-29 09:46:03,very short,False,True,1 commit
True,2020-07-29 23:42:20,very short,True,False,1 commit
True,2020-07-30 04:12:36,medium,False,True,1 commit
True,2020-07-30 09:48:33,medium,True,False,1 commit
False,2020-07-30 18:48:00,very short,False,True,1 commit
True,2020-07-30 20:50:43,lengthy,True,False,1 commit
True,2020-08-01 16:16:07,very short,True,False,1 commit
True,2020-08-02 10:02:11,medium,False,False,some commits
False,2020-08-02 18:11:16,very short,False,True,many commits
True,2020-08-02 21:28:15,short,True,False,1 commit
False,2020-08-03 20:13:42,very short,False,True,1 commit
False,2020-08-03 21:14:04,very short,False,True,1 commit
False,2020-08-04 05:36:18,very short,True,False,1 commit
True,2020-08-04 12:17:46,very short,False,True,1 commit
True,2020-08-05 06:03:36,very short,True,False,1 commit
True,2020-08-05 07:17:34,very short,True,False,1 commit
False,2020-08-05 09:25:37,very short,True,False,1 commit
True,2020-08-05 13:56:29,short,False,True,1 commit
True,2020-08-06 10:35:21,very short,True,False,1 commit
False,2020-08-07 08:23:55,very short,False,True,1 commit
True,2020-08-07 08:42:11,medium,False,False,1 commit
True,2020-08-08 05:10:47,very short,False,True,1 commit
True,2020-08-08 10:45:21,short,True,True,1 commit
True,2020-08-08 11:40:38,medium,True,False,1 commit
False,2020-08-09 02:04:06,lengthy,True,False,1 commit
True,2020-08-09 13:01:34,short,True,False,1 commit
True,2020-08-10 06:17:28,very short,True,False,1 commit
False,2020-08-10 11:14:09,very short,False,True,1 commit
True,2020-08-10 21:30:48,very short,False,True,1 commit
True,2020-08-11 16:41:25,lengthy,True,False,1 commit
True,2020-08-12 01:06:30,very short,False,True,1 commit
False,2020-08-12 09:36:09,lengthy,False,True,1 commit
True,2020-08-12 11:20:33,very short,True,False,1 commit
False,2020-08-12 19:08:39,very short,False,True,1 commit
True,2020-08-12 19:35:40,lengthy,False,False,1 commit
True,2020-08-13 03:21:51,very short,True,False,1 commit
True,2020-08-13 10:29:12,very short,False,False,some commits
True,2020-08-13 11:08:08,short,True,False,some commits
False,2020-08-14 03:33:25,lengthy,True,False,many commits
False,2020-08-14 08:27:59,lengthy,False,True,some commits
False,2020-08-14 17:58:36,very short,False,True,1 commit
False,2020-08-14 19:05:56,medium,False,True,some commits
True,2020-08-14 20:14:44,short,True,False,1 commit
True,2020-08-14 23:25:11,lengthy,True,False,some commits
True,2020-08-16 18:15:57,very short,True,False,1 commit
True,2020-08-16 19:54:47,short,True,False,some commits
False,2020-08-17 04:21:38,lengthy,True,False,some commits
True,2020-08-17 04:24:39,lengthy,False,True,1 commit
False,2020-08-17 18:17:22,very short,False,True,some commits
False,2020-08-17 18:55:25,very short,False,True,some commits
True,2020-08-19 00:41:53,lengthy,True,False,1 commit
True,2020-08-19 02:26:19,very short,False,True,1 commit
False,2020-08-19 12:04:27,lengthy,False,True,1 commit
True,2020-08-19 13:13:56,medium,True,False,some commits
False,2020-08-19 16:00:05,lengthy,True,False,1 commit
True,2020-08-19 17:56:58,lengthy,True,False,1 commit
True,2020-08-19 18:24:58,very short,False,True,1 commit
True,2020-08-19 19:20:17,very short,True,False,1 commit
False,2020-08-19 21:29:37,very short,False,True,1 commit
False,2020-08-19 23:43:53,lengthy,True,False,1 commit
True,2020-08-20 04:54:23,lengthy,True,False,1 commit
True,2020-08-20 15:59:28,medium,True,False,1 commit
True,2020-08-20 16:45:28,medium,False,True,1 commit
False,2020-08-21 04:30:18,very short,False,True,1 commit
True,2020-08-21 05:17:49,very short,False,False,1 commit
True,2020-08-21 06:13:34,very short,False,True,1 commit
True,2020-08-22 06:01:57,medium,True,False,1 commit
True,2020-08-22 18:39:44,short,True,False,1 commit
True,2020-08-22 23:16:07,short,True,False,1 commit
True,2020-08-24 12:03:09,medium,True,False,1 commit
True,2020-08-24 19:29:12,medium,False,True,1 commit
True,2020-08-24 20:50:35,medium,False,True,many commits
True,2020-08-25 01:07:59,very short,False,True,1 commit
True,2020-08-25 13:01:21,very short,True,False,1 commit
False,2020-08-25 20:42:38,very short,False,False,some commits
True,2020-08-26 10:29:39,short,True,False,1 commit
True,2020-08-26 12:07:10,lengthy,False,False,some commits
False,2020-08-26 20:15:49,lengthy,False,True,some commits
True,2020-08-27 09:18:17,very short,False,True,1 commit
True,2020-08-27 13:16:37,very short,False,True,1 commit
True,2020-08-27 18:08:56,lengthy,True,False,some commits
True,2020-08-27 20:20:01,medium,True,False,1 commit
False,2020-08-28 05:54:43,very short,False,False,1 commit
False,2020-08-28 07:44:46,very short,False,True,1 commit
False,2020-08-28 12:50:34,medium,False,True,1 commit
False,2020-08-28 19:36:37,short,False,True,1 commit
False,2020-08-29 11:57:37,lengthy,False,True,many commits
True,2020-08-29 18:59:41,medium,False,True,1 commit
False,2020-08-29 19:46:47,medium,True,False,1 commit
True,2020-08-30 11:41:05,lengthy,False,True,1 commit
True,2020-08-30 16:25:49,short,False,True,1 commit
True,2020-08-30 17:19:54,medium,False,True,some commits
True,2020-08-30 17:29:30,very short,True,False,1 commit
True,2020-08-31 02:29:12,very short,True,False,some commits
False,2020-08-31 07:21:30,very short,False,False,1 commit
True,2020-08-31 08:55:35,lengthy,False,False,1 commit
False,2020-08-31 09:17:44,very short,False,True,1 commit
False,2020-08-31 14:17:52,very short,False,False,1 commit
False,2020-09-01 08:57:51,very short,True,False,1 commit
True,2020-09-01 10:42:01,very short,True,False,1 commit
True,2020-09-02 02:11:51,very short,True,False,1 commit
False,2020-09-02 14:41:06,very short,False,True,1 commit
True,2020-09-03 00:05:29,very short,True,False,1 commit
True,2020-09-03 09:38:20,very short,True,False,1 commit
False,2020-09-03 12:49:07,very short,False,True,1 commit
False,2020-09-03 19:05:56,lengthy,False,True,many commits
True,2020-09-04 12:06:05,very short,True,False,1 commit
False,2020-09-04 20:01:15,very short,False,True,1 commit
False,2020-09-05 06:59:51,very short,False,True,some commits
True,2020-09-05 15:42:22,lengthy,False,True,1 commit
False,2020-09-05 18:21:02,lengthy,True,False,1 commit
True,2020-09-06 12:39:15,very short,True,False,1 commit
True,2020-09-06 15:54:59,lengthy,True,False,1 commit
True,2020-09-07 02:30:18,very short,True,False,1 commit
True,2020-09-07 07:17:39,very short,True,False,1 commit
True,2020-09-07 11:35:41,short,True,False,some commits
True,2020-09-07 19:53:35,lengthy,True,False,some commits
False,2020-09-08 10:58:11,lengthy,True,False,some commits
True,2020-09-08 14:32:07,very short,False,True,1 commit
True,2020-09-09 10:55:54,very short,True,False,1 commit
True,2020-09-09 22:36:29,very short,True,False,1 commit
True,2020-09-09 23:34:45,short,True,False,some commits
False,2020-09-10 10:16:00,very short,False,True,1 commit
True,2020-09-10 12:38:11,very short,True,False,1 commit
False,2020-09-10 13:07:00,very short,False,True,1 commit
True,2020-09-11 08:22:29,lengthy,True,False,1 commit
True,2020-09-11 09:58:41,medium,True,False,1 commit
False,2020-09-13 08:44:31,very short,True,False,many commits
True,2020-09-13 13:05:54,short,False,True,1 commit
False,2020-09-13 20:27:24,very short,True,False,1 commit
True,2020-09-14 01:24:54,very short,True,False,1 commit
True,2020-09-14 01:47:49,very short,True,False,1 commit
False,2020-09-14 08:31:15,lengthy,True,False,1 commit
True,2020-09-14 09:49:16,very short,True,False,1 commit
True,2020-09-14 13:18:28,very short,True,False,1 commit
True,2020-09-15 01:58:11,very short,True,False,1 commit
False,2020-09-15 10:46:41,lengthy,True,False,some commits
True,2020-09-16 08:26:23,medium,False,True,1 commit
True,2020-09-16 13:00:06,very short,True,False,1 commit
False,2020-09-16 15:41:41,very short,False,True,1 commit
False,2020-09-16 17:33:17,lengthy,True,False,1 commit
False,2020-09-17 11:21:53,very short,False,True,1 commit
True,2020-09-17 15:47:07,lengthy,True,False,1 commit
True,2020-09-18 08:27:02,medium,True,False,1 commit
True,2020-09-18 19:48:56,lengthy,True,False,1 commit
True,2020-09-18 20:05:25,lengthy,True,False,1 commit
True,2020-09-19 12:47:25,lengthy,True,False,1 commit
False,2020-09-20 13:26:51,short,True,False,1 commit
True,2020-09-20 14:48:26,medium,True,False,1 commit
False,2020-09-20 21:34:06,very short,False,True,1 commit
False,2020-09-21 09:15:38,very short,False,True,1 commit
True,2020-09-21 15:05:29,short,True,False,1 commit
True,2020-09-21 21:09:07,very short,True,False,1 commit
False,2020-09-22 02:55:27,very short,False,True,1 commit
True,2020-09-22 08:49:25,lengthy,True,False,1 commit
True,2020-09-22 13:04:03,very short,True,False,1 commit
False,2020-09-22 13:07:35,very short,False,True,many commits
True,2020-09-22 21:07:12,very short,True,False,some commits
False,2020-09-22 22:04:48,very short,False,True,1 commit
True,2020-09-23 08:51:32,very short,False,True,1 commit
True,2020-09-24 11:19:27,medium,True,False,some commits
True,2020-09-24 16:38:45,lengthy,False,True,1 commit
True,2020-09-25 08:46:02,short,False,True,1 commit
False,2020-09-26 00:01:43,medium,False,True,1 commit
True,2020-09-26 19:04:38,short,True,False,1 commit
False,2020-09-26 21:56:04,very short,False,True,1 commit
False,2020-09-27 10:42:45,very short,False,True,some commits
False,2020-09-28 23:27:30,short,False,True,some commits
True,2020-09-29 02:32:25,lengthy,False,False,some commits
False,2020-09-29 10:58:23,very short,False,True,1 commit
True,2020-09-29 14:49:13,short,True,False,1 commit
True,2020-09-29 19:06:24,very short,True,False,1 commit
False,2020-09-29 22:17:16,short,False,True,1 commit
True,2020-09-30 12:05:56,lengthy,True,False,1 commit
False,2020-09-30 19:25:01,very short,False,True,1 commit
True,2020-10-01 05:45:50,very short,False,False,1 commit
True,2020-10-01 09:27:34,very short,True,False,1 commit
True,2020-10-01 10:10:54,very short,False,True,1 commit
False,2020-10-01 12:19:52,very short,False,True,1 commit
False,2020-10-01 12:37:58,very short,False,True,1 commit
True,2020-10-01 15:05:18,lengthy,True,False,some commits
False,2020-10-02 08:00:10,very short,False,True,1 commit
False,2020-10-02 12:40:12,very short,False,False,1 commit
False,2020-10-03 04:15:54,very short,False,True,1 commit
False,2020-10-03 05:21:00,very short,False,False,1 commit
False,2020-10-03 11:54:00,lengthy,False,True,many commits
True,2020-10-03 18:50:41,short,True,False,1 commit
False,2020-10-04 10:05:46,very short,False,True,1 commit
False,2020-10-04 12:16:23,very short,False,True,some commits
False,2020-10-04 12:35:30,lengthy,True,False,1 commit
True,2020-10-04 12:59:31,short,True,False,some commits
True,2020-10-04 21:16:50,very short,True,False,some commits
True,2020-10-05 08:13:04,short,True,False,1 commit
True,2020-10-05 13:24:07,very short,True,False,some commits
True,2020-10-05 15:28:11,lengthy,True,False,some commits
True,2020-10-05 15:57:59,medium,True,False,some commits
True,2020-10-05 21:24:06,lengthy,True,False,some commits
True,2020-10-05 22:37:13,lengthy,True,False,1 commit
True,2020-10-05 22:38:11,very short,True,False,1 commit
True,2020-10-06 10:08:34,very short,False,True,1 commit
True,2020-10-06 10:25:52,lengthy,True,False,1 commit
False,2020-10-06 15:05:24,very short,False,True,some commits
True,2020-10-06 22:04:01,very short,False,True,1 commit
True,2020-10-07 15:38:52,lengthy,True,False,1 commit
True,2020-10-08 06:47:10,very short,False,True,1 commit
True,2020-10-08 13:52:57,very short,False,True,1 commit
True,2020-10-08 14:07:33,medium,True,False,1 commit
False,2020-10-08 17:39:55,lengthy,False,False,many commits
False,2020-10-08 18:02:31,very short,False,True,1 commit
True,2020-10-08 19:00:01,very short,False,True,1 commit
True,2020-10-08 19:45:02,very short,True,False,1 commit
True,2020-10-09 12:35:24,short,False,True,1 commit
True,2020-10-09 16:33:17,short,True,False,1 commit
False,2020-10-09 16:38:37,short,True,False,1 commit
False,2020-10-10 13:20:28,very short,False,True,some commits
False,2020-10-10 17:18:02,very short,False,True,1 commit
False,2020-10-11 09:37:07,short,False,False,some commits
False,2020-10-11 13:23:13,lengthy,True,False,some commits
False,2020-10-11 23:50:30,lengthy,True,False,some commits
True,2020-10-12 03:42:33,short,True,False,1 commit
True,2020-10-12 13:37:26,short,True,False,1 commit
True,2020-10-12 14:43:39,lengthy,True,False,1 commit
True,2020-10-13 02:05:19,very short,False,True,1 commit
True,2020-10-13 02:47:39,very short,False,True,1 commit
True,2020-10-13 06:01:33,very short,False,True,1 commit
True,2020-10-14 07:06:41,very short,True,False,some commits
True,2020-10-14 18:13:17,short,True,False,1 commit
False,2020-10-14 19:13:52,medium,True,False,1 commit
False,2020-10-15 07:18:19,very short,False,True,1 commit
False,2020-10-15 09:10:02,very short,False,True,1 commit
False,2020-10-15 15:22:12,very short,False,True,many commits
False,2020-10-15 17:43:33,very short,False,True,1 commit
False,2020-10-16 14:04:21,very short,False,True,some commits
True,2020-10-16 14:18:31,lengthy,False,False,1 commit
False,2020-10-17 07:08:07,very short,False,True,1 commit
True,2020-10-17 14:34:24,very short,True,False,1 commit
True,2020-10-17 17:22:01,medium,True,False,1 commit
True,2020-10-17 19:00:11,very short,True,False,1 commit
True,2020-10-17 20:03:48,short,True,False,1 commit
True,2020-10-18 00:27:36,very short,True,False,1 commit
True,2020-10-18 08:25:22,short,False,True,1 commit
True,2020-10-18 16:31:18,lengthy,True,False,1 commit
False,2020-10-18 20:13:49,very short,True,False,1 commit
True,2020-10-18 20:43:40,lengthy,False,False,1 commit
True,2020-10-18 21:04:46,very short,True,False,1 commit
True,2020-10-18 22:54:36,very short,True,False,1 commit
True,2020-10-18 23:11:08,very short,True,False,1 commit
True,2020-10-18 23:25:31,short,True,False,1 commit
True,2020-10-19 12:18:35,lengthy,True,False,1 commit
True,2020-10-19 12:50:54,medium,True,False,1 commit
True,2020-10-19 15:20:08,very short,True,False,1 commit
True,2020-10-19 21:20:55,short,True,False,1 commit
True,2020-10-20 06:51:30,lengthy,False,True,some commits
False,2020-10-20 06:51:46,very short,True,False,1 commit
False,2020-10-20 08:14:17,very short,False,True,1 commit
True,2020-10-20 15:11:28,very short,True,False,1 commit
True,2020-10-20 22:38:02,very short,True,False,1 commit
True,2020-10-20 22:49:54,very short,True,False,1 commit
False,2020-10-21 02:18:56,very short,False,True,1 commit
False,2020-10-21 03:05:38,lengthy,True,False,some commits
True,2020-10-21 03:38:33,very short,True,False,1 commit
False,2020-10-21 05:12:32,lengthy,False,False,many commits
False,2020-10-21 13:20:19,very short,False,True,some commits
True,2020-10-22 06:00:36,very short,True,False,1 commit
False,2020-10-22 09:09:33,very short,False,True,1 commit
False,2020-10-22 11:03:20,very short,False,True,1 commit
True,2020-10-22 19:05:51,medium,True,False,1 commit
True,2020-10-23 09:34:55,short,True,False,1 commit
True,2020-10-23 20:47:51,short,True,False,1 commit
True,2020-10-23 22:06:45,medium,True,False,some commits
True,2020-10-24 03:50:11,medium,False,False,1 commit
False,2020-10-24 11:12:28,very short,False,True,some commits
True,2020-10-24 12:46:29,short,False,True,1 commit
True,2020-10-24 20:21:49,short,True,False,1 commit
False,2020-10-24 21:10:43,lengthy,False,True,many commits
True,2020-10-25 02:08:48,medium,False,True,some commits
False,2020-10-25 07:58:31,very short,False,True,1 commit
False,2020-10-25 09:49:37,very short,True,False,1 commit
False,2020-10-25 17:35:15,very short,False,True,1 commit
True,2020-10-25 18:51:24,very short,True,False,1 commit
True,2020-10-25 19:51:13,lengthy,True,False,1 commit
True,2020-10-25 20:25:00,short,True,False,some commits
True,2020-10-25 21:21:15,lengthy,True,False,1 commit
True,2020-10-25 21:48:15,very short,True,False,1 commit
False,2020-10-26 07:37:41,lengthy,False,False,1 commit
True,2020-10-26 11:45:12,short,False,True,1 commit
True,2020-10-27 00:21:35,very short,True,False,1 commit
True,2020-10-27 01:11:55,very short,True,False,1 commit
False,2020-10-27 02:31:24,very short,False,True,1 commit
False,2020-10-27 04:42:07,lengthy,False,True,some commits
True,2020-10-27 11:57:51,lengthy,True,False,1 commit
True,2020-10-27 12:56:29,lengthy,False,False,1 commit
True,2020-10-27 18:27:20,short,False,True,1 commit
False,2020-10-27 19:19:39,lengthy,False,True,many commits
False,2020-10-28 05:39:21,very short,False,True,1 commit
True,2020-10-29 18:35:54,very short,True,False,1 commit
False,2020-10-29 19:48:16,lengthy,False,True,1 commit
True,2020-10-30 09:00:04,medium,True,False,some commits
True,2020-10-30 16:56:56,short,True,False,some commits
False,2020-10-30 19:05:49,medium,False,True,some commits
False,2020-10-31 18:36:38,very short,False,True,1 commit
True,2020-11-01 10:20:56,short,True,False,1 commit
False,2020-11-02 03:37:44,very short,False,True,some commits
True,2020-11-02 11:09:26,very short,True,False,1 commit
True,2020-11-02 14:51:09,very short,True,False,1 commit
True,2020-11-02 15:50:37,very short,True,False,1 commit
True,2020-11-02 17:45:24,very short,True,False,1 commit
True,2020-11-02 22:43:10,short,False,True,1 commit
True,2020-11-02 22:47:22,very short,False,True,1 commit
False,2020-11-03 11:51:06,short,False,True,some commits
True,2020-11-03 21:20:45,medium,True,False,1 commit
True,2020-11-04 02:53:20,very short,True,False,some commits
True,2020-11-04 06:58:58,very short,False,True,some commits
True,2020-11-04 11:41:25,very short,False,True,1 commit
False,2020-11-05 11:49:33,very short,False,False,1 commit
False,2020-11-05 15:53:25,very short,False,True,some commits
False,2020-11-05 22:17:43,very short,False,True,some commits
False,2020-11-06 04:00:08,lengthy,False,False,1 commit
False,2020-11-06 05:26:20,very short,False,True,many commits
True,2020-11-06 11:52:51,medium,True,False,1 commit
True,2020-11-06 16:40:54,medium,True,False,some commits
True,2020-11-06 20:11:13,very short,True,False,1 commit
False,2020-11-07 10:28:17,lengthy,False,False,some commits
False,2020-11-07 19:14:27,short,False,True,1 commit
False,2020-11-08 02:27:40,lengthy,False,True,some commits
True,2020-11-08 08:06:16,lengthy,True,False,1 commit
True,2020-11-08 14:59:29,short,True,False,1 commit
True,2020-11-09 01:16:56,very short,True,False,some commits
True,2020-11-09 18:57:02,very short,True,False,1 commit
True,2020-11-09 20:50:28,very short,True,False,1 commit
True,2020-11-09 22:43:32,short,True,False,some commits
True,2020-11-10 00:51:55,short,True,False,1 commit
False,2020-11-10 09:00:34,very short,False,True,1 commit
True,2020-11-10 17:12:31,very short,False,True,1 commit
True,2020-11-10 17:56:42,very short,True,False,1 commit
True,2020-11-10 22:28:34,very short,True,False,1 commit
False,2020-11-11 10:10:38,very short,True,False,1 commit
True,2020-11-11 22:27:30,medium,True,False,some commits
True,2020-11-12 03:59:49,lengthy,True,False,some commits
True,2020-11-12 08:41:36,very short,True,False,1 commit
True,2020-11-12 12:42:55,lengthy,True,False,some commits
True,2020-11-12 13:18:23,very short,True,False,1 commit
True,2020-11-13 02:54:40,very short,True,False,1 commit
True,2020-11-13 13:59:21,very short,True,False,1 commit
True,2020-11-13 14:00:52,very short,True,False,1 commit
True,2020-11-13 14:02:06,very short,True,False,1 commit
True,2020-11-13 14:02:30,very short,True,False,1 commit
True,2020-11-13 14:13:36,very short,True,False,1 commit
True,2020-11-13 15:38:21,medium,True,False,1 commit
True,2020-11-13 20:42:14,lengthy,True,False,some commits
False,2020-11-14 08:04:06,very short,False,True,1 commit
True,2020-11-14 17:37:01,lengthy,False,True,some commits
False,2020-11-15 03:22:31,lengthy,False,True,some commits
True,2020-11-15 20:37:44,very short,True,False,1 commit
True,2020-11-15 22:56:48,lengthy,False,False,1 commit
True,2020-11-16 05:35:22,short,True,False,1 commit
True,2020-11-17 06:24:49,short,False,True,1 commit
False,2020-11-17 19:09:53,very short,False,True,1 commit
True,2020-11-17 22:35:05,short,True,False,1 commit
False,2020-11-18 01:28:53,lengthy,True,False,many commits
True,2020-11-18 05:02:54,medium,True,False,some commits
True,2020-11-18 09:34:15,lengthy,True,False,1 commit
False,2020-11-18 20:41:56,very short,False,True,1 commit
False,2020-11-18 22:42:07,very short,True,False,1 commit
True,2020-11-19 19:48:34,lengthy,True,False,some commits
False,2020-11-21 13:36:38,very short,False,False,1 commit
False,2020-11-21 19:02:18,very short,False,True,1 commit
False,2020-11-22 08:11:55,lengthy,False,False,many commits
True,2020-11-22 16:48:17,medium,False,False,1 commit
False,2020-11-23 00:37:08,lengthy,False,False,1 commit
True,2020-11-23 04:39:05,lengthy,False,True,1 commit
False,2020-11-23 19:03:56,very short,True,False,1 commit
False,2020-11-23 19:05:14,very short,False,True,1 commit
False,2020-11-25 12:26:21,very short,False,True,1 commit
False,2020-11-25 16:02:35,lengthy,False,False,some commits
True,2020-11-25 20:37:48,lengthy,True,False,1 commit
True,2020-11-25 23:12:21,short,False,True,some commits
True,2020-11-26 10:10:56,short,True,False,1 commit
False,2020-11-26 17:44:32,very short,False,True,1 commit
False,2020-11-26 19:57:23,very short,False,True,1 commit
True,2020-11-26 20:54:43,lengthy,True,False,1 commit
True,2020-11-26 21:16:19,very short,False,True,1 commit
False,2020-11-27 01:52:15,very short,True,False,1 commit
False,2020-11-27 04:24:37,medium,True,False,1 commit
False,2020-11-27 11:52:56,very short,False,True,1 commit
True,2020-11-27 17:59:53,very short,True,False,some commits
False,2020-11-27 20:16:56,lengthy,True,False,many commits
True,2020-11-28 14:38:14,lengthy,False,True,some commits
False,2020-11-29 05:22:27,lengthy,True,False,many commits
True,2020-11-29 23:19:46,lengthy,True,False,some commits
True,2020-11-30 01:28:38,very short,True,False,1 commit
True,2020-11-30 08:27:15,very short,True,False,1 commit
False,2020-12-01 06:15:10,lengthy,True,False,some commits
False,2020-12-01 06:56:06,lengthy,True,False,some commits
False,2020-12-01 17:48:12,very short,False,True,1 commit
False,2020-12-02 08:19:27,very short,False,True,1 commit
True,2020-12-02 10:52:52,very short,False,True,1 commit
True,2020-12-03 07:49:02,lengthy,False,False,some commits
True,2020-12-03 13:03:23,medium,False,True,1 commit
False,2020-12-04 18:25:32,short,False,True,1 commit
True,2020-12-06 02:02:15,lengthy,False,True,1 commit
True,2020-12-06 08:17:47,short,True,False,1 commit
True,2020-12-06 11:01:46,short,True,False,1 commit
True,2020-12-06 23:04:54,very short,True,False,1 commit
False,2020-12-07 10:52:57,very short,False,True,some commits
False,2020-12-08 10:07:15,very short,False,True,1 commit
True,2020-12-08 21:19:44,lengthy,False,True,1 commit
False,2020-12-09 08:04:56,very short,False,True,some commits
True,2020-12-09 14:48:53,short,True,False,1 commit
True,2020-12-10 12:58:53,short,True,False,some commits
False,2020-12-10 15:34:37,very short,False,False,some commits
True,2020-12-10 18:38:58,very short,True,False,1 commit
True,2020-12-10 19:37:09,very short,True,False,1 commit
False,2020-12-11 12:12:51,lengthy,True,False,some commits
True,2020-12-11 14:19:14,very short,True,False,1 commit
False,2020-12-11 19:37:38,lengthy,False,True,some commits
True,2020-12-11 21:24:57,short,True,False,1 commit
True,2020-12-12 07:34:48,medium,False,True,1 commit
True,2020-12-13 16:27:21,very short,True,False,1 commit
True,2020-12-13 16:59:13,short,True,False,some commits
True,2020-12-13 17:00:37,lengthy,True,False,1 commit
True,2020-12-13 20:35:34,short,False,False,1 commit
True,2020-12-13 21:42:39,lengthy,True,False,1 commit
True,2020-12-14 06:03:34,short,False,True,1 commit
True,2020-12-14 17:51:19,very short,True,False,1 commit
True,2020-12-15 04:50:02,very short,False,True,1 commit
True,2020-12-15 10:28:51,very short,True,False,1 commit
True,2020-12-15 22:22:56,very short,True,False,1 commit
False,2020-12-16 15:24:02,very short,False,True,1 commit
False,2020-12-16 16:30:53,very short,False,True,1 commit
True,2020-12-16 20:52:12,very short,True,False,1 commit
False,2020-12-17 08:48:20,lengthy,False,True,1 commit
False,2020-12-17 09:08:27,lengthy,False,True,some commits
True,2020-12-17 21:10:10,very short,True,False,1 commit
True,2020-12-18 07:05:32,very short,True,False,1 commit
True,2020-12-18 22:08:01,short,True,False,1 commit
True,2020-12-19 04:41:58,short,False,True,1 commit
True,2020-12-19 09:55:40,short,False,True,some commits
False,2020-12-19 13:22:40,lengthy,True,False,1 commit
False,2020-12-19 14:40:11,short,True,False,some commits
True,2020-12-19 20:09:34,short,True,False,1 commit
True,2020-12-19 23:38:35,very short,True,False,1 commit
False,2020-12-21 13:23:21,very short,True,False,some commits
True,2020-12-21 14:29:41,lengthy,True,False,1 commit
False,2020-12-21 14:44:43,lengthy,True,False,1 commit
True,2020-12-21 19:38:55,lengthy,False,True,1 commit
True,2020-12-21 22:34:04,lengthy,True,False,1 commit
False,2020-12-23 13:20:34,very short,True,False,1 commit
True,2020-12-23 15:21:54,very short,True,False,1 commit
True,2020-12-23 15:41:00,lengthy,True,False,1 commit
False,2020-12-23 17:24:56,very short,False,True,1 commit
True,2020-12-23 21:09:32,medium,True,False,1 commit
True,2020-12-23 22:44:41,lengthy,True,False,1 commit
True,2020-12-24 15:31:35,lengthy,True,False,some commits
True,2020-12-26 15:26:39,medium,False,True,1 commit
False,2020-12-27 11:34:29,medium,False,False,1 commit
True,2020-12-27 15:25:44,very short,True,False,1 commit
True,2020-12-27 16:33:19,very short,True,False,some commits
True,2020-12-27 20:29:47,lengthy,True,False,some commits
True,2020-12-28 22:07:57,very short,True,False,1 commit
True,2020-12-30 02:26:00,very short,True,False,1 commit
False,2020-12-30 10:19:35,very short,True,False,1 commit
True,2020-12-30 21:57:49,very short,True,False,1 commit
True,2020-12-31 16:21:08,short,True,False,1 commit
True,2021-01-01 15:03:24,lengthy,True,False,some commits
True,2021-01-01 21:53:07,very short,True,False,1 commit
True,2021-01-02 23:51:07,lengthy,True,False,some commits
True,2021-01-03 01:05:02,short,True,False,1 commit
True,2021-01-03 21:49:51,very short,True,False,1 commit
False,2021-01-04 12:59:24,medium,False,True,1 commit
True,2021-01-04 14:06:30,medium,True,False,1 commit
True,2021-01-04 14:13:46,medium,True,False,1 commit
False,2021-01-04 16:34:58,very short,False,True,1 commit
True,2021-01-04 17:44:23,short,True,False,1 commit
True,2021-01-04 17:47:42,very short,True,False,1 commit
True,2021-01-04 19:58:59,short,True,False,1 commit
False,2021-01-04 20:09:56,lengthy,True,False,1 commit
True,2021-01-04 20:40:02,lengthy,True,False,1 commit
True,2021-01-04 22:31:03,lengthy,True,False,1 commit
True,2021-01-05 02:30:10,lengthy,False,True,some commits
False,2021-01-05 05:24:17,lengthy,True,False,1 commit
True,2021-01-05 12:49:03,very short,False,True,1 commit
False,2021-01-05 15:30:29,very short,False,True,some commits
False,2021-01-06 08:58:55,very short,True,False,1 commit
True,2021-01-06 17:17:10,lengthy,True,False,some commits
True,2021-01-07 17:25:04,lengthy,True,False,1 commit
False,2021-01-07 19:07:24,very short,False,True,some commits
True,2021-01-07 21:20:53,medium,True,False,1 commit
True,2021-01-08 15:43:15,short,False,False,1 commit
False,2021-01-09 04:10:55,very short,False,False,many commits
True,2021-01-09 17:41:26,very short,True,False,1 commit
False,2021-01-09 20:17:27,short,False,True,some commits
False,2021-01-10 01:09:23,medium,False,False,1 commit
True,2021-01-10 08:15:37,medium,False,True,1 commit
True,2021-01-10 12:19:28,lengthy,False,False,1 commit
False,2021-01-10 15:38:29,very short,False,False,some commits
True,2021-01-11 11:45:31,very short,True,False,1 commit
True,2021-01-11 16:15:41,medium,False,False,1 commit
False,2021-01-11 23:24:26,lengthy,True,False,1 commit
True,2021-01-12 08:48:49,very short,True,False,1 commit
False,2021-01-12 09:01:20,short,True,False,1 commit
True,2021-01-12 09:16:09,very short,True,False,1 commit
False,2021-01-12 17:18:13,lengthy,False,True,1 commit
True,2021-01-12 21:25:58,lengthy,False,True,1 commit
True,2021-01-13 18:48:49,very short,True,False,1 commit
True,2021-01-13 19:46:04,very short,True,False,1 commit
False,2021-01-13 23:57:51,lengthy,True,False,some commits
True,2021-01-14 00:06:05,very short,True,False,1 commit
True,2021-01-14 00:24:53,lengthy,False,True,1 commit
True,2021-01-14 08:52:35,very short,True,False,1 commit
True,2021-01-14 13:04:01,medium,True,False,1 commit
True,2021-01-15 08:06:53,very short,True,False,1 commit
False,2021-01-15 13:56:06,lengthy,True,False,1 commit
True,2021-01-15 14:53:11,short,False,False,some commits
True,2021-01-15 19:02:09,very short,True,False,1 commit
True,2021-01-16 12:55:47,short,True,False,1 commit
True,2021-01-17 08:10:24,short,True,False,1 commit
False,2021-01-18 10:01:41,very short,False,False,1 commit
True,2021-01-18 11:20:37,lengthy,True,False,1 commit
True,2021-01-18 14:41:26,very short,True,False,1 commit
False,2021-01-18 15:00:38,very short,False,False,1 commit
True,2021-01-18 15:40:43,lengthy,True,False,1 commit
True,2021-01-18 16:43:34,lengthy,True,False,1 commit
True,2021-01-18 19:34:36,very short,True,False,1 commit
False,2021-01-18 20:46:48,lengthy,True,False,1 commit
True,2021-01-18 22:33:19,medium,True,False,1 commit
True,2021-01-19 08:03:54,lengthy,True,False,1 commit
False,2021-01-19 08:48:13,lengthy,True,False,1 commit
False,2021-01-19 14:23:02,very short,False,False,1 commit
False,2021-01-19 19:11:59,lengthy,False,False,1 commit
True,2021-01-19 19:38:57,very short,True,False,1 commit
False,2021-01-20 11:08:31,very short,True,False,1 commit
True,2021-01-20 16:51:23,short,True,False,1 commit
True,2021-01-21 00:09:22,very short,True,False,some commits
True,2021-01-22 02:09:20,very short,False,True,1 commit
False,2021-01-22 12:24:19,lengthy,False,True,some commits
False,2021-01-22 15:27:15,very short,False,True,1 commit
True,2021-01-22 16:06:17,very short,True,False,1 commit
True,2021-01-24 22:11:29,very short,True,False,1 commit
True,2021-01-25 16:19:15,short,True,False,1 commit
True,2021-01-26 03:58:23,very short,False,False,1 commit
True,2021-01-26 04:36:52,very short,True,False,1 commit
True,2021-01-26 21:31:34,very short,True,False,1 commit
True,2021-01-26 23:10:38,lengthy,True,False,1 commit
True,2021-01-27 11:33:16,very short,True,False,1 commit
True,2021-01-28 05:31:01,very short,True,False,1 commit
True,2021-01-28 09:59:57,very short,False,True,1 commit
True,2021-01-28 16:56:36,very short,False,True,1 commit
False,2021-01-28 17:04:37,very short,False,True,many commits
True,2021-01-28 17:17:20,lengthy,True,False,1 commit
True,2021-01-28 17:44:41,lengthy,True,False,1 commit
False,2021-01-29 07:11:05,very short,False,True,1 commit
True,2021-01-29 14:16:31,medium,True,False,some commits
True,2021-01-29 15:23:11,medium,True,False,some commits
False,2021-01-29 19:46:05,very short,True,False,1 commit
False,2021-01-29 21:14:30,very short,False,True,some commits
False,2021-01-30 09:58:49,very short,True,False,1 commit
False,2021-01-30 14:35:30,very short,False,True,1 commit
False,2021-01-30 19:33:44,very short,False,True,1 commit
True,2021-01-31 00:05:55,lengthy,True,False,1 commit
True,2021-02-01 02:51:45,very short,True,False,1 commit
False,2021-02-01 08:35:20,very short,False,True,1 commit
False,2021-02-01 21:50:44,lengthy,True,False,1 commit
False,2021-02-02 09:56:42,very short,False,True,1 commit
True,2021-02-02 17:07:43,short,True,False,1 commit
False,2021-02-03 08:19:49,lengthy,True,False,1 commit
True,2021-02-03 08:36:03,lengthy,True,False,1 commit
True,2021-02-03 08:44:09,short,False,False,some commits
True,2021-02-03 14:28:34,medium,False,True,1 commit
True,2021-02-03 15:10:34,very short,True,False,1 commit
True,2021-02-03 20:01:19,very short,True,False,1 commit
False,2021-02-04 10:58:17,short,False,True,1 commit
True,2021-02-04 17:24:52,very short,False,True,1 commit
False,2021-02-05 02:43:56,very short,False,True,1 commit
True,2021-02-05 03:52:26,very short,False,True,1 commit
True,2021-02-05 11:22:25,very short,True,False,1 commit
True,2021-02-06 14:15:46,lengthy,True,False,1 commit
True,2021-02-06 16:36:17,short,False,True,1 commit
True,2021-02-06 20:29:49,lengthy,True,False,1 commit
False,2021-02-07 03:25:32,very short,False,False,1 commit
False,2021-02-08 05:16:29,very short,False,True,many commits
True,2021-02-08 05:33:40,lengthy,False,True,some commits
True,2021-02-08 09:40:37,medium,True,False,some commits
True,2021-02-08 11:11:07,very short,True,False,1 commit
True,2021-02-08 15:33:18,lengthy,True,False,1 commit
True,2021-02-08 23:39:55,short,True,False,1 commit
True,2021-02-09 23:14:57,short,False,True,some commits
True,2021-02-10 11:18:19,very short,True,False,1 commit
True,2021-02-10 11:45:26,very short,True,False,1 commit
True,2021-02-10 12:35:34,very short,True,False,1 commit
True,2021-02-10 15:41:10,very short,True,False,1 commit
True,2021-02-11 11:13:18,very short,True,False,1 commit
False,2021-02-11 16:31:37,very short,False,True,1 commit
True,2021-02-11 21:20:13,very short,True,False,1 commit
True,2021-02-12 02:40:22,very short,True,False,1 commit
True,2021-02-12 07:56:41,very short,True,False,1 commit
False,2021-02-12 21:05:06,very short,False,False,1 commit
True,2021-02-13 00:10:25,very short,True,False,1 commit
True,2021-02-13 09:00:02,lengthy,True,False,1 commit
False,2021-02-14 21:56:37,very short,False,True,many commits
True,2021-02-15 03:50:25,medium,True,False,1 commit
True,2021-02-15 06:15:21,lengthy,True,False,some commits
True,2021-02-15 12:54:32,medium,True,False,1 commit
False,2021-02-17 07:14:26,very short,False,True,1 commit
True,2021-02-17 16:06:20,short,True,False,1 commit
True,2021-02-18 13:05:27,very short,True,False,some commits
True,2021-02-18 19:46:31,very short,True,False,1 commit
True,2021-02-18 20:02:15,very short,True,False,1 commit
False,2021-02-19 14:33:15,very short,True,False,many commits
True,2021-02-19 15:37:40,short,True,False,1 commit
True,2021-02-19 17:21:36,lengthy,True,False,some commits
True,2021-02-19 18:54:04,short,False,True,1 commit
True,2021-02-19 19:53:21,medium,False,False,many commits
False,2021-02-19 22:46:43,lengthy,False,True,1 commit
True,2021-02-21 01:44:44,lengthy,True,False,some commits
True,2021-02-21 15:42:37,very short,True,False,1 commit
True,2021-02-21 20:43:46,short,False,True,1 commit
False,2021-02-21 22:33:19,very short,False,True,some commits
True,2021-02-22 07:35:19,short,True,False,some commits
True,2021-02-22 11:58:03,lengthy,True,False,some commits
True,2021-02-22 15:45:46,very short,True,False,1 commit
False,2021-02-22 16:10:54,medium,False,True,1 commit
True,2021-02-22 19:32:50,lengthy,True,False,1 commit
True,2021-02-23 07:40:21,very short,True,False,1 commit
False,2021-02-23 09:55:12,very short,False,True,1 commit
False,2021-02-23 12:48:05,medium,False,True,some commits
True,2021-02-24 02:00:12,very short,True,False,1 commit
False,2021-02-24 10:12:52,very short,False,True,1 commit
True,2021-02-24 16:18:21,medium,True,False,1 commit
False,2021-02-25 03:56:59,medium,True,False,1 commit
True,2021-02-25 07:52:20,medium,False,True,1 commit
True,2021-02-25 09:54:47,lengthy,True,False,1 commit
True,2021-02-25 10:01:58,lengthy,True,False,1 commit
True,2021-02-25 14:04:31,very short,True,False,1 commit
True,2021-02-25 16:13:23,very short,True,False,1 commit
True,2021-02-25 23:57:27,very short,True,False,1 commit
True,2021-02-26 12:29:41,very short,True,False,1 commit
True,2021-02-26 15:14:34,medium,True,False,some commits
True,2021-02-26 18:13:47,very short,True,False,1 commit
True,2021-02-27 18:06:10,short,True,False,1 commit
True,2021-02-28 00:17:54,short,True,False,1 commit
False,2021-02-28 14:50:30,very short,True,False,1 commit
False,2021-02-28 18:07:23,very short,False,False,some commits
False,2021-02-28 20:54:31,very short,False,True,1 commit
False,2021-03-01 15:34:30,lengthy,True,False,1 commit
True,2021-03-01 18:26:03,short,True,False,1 commit
False,2021-03-01 19:41:16,very short,False,False,1 commit
True,2021-03-01 20:56:42,lengthy,True,False,some commits
True,2021-03-01 22:00:53,very short,True,False,1 commit
True,2021-03-02 15:16:27,short,True,False,some commits
True,2021-03-03 18:47:17,very short,False,False,1 commit
True,2021-03-04 10:46:18,short,True,False,1 commit
True,2021-03-04 12:50:16,very short,True,False,1 commit
True,2021-03-04 15:32:42,very short,True,False,1 commit
False,2021-03-04 17:12:10,lengthy,False,True,1 commit
False,2021-03-05 09:14:45,very short,False,True,some commits
True,2021-03-05 11:05:36,lengthy,False,True,1 commit
True,2021-03-05 13:39:42,very short,True,False,1 commit
False,2021-03-05 21:31:44,very short,False,True,1 commit
True,2021-03-06 09:06:05,short,True,False,some commits
False,2021-03-06 11:21:04,short,False,True,some commits
False,2021-03-06 14:27:06,very short,False,False,1 commit
False,2021-03-06 16:44:16,medium,True,False,1 commit
True,2021-03-06 20:51:08,short,False,True,1 commit
True,2021-03-07 15:00:04,medium,True,False,1 commit
False,2021-03-08 08:03:57,very short,False,True,1 commit
False,2021-03-08 08:07:17,short,False,False,some commits
True,2021-03-08 09:19:44,short,True,False,1 commit
True,2021-03-08 15:21:54,very short,True,False,1 commit
False,2021-03-09 02:40:44,very short,True,False,some commits
True,2021-03-09 09:26:44,very short,True,False,1 commit
False,2021-03-09 09:58:38,very short,True,False,some commits
True,2021-03-10 05:44:43,very short,False,True,1 commit
True,2021-03-10 07:16:24,short,True,False,some commits
True,2021-03-10 13:11:16,very short,True,False,1 commit
True,2021-03-10 13:44:17,very short,True,False,1 commit
True,2021-03-10 13:47:33,short,True,False,some commits
False,2021-03-10 19:36:50,lengthy,False,True,some commits
True,2021-03-11 04:49:25,lengthy,True,False,1 commit
False,2021-03-11 08:43:17,very short,False,True,1 commit
True,2021-03-11 12:09:26,lengthy,False,True,1 commit
True,2021-03-11 13:35:31,medium,True,False,some commits
True,2021-03-12 04:15:31,very short,True,False,1 commit
False,2021-03-12 11:03:03,lengthy,False,True,some commits
True,2021-03-12 22:47:59,medium,False,True,1 commit
True,2021-03-13 07:57:50,short,True,False,some commits
False,2021-03-13 12:37:54,very short,False,True,1 commit
True,2021-03-13 19:57:16,short,False,True,1 commit
True,2021-03-14 14:57:56,lengthy,False,False,some commits
False,2021-03-14 15:26:08,lengthy,True,False,many commits
False,2021-03-14 21:29:14,short,False,True,1 commit
False,2021-03-14 23:25:41,very short,False,False,some commits
True,2021-03-15 08:08:39,very short,True,False,1 commit
True,2021-03-15 13:29:14,very short,True,False,1 commit
False,2021-03-15 21:21:51,short,False,False,some commits
True,2021-03-16 07:12:13,very short,False,False,1 commit
True,2021-03-16 12:53:50,lengthy,True,False,1 commit
True,2021-03-16 15:46:20,short,True,False,1 commit
True,2021-03-16 19:01:37,medium,True,False,1 commit
True,2021-03-16 19:07:15,lengthy,True,False,1 commit
True,2021-03-17 10:56:47,lengthy,True,False,1 commit
True,2021-03-17 11:28:29,very short,True,False,1 commit
True,2021-03-17 13:07:17,very short,True,False,1 commit
True,2021-03-17 15:23:27,lengthy,True,False,1 commit
True,2021-03-17 15:42:33,very short,True,False,1 commit
True,2021-03-18 10:09:51,very short,True,False,1 commit
False,2021-03-18 15:25:39,lengthy,False,True,1 commit
False,2021-03-18 20:09:19,lengthy,True,False,1 commit
True,2021-03-18 23:48:35,short,True,False,some commits
True,2021-03-19 06:31:45,medium,True,False,1 commit
True,2021-03-19 09:23:58,lengthy,True,False,1 commit
True,2021-03-19 09:44:03,very short,True,False,1 commit
True,2021-03-19 10:55:48,very short,False,True,1 commit
True,2021-03-19 11:24:55,medium,True,False,some commits
True,2021-03-19 15:44:25,medium,True,False,1 commit
False,2021-03-19 17:45:35,very short,False,True,some commits
False,2021-03-19 20:06:00,lengthy,True,False,1 commit
True,2021-03-19 21:36:54,short,True,False,1 commit
False,2021-03-20 15:24:59,lengthy,False,True,1 commit
True,2021-03-21 18:04:56,very short,True,False,some commits
True,2021-03-21 21:58:43,very short,False,True,1 commit
False,2021-03-22 17:20:31,short,False,True,1 commit
True,2021-03-23 05:01:47,short,False,True,many commits
True,2021-03-23 08:53:41,very short,True,False,1 commit
True,2021-03-23 23:03:41,short,False,False,1 commit
True,2021-03-23 23:37:29,very short,True,False,1 commit
True,2021-03-24 05:51:57,lengthy,True,False,1 commit
True,2021-03-24 11:07:33,very short,True,False,some commits
True,2021-03-24 11:21:14,very short,True,False,1 commit
True,2021-03-25 07:43:34,very short,True,False,1 commit
True,2021-03-25 07:55:10,medium,True,False,some commits
True,2021-03-25 08:48:49,very short,False,True,1 commit
True,2021-03-25 09:17:39,medium,True,False,1 commit
True,2021-03-25 09:44:57,very short,True,False,1 commit
False,2021-03-25 10:13:03,very short,False,True,1 commit
False,2021-03-25 11:19:15,very short,False,False,many commits
False,2021-03-25 14:06:57,very short,False,False,1 commit
True,2021-03-25 15:13:43,medium,False,True,1 commit
False,2021-03-25 18:33:28,lengthy,False,True,1 commit
True,2021-03-26 01:05:24,medium,True,False,1 commit
True,2021-03-26 02:04:41,very short,False,True,1 commit
True,2021-03-26 07:42:16,very short,True,False,1 commit
False,2021-03-26 18:38:05,very short,False,True,1 commit
True,2021-03-26 20:53:16,medium,False,True,1 commit
True,2021-03-27 09:01:04,short,True,False,1 commit
False,2021-03-27 11:30:30,very short,False,True,many commits
True,2021-03-28 01:07:34,short,True,False,1 commit
True,2021-03-28 11:11:54,very short,True,False,1 commit
False,2021-03-28 13:11:39,lengthy,True,False,many commits
False,2021-03-29 17:23:39,very short,True,False,some commits
False,2021-03-30 08:54:30,very short,False,True,1 commit
True,2021-03-30 21:02:49,very short,True,False,1 commit
True,2021-04-01 00:54:45,lengthy,False,True,1 commit
False,2021-04-03 00:21:49,very short,False,False,1 commit
False,2021-04-03 01:42:21,very short,False,True,1 commit
True,2021-04-03 09:14:38,lengthy,True,False,some commits
True,2021-04-03 12:49:28,medium,True,False,1 commit
True,2021-04-03 14:29:16,medium,True,False,1 commit
False,2021-04-03 16:02:27,lengthy,False,True,1 commit
False,2021-04-04 12:45:46,lengthy,True,False,some commits
True,2021-04-05 12:42:37,very short,True,False,1 commit
False,2021-04-05 13:07:18,very short,False,True,1 commit
False,2021-04-05 17:06:30,very short,False,True,many commits
True,2021-04-05 18:58:30,very short,True,False,some commits
False,2021-04-05 23:25:47,lengthy,True,False,many commits
True,2021-04-06 12:51:53,very short,True,False,1 commit
False,2021-04-06 14:23:30,very short,True,False,1 commit
False,2021-04-06 16:24:54,short,True,False,1 commit
False,2021-04-07 02:58:56,lengthy,False,False,1 commit
True,2021-04-07 04:55:10,lengthy,True,False,some commits
False,2021-04-07 12:29:20,very short,False,True,many commits
True,2021-04-07 12:42:07,medium,True,False,1 commit
True,2021-04-07 15:39:46,very short,True,False,1 commit
True,2021-04-08 09:47:00,lengthy,True,False,some commits
True,2021-04-08 10:41:31,very short,True,False,1 commit
True,2021-04-09 03:02:00,very short,True,False,1 commit
True,2021-04-09 08:42:35,medium,True,False,1 commit
True,2021-04-09 14:23:36,very short,True,False,1 commit
False,2021-04-09 16:56:13,medium,True,False,1 commit
False,2021-04-09 23:58:54,very short,False,True,1 commit
False,2021-04-10 00:48:18,very short,False,False,1 commit
False,2021-04-10 11:00:59,lengthy,True,False,1 commit
False,2021-04-11 04:40:53,very short,False,True,1 commit
False,2021-04-12 05:31:48,lengthy,False,True,some commits
True,2021-04-13 06:13:08,lengthy,False,True,1 commit
False,2021-04-13 06:46:20,very short,True,False,1 commit
True,2021-04-13 07:11:25,short,True,False,some commits
True,2021-04-13 10:29:37,medium,True,False,1 commit
False,2021-04-13 17:16:47,very short,True,False,1 commit
True,2021-04-13 20:43:26,very short,False,True,1 commit
False,2021-04-13 22:38:11,lengthy,True,False,some commits
True,2021-04-14 06:24:00,short,True,False,1 commit
False,2021-04-14 08:28:40,very short,True,False,1 commit
True,2021-04-14 09:30:19,very short,True,False,1 commit
True,2021-04-14 11:48:01,very short,True,False,1 commit
True,2021-04-14 14:58:04,lengthy,False,True,1 commit
False,2021-04-15 02:24:20,very short,True,False,1 commit
True,2021-04-15 04:41:38,medium,True,False,1 commit
True,2021-04-15 15:43:44,very short,True,False,1 commit
False,2021-04-16 16:47:36,very short,False,True,some commits
False,2021-04-16 21:22:43,lengthy,True,False,1 commit
False,2021-04-17 01:18:16,lengthy,False,True,some commits
True,2021-04-17 12:26:34,short,True,False,1 commit
False,2021-04-17 17:15:21,very short,False,True,1 commit
False,2021-04-17 17:53:42,very short,False,True,1 commit
False,2021-04-17 19:11:43,short,False,True,1 commit
False,2021-04-18 11:59:31,very short,True,False,1 commit
False,2021-04-18 18:34:52,lengthy,False,True,some commits
True,2021-04-19 08:13:32,very short,True,False,some commits
False,2021-04-20 01:43:06,very short,False,True,1 commit
True,2021-04-20 06:38:52,very short,True,False,1 commit
True,2021-04-21 04:33:19,short,False,True,1 commit
True,2021-04-21 09:07:12,very short,True,False,1 commit
False,2021-04-21 10:46:04,very short,False,True,some commits
False,2021-04-21 10:55:38,very short,True,False,1 commit
True,2021-04-21 11:30:45,very short,False,True,1 commit
False,2021-04-21 18:03:06,lengthy,False,False,some commits
False,2021-04-22 01:52:47,very short,False,True,1 commit
False,2021-04-22 09:49:20,very short,False,True,some commits
True,2021-04-22 17:54:17,very short,True,False,1 commit
False,2021-04-23 10:50:53,very short,False,True,1 commit
True,2021-04-23 13:04:15,medium,True,False,1 commit
True,2021-04-24 00:55:15,short,False,True,1 commit
True,2021-04-24 05:24:23,medium,True,False,some commits
False,2021-04-24 22:30:26,very short,False,True,some commits
True,2021-04-25 02:54:34,lengthy,False,True,1 commit
True,2021-04-26 11:53:52,very short,True,False,some commits
True,2021-04-26 12:39:01,very short,True,False,1 commit
False,2021-04-26 15:08:58,very short,False,True,1 commit
True,2021-04-26 20:42:29,short,True,False,1 commit
False,2021-04-28 09:51:04,very short,False,True,1 commit
True,2021-04-28 10:00:24,very short,True,False,some commits
True,2021-04-28 14:40:56,very short,True,False,1 commit
True,2021-04-28 18:46:40,very short,True,False,some commits
True,2021-04-28 19:25:23,lengthy,True,False,1 commit
True,2021-04-28 19:47:07,lengthy,True,False,many commits
False,2021-04-28 22:39:57,short,False,True,1 commit
True,2021-04-29 09:47:11,very short,True,False,1 commit
True,2021-04-29 12:37:32,very short,True,False,1 commit
True,2021-04-29 16:52:08,very short,False,False,1 commit
True,2021-04-29 19:17:35,lengthy,True,False,some commits
True,2021-04-29 22:48:39,medium,False,True,1 commit
True,2021-04-30 11:41:57,medium,True,False,1 commit
True,2021-04-30 14:43:12,medium,True,False,1 commit
False,2021-04-30 15:53:04,very short,False,False,1 commit
False,2021-05-03 15:18:07,very short,False,True,1 commit
False,2021-05-03 16:42:40,very short,False,False,1 commit
True,2021-05-03 18:15:38,short,False,True,1 commit
False,2021-05-03 18:48:18,lengthy,False,True,many commits
True,2021-05-04 04:36:30,very short,False,False,1 commit
False,2021-05-04 14:38:24,lengthy,True,False,many commits
False,2021-05-04 21:53:43,very short,True,False,1 commit
True,2021-05-05 03:50:44,very short,True,False,1 commit
False,2021-05-05 15:37:34,very short,True,False,1 commit
True,2021-05-05 18:47:16,very short,True,False,1 commit
False,2021-05-05 19:45:35,short,False,False,1 commit
True,2021-05-05 21:25:52,medium,True,False,1 commit
True,2021-05-05 21:29:57,short,True,False,1 commit
False,2021-05-06 02:01:23,very short,False,True,1 commit
False,2021-05-06 09:04:47,very short,False,False,many commits
True,2021-05-06 15:35:53,very short,True,False,1 commit
False,2021-05-06 17:02:43,medium,False,True,many commits
True,2021-05-07 07:00:45,medium,True,False,1 commit
False,2021-05-07 15:47:38,very short,False,True,1 commit
True,2021-05-07 21:03:10,lengthy,True,False,1 commit
True,2021-05-08 01:14:07,lengthy,False,False,1 commit
False,2021-05-09 02:27:16,short,False,True,1 commit
True,2021-05-09 05:38:21,medium,False,True,1 commit
False,2021-05-09 11:36:09,very short,False,True,1 commit
True,2021-05-10 14:40:32,short,True,False,1 commit
True,2021-05-10 19:52:38,short,True,False,some commits
True,2021-05-10 20:20:46,medium,True,False,some commits
True,2021-05-10 20:42:18,short,True,False,1 commit
True,2021-05-10 21:23:42,short,True,False,some commits
False,2021-05-11 00:39:32,very short,False,True,some commits
False,2021-05-11 03:20:20,lengthy,True,False,some commits
False,2021-05-11 04:11:24,short,False,False,some commits
True,2021-05-11 10:40:42,medium,True,False,1 commit
False,2021-05-11 20:49:58,very short,False,True,1 commit
True,2021-05-12 10:03:56,lengthy,True,False,some commits
True,2021-05-13 03:44:56,very short,True,False,1 commit
True,2021-05-13 18:43:43,lengthy,True,False,1 commit
False,2021-05-14 01:44:01,very short,False,True,1 commit
True,2021-05-14 07:48:51,lengthy,True,False,1 commit
False,2021-05-14 08:45:05,lengthy,False,True,1 commit
False,2021-05-14 09:44:21,medium,False,True,1 commit
True,2021-05-14 10:18:56,medium,True,False,some commits
False,2021-05-14 13:02:50,very short,False,True,1 commit
True,2021-05-14 13:59:43,medium,True,False,1 commit
True,2021-05-16 10:27:10,short,True,False,1 commit
False,2021-05-16 13:42:01,lengthy,False,True,some commits
True,2021-05-17 07:20:12,lengthy,True,False,1 commit
True,2021-05-17 11:24:06,very short,False,True,1 commit
False,2021-05-17 12:13:37,very short,False,False,1 commit
False,2021-05-17 14:09:36,lengthy,True,False,1 commit
True,2021-05-17 19:57:18,medium,True,False,1 commit
True,2021-05-18 04:33:06,very short,True,False,some commits
False,2021-05-18 11:27:13,very short,False,True,1 commit
True,2021-05-19 04:05:47,very short,True,False,1 commit
True,2021-05-19 04:08:49,very short,True,False,1 commit
True,2021-05-19 04:23:47,very short,True,False,1 commit
False,2021-05-19 10:25:48,very short,False,True,1 commit
True,2021-05-19 11:07:06,lengthy,True,False,some commits
True,2021-05-19 11:22:26,lengthy,False,True,1 commit
False,2021-05-19 12:52:34,lengthy,False,True,some commits
True,2021-05-19 18:31:28,very short,True,False,1 commit
True,2021-05-19 19:23:25,very short,True,False,1 commit
True,2021-05-19 21:23:59,medium,True,False,1 commit
True,2021-05-19 23:38:13,short,False,True,1 commit
True,2021-05-20 00:27:31,very short,False,True,1 commit
False,2021-05-20 06:33:42,very short,False,True,many commits
True,2021-05-20 18:46:06,medium,False,True,1 commit
True,2021-05-21 09:38:06,lengthy,True,False,1 commit
False,2021-05-21 15:51:07,lengthy,False,True,1 commit
False,2021-05-21 23:16:49,short,True,False,1 commit
True,2021-05-22 02:52:35,lengthy,True,False,some commits
False,2021-05-22 06:54:24,very short,False,True,some commits
True,2021-05-23 12:27:14,very short,True,False,1 commit
False,2021-05-23 17:58:19,very short,False,False,many commits
False,2021-05-23 23:10:32,lengthy,True,False,1 commit
True,2021-05-24 00:10:33,lengthy,True,False,1 commit
False,2021-05-24 11:03:18,lengthy,False,True,some commits
True,2021-05-24 15:21:01,lengthy,False,True,1 commit
True,2021-05-24 16:45:10,very short,True,False,1 commit
False,2021-05-24 19:15:07,lengthy,True,False,1 commit
True,2021-05-24 20:08:45,very short,True,False,1 commit
True,2021-05-25 16:35:33,very short,True,False,1 commit
True,2021-05-25 19:19:47,lengthy,True,False,some commits
False,2021-05-26 08:04:21,very short,False,True,1 commit
True,2021-05-26 17:30:39,short,False,True,1 commit
True,2021-05-26 19:01:38,very short,True,False,1 commit
True,2021-05-26 19:20:15,lengthy,False,True,1 commit
False,2021-05-27 08:44:42,very short,True,False,1 commit
True,2021-05-27 09:56:15,lengthy,False,False,1 commit
True,2021-05-27 11:21:55,very short,True,False,1 commit
True,2021-05-27 19:39:54,very short,True,False,1 commit
True,2021-05-28 00:47:51,medium,True,False,1 commit
True,2021-05-28 23:17:30,very short,True,False,1 commit
True,2021-05-29 02:07:26,very short,True,False,some commits
True,2021-05-29 04:34:26,lengthy,False,False,1 commit
True,2021-05-29 23:07:08,short,True,False,some commits
False,2021-05-30 01:32:27,medium,False,True,some commits
True,2021-05-30 17:03:08,medium,True,False,1 commit
False,2021-05-30 17:39:56,very short,True,False,1 commit
False,2021-05-30 19:23:05,very short,True,False,1 commit
False,2021-05-31 02:57:19,very short,True,False,1 commit
True,2021-05-31 11:52:18,very short,True,False,some commits
False,2021-06-02 03:26:43,very short,False,True,1 commit
True,2021-06-02 05:16:56,very short,True,False,1 commit
True,2021-06-02 05:21:51,very short,True,False,1 commit
True,2021-06-02 09:08:29,very short,True,False,1 commit
True,2021-06-02 09:21:00,very short,True,False,some commits
True,2021-06-02 15:05:29,very short,True,False,some commits
True,2021-06-02 19:49:22,lengthy,True,False,1 commit
False,2021-06-03 02:19:51,lengthy,False,False,1 commit
True,2021-06-03 14:30:29,very short,True,False,1 commit
True,2021-06-04 04:11:33,medium,True,False,many commits
True,2021-06-04 05:41:35,lengthy,True,False,some commits
True,2021-06-04 11:56:16,medium,True,False,1 commit
False,2021-06-05 03:04:57,very short,False,True,some commits
True,2021-06-05 09:34:36,very short,True,False,1 commit
True,2021-06-05 10:56:24,very short,False,True,1 commit
True,2021-06-05 12:50:25,short,False,True,1 commit
True,2021-06-05 14:00:08,lengthy,False,False,1 commit
True,2021-06-05 15:08:27,lengthy,True,False,some commits
True,2021-06-05 15:50:15,very short,True,False,1 commit
True,2021-06-06 06:58:55,very short,True,False,1 commit
True,2021-06-07 18:29:19,very short,True,False,1 commit
True,2021-06-08 04:17:11,lengthy,False,True,1 commit
True,2021-06-08 05:08:08,very short,True,False,1 commit
True,2021-06-08 12:03:51,short,True,False,1 commit
True,2021-06-08 16:07:20,short,True,False,1 commit
False,2021-06-09 02:06:40,very short,False,True,1 commit
True,2021-06-09 09:44:48,very short,True,False,1 commit
True,2021-06-09 10:04:28,short,True,False,1 commit
False,2021-06-09 16:39:36,lengthy,False,True,1 commit
True,2021-06-10 15:17:18,very short,True,False,1 commit
False,2021-06-10 17:21:24,very short,False,True,1 commit
False,2021-06-11 00:04:38,lengthy,True,False,some commits
True,2021-06-11 06:48:56,lengthy,True,False,1 commit
True,2021-06-11 14:38:01,lengthy,True,False,some commits
False,2021-06-11 16:30:10,lengthy,True,False,some commits
False,2021-06-11 18:52:50,medium,True,False,some commits
True,2021-06-12 01:06:19,lengthy,True,False,1 commit
True,2021-06-12 14:19:39,very short,True,False,1 commit
True,2021-06-12 15:34:10,medium,True,False,1 commit
False,2021-06-12 17:26:51,lengthy,False,True,some commits
False,2021-06-14 14:34:04,lengthy,True,False,some commits
True,2021-06-16 14:26:42,medium,True,False,1 commit
False,2021-06-17 01:46:19,medium,False,False,1 commit
True,2021-06-17 11:33:20,medium,False,True,1 commit
True,2021-06-17 14:02:01,lengthy,True,False,1 commit
True,2021-06-17 15:37:34,lengthy,True,False,1 commit
True,2021-06-17 16:40:27,medium,True,False,1 commit
True,2021-06-17 20:32:33,medium,False,True,some commits
True,2021-06-17 21:58:00,medium,True,False,1 commit
True,2021-06-17 22:50:14,lengthy,False,True,some commits
True,2021-06-19 11:31:16,lengthy,True,False,1 commit
False,2021-06-19 15:56:52,very short,False,True,1 commit
False,2021-06-19 16:00:07,short,False,False,1 commit
True,2021-06-20 00:01:47,medium,True,False,1 commit
False,2021-06-20 00:58:27,short,False,True,1 commit
True,2021-06-20 18:17:25,medium,True,False,1 commit
True,2021-06-21 06:27:50,short,True,False,some commits
False,2021-06-21 09:49:25,very short,False,True,1 commit
True,2021-06-21 14:58:44,short,True,False,1 commit
False,2021-06-22 07:03:34,lengthy,False,True,many commits
True,2021-06-22 09:08:02,medium,True,False,some commits
False,2021-06-22 12:43:54,very short,False,True,1 commit
True,2021-06-24 10:52:09,very short,True,False,some commits
False,2021-06-24 11:40:59,very short,False,True,1 commit
True,2021-06-24 14:40:51,short,True,False,1 commit
True,2021-06-24 15:21:31,medium,False,True,1 commit
True,2021-06-26 05:38:46,medium,True,False,1 commit
True,2021-06-26 09:56:43,short,True,False,1 commit
True,2021-06-27 09:03:06,short,True,False,1 commit
False,2021-06-28 09:46:09,very short,False,True,1 commit
True,2021-06-28 13:08:38,short,True,False,1 commit
True,2021-06-28 13:36:42,very short,True,False,some commits
True,2021-06-28 14:08:55,short,True,False,1 commit
True,2021-06-28 14:24:53,very short,False,True,1 commit
False,2021-06-29 07:07:06,very short,False,True,many commits
False,2021-06-29 12:08:08,lengthy,True,False,1 commit
True,2021-06-29 14:44:04,very short,True,False,some commits
False,2021-06-29 15:11:03,medium,False,True,1 commit
True,2021-06-29 17:36:21,very short,True,False,1 commit
False,2021-06-30 08:21:40,very short,False,True,1 commit
True,2021-06-30 15:03:19,medium,False,True,some commits
True,2021-06-30 20:11:47,medium,True,False,1 commit
True,2021-06-30 21:27:18,very short,True,False,some commits
False,2021-07-01 07:10:06,very short,False,False,1 commit
True,2021-07-01 07:38:03,very short,True,False,1 commit
False,2021-07-01 10:31:48,very short,True,False,1 commit
True,2021-07-01 11:17:55,medium,True,False,some commits
False,2021-07-01 13:36:14,short,True,False,some commits
True,2021-07-02 10:01:12,very short,True,False,1 commit
True,2021-07-02 14:26:24,medium,True,False,1 commit
True,2021-07-02 17:46:06,short,True,False,1 commit
True,2021-07-02 21:54:03,lengthy,True,False,1 commit
True,2021-07-04 07:15:49,medium,True,False,1 commit
False,2021-07-04 12:58:41,very short,False,True,1 commit
True,2021-07-05 05:09:23,very short,False,False,1 commit
True,2021-07-05 10:01:56,very short,True,False,1 commit
False,2021-07-05 10:07:27,very short,True,False,1 commit
True,2021-07-05 10:36:33,very short,True,False,1 commit
False,2021-07-05 10:52:43,lengthy,True,False,1 commit
True,2021-07-05 21:07:41,medium,True,False,1 commit
True,2021-07-06 01:37:59,lengthy,True,False,some commits
False,2021-07-06 18:21:17,very short,True,False,1 commit
True,2021-07-07 07:32:23,very short,True,False,1 commit
False,2021-07-07 09:25:30,medium,False,True,1 commit
False,2021-07-07 11:39:37,very short,False,True,1 commit
False,2021-07-07 19:50:12,lengthy,True,False,some commits
True,2021-07-07 19:51:30,medium,False,True,1 commit
False,2021-07-08 12:38:14,very short,False,True,1 commit
False,2021-07-08 13:21:05,very short,False,True,1 commit
True,2021-07-08 15:27:47,lengthy,True,False,some commits
True,2021-07-08 21:08:55,very short,False,True,1 commit
True,2021-07-09 05:27:02,very short,True,False,1 commit
False,2021-07-09 08:29:43,very short,False,True,1 commit
False,2021-07-09 13:48:43,very short,False,True,some commits
True,2021-07-09 14:09:22,medium,False,True,some commits
True,2021-07-09 20:16:50,short,True,False,1 commit
False,2021-07-11 17:23:25,very short,False,True,1 commit
True,2021-07-12 11:26:33,lengthy,True,False,1 commit
False,2021-07-12 11:40:11,very short,False,True,many commits
True,2021-07-12 13:33:07,lengthy,True,False,some commits
False,2021-07-12 15:13:12,very short,False,True,some commits
True,2021-07-12 18:17:25,very short,True,False,1 commit
True,2021-07-12 19:25:27,very short,True,False,1 commit
True,2021-07-13 09:16:48,short,True,False,some commits
False,2021-07-13 13:00:30,very short,False,True,some commits
False,2021-07-13 13:33:46,lengthy,True,False,1 commit
True,2021-07-14 13:06:51,very short,True,False,1 commit
True,2021-07-14 13:22:46,very short,True,False,1 commit
True,2021-07-15 05:01:48,very short,False,True,1 commit
True,2021-07-15 13:45:41,lengthy,True,False,1 commit
True,2021-07-15 15:14:48,very short,True,False,some commits
False,2021-07-15 15:16:34,very short,False,False,1 commit
False,2021-07-15 16:58:29,very short,False,True,1 commit
True,2021-07-15 18:35:39,medium,False,True,1 commit
True,2021-07-15 21:22:59,very short,True,False,1 commit
True,2021-07-15 22:20:33,very short,True,False,1 commit
True,2021-07-15 22:45:37,very short,True,False,1 commit
True,2021-07-15 22:57:42,very short,True,False,1 commit
True,2021-07-16 09:07:35,medium,True,False,some commits
True,2021-07-16 12:03:41,lengthy,True,False,1 commit
False,2021-07-16 16:13:50,lengthy,True,False,1 commit
True,2021-07-16 16:56:54,very short,True,False,1 commit
False,2021-07-17 10:55:49,very short,False,False,1 commit
False,2021-07-17 16:03:40,very short,False,False,1 commit
True,2021-07-17 18:05:22,short,True,False,1 commit
True,2021-07-17 19:16:36,short,True,False,1 commit
True,2021-07-18 11:06:26,short,True,False,some commits
True,2021-07-18 13:21:53,very short,True,False,1 commit
True,2021-07-18 18:37:20,medium,True,False,some commits
True,2021-07-18 21:13:24,very short,True,False,1 commit
True,2021-07-19 00:13:56,very short,True,False,1 commit
True,2021-07-19 11:21:02,lengthy,True,False,some commits
True,2021-07-19 11:52:59,medium,False,True,1 commit
True,2021-07-19 12:47:11,very short,True,False,1 commit
True,2021-07-19 21:08:03,very short,True,False,some commits
False,2021-07-20 09:52:35,very short,False,False,1 commit
True,2021-07-20 10:47:34,medium,False,True,1 commit
False,2021-07-20 10:49:49,lengthy,True,False,many commits
True,2021-07-20 14:46:42,short,True,False,1 commit
False,2021-07-20 15:43:11,lengthy,True,False,many commits
False,2021-07-20 19:29:38,lengthy,False,True,1 commit
True,2021-07-20 21:37:16,lengthy,True,False,many commits
False,2021-07-22 00:27:47,very short,False,True,1 commit
True,2021-07-22 08:51:12,short,False,True,some commits
True,2021-07-22 11:17:54,very short,True,False,1 commit
False,2021-07-22 13:33:23,lengthy,True,False,1 commit
True,2021-07-23 08:49:46,short,True,False,1 commit
False,2021-07-23 10:31:07,very short,False,False,many commits
False,2021-07-23 10:40:23,lengthy,False,False,some commits
False,2021-07-23 11:59:07,lengthy,False,True,1 commit
True,2021-07-23 14:27:59,medium,True,False,some commits
False,2021-07-23 15:59:37,lengthy,True,False,1 commit
False,2021-07-24 00:29:36,lengthy,False,False,some commits
True,2021-07-24 06:21:01,short,True,False,1 commit
False,2021-07-24 12:51:14,very short,False,True,some commits
False,2021-07-24 17:13:02,lengthy,False,True,1 commit
True,2021-07-25 01:00:18,lengthy,False,True,some commits
False,2021-07-26 03:58:32,very short,False,True,1 commit
False,2021-07-26 06:03:01,very short,False,True,1 commit
True,2021-07-26 07:35:15,short,True,False,some commits
True,2021-07-26 14:43:20,short,True,False,some commits
True,2021-07-26 15:01:29,very short,True,False,1 commit
True,2021-07-26 17:00:31,short,True,False,some commits
True,2021-07-27 07:08:20,very short,True,False,1 commit
True,2021-07-27 10:57:39,very short,False,True,1 commit
True,2021-07-27 13:40:37,short,True,False,1 commit
True,2021-07-27 19:10:49,very short,False,True,1 commit
False,2021-07-27 22:15:46,very short,False,True,1 commit
True,2021-07-27 22:30:56,very short,True,False,1 commit
True,2021-07-28 07:35:06,very short,True,False,1 commit
True,2021-07-28 09:23:10,lengthy,True,False,1 commit
True,2021-07-28 21:21:05,medium,False,True,some commits
False,2021-07-29 00:16:58,very short,False,True,1 commit
True,2021-07-29 06:43:20,very short,True,False,some commits
True,2021-07-29 07:42:56,short,True,False,1 commit
False,2021-07-29 08:06:06,very short,True,False,some commits
True,2021-07-29 18:53:00,very short,True,False,some commits
False,2021-07-30 09:48:54,very short,False,True,1 commit
True,2021-07-30 12:55:18,medium,True,False,1 commit
True,2021-07-30 20:20:09,short,True,False,1 commit
True,2021-07-31 11:45:56,short,True,False,1 commit
True,2021-07-31 17:43:56,lengthy,True,False,1 commit
True,2021-08-01 04:18:20,short,True,False,some commits
True,2021-08-01 13:56:25,lengthy,True,False,1 commit
True,2021-08-01 21:24:36,lengthy,False,True,1 commit
False,2021-08-02 08:20:10,very short,False,False,1 commit
True,2021-08-02 15:15:17,short,True,False,some commits
False,2021-08-02 16:18:51,lengthy,False,True,some commits
False,2021-08-03 00:06:09,very short,True,False,1 commit
True,2021-08-03 04:27:52,medium,False,True,some commits
False,2021-08-03 05:57:00,lengthy,True,False,some commits
True,2021-08-03 08:06:40,very short,True,False,1 commit
True,2021-08-03 09:07:47,very short,True,False,some commits
False,2021-08-03 11:44:57,very short,False,True,1 commit
False,2021-08-03 14:34:23,lengthy,True,False,some commits
True,2021-08-03 16:15:47,lengthy,False,False,1 commit
True,2021-08-03 18:44:45,medium,True,False,1 commit
True,2021-08-03 20:08:58,lengthy,True,False,some commits
False,2021-08-03 21:42:50,lengthy,True,False,some commits
False,2021-08-03 23:06:06,very short,False,True,1 commit
True,2021-08-04 06:32:43,very short,True,False,some commits
False,2021-08-05 02:16:09,short,False,True,some commits
True,2021-08-05 16:36:44,medium,True,False,some commits
True,2021-08-06 10:59:18,short,False,True,some commits
True,2021-08-06 11:57:12,short,False,True,1 commit
True,2021-08-06 15:31:42,lengthy,True,False,1 commit
True,2021-08-07 14:53:57,lengthy,True,False,1 commit
True,2021-08-07 16:34:32,short,False,True,1 commit
True,2021-08-08 05:17:32,short,True,False,many commits
True,2021-08-08 14:04:22,very short,True,False,1 commit
True,2021-08-08 16:11:31,very short,True,False,1 commit
False,2021-08-09 04:43:04,lengthy,False,True,many commits
False,2021-08-09 13:46:20,very short,False,True,1 commit
True,2021-08-10 03:54:45,lengthy,True,False,1 commit
True,2021-08-10 08:02:57,very short,True,False,1 commit
True,2021-08-11 01:30:45,medium,True,False,many commits
True,2021-08-11 15:01:48,lengthy,False,False,1 commit
True,2021-08-11 15:59:21,lengthy,False,True,1 commit
True,2021-08-12 05:31:05,medium,True,False,1 commit
True,2021-08-12 05:59:11,medium,True,False,1 commit
False,2021-08-12 07:49:32,medium,False,True,some commits
True,2021-08-13 16:56:30,lengthy,True,False,1 commit
False,2021-08-14 10:14:59,very short,False,True,1 commit
True,2021-08-14 15:22:41,medium,True,False,1 commit
False,2021-08-14 17:04:27,lengthy,True,False,1 commit
True,2021-08-15 07:26:17,lengthy,False,True,1 commit
True,2021-08-15 16:29:28,medium,True,False,1 commit
True,2021-08-15 19:35:30,short,False,True,1 commit
False,2021-08-16 12:40:48,very short,False,True,1 commit
False,2021-08-17 14:30:08,lengthy,False,True,1 commit
True,2021-08-18 04:37:34,lengthy,True,False,some commits
False,2021-08-18 13:48:37,very short,False,False,some commits
True,2021-08-18 16:18:54,medium,False,True,1 commit
True,2021-08-18 21:32:42,very short,True,False,1 commit
False,2021-08-19 14:21:00,very short,True,False,1 commit
False,2021-08-20 18:00:05,lengthy,False,True,1 commit
False,2021-08-20 19:04:44,lengthy,True,False,1 commit
True,2021-08-21 15:31:20,lengthy,True,False,1 commit
False,2021-08-23 07:07:59,lengthy,False,False,many commits
True,2021-08-23 12:59:59,lengthy,True,False,1 commit
False,2021-08-23 15:26:15,very short,True,False,1 commit
False,2021-08-23 23:06:10,very short,False,True,many commits
True,2021-08-24 01:00:40,very short,True,False,1 commit
True,2021-08-24 05:43:13,short,False,True,1 commit
True,2021-08-24 09:25:15,medium,True,False,1 commit
False,2021-08-24 17:41:53,lengthy,False,True,1 commit
False,2021-08-24 18:43:35,very short,False,True,1 commit
True,2021-08-24 20:35:40,medium,False,True,1 commit
True,2021-08-25 11:46:39,very short,False,False,1 commit
False,2021-08-25 21:17:22,lengthy,True,False,1 commit
True,2021-08-26 13:11:26,lengthy,True,False,some commits
True,2021-08-26 15:45:15,very short,True,False,1 commit
True,2021-08-27 18:16:17,lengthy,True,False,some commits
False,2021-08-28 00:28:00,very short,False,False,some commits
False,2021-08-28 06:18:54,lengthy,True,False,1 commit
True,2021-08-30 11:13:07,very short,False,True,some commits
False,2021-08-30 16:35:45,lengthy,True,False,1 commit
True,2021-08-30 16:51:46,medium,False,True,1 commit
False,2021-08-30 17:19:55,very short,False,True,1 commit
False,2021-08-31 10:04:17,medium,False,True,some commits
False,2021-08-31 16:07:47,very short,False,True,1 commit
True,2021-08-31 18:33:01,medium,False,False,1 commit
True,2021-08-31 20:38:31,very short,True,False,1 commit
True,2021-09-01 07:26:52,lengthy,True,False,1 commit
True,2021-09-01 08:00:19,very short,True,False,1 commit
True,2021-09-01 12:53:15,lengthy,False,False,1 commit
True,2021-09-01 21:37:22,lengthy,False,True,1 commit
False,2021-09-02 02:03:46,lengthy,True,False,1 commit
False,2021-09-02 11:56:03,very short,False,False,1 commit
True,2021-09-03 09:40:33,lengthy,False,True,1 commit
False,2021-09-03 21:56:56,lengthy,False,True,1 commit
True,2021-09-04 16:54:26,very short,True,False,1 commit
True,2021-09-05 15:20:06,very short,True,False,1 commit
True,2021-09-05 19:40:28,very short,True,False,1 commit
True,2021-09-07 07:48:34,short,False,False,1 commit
False,2021-09-07 10:16:20,very short,False,False,1 commit
True,2021-09-07 20:55:14,short,False,True,1 commit
True,2021-09-08 00:36:16,medium,False,True,some commits
True,2021-09-08 11:59:11,very short,True,False,1 commit
True,2021-09-08 16:58:13,lengthy,True,False,1 commit
False,2021-09-09 04:21:25,very short,False,False,1 commit
True,2021-09-09 12:12:13,lengthy,True,False,1 commit
False,2021-09-09 13:33:58,lengthy,True,False,some commits
False,2021-09-10 11:58:45,very short,False,True,many commits
False,2021-09-10 15:00:20,very short,False,False,1 commit
True,2021-09-11 08:11:40,short,False,True,1 commit
True,2021-09-14 01:27:01,medium,True,False,1 commit
False,2021-09-14 12:56:25,very short,False,True,1 commit
True,2021-09-14 17:08:37,short,True,False,some commits
True,2021-09-16 08:35:47,medium,True,False,1 commit
True,2021-09-16 18:48:38,very short,False,True,1 commit
True,2021-09-17 09:54:06,medium,True,False,1 commit
False,2021-09-17 21:22:03,very short,False,True,1 commit
False,2021-09-18 08:41:55,short,False,True,some commits
False,2021-09-20 01:12:08,very short,False,True,1 commit
True,2021-09-20 14:04:14,short,True,False,1 commit
True,2021-09-20 19:03:15,very short,True,False,1 commit
True,2021-09-21 10:22:44,medium,True,False,1 commit
True,2021-09-21 13:15:34,very short,True,False,1 commit
True,2021-09-21 17:27:03,lengthy,False,False,1 commit
True,2021-09-22 03:20:48,very short,False,True,1 commit
True,2021-09-22 06:15:53,lengthy,False,True,1 commit
True,2021-09-22 11:20:14,very short,False,True,1 commit
True,2021-09-22 11:36:21,short,True,False,1 commit
False,2021-09-23 05:56:51,lengthy,False,True,1 commit
True,2021-09-23 10:19:54,very short,True,False,1 commit
False,2021-09-23 10:35:34,very short,False,True,1 commit
True,2021-09-23 16:43:07,very short,True,False,1 commit
True,2021-09-23 18:54:49,lengthy,True,False,1 commit
True,2021-09-24 08:26:45,medium,True,False,1 commit
True,2021-09-24 16:31:57,very short,True,False,1 commit
True,2021-09-24 20:08:24,medium,True,False,some commits
False,2021-09-24 23:37:51,short,True,False,1 commit
True,2021-09-25 04:01:45,medium,True,False,1 commit
True,2021-09-25 08:19:21,short,True,False,1 commit
True,2021-09-25 13:48:57,short,False,True,1 commit
True,2021-09-26 07:53:08,lengthy,True,False,1 commit
False,2021-09-26 14:33:55,very short,False,False,1 commit
True,2021-09-27 06:48:02,short,True,False,1 commit
False,2021-09-27 08:08:08,medium,True,False,1 commit
False,2021-09-27 11:07:16,lengthy,False,True,1 commit
False,2021-09-27 15:17:55,very short,False,True,1 commit
False,2021-09-28 00:56:34,very short,False,True,1 commit
True,2021-09-28 12:07:42,very short,False,True,1 commit
False,2021-09-28 16:42:25,very short,False,True,1 commit
True,2021-09-29 08:52:23,short,True,False,1 commit
False,2021-09-29 10:42:57,very short,False,False,1 commit
False,2021-09-29 20:08:56,very short,False,True,some commits
True,2021-09-29 22:00:15,very short,False,True,1 commit
True,2021-09-30 11:40:31,medium,True,False,1 commit
True,2021-09-30 13:50:54,very short,True,False,some commits
True,2021-09-30 19:26:20,lengthy,False,True,1 commit
True,2021-10-01 01:40:45,medium,True,False,1 commit
False,2021-10-01 09:19:34,very short,False,True,some commits
True,2021-10-02 06:17:41,medium,True,False,1 commit
True,2021-10-02 14:00:38,lengthy,False,True,1 commit
False,2021-10-02 16:50:36,very short,False,True,1 commit
True,2021-10-02 18:48:50,medium,True,False,some commits
False,2021-10-03 02:37:47,short,False,True,1 commit
True,2021-10-03 06:36:09,lengthy,False,True,some commits
True,2021-10-03 17:43:47,very short,False,False,some commits
True,2021-10-03 20:03:17,very short,True,False,1 commit
False,2021-10-04 03:37:26,very short,False,True,1 commit
True,2021-10-04 18:51:49,short,True,False,1 commit
True,2021-10-05 01:41:47,very short,True,False,1 commit
False,2021-10-05 08:45:12,lengthy,True,False,many commits
False,2021-10-05 11:39:38,very short,True,False,1 commit
True,2021-10-05 12:52:15,medium,False,True,1 commit
False,2021-10-05 14:44:12,lengthy,False,True,some commits
True,2021-10-05 21:22:40,very short,True,False,1 commit
False,2021-10-06 14:57:25,very short,False,True,1 commit
False,2021-10-06 15:37:11,very short,False,True,1 commit
True,2021-10-07 10:03:56,very short,False,False,1 commit
False,2021-10-07 23:24:44,lengthy,True,False,many commits
False,2021-10-08 00:21:12,lengthy,False,True,many commits
False,2021-10-08 09:47:41,lengthy,True,False,some commits
False,2021-10-08 13:03:16,very short,False,True,1 commit
True,2021-10-08 13:34:21,medium,True,False,some commits
False,2021-10-08 15:41:19,very short,False,True,1 commit
True,2021-10-08 18:48:19,short,True,False,1 commit
True,2021-10-09 14:58:03,short,False,True,1 commit
False,2021-10-09 15:43:16,very short,False,True,1 commit
True,2021-10-09 17:06:53,medium,True,False,1 commit
False,2021-10-09 21:19:13,lengthy,False,True,some commits
False,2021-10-10 13:12:11,short,False,False,1 commit
True,2021-10-11 04:15:07,lengthy,False,True,1 commit
False,2021-10-11 06:19:37,very short,False,True,1 commit
False,2021-10-11 14:45:10,very short,False,True,1 commit
False,2021-10-11 17:17:40,very short,True,False,1 commit
True,2021-10-12 08:12:43,medium,True,False,1 commit
True,2021-10-12 08:57:18,very short,True,False,1 commit
False,2021-10-12 14:15:39,lengthy,False,True,1 commit
True,2021-10-12 15:47:25,very short,False,False,1 commit
True,2021-10-12 19:14:35,short,True,False,some commits
True,2021-10-13 05:34:07,lengthy,True,False,1 commit
True,2021-10-13 21:04:09,lengthy,False,False,1 commit
True,2021-10-14 17:00:45,very short,True,False,1 commit
True,2021-10-14 17:16:26,very short,True,False,1 commit
True,2021-10-14 17:33:50,very short,True,False,1 commit
True,2021-10-15 09:28:48,medium,True,False,1 commit
False,2021-10-15 11:52:59,lengthy,False,False,many commits
True,2021-10-15 17:13:16,medium,True,False,1 commit
True,2021-10-15 20:19:33,short,True,False,1 commit
False,2021-10-16 08:54:43,very short,False,True,some commits
True,2021-10-16 09:31:21,lengthy,True,False,1 commit
False,2021-10-16 11:09:31,short,False,True,1 commit
True,2021-10-16 21:34:23,short,False,False,1 commit
False,2021-10-16 21:39:56,short,False,True,1 commit
False,2021-10-18 11:23:03,very short,False,True,1 commit
True,2021-10-18 16:07:48,very short,True,False,1 commit
True,2021-10-18 19:41:03,short,False,True,some commits
True,2021-10-19 12:45:47,medium,True,False,1 commit
False,2021-10-19 16:17:13,very short,False,True,1 commit
True,2021-10-19 18:05:00,very short,True,False,1 commit
False,2021-10-19 19:06:29,very short,False,True,1 commit
False,2021-10-20 14:02:37,very short,False,True,1 commit
False,2021-10-21 11:08:12,very short,False,True,1 commit
True,2021-10-22 06:01:35,very short,False,True,1 commit
True,2021-10-22 14:41:17,short,True,False,1 commit
True,2021-10-23 22:23:19,short,True,False,1 commit
False,2021-10-24 07:00:16,very short,False,True,some commits
True,2021-10-24 17:48:28,lengthy,True,False,1 commit
True,2021-10-26 01:58:12,very short,True,False,1 commit
False,2021-10-26 17:32:10,lengthy,True,False,1 commit
False,2021-10-27 14:35:52,very short,False,True,1 commit
True,2021-10-27 15:15:11,medium,True,False,1 commit
True,2021-10-27 19:31:31,lengthy,True,False,1 commit
True,2021-10-28 13:23:42,very short,True,False,1 commit
True,2021-10-28 14:46:06,lengthy,True,False,some commits
False,2021-10-28 15:37:21,very short,False,True,some commits
True,2021-10-28 18:57:26,very short,False,True,1 commit
True,2021-10-29 18:21:51,short,False,False,1 commit
False,2021-10-30 11:58:23,lengthy,False,False,1 commit
True,2021-10-30 15:21:38,medium,True,False,1 commit
True,2021-10-30 20:23:27,short,False,True,some commits
True,2021-10-30 21:52:31,medium,False,False,1 commit
True,2021-10-31 00:05:15,short,True,False,1 commit
False,2021-10-31 06:12:58,very short,False,True,1 commit
False,2021-10-31 13:24:32,very short,False,False,some commits
False,2021-10-31 16:25:11,very short,False,True,1 commit
True,2021-11-01 02:34:46,short,True,False,some commits
True,2021-11-02 21:13:21,very short,True,False,1 commit
True,2021-11-03 01:18:19,very short,True,False,1 commit
True,2021-11-03 05:01:16,very short,False,True,some commits
True,2021-11-03 12:45:41,very short,True,False,1 commit
True,2021-11-03 14:48:01,very short,True,False,1 commit
True,2021-11-03 14:57:03,very short,True,False,some commits
False,2021-11-04 09:13:39,very short,False,True,some commits
True,2021-11-04 09:39:09,very short,True,False,1 commit
True,2021-11-04 10:44:23,very short,True,False,1 commit
True,2021-11-04 14:12:31,very short,True,False,1 commit
True,2021-11-04 14:38:47,medium,True,False,1 commit
True,2021-11-04 17:15:53,very short,True,False,1 commit
True,2021-11-04 18:37:40,medium,True,False,1 commit
False,2021-11-05 10:31:59,very short,False,True,1 commit
False,2021-11-06 19:59:55,very short,False,True,1 commit
False,2021-11-06 20:05:07,very short,False,False,1 commit
True,2021-11-07 11:52:12,lengthy,True,False,1 commit
False,2021-11-08 02:59:57,very short,False,False,some commits
True,2021-11-09 07:40:39,lengthy,True,False,1 commit
True,2021-11-09 12:34:46,short,True,False,1 commit
True,2021-11-10 02:06:07,very short,True,False,1 commit
False,2021-11-10 09:29:18,medium,False,True,1 commit
True,2021-11-11 07:22:40,very short,True,False,1 commit
True,2021-11-11 09:33:09,very short,True,False,1 commit
False,2021-11-12 02:22:25,very short,False,False,some commits
True,2021-11-12 17:38:57,medium,False,False,1 commit
False,2021-11-12 20:25:05,very short,True,False,1 commit
True,2021-11-14 00:34:23,short,True,False,some commits
True,2021-11-14 16:39:04,short,False,True,1 commit
False,2021-11-15 04:52:17,very short,False,True,1 commit
False,2021-11-15 09:37:57,very short,False,False,1 commit
True,2021-11-15 14:57:51,short,False,True,1 commit
False,2021-11-17 11:26:44,very short,False,True,1 commit
True,2021-11-17 11:54:37,medium,True,False,1 commit
True,2021-11-17 21:30:07,lengthy,True,False,some commits
True,2021-11-18 07:51:51,very short,False,True,1 commit
True,2021-11-18 09:47:17,very short,True,False,1 commit
True,2021-11-19 14:16:47,medium,True,False,1 commit
True,2021-11-19 15:57:54,short,True,False,1 commit
True,2021-11-19 20:46:58,short,True,False,1 commit
True,2021-11-20 21:14:41,short,True,False,1 commit
True,2021-11-21 10:36:02,medium,True,False,some commits
False,2021-11-22 01:49:29,very short,False,False,1 commit
True,2021-11-22 05:22:09,short,True,False,some commits
True,2021-11-22 10:48:06,lengthy,True,False,some commits
True,2021-11-22 13:09:39,medium,True,False,1 commit
True,2021-11-22 19:35:12,short,False,True,1 commit
False,2021-11-23 09:45:09,very short,False,True,1 commit
False,2021-11-23 11:21:30,lengthy,False,True,1 commit
True,2021-11-23 15:00:52,very short,False,True,1 commit
True,2021-11-23 17:29:00,very short,False,False,1 commit
True,2021-11-24 00:01:12,very short,True,False,1 commit
True,2021-11-24 01:14:09,very short,True,False,1 commit
True,2021-11-24 14:09:29,very short,False,True,1 commit
False,2021-11-24 17:55:01,very short,False,False,some commits
True,2021-11-25 12:54:35,lengthy,True,False,some commits
True,2021-11-25 13:14:38,very short,True,False,1 commit
True,2021-11-25 15:50:24,lengthy,False,True,some commits
False,2021-11-25 18:52:11,medium,False,False,1 commit
True,2021-11-26 11:53:33,lengthy,True,False,some commits
True,2021-11-27 05:16:08,lengthy,False,True,1 commit
True,2021-11-27 10:32:52,medium,True,False,1 commit
True,2021-11-27 15:12:03,short,True,False,1 commit
True,2021-11-28 06:59:22,short,True,False,1 commit
True,2021-11-28 18:18:12,short,True,False,some commits
True,2021-11-28 19:33:25,medium,True,False,1 commit
True,2021-11-29 17:25:00,lengthy,True,False,some commits
False,2021-11-30 10:27:29,medium,True,False,1 commit
True,2021-12-01 06:07:50,short,True,False,some commits
True,2021-12-02 06:56:03,very short,False,True,1 commit
True,2021-12-02 12:07:13,medium,True,False,1 commit
False,2021-12-02 16:27:40,medium,False,True,1 commit
False,2021-12-02 23:30:59,very short,True,False,1 commit
True,2021-12-03 19:44:46,lengthy,False,True,1 commit
True,2021-12-04 20:28:39,short,True,False,1 commit
False,2021-12-05 07:19:00,lengthy,True,False,1 commit
False,2021-12-05 13:08:37,lengthy,True,False,1 commit
True,2021-12-05 21:42:04,medium,True,False,some commits
True,2021-12-06 00:18:49,short,True,False,1 commit
True,2021-12-06 02:32:28,lengthy,False,True,1 commit
True,2021-12-06 09:06:13,lengthy,False,True,1 commit
True,2021-12-06 20:08:13,lengthy,True,False,1 commit
True,2021-12-07 11:35:33,very short,True,False,1 commit
True,2021-12-08 13:48:26,very short,True,False,1 commit
True,2021-12-09 01:02:33,very short,False,False,1 commit
False,2021-12-09 03:21:12,very short,True,False,1 commit
False,2021-12-09 12:56:21,very short,False,True,1 commit
False,2021-12-09 14:37:09,lengthy,False,False,1 commit
True,2021-12-09 16:44:31,very short,True,False,some commits
True,2021-12-10 07:53:10,very short,True,False,1 commit
True,2021-12-10 09:20:33,lengthy,True,False,some commits
True,2021-12-10 11:32:55,medium,True,False,some commits
False,2021-12-10 12:24:20,lengthy,False,True,1 commit
False,2021-12-10 13:36:18,lengthy,True,False,some commits
True,2021-12-10 21:37:57,lengthy,True,False,1 commit
True,2021-12-10 22:36:04,short,False,True,1 commit
True,2021-12-11 18:23:14,short,True,False,some commits
True,2021-12-12 01:54:59,short,False,True,1 commit
True,2021-12-12 17:42:52,very short,False,True,1 commit
True,2021-12-13 11:17:57,medium,True,False,1 commit
True,2021-12-13 11:21:26,very short,True,False,1 commit
False,2021-12-13 12:12:49,very short,False,True,1 commit
False,2021-12-13 14:14:17,very short,True,False,1 commit
True,2021-12-13 15:46:59,lengthy,True,False,1 commit
True,2021-12-13 16:29:29,very short,True,False,some commits
False,2021-12-13 19:10:07,very short,False,True,some commits
True,2021-12-13 22:17:57,lengthy,True,False,1 commit
True,2021-12-13 22:54:46,lengthy,False,True,1 commit
True,2021-12-14 11:41:57,very short,True,False,some commits
False,2021-12-14 14:26:08,very short,False,True,1 commit
True,2021-12-14 15:11:19,lengthy,True,False,1 commit
True,2021-12-14 17:00:46,short,True,False,1 commit
True,2021-12-15 15:04:13,medium,False,False,1 commit
True,2021-12-15 16:13:02,lengthy,True,False,1 commit
True,2021-12-15 17:08:34,medium,False,False,1 commit
True,2021-12-16 00:55:17,short,True,False,1 commit
False,2021-12-17 14:36:40,very short,False,True,1 commit
False,2021-12-17 17:32:22,very short,False,False,1 commit
True,2021-12-18 18:28:29,short,True,False,some commits
True,2021-12-19 10:48:23,short,True,False,1 commit
True,2021-12-19 14:28:15,short,False,True,1 commit
False,2021-12-19 18:01:52,very short,False,True,1 commit
True,2021-12-19 22:17:54,short,True,False,1 commit
True,2021-12-20 03:10:54,lengthy,True,False,1 commit
True,2021-12-20 11:39:15,very short,False,True,1 commit
True,2021-12-20 17:27:56,very short,True,False,1 commit
True,2021-12-21 12:03:25,very short,True,False,1 commit
True,2021-12-21 22:04:10,very short,True,False,1 commit
True,2021-12-22 13:53:52,very short,True,False,1 commit
True,2021-12-22 15:05:33,lengthy,True,False,1 commit
False,2021-12-22 18:31:51,lengthy,True,False,some commits
False,2021-12-22 21:55:48,very short,False,True,many commits
False,2021-12-23 13:06:17,medium,True,False,1 commit
True,2021-12-23 17:39:59,lengthy,True,False,1 commit
False,2021-12-24 03:47:28,lengthy,False,True,1 commit
True,2021-12-24 14:23:28,medium,True,False,some commits
False,2021-12-24 19:09:17,very short,False,True,1 commit
True,2021-12-25 14:04:22,short,True,False,1 commit
False,2021-12-25 20:31:31,short,False,True,1 commit
True,2021-12-26 13:53:03,lengthy,True,False,1 commit
False,2021-12-27 09:30:55,lengthy,True,False,many commits
True,2021-12-27 11:55:00,short,True,False,1 commit
True,2021-12-27 18:06:21,lengthy,True,False,1 commit
True,2021-12-27 19:08:43,lengthy,False,False,1 commit
False,2021-12-27 21:09:38,lengthy,True,False,1 commit
True,2021-12-27 21:59:36,very short,True,False,1 commit
True,2021-12-28 02:36:47,lengthy,True,False,1 commit
False,2021-12-28 11:12:56,very short,True,False,1 commit
True,2021-12-28 15:51:06,short,True,False,1 commit
True,2021-12-28 21:10:55,very short,True,False,1 commit
True,2021-12-28 22:35:39,lengthy,True,False,1 commit
True,2021-12-29 07:40:45,very short,True,False,1 commit
True,2021-12-29 09:02:03,lengthy,False,True,1 commit
True,2021-12-30 09:22:53,very short,False,False,1 commit
False,2021-12-30 13:54:46,lengthy,True,False,1 commit
False,2021-12-31 13:34:26,lengthy,True,False,some commits
True,2021-12-31 16:11:53,short,True,False,1 commit
True,2022-01-01 05:50:13,medium,True,False,some commits
True,2022-01-01 09:57:13,short,True,False,1 commit
True,2022-01-01 13:11:06,medium,False,False,some commits
False,2022-01-01 17:15:35,medium,True,False,1 commit
True,2022-01-01 20:33:45,lengthy,True,False,some commits
True,2022-01-01 22:35:36,lengthy,True,False,1 commit
False,2022-01-02 14:49:11,lengthy,True,False,1 commit
True,2022-01-02 17:30:32,very short,True,False,1 commit
True,2022-01-02 21:33:22,lengthy,True,False,1 commit
True,2022-01-03 10:41:36,very short,True,False,1 commit
True,2022-01-03 12:14:06,very short,True,False,some commits
False,2022-01-04 11:03:41,very short,False,True,1 commit
True,2022-01-04 11:16:35,very short,False,True,1 commit
True,2022-01-04 12:25:05,short,True,False,1 commit
False,2022-01-04 17:24:31,lengthy,False,False,some commits
True,2022-01-04 19:32:26,very short,True,False,some commits
True,2022-01-04 22:17:34,short,False,True,1 commit
True,2022-01-06 14:33:26,medium,False,False,some commits
False,2022-01-06 18:59:07,very short,False,True,1 commit
True,2022-01-06 20:38:21,lengthy,False,True,1 commit
True,2022-01-07 07:49:00,very short,True,False,1 commit
True,2022-01-07 13:09:06,short,True,False,1 commit
True,2022-01-07 13:29:33,short,True,False,1 commit
False,2022-01-07 16:46:23,very short,False,False,1 commit
True,2022-01-10 00:19:09,very short,True,False,1 commit
True,2022-01-10 13:07:54,very short,True,False,1 commit
True,2022-01-10 16:52:22,very short,True,False,1 commit
True,2022-01-10 19:28:22,very short,False,True,1 commit
True,2022-01-11 09:19:14,lengthy,True,False,1 commit
True,2022-01-11 18:38:39,very short,True,False,1 commit
True,2022-01-11 21:39:49,very short,True,False,1 commit
True,2022-01-11 21:59:34,very short,False,True,1 commit
True,2022-01-12 06:57:22,very short,False,False,1 commit
False,2022-01-12 07:24:29,very short,False,False,1 commit
False,2022-01-12 11:15:56,very short,False,True,some commits
True,2022-01-12 12:06:19,very short,True,False,1 commit
True,2022-01-12 13:46:56,very short,True,False,1 commit
False,2022-01-12 16:15:38,lengthy,True,False,some commits
False,2022-01-13 11:27:30,medium,True,False,1 commit
True,2022-01-13 18:51:58,very short,True,False,1 commit
True,2022-01-14 04:36:43,very short,True,False,1 commit
True,2022-01-14 07:58:05,lengthy,True,False,1 commit
True,2022-01-14 12:56:39,lengthy,False,True,1 commit
False,2022-01-14 17:59:10,very short,False,True,1 commit
True,2022-01-14 23:43:34,short,False,True,1 commit
True,2022-01-15 20:17:45,lengthy,False,True,some commits
False,2022-01-16 23:20:59,very short,True,False,1 commit
False,2022-01-17 01:07:12,very short,True,False,1 commit
True,2022-01-17 10:12:43,short,True,False,1 commit
True,2022-01-17 15:02:10,short,False,True,1 commit
True,2022-01-17 20:49:48,very short,True,False,1 commit
True,2022-01-17 21:57:24,lengthy,True,False,1 commit
True,2022-01-18 09:08:32,very short,True,False,1 commit
True,2022-01-18 09:22:53,lengthy,True,False,1 commit
False,2022-01-18 23:58:33,lengthy,True,False,some commits
True,2022-01-19 15:02:50,medium,True,False,1 commit
True,2022-01-20 07:56:56,very short,False,True,1 commit
False,2022-01-20 13:03:39,lengthy,True,False,1 commit
True,2022-01-20 19:32:22,short,True,False,1 commit
False,2022-01-20 20:04:57,very short,False,False,1 commit
False,2022-01-21 03:59:58,very short,False,False,1 commit
False,2022-01-21 10:43:53,very short,False,True,1 commit
False,2022-01-21 17:41:12,short,False,True,1 commit
True,2022-01-21 22:38:12,lengthy,False,True,1 commit
True,2022-01-22 01:56:48,short,True,False,1 commit
True,2022-01-22 03:29:35,short,True,False,1 commit
True,2022-01-22 16:28:39,lengthy,True,False,1 commit
False,2022-01-23 19:03:08,very short,False,True,1 commit
True,2022-01-24 10:03:44,lengthy,True,False,1 commit
False,2022-01-24 10:18:27,very short,False,False,1 commit
True,2022-01-24 12:21:56,very short,True,False,1 commit
False,2022-01-25 18:11:44,lengthy,True,False,many commits
True,2022-01-25 18:18:42,very short,False,False,1 commit
True,2022-01-26 15:17:32,short,True,False,1 commit
True,2022-01-26 17:36:16,very short,True,False,1 commit
True,2022-01-26 22:31:29,lengthy,True,False,1 commit
False,2022-01-27 12:13:55,short,False,False,many commits
True,2022-01-27 13:44:35,very short,False,True,1 commit
False,2022-01-27 16:14:47,very short,False,True,1 commit
True,2022-01-27 19:02:49,short,True,False,1 commit
True,2022-01-28 03:06:43,very short,False,False,1 commit
True,2022-01-28 06:47:46,lengthy,True,False,1 commit
True,2022-01-29 13:59:36,very short,True,False,1 commit
True,2022-01-29 15:35:37,lengthy,True,False,1 commit
True,2022-01-30 15:46:58,medium,True,False,1 commit
True,2022-01-31 10:23:33,short,True,False,1 commit
True,2022-01-31 19:44:44,very short,False,True,1 commit
False,2022-02-01 11:44:32,lengthy,False,True,many commits
True,2022-02-01 18:29:41,very short,True,False,1 commit
True,2022-02-01 20:03:55,very short,True,False,1 commit
False,2022-02-01 20:59:18,very short,False,True,many commits
False,2022-02-01 22:59:00,very short,False,False,1 commit
True,2022-02-02 01:06:18,short,True,False,1 commit
True,2022-02-02 10:42:42,medium,True,False,many commits
True,2022-02-02 17:09:51,very short,True,False,1 commit
True,2022-02-02 18:12:48,medium,True,False,1 commit
True,2022-02-02 18:49:43,very short,False,True,1 commit
True,2022-02-02 19:26:36,medium,False,True,1 commit
True,2022-02-03 11:09:17,very short,True,False,1 commit
False,2022-02-04 05:11:09,medium,False,True,1 commit
False,2022-02-04 20:47:12,lengthy,False,True,1 commit
True,2022-02-05 05:51:27,very short,False,True,1 commit
True,2022-02-05 19:34:55,medium,True,False,1 commit
True,2022-02-05 20:16:29,lengthy,False,False,1 commit
True,2022-02-06 09:56:36,lengthy,False,True,1 commit
False,2022-02-06 19:59:52,lengthy,True,False,some commits
False,2022-02-06 21:22:09,medium,False,True,1 commit
False,2022-02-06 21:43:14,lengthy,True,False,many commits
False,2022-02-07 09:44:30,very short,False,True,1 commit
True,2022-02-07 16:01:30,very short,False,True,1 commit
True,2022-02-07 16:41:33,short,False,True,1 commit
True,2022-02-08 14:34:04,short,True,False,1 commit
True,2022-02-08 15:59:00,very short,False,True,1 commit
True,2022-02-09 06:44:32,very short,True,False,1 commit
True,2022-02-09 15:13:09,medium,True,False,1 commit
False,2022-02-10 20:17:16,lengthy,True,False,1 commit
True,2022-02-12 12:59:51,short,False,True,1 commit
True,2022-02-12 18:04:08,very short,True,False,1 commit
True,2022-02-13 10:23:00,lengthy,True,False,1 commit
False,2022-02-13 12:43:38,lengthy,False,True,1 commit
True,2022-02-13 16:39:02,medium,True,False,1 commit
True,2022-02-14 02:51:14,lengthy,True,False,1 commit
False,2022-02-15 19:36:15,very short,False,True,1 commit
False,2022-02-15 22:02:20,very short,False,True,1 commit
True,2022-02-16 10:55:02,very short,True,False,1 commit
True,2022-02-17 08:52:06,very short,True,False,1 commit
False,2022-02-17 19:58:34,very short,False,True,some commits
True,2022-02-17 21:01:01,very short,True,False,1 commit
True,2022-02-18 01:44:35,very short,True,False,1 commit
True,2022-02-18 17:36:06,lengthy,False,True,1 commit
True,2022-02-18 18:49:34,short,True,False,some commits
True,2022-02-18 19:29:03,medium,True,False,1 commit
True,2022-02-18 20:26:32,short,True,False,1 commit
False,2022-02-19 04:18:43,lengthy,False,False,1 commit
True,2022-02-19 13:16:45,short,False,True,1 commit
True,2022-02-20 10:50:00,very short,False,True,1 commit
False,2022-02-20 12:22:46,very short,False,True,1 commit
False,2022-02-21 00:18:57,very short,False,False,1 commit
True,2022-02-21 01:39:44,short,True,False,1 commit
True,2022-02-21 15:34:32,medium,False,False,1 commit
True,2022-02-21 15:56:57,short,True,False,1 commit
True,2022-02-22 15:51:31,very short,True,False,1 commit
True,2022-02-22 18:03:04,medium,True,False,1 commit
True,2022-02-23 10:56:30,very short,True,False,1 commit
True,2022-02-23 19:44:52,very short,False,True,1 commit
False,2022-02-24 06:21:42,lengthy,False,True,many commits
True,2022-02-26 11:19:22,very short,False,True,1 commit
True,2022-02-26 15:38:46,medium,True,False,many commits
True,2022-02-27 03:00:31,short,True,False,1 commit
False,2022-02-27 11:55:50,very short,False,True,1 commit
False,2022-02-28 02:48:10,very short,False,False,1 commit
False,2022-02-28 06:08:54,very short,False,True,1 commit
True,2022-03-01 17:21:29,medium,True,False,some commits
True,2022-03-01 17:34:03,short,True,False,1 commit
True,2022-03-03 01:53:38,medium,False,True,some commits
True,2022-03-03 17:34:33,very short,True,False,1 commit
False,2022-03-04 10:13:09,very short,False,True,1 commit
False,2022-03-04 10:36:01,very short,False,True,1 commit
True,2022-03-04 13:25:03,short,True,False,some commits
False,2022-03-04 15:50:24,lengthy,True,False,1 commit
True,2022-03-05 16:10:45,lengthy,False,False,some commits
True,2022-03-07 21:17:21,lengthy,True,False,some commits
False,2022-03-07 22:33:38,short,False,True,1 commit
True,2022-03-08 11:04:32,medium,True,False,some commits
True,2022-03-08 16:04:35,very short,True,False,1 commit
True,2022-03-08 18:55:08,short,False,False,1 commit
True,2022-03-08 21:10:46,very short,True,False,1 commit
True,2022-03-08 21:17:41,very short,True,False,1 commit
False,2022-03-09 16:17:59,very short,False,True,1 commit
True,2022-03-09 20:55:26,very short,True,False,1 commit
True,2022-03-10 18:35:33,lengthy,False,False,1 commit
True,2022-03-10 19:47:15,very short,True,False,1 commit
True,2022-03-10 22:32:35,very short,True,False,1 commit
True,2022-03-12 06:22:37,medium,True,False,1 commit
True,2022-03-12 12:04:31,short,True,False,1 commit
True,2022-03-12 12:20:24,lengthy,True,False,1 commit
True,2022-03-13 19:42:21,lengthy,True,False,many commits
True,2022-03-13 21:38:30,very short,False,False,some commits
True,2022-03-14 09:17:21,very short,False,True,1 commit
False,2022-03-14 10:08:05,very short,False,True,1 commit
True,2022-03-14 14:25:14,lengthy,True,False,some commits
True,2022-03-16 01:24:18,short,True,False,some commits
False,2022-03-16 13:09:50,very short,True,False,some commits
True,2022-03-16 14:17:01,very short,False,True,1 commit
True,2022-03-16 15:06:57,very short,True,False,some commits
True,2022-03-16 20:53:41,very short,True,False,1 commit
True,2022-03-17 12:18:06,lengthy,False,True,1 commit
False,2022-03-18 09:22:09,very short,False,True,some commits
True,2022-03-18 10:39:26,short,False,True,some commits
True,2022-03-18 12:42:54,short,True,False,1 commit
True,2022-03-18 17:14:56,medium,False,False,1 commit
True,2022-03-18 21:06:28,medium,False,True,1 commit
False,2022-03-20 14:37:52,lengthy,False,True,many commits
True,2022-03-21 19:08:19,very short,True,False,1 commit
True,2022-03-22 08:59:24,very short,True,False,1 commit
True,2022-03-23 15:06:01,very short,True,False,1 commit
True,2022-03-25 08:00:35,lengthy,True,False,1 commit
False,2022-03-26 09:52:14,short,False,True,1 commit
False,2022-03-26 10:14:20,very short,False,True,1 commit
False,2022-03-26 14:09:21,short,False,True,1 commit
True,2022-03-26 20:06:33,medium,False,True,1 commit
True,2022-03-29 23:58:51,medium,True,False,1 commit
True,2022-03-31 07:03:01,medium,True,False,1 commit
True,2022-03-31 12:37:13,very short,True,False,1 commit
True,2022-04-01 18:29:04,medium,True,False,1 commit
True,2022-04-06 02:48:01,short,True,False,1 commit
False,2022-04-07 15:46:58,very short,False,True,1 commit
False,2022-04-07 16:33:34,very short,False,True,1 commit
False,2022-04-07 22:26:50,lengthy,False,True,many commits
True,2022-04-08 06:55:17,medium,False,False,1 commit
True,2022-04-08 14:44:46,medium,False,True,some commits
True,2022-04-08 18:11:49,lengthy,True,False,1 commit
True,2022-04-09 09:38:31,short,False,False,1 commit
False,2022-04-09 15:43:16,lengthy,False,False,1 commit
False,2022-04-09 17:11:10,lengthy,True,False,1 commit
True,2022-04-11 12:33:28,very short,True,False,some commits
False,2022-04-11 14:52:09,very short,False,False,1 commit
False,2022-04-11 15:09:33,very short,False,True,1 commit
False,2022-04-11 17:18:09,very short,False,True,1 commit
True,2022-04-12 05:04:02,lengthy,False,True,1 commit
True,2022-04-12 08:57:25,very short,False,True,1 commit
True,2022-04-12 11:24:00,short,True,False,1 commit
True,2022-04-12 19:54:59,very short,True,False,1 commit
False,2022-04-13 01:31:18,very short,False,True,1 commit
False,2022-04-13 08:46:39,very short,True,False,1 commit
True,2022-04-13 15:36:23,very short,True,False,1 commit
True,2022-04-14 00:22:55,very short,True,False,some commits
True,2022-04-14 08:22:44,medium,True,False,1 commit
True,2022-04-14 17:32:05,short,False,False,some commits
False,2022-04-14 18:37:01,lengthy,True,False,some commits
True,2022-04-14 23:05:36,short,False,True,1 commit
True,2022-04-15 12:18:50,medium,True,False,1 commit
False,2022-04-15 13:15:43,very short,False,True,1 commit
True,2022-04-16 17:31:19,short,True,False,1 commit
True,2022-04-16 18:31:39,medium,True,False,many commits
True,2022-04-18 12:38:21,lengthy,True,False,1 commit
True,2022-04-19 09:37:08,very short,False,True,1 commit
True,2022-04-19 11:27:01,short,True,False,1 commit
True,2022-04-19 18:01:31,very short,True,False,1 commit
True,2022-04-20 07:20:56,very short,True,False,some commits
True,2022-04-20 10:09:12,very short,True,False,1 commit
True,2022-04-20 20:17:46,very short,True,False,some commits
True,2022-04-22 06:52:15,medium,False,False,1 commit
True,2022-04-22 12:44:21,lengthy,True,False,1 commit
True,2022-04-22 13:58:59,very short,True,False,1 commit
True,2022-04-23 21:58:24,medium,True,False,1 commit
True,2022-04-25 19:40:38,very short,False,True,1 commit
False,2022-04-26 11:37:58,lengthy,True,False,1 commit
False,2022-04-26 12:09:19,very short,False,True,1 commit
True,2022-04-26 15:15:23,short,False,True,1 commit
False,2022-04-26 18:30:47,medium,True,False,1 commit
False,2022-04-27 07:03:42,lengthy,False,True,1 commit
True,2022-04-28 19:41:01,very short,False,True,1 commit
True,2022-04-29 06:30:28,medium,True,False,1 commit
True,2022-04-29 14:45:14,very short,False,True,1 commit
True,2022-04-30 16:00:38,short,True,False,1 commit
False,2022-05-01 12:04:50,lengthy,True,False,some commits
True,2022-05-02 01:47:24,very short,True,False,1 commit
True,2022-05-02 03:46:31,lengthy,True,False,1 commit
True,2022-05-02 12:47:05,short,True,False,1 commit
True,2022-05-02 15:23:46,lengthy,True,False,some commits
True,2022-05-03 05:11:28,very short,True,False,1 commit
True,2022-05-04 03:36:00,very short,True,False,1 commit
True,2022-05-04 09:57:56,short,True,False,1 commit
True,2022-05-04 11:13:12,very short,False,True,1 commit
True,2022-05-05 09:36:55,very short,False,True,1 commit
True,2022-05-05 16:42:02,medium,False,False,1 commit
True,2022-05-05 19:24:51,lengthy,True,False,1 commit
True,2022-05-06 06:03:03,very short,True,False,1 commit
True,2022-05-06 20:12:26,lengthy,True,False,some commits
False,2022-05-06 20:15:47,lengthy,False,False,many commits
True,2022-05-08 00:32:56,short,False,True,1 commit
False,2022-05-08 16:16:30,very short,False,True,1 commit
False,2022-05-09 12:18:00,very short,False,True,some commits
True,2022-05-09 16:25:40,medium,True,False,1 commit
True,2022-05-10 15:12:40,lengthy,True,False,1 commit
True,2022-05-12 11:03:23,very short,True,False,1 commit
True,2022-05-12 11:04:45,short,True,False,1 commit
True,2022-05-12 12:52:50,lengthy,True,False,1 commit
False,2022-05-12 14:37:53,very short,False,True,1 commit
True,2022-05-12 22:37:00,lengthy,True,False,1 commit
False,2022-05-13 03:18:10,very short,False,True,1 commit
True,2022-05-13 21:36:09,medium,True,False,1 commit
True,2022-05-14 01:52:42,short,True,False,1 commit
True,2022-05-16 07:58:51,very short,True,False,1 commit
True,2022-05-16 15:58:26,short,False,True,1 commit
True,2022-05-17 05:47:51,medium,False,True,1 commit
True,2022-05-17 10:27:23,very short,True,False,1 commit
True,2022-05-17 11:20:20,very short,True,False,1 commit
True,2022-05-17 14:14:30,lengthy,True,False,1 commit
False,2022-05-18 06:14:59,lengthy,False,True,1 commit
True,2022-05-18 07:19:26,lengthy,False,True,some commits
True,2022-05-18 07:56:34,very short,True,False,1 commit
False,2022-05-18 13:04:50,lengthy,True,False,1 commit
True,2022-05-18 13:19:42,very short,True,False,1 commit
False,2022-05-18 19:12:07,lengthy,True,False,some commits
True,2022-05-19 19:49:26,very short,True,False,1 commit
True,2022-05-20 09:37:06,very short,False,True,1 commit
True,2022-05-20 09:37:24,short,False,True,1 commit
True,2022-05-20 14:25:27,very short,False,True,1 commit
False,2022-05-20 16:38:11,lengthy,False,True,1 commit
False,2022-05-20 17:37:30,lengthy,False,True,many commits
False,2022-05-21 01:07:50,very short,False,True,1 commit
False,2022-05-21 15:38:52,very short,False,True,1 commit
False,2022-05-21 17:04:09,very short,False,True,some commits
True,2022-05-22 06:28:43,medium,True,False,some commits
True,2022-05-22 21:23:41,very short,True,False,1 commit
False,2022-05-23 06:42:37,very short,True,False,1 commit
False,2022-05-23 09:55:26,lengthy,False,True,many commits
False,2022-05-23 14:49:36,very short,False,True,some commits
False,2022-05-23 20:30:20,very short,False,True,1 commit
True,2022-05-23 22:08:02,medium,True,False,1 commit
True,2022-05-24 12:30:05,medium,False,True,some commits
True,2022-05-24 12:58:31,short,True,False,some commits
True,2022-05-25 22:50:03,very short,True,False,1 commit
True,2022-05-26 12:46:08,lengthy,False,True,1 commit
True,2022-05-26 14:44:54,lengthy,True,False,1 commit
False,2022-05-27 06:35:16,very short,False,True,many commits
True,2022-05-27 12:16:42,medium,True,False,1 commit
True,2022-05-27 13:20:14,medium,True,False,1 commit
True,2022-05-27 17:30:13,medium,False,False,1 commit
True,2022-05-28 09:35:30,medium,True,False,1 commit
True,2022-05-28 09:52:42,short,True,False,1 commit
True,2022-05-29 04:13:49,lengthy,True,False,1 commit
True,2022-05-29 14:14:37,short,True,False,1 commit
True,2022-05-30 20:49:39,very short,False,True,1 commit
True,2022-05-31 14:32:38,lengthy,True,False,some commits
False,2022-05-31 15:08:17,lengthy,False,True,some commits
False,2022-06-01 14:42:09,very short,False,True,1 commit
True,2022-06-01 15:14:41,very short,True,False,1 commit
False,2022-06-02 12:06:50,very short,False,True,many commits
True,2022-06-02 13:41:54,very short,False,False,1 commit
True,2022-06-02 14:34:48,very short,True,False,1 commit
True,2022-06-02 19:00:43,very short,True,False,1 commit
True,2022-06-02 20:02:56,lengthy,True,False,some commits
True,2022-06-02 22:16:53,medium,True,False,1 commit
True,2022-06-03 02:33:19,lengthy,False,True,1 commit
True,2022-06-03 05:33:45,very short,True,False,1 commit
True,2022-06-03 11:07:11,very short,True,False,1 commit
False,2022-06-03 12:26:33,lengthy,False,True,1 commit
True,2022-06-05 19:34:14,medium,False,True,some commits
False,2022-06-06 01:44:34,very short,False,False,1 commit
True,2022-06-07 16:12:45,lengthy,False,True,1 commit
False,2022-06-09 14:46:34,very short,True,False,1 commit
True,2022-06-13 01:18:15,short,False,True,1 commit
True,2022-06-13 03:52:20,very short,False,True,1 commit
True,2022-06-14 01:03:09,short,False,True,some commits
True,2022-06-16 05:34:00,medium,True,False,1 commit
True,2022-06-16 14:34:06,very short,False,True,1 commit
True,2022-06-16 16:39:05,medium,True,False,1 commit
False,2022-06-17 11:56:59,very short,False,True,1 commit
False,2022-06-17 23:44:03,short,False,True,some commits
True,2022-06-18 11:39:08,very short,False,False,1 commit
True,2022-06-18 19:39:34,short,False,False,some commits
True,2022-06-20 16:56:30,short,True,False,1 commit
True,2022-06-20 21:18:33,lengthy,False,False,1 commit
True,2022-06-21 07:54:17,very short,True,False,1 commit
True,2022-06-23 06:37:14,lengthy,True,False,1 commit
True,2022-06-23 07:03:49,very short,False,True,1 commit
True,2022-06-23 08:59:04,medium,True,False,some commits
False,2022-06-23 21:48:12,lengthy,False,True,1 commit
True,2022-06-24 11:03:29,very short,False,True,some commits
True,2022-06-24 18:39:41,medium,False,False,some commits
True,2022-06-24 19:14:39,medium,True,False,1 commit
False,2022-06-24 21:47:31,very short,False,True,1 commit
True,2022-06-27 02:15:54,short,True,False,1 commit
False,2022-06-28 18:22:56,short,False,True,1 commit
False,2022-06-28 19:54:13,lengthy,True,False,some commits
True,2022-06-30 00:47:32,short,True,False,1 commit
True,2022-06-30 12:46:47,lengthy,False,True,some commits
False,2022-07-01 22:26:59,very short,False,True,1 commit
True,2022-07-02 18:01:32,medium,True,False,some commits
False,2022-07-03 17:23:01,short,False,True,1 commit
True,2022-07-03 19:10:56,very short,False,True,1 commit
True,2022-07-04 17:47:22,very short,False,False,1 commit
True,2022-07-04 18:29:53,short,False,False,1 commit
False,2022-07-05 16:43:48,very short,False,True,1 commit
False,2022-07-05 16:52:47,very short,False,True,some commits
True,2022-07-07 02:26:49,short,True,False,1 commit
True,2022-07-07 13:47:59,lengthy,True,False,some commits
True,2022-07-09 17:35:19,medium,True,False,1 commit
False,2022-07-10 08:25:22,short,False,False,1 commit
True,2022-07-10 16:31:39,very short,False,True,1 commit
True,2022-07-11 02:12:20,lengthy,True,False,1 commit
True,2022-07-11 17:13:53,very short,True,False,1 commit
True,2022-07-12 06:25:52,lengthy,False,True,1 commit
False,2022-07-12 20:14:23,lengthy,False,True,some commits
True,2022-07-13 12:27:09,lengthy,True,False,1 commit
False,2022-07-13 13:37:41,very short,False,True,1 commit
True,2022-07-14 20:52:17,lengthy,True,False,some commits
False,2022-07-15 02:50:09,very short,False,True,1 commit
False,2022-07-15 15:08:04,very short,False,True,many commits
True,2022-07-15 22:44:58,very short,True,False,1 commit
True,2022-07-18 01:36:33,very short,False,True,1 commit
False,2022-07-18 22:43:30,very short,False,True,1 commit
False,2022-07-18 23:18:23,very short,False,True,1 commit
False,2022-07-19 15:30:33,lengthy,False,True,1 commit
True,2022-07-19 18:12:28,short,False,True,some commits
True,2022-07-20 12:58:04,lengthy,True,False,1 commit
True,2022-07-21 10:27:24,medium,True,False,1 commit
True,2022-07-21 17:40:22,very short,False,True,some commits
True,2022-07-22 06:52:14,lengthy,False,True,1 commit
True,2022-07-22 12:18:04,short,True,False,1 commit
False,2022-07-22 15:15:08,very short,False,False,1 commit
True,2022-07-22 22:05:16,very short,True,False,1 commit
True,2022-07-23 09:54:58,very short,True,False,1 commit
True,2022-07-23 10:47:11,very short,True,False,1 commit
True,2022-07-23 17:03:53,lengthy,True,False,some commits
True,2022-07-23 18:18:46,short,True,False,1 commit
False,2022-07-23 21:35:28,short,False,True,1 commit
False,2022-07-23 22:15:38,short,False,True,1 commit
True,2022-07-23 23:42:37,short,True,False,1 commit
False,2022-07-25 12:13:32,very short,False,False,some commits
False,2022-07-25 12:53:07,lengthy,False,False,1 commit
True,2022-07-25 16:41:11,very short,True,False,1 commit
True,2022-07-25 19:08:55,very short,True,False,1 commit
False,2022-07-25 21:16:39,lengthy,True,False,1 commit
False,2022-07-26 00:06:51,short,False,True,some commits
False,2022-07-26 23:23:44,very short,False,True,1 commit
False,2022-07-28 10:23:19,medium,False,False,1 commit
False,2022-07-28 15:25:22,very short,False,False,some commits
True,2022-07-29 06:22:25,very short,False,True,1 commit
True,2022-07-29 16:37:46,short,True,False,1 commit
False,2022-07-29 19:08:42,very short,False,False,1 commit
False,2022-07-30 10:07:45,very short,False,True,1 commit
True,2022-07-31 08:06:28,short,True,False,1 commit
True,2022-07-31 08:37:11,very short,True,False,1 commit
False,2022-07-31 14:35:30,very short,False,True,some commits
False,2022-08-01 17:41:06,very short,False,True,1 commit
False,2022-08-02 16:20:30,very short,True,False,1 commit
True,2022-08-03 13:40:42,very short,True,False,1 commit
True,2022-08-03 13:44:01,very short,False,True,1 commit
False,2022-08-03 13:46:48,very short,False,False,1 commit
True,2022-08-03 13:47:40,very short,True,False,1 commit
True,2022-08-03 15:51:55,very short,False,True,some commits
False,2022-08-04 09:46:09,very short,True,False,1 commit
True,2022-08-04 18:59:18,medium,False,True,1 commit
True,2022-08-05 07:30:26,very short,False,False,1 commit
False,2022-08-05 11:42:37,very short,False,True,1 commit
False,2022-08-05 13:02:52,lengthy,False,True,1 commit
True,2022-08-06 01:33:25,medium,True,False,1 commit
True,2022-08-06 13:47:53,short,False,True,1 commit
True,2022-08-06 17:18:02,short,True,False,1 commit
True,2022-08-07 15:26:41,short,True,False,1 commit
True,2022-08-08 05:56:00,short,True,False,some commits
True,2022-08-08 08:15:10,very short,False,True,1 commit
False,2022-08-09 13:37:06,very short,False,True,some commits
True,2022-08-09 18:35:54,lengthy,True,False,1 commit
True,2022-08-10 01:30:33,medium,True,False,1 commit
False,2022-08-10 04:18:18,medium,False,True,1 commit
True,2022-08-10 08:22:12,very short,True,False,some commits
False,2022-08-10 09:22:04,very short,True,False,1 commit
False,2022-08-10 15:22:49,very short,False,True,1 commit
False,2022-08-10 20:56:07,lengthy,False,True,some commits
False,2022-08-11 08:09:51,very short,True,False,1 commit
False,2022-08-11 13:57:47,very short,False,True,1 commit
False,2022-08-11 16:18:57,lengthy,False,False,many commits
False,2022-08-11 18:12:52,very short,False,False,1 commit
False,2022-08-11 18:23:29,lengthy,False,True,some commits
True,2022-08-12 10:22:54,very short,True,False,1 commit
True,2022-08-12 14:34:19,short,False,True,1 commit
True,2022-08-12 18:23:29,very short,False,True,1 commit
False,2022-08-12 19:24:48,lengthy,True,False,many commits
True,2022-08-13 06:18:25,short,True,False,1 commit
False,2022-08-13 21:37:25,lengthy,False,True,1 commit
True,2022-08-14 09:24:00,very short,False,True,1 commit
True,2022-08-14 13:17:01,short,True,False,some commits
True,2022-08-15 11:36:25,very short,True,False,1 commit
True,2022-08-17 11:22:23,very short,False,True,1 commit
True,2022-08-17 16:06:04,short,True,False,1 commit
True,2022-08-17 23:00:02,very short,True,False,1 commit
False,2022-08-18 00:49:57,very short,False,True,some commits
True,2022-08-18 01:11:18,medium,True,False,some commits
False,2022-08-18 06:48:29,very short,False,True,many commits
True,2022-08-19 18:10:02,medium,True,False,1 commit
True,2022-08-21 12:03:49,lengthy,True,False,some commits
False,2022-08-21 17:39:34,lengthy,False,False,some commits
False,2022-08-21 18:05:24,lengthy,False,False,some commits
True,2022-08-21 18:51:09,medium,False,False,1 commit
True,2022-08-21 19:34:53,short,False,True,1 commit
True,2022-08-21 20:26:55,medium,False,True,some commits
True,2022-08-22 13:19:01,short,True,False,1 commit
True,2022-08-22 14:05:23,very short,False,True,some commits
True,2022-08-22 16:21:53,short,True,False,1 commit
False,2022-08-22 19:57:28,lengthy,False,False,many commits
True,2022-08-22 21:31:14,very short,True,False,1 commit
True,2022-08-23 00:00:06,medium,True,False,1 commit
False,2022-08-23 06:08:41,short,False,True,1 commit
True,2022-08-23 10:07:03,very short,True,False,1 commit
True,2022-08-24 03:32:08,very short,True,False,1 commit
True,2022-08-24 09:08:12,very short,False,False,1 commit
True,2022-08-24 12:57:23,lengthy,False,False,some commits
True,2022-08-24 13:40:21,short,True,False,1 commit
False,2022-08-24 16:45:31,medium,True,False,1 commit
True,2022-08-24 18:55:30,short,True,False,1 commit
True,2022-08-25 06:53:45,very short,True,False,1 commit
True,2022-08-25 19:56:34,lengthy,True,False,1 commit
True,2022-08-26 13:11:53,short,False,True,1 commit
True,2022-08-26 15:02:17,medium,True,False,1 commit
False,2022-08-27 16:37:23,lengthy,False,True,1 commit
True,2022-08-28 20:25:23,short,False,True,some commits
False,2022-08-29 10:29:17,very short,False,True,1 commit
False,2022-08-29 12:06:41,very short,False,False,1 commit
True,2022-08-30 17:29:45,lengthy,True,False,1 commit
False,2022-08-30 19:09:14,very short,False,True,1 commit
True,2022-08-31 08:34:02,very short,True,False,1 commit
False,2022-08-31 12:23:31,lengthy,False,True,some commits
True,2022-08-31 22:12:28,very short,True,False,1 commit
False,2022-09-02 10:32:53,lengthy,True,False,some commits
True,2022-09-03 10:30:10,lengthy,False,True,1 commit
True,2022-09-03 14:20:37,short,False,True,1 commit
False,2022-09-05 05:02:38,very short,False,True,1 commit
True,2022-09-05 09:54:23,lengthy,True,False,1 commit
True,2022-09-06 09:54:57,short,False,True,1 commit
False,2022-09-06 11:27:47,very short,False,True,some commits
True,2022-09-06 16:54:19,very short,False,False,1 commit
True,2022-09-07 03:55:05,very short,True,False,1 commit
True,2022-09-08 02:36:21,very short,True,False,1 commit
True,2022-09-08 14:09:43,medium,True,False,1 commit
True,2022-09-09 04:31:53,medium,True,False,some commits
True,2022-09-09 10:07:29,very short,True,False,1 commit
True,2022-09-09 10:24:37,very short,False,True,1 commit
False,2022-09-09 13:30:17,lengthy,False,True,some commits
False,2022-09-09 14:22:39,lengthy,False,True,some commits
False,2022-09-09 22:45:57,very short,True,False,1 commit
True,2022-09-10 13:27:38,short,False,True,some commits
False,2022-09-10 21:03:39,lengthy,True,False,many commits
False,2022-09-12 18:43:50,very short,False,True,1 commit
False,2022-09-13 07:54:38,very short,False,True,1 commit
False,2022-09-13 08:47:12,very short,False,False,1 commit
True,2022-09-13 13:33:38,lengthy,True,False,1 commit
True,2022-09-14 11:10:36,short,False,False,some commits
True,2022-09-14 12:26:52,lengthy,True,False,1 commit
True,2022-09-14 18:33:22,very short,False,True,1 commit
False,2022-09-16 07:49:50,very short,False,False,some commits
True,2022-09-16 12:25:04,very short,False,True,1 commit
False,2022-09-16 14:17:17,very short,False,False,1 commit
True,2022-09-16 15:03:46,short,False,True,1 commit
True,2022-09-16 18:32:06,very short,True,False,1 commit
True,2022-09-16 19:47:22,very short,True,False,1 commit
True,2022-09-17 06:28:40,very short,False,True,1 commit
True,2022-09-17 16:01:21,lengthy,True,False,1 commit
True,2022-09-18 13:57:43,very short,True,False,1 commit
True,2022-09-18 19:26:52,lengthy,True,False,some commits
False,2022-09-19 05:39:38,very short,True,False,1 commit
False,2022-09-20 03:08:24,lengthy,False,True,many commits
True,2022-09-20 16:48:41,lengthy,True,False,1 commit
True,2022-09-21 11:17:52,short,True,False,1 commit
True,2022-09-21 12:57:44,medium,True,False,1 commit
False,2022-09-21 16:11:56,medium,False,True,1 commit
True,2022-09-21 18:49:40,medium,True,False,1 commit
True,2022-09-22 06:03:28,short,False,True,many commits
False,2022-09-23 12:10:21,short,False,True,1 commit
False,2022-09-23 14:40:36,very short,False,True,some commits
True,2022-09-23 15:43:55,short,True,False,1 commit
False,2022-09-23 15:56:22,very short,False,False,some commits
True,2022-09-24 09:08:26,very short,True,False,some commits
False,2022-09-24 09:30:33,lengthy,True,False,1 commit
False,2022-09-24 10:13:42,lengthy,False,True,some commits
True,2022-09-24 10:16:45,lengthy,False,False,1 commit
True,2022-09-24 10:33:18,lengthy,False,True,1 commit
True,2022-09-24 10:34:12,medium,False,True,some commits
True,2022-09-24 10:35:03,lengthy,False,False,some commits
False,2022-09-24 11:16:32,lengthy,False,True,some commits
True,2022-09-24 11:38:21,short,True,False,1 commit
True,2022-09-24 11:54:27,very short,False,True,1 commit
False,2022-09-24 13:01:32,very short,True,False,1 commit
True,2022-09-24 13:32:02,lengthy,True,False,1 commit
False,2022-09-24 13:59:32,lengthy,False,True,many commits
False,2022-09-24 14:24:39,very short,False,False,1 commit
True,2022-09-24 14:35:56,lengthy,False,True,1 commit
True,2022-09-24 14:37:55,short,False,True,1 commit
True,2022-09-24 15:42:01,short,False,False,some commits
True,2022-09-24 15:44:52,short,True,False,1 commit
False,2022-09-24 15:50:11,lengthy,False,True,some commits
False,2022-09-24 15:59:03,medium,False,True,1 commit
False,2022-09-25 08:53:39,very short,False,True,1 commit
True,2022-09-25 09:12:10,lengthy,False,False,1 commit
True,2022-09-25 12:33:08,medium,False,False,1 commit
True,2022-09-25 13:13:01,lengthy,False,False,1 commit
True,2022-09-25 14:09:56,short,False,False,many commits
True,2022-09-25 23:54:49,short,True,False,1 commit
True,2022-09-26 08:53:38,very short,True,False,1 commit
True,2022-09-26 13:27:26,very short,True,False,1 commit
True,2022-09-26 13:48:55,short,False,False,1 commit
True,2022-09-26 21:00:01,lengthy,True,False,1 commit
False,2022-09-26 21:15:50,lengthy,False,True,some commits
True,2022-09-27 16:35:08,very short,True,False,1 commit
True,2022-09-27 21:17:42,very short,True,False,1 commit
True,2022-09-28 08:04:37,very short,True,False,some commits
False,2022-09-28 08:56:02,lengthy,True,False,1 commit
False,2022-09-28 10:03:28,very short,False,True,1 commit
False,2022-09-28 10:44:54,very short,False,True,some commits
True,2022-09-29 11:47:50,very short,False,True,1 commit
False,2022-09-29 15:11:11,lengthy,True,False,1 commit
True,2022-09-30 08:51:16,lengthy,False,True,1 commit
True,2022-09-30 20:50:54,lengthy,False,True,1 commit
True,2022-10-02 11:41:57,lengthy,False,True,1 commit
True,2022-10-02 16:59:45,very short,True,False,1 commit
True,2022-10-03 05:09:14,short,True,False,1 commit
True,2022-10-03 05:59:28,short,False,True,1 commit
False,2022-10-03 17:44:49,short,True,False,1 commit
True,2022-10-04 18:17:05,lengthy,False,True,1 commit
False,2022-10-06 19:19:25,very short,False,True,1 commit
False,2022-10-07 06:27:34,very short,False,True,1 commit
False,2022-10-07 07:57:42,lengthy,True,False,some commits
True,2022-10-07 12:17:17,short,False,True,1 commit
False,2022-10-08 17:20:57,very short,False,True,1 commit
True,2022-10-09 10:58:26,lengthy,True,False,1 commit
True,2022-10-09 11:22:10,very short,True,False,1 commit
True,2022-10-09 20:35:03,lengthy,True,False,1 commit
True,2022-10-11 03:06:20,very short,True,False,1 commit
False,2022-10-11 07:53:42,very short,False,True,1 commit
False,2022-10-11 12:16:05,lengthy,True,False,1 commit
True,2022-10-11 18:34:28,very short,True,False,1 commit
False,2022-10-12 01:53:23,lengthy,False,False,many commits
True,2022-10-12 03:59:43,short,True,False,some commits
True,2022-10-12 08:25:56,lengthy,True,False,1 commit
False,2022-10-13 02:40:04,very short,False,True,1 commit
True,2022-10-13 18:59:13,very short,True,False,1 commit
True,2022-10-13 19:27:17,lengthy,False,True,1 commit
False,2022-10-13 23:53:17,very short,False,True,some commits
False,2022-10-15 08:25:38,very short,False,True,1 commit
False,2022-10-15 13:40:25,very short,False,True,1 commit
False,2022-10-16 15:46:43,lengthy,False,True,many commits
True,2022-10-16 15:48:50,lengthy,True,False,some commits
False,2022-10-17 02:07:49,medium,True,False,1 commit
True,2022-10-17 10:26:07,lengthy,True,False,some commits
True,2022-10-17 18:44:47,short,True,False,some commits
True,2022-10-18 12:17:38,lengthy,True,False,1 commit
False,2022-10-18 17:39:31,short,True,False,some commits
True,2022-10-18 21:11:26,very short,True,False,1 commit
True,2022-10-19 12:27:21,lengthy,True,False,1 commit
False,2022-10-20 14:16:18,very short,False,False,1 commit
True,2022-10-20 16:24:03,lengthy,True,False,1 commit
True,2022-10-20 16:41:06,medium,True,False,some commits
False,2022-10-20 18:56:50,lengthy,False,True,many commits
True,2022-10-20 18:58:26,very short,False,True,1 commit
True,2022-10-20 19:15:42,very short,False,True,some commits
False,2022-10-20 19:57:53,lengthy,True,False,1 commit
True,2022-10-20 20:35:18,very short,False,True,some commits
False,2022-10-20 21:12:19,medium,False,True,many commits
False,2022-10-20 21:42:05,lengthy,False,True,1 commit
False,2022-10-20 22:12:54,lengthy,False,True,some commits
True,2022-10-20 22:22:01,lengthy,False,True,1 commit
True,2022-10-20 22:44:13,very short,True,False,1 commit
True,2022-10-20 22:47:19,lengthy,False,False,1 commit
False,2022-10-20 23:43:15,lengthy,False,True,many commits
True,2022-10-21 03:03:19,very short,False,True,1 commit
False,2022-10-21 04:10:35,medium,False,False,1 commit
False,2022-10-21 05:26:50,lengthy,False,True,1 commit
True,2022-10-21 07:27:33,lengthy,False,False,1 commit
True,2022-10-21 08:03:09,short,False,True,1 commit
False,2022-10-21 13:48:13,lengthy,False,False,some commits
False,2022-10-21 17:24:26,lengthy,False,True,many commits
True,2022-10-21 18:00:34,short,True,False,1 commit
True,2022-10-22 16:57:31,lengthy,True,False,1 commit
True,2022-10-23 11:50:59,short,True,False,1 commit
True,2022-10-26 11:42:55,lengthy,True,False,1 commit
True,2022-10-28 04:49:29,short,True,False,1 commit
True,2022-10-28 16:56:46,very short,True,False,1 commit
True,2022-10-29 05:52:59,very short,False,True,some commits
False,2022-10-29 12:23:42,lengthy,True,False,1 commit
True,2022-10-30 09:30:18,very short,False,True,1 commit
True,2022-10-30 09:50:18,lengthy,False,True,1 commit
True,2022-10-30 17:05:08,short,True,False,1 commit
True,2022-10-30 17:45:04,medium,True,False,1 commit
True,2022-11-01 02:01:49,very short,True,False,1 commit
True,2022-11-01 02:30:17,lengthy,True,False,1 commit
True,2022-11-01 21:28:40,medium,True,False,1 commit
False,2022-11-02 20:19:06,lengthy,True,False,some commits
True,2022-11-02 22:30:19,lengthy,True,False,1 commit
True,2022-11-03 10:56:20,lengthy,True,False,1 commit
True,2022-11-03 13:55:06,very short,True,False,1 commit
True,2022-11-03 20:13:43,medium,False,True,1 commit
True,2022-11-03 21:49:39,very short,True,False,some commits
True,2022-11-04 13:49:40,short,False,True,1 commit
True,2022-11-04 14:26:44,medium,False,False,1 commit
True,2022-11-04 15:36:17,medium,True,False,1 commit
True,2022-11-05 17:07:27,short,True,False,some commits
False,2022-11-05 17:19:22,very short,False,True,1 commit
True,2022-11-05 17:49:31,short,True,False,some commits
True,2022-11-06 00:48:43,lengthy,True,False,1 commit
True,2022-11-06 07:38:18,medium,True,False,1 commit
True,2022-11-06 11:22:22,short,True,False,1 commit
False,2022-11-06 16:21:19,very short,False,True,1 commit
True,2022-11-06 16:26:15,short,True,False,some commits
False,2022-11-07 20:52:43,lengthy,False,False,many commits
False,2022-11-07 21:14:29,lengthy,True,False,some commits
True,2022-11-08 11:43:05,very short,True,False,1 commit
True,2022-11-08 13:15:13,lengthy,True,False,1 commit
True,2022-11-08 17:13:04,very short,False,True,1 commit
False,2022-11-08 18:38:08,lengthy,True,False,1 commit
True,2022-11-09 20:01:22,lengthy,True,False,1 commit
True,2022-11-10 02:57:03,short,True,False,1 commit
True,2022-11-10 07:31:00,very short,False,True,1 commit
True,2022-11-10 14:39:27,very short,False,True,1 commit
True,2022-11-10 18:52:13,medium,True,False,1 commit
True,2022-11-10 21:13:02,very short,True,False,some commits
False,2022-11-11 17:01:52,very short,False,True,1 commit
False,2022-11-11 17:10:42,very short,False,False,1 commit
False,2022-11-11 17:17:22,very short,False,False,1 commit
False,2022-11-11 17:21:40,very short,False,False,1 commit
False,2022-11-11 17:34:36,very short,False,False,1 commit
False,2022-11-11 18:22:19,very short,False,False,1 commit
False,2022-11-11 18:27:02,very short,False,False,1 commit
True,2022-11-11 18:31:28,lengthy,False,False,1 commit
True,2022-11-12 01:02:56,short,True,False,1 commit
True,2022-11-12 10:27:43,lengthy,True,False,1 commit
True,2022-11-12 15:59:53,short,True,False,some commits
True,2022-11-12 22:17:39,short,False,True,1 commit
False,2022-11-15 05:28:17,very short,True,False,some commits
False,2022-11-16 08:23:47,very short,False,True,1 commit
False,2022-11-16 08:28:46,lengthy,False,False,1 commit
True,2022-11-16 19:16:42,lengthy,True,False,1 commit
False,2022-11-16 20:46:30,short,False,True,some commits
False,2022-11-17 07:26:35,very short,False,False,1 commit
True,2022-11-17 16:25:56,very short,False,True,1 commit
True,2022-11-17 22:02:01,very short,True,False,1 commit
False,2022-11-18 17:39:43,medium,False,False,1 commit
False,2022-11-18 21:17:05,lengthy,True,False,some commits
True,2022-11-20 20:53:18,lengthy,True,False,1 commit
True,2022-11-21 16:05:23,medium,True,False,1 commit
False,2022-11-21 17:55:29,very short,False,True,some commits
True,2022-11-22 09:44:54,very short,True,False,1 commit
True,2022-11-22 13:39:16,medium,True,False,1 commit
True,2022-11-22 15:21:18,lengthy,True,False,1 commit
False,2022-11-22 20:04:59,very short,False,True,1 commit
True,2022-11-23 00:51:58,lengthy,True,False,1 commit
True,2022-11-23 03:02:57,very short,True,False,1 commit
False,2022-11-23 18:58:01,very short,False,True,many commits
False,2022-11-24 12:08:46,very short,True,False,1 commit
True,2022-11-24 15:53:00,very short,True,False,1 commit
False,2022-11-25 14:32:52,very short,True,False,1 commit
True,2022-11-27 20:09:15,short,False,False,1 commit
True,2022-11-28 05:26:41,lengthy,True,False,1 commit
False,2022-11-28 22:46:52,medium,True,False,1 commit
False,2022-11-30 14:30:37,lengthy,False,True,some commits
True,2022-11-30 15:33:24,medium,True,False,1 commit
False,2022-12-01 04:41:06,very short,False,True,1 commit
False,2022-12-01 12:29:15,very short,False,True,1 commit
True,2022-12-01 17:28:12,medium,False,False,1 commit
True,2022-12-03 02:07:47,short,False,True,1 commit
True,2022-12-03 09:38:28,medium,False,False,some commits
True,2022-12-03 11:27:51,short,True,False,some commits
True,2022-12-03 15:42:39,short,False,False,1 commit
True,2022-12-06 04:30:33,lengthy,False,False,1 commit
True,2022-12-07 15:09:14,lengthy,True,False,1 commit
False,2022-12-08 11:37:57,very short,True,False,1 commit
False,2022-12-08 13:43:33,lengthy,False,True,1 commit
True,2022-12-09 09:59:10,medium,False,True,some commits
False,2022-12-10 01:13:46,very short,False,True,1 commit
True,2022-12-10 15:54:58,very short,False,True,1 commit
True,2022-12-13 09:24:45,very short,True,False,1 commit
True,2022-12-13 11:37:44,medium,True,False,some commits
True,2022-12-14 13:21:53,very short,True,False,1 commit
True,2022-12-16 03:59:50,very short,True,False,1 commit
True,2022-12-16 08:51:48,very short,False,True,1 commit
False,2022-12-17 05:06:52,very short,False,True,some commits
False,2022-12-19 08:23:10,very short,False,True,1 commit
True,2022-12-19 15:37:30,very short,True,False,1 commit
False,2022-12-21 19:38:26,lengthy,False,True,1 commit
True,2022-12-23 12:14:56,medium,False,True,1 commit
True,2022-12-23 17:17:00,very short,True,False,1 commit
True,2022-12-23 23:17:16,lengthy,True,False,1 commit
False,2022-12-25 10:44:45,very short,False,True,some commits
False,2022-12-25 11:02:20,very short,False,False,some commits
True,2022-12-25 16:06:52,short,True,False,1 commit
True,2022-12-28 09:34:47,very short,True,False,1 commit
True,2022-12-29 02:08:29,lengthy,True,False,1 commit
False,2022-12-29 11:08:24,very short,False,False,1 commit
True,2022-12-29 16:26:31,medium,True,False,1 commit
False,2022-12-31 04:05:32,lengthy,False,True,some commits
True,2022-12-31 14:36:16,short,True,False,1 commit
False,2023-01-01 16:29:58,very short,False,True,1 commit
False,2023-01-02 05:55:24,lengthy,False,True,1 commit
False,2023-01-02 07:44:00,short,False,True,some commits
False,2023-01-03 12:56:22,very short,False,True,1 commit
True,2023-01-03 20:52:27,lengthy,True,False,1 commit
False,2023-01-03 23:17:03,very short,False,True,1 commit
True,2023-01-04 10:25:30,very short,True,False,1 commit
True,2023-01-04 10:33:28,short,True,False,some commits
True,2023-01-04 11:38:50,very short,False,True,1 commit
False,2023-01-04 22:47:02,short,True,False,1 commit
True,2023-01-05 11:41:37,very short,True,False,1 commit
True,2023-01-06 12:40:13,very short,True,False,1 commit
True,2023-01-06 18:20:01,very short,True,False,1 commit
True,2023-01-07 11:26:39,lengthy,True,False,1 commit
True,2023-01-08 19:54:31,lengthy,False,False,some commits
True,2023-01-09 11:15:06,very short,True,False,1 commit
False,2023-01-09 17:54:44,lengthy,False,True,some commits
True,2023-01-11 17:30:27,short,True,False,1 commit
False,2023-01-13 16:59:23,very short,False,True,1 commit
True,2023-01-13 17:03:34,medium,False,False,1 commit
False,2023-01-13 20:32:40,very short,False,False,1 commit
True,2023-01-14 13:39:19,short,True,False,1 commit
True,2023-01-14 19:07:01,short,False,True,1 commit
False,2023-01-14 21:24:11,short,False,True,1 commit
True,2023-01-15 09:23:24,lengthy,True,False,1 commit
False,2023-01-15 11:47:03,short,False,False,1 commit
False,2023-01-15 12:50:53,very short,True,False,some commits
True,2023-01-15 18:57:35,very short,True,False,1 commit
True,2023-01-16 07:34:51,lengthy,True,False,1 commit
False,2023-01-16 12:41:54,very short,False,False,1 commit
False,2023-01-16 13:17:13,very short,False,True,1 commit
True,2023-01-17 09:10:53,lengthy,False,True,1 commit
True,2023-01-17 10:37:13,very short,False,False,1 commit
True,2023-01-17 13:02:50,short,True,False,some commits
False,2023-01-17 14:15:30,very short,False,False,1 commit
True,2023-01-17 17:59:47,very short,False,True,1 commit
True,2023-01-18 09:07:45,lengthy,True,False,1 commit
True,2023-01-18 11:00:22,short,False,False,1 commit
True,2023-01-18 11:59:31,very short,True,False,1 commit
False,2023-01-18 12:02:48,very short,False,False,1 commit
True,2023-01-18 12:05:29,very short,True,False,1 commit
True,2023-01-18 12:09:02,very short,True,False,1 commit
False,2023-01-18 12:23:57,very short,False,True,1 commit
True,2023-01-18 22:03:52,very short,True,False,1 commit
True,2023-01-18 22:54:37,short,True,False,1 commit
True,2023-01-19 14:50:11,lengthy,False,True,1 commit
False,2023-01-19 16:03:41,very short,False,False,1 commit
True,2023-01-19 21:48:09,medium,True,False,1 commit
True,2023-01-20 09:58:34,very short,False,True,some commits
True,2023-01-20 18:29:25,short,True,False,1 commit
True,2023-01-21 16:17:26,short,True,False,1 commit
True,2023-01-21 18:44:19,lengthy,True,False,some commits
False,2023-01-24 07:13:01,very short,False,True,1 commit
True,2023-01-24 12:41:53,very short,False,False,1 commit
True,2023-01-25 20:02:25,medium,False,True,1 commit
True,2023-01-26 09:21:31,short,True,False,1 commit
True,2023-01-26 12:14:54,very short,False,True,1 commit
False,2023-01-26 16:50:51,very short,False,True,1 commit
False,2023-01-27 18:23:38,very short,False,True,1 commit
False,2023-01-28 08:48:24,very short,False,True,1 commit
False,2023-01-30 15:40:45,very short,True,False,many commits
True,2023-01-30 16:50:32,very short,True,False,1 commit
True,2023-01-31 00:54:01,very short,False,True,1 commit
True,2023-01-31 02:40:31,lengthy,True,False,1 commit
True,2023-01-31 09:18:25,medium,False,False,1 commit
False,2023-01-31 11:18:58,very short,False,False,1 commit
True,2023-01-31 15:31:20,medium,True,False,1 commit
True,2023-01-31 18:11:44,lengthy,False,False,1 commit
True,2023-02-01 07:17:16,very short,True,False,1 commit
True,2023-02-01 10:26:17,short,False,True,1 commit
True,2023-02-02 15:30:27,medium,True,False,1 commit
False,2023-02-03 17:31:31,very short,False,True,some commits
False,2023-02-04 21:10:00,lengthy,False,False,1 commit
False,2023-02-04 21:49:22,medium,True,False,1 commit
False,2023-02-05 17:01:21,very short,False,True,1 commit
True,2023-02-05 22:05:00,short,False,True,1 commit
True,2023-02-06 17:24:07,short,True,False,1 commit
True,2023-02-07 11:23:07,very short,False,True,1 commit
True,2023-02-07 18:05:06,very short,True,False,1 commit
True,2023-02-07 19:32:11,medium,True,False,1 commit
True,2023-02-09 15:43:47,very short,False,True,1 commit
True,2023-02-09 15:56:48,short,True,False,1 commit
True,2023-02-09 19:19:48,very short,False,True,1 commit
True,2023-02-10 11:28:28,very short,False,False,1 commit
False,2023-02-11 00:28:51,very short,True,False,some commits
False,2023-02-11 02:55:47,lengthy,True,False,1 commit
False,2023-02-11 17:45:41,lengthy,False,True,many commits
True,2023-02-12 02:16:06,short,False,True,1 commit
True,2023-02-12 15:08:59,short,True,False,some commits
False,2023-02-12 16:33:38,very short,False,True,1 commit
True,2023-02-12 19:05:23,lengthy,True,False,1 commit
True,2023-02-12 19:07:07,very short,True,False,1 commit
False,2023-02-13 07:04:22,very short,False,True,1 commit
True,2023-02-13 13:08:43,very short,True,False,1 commit
True,2023-02-13 13:11:30,very short,True,False,1 commit
True,2023-02-13 23:27:55,lengthy,True,False,1 commit
True,2023-02-14 00:30:31,short,True,False,some commits
True,2023-02-14 16:06:45,very short,True,False,1 commit
False,2023-02-14 23:24:22,very short,True,False,1 commit
True,2023-02-15 23:55:04,short,False,False,some commits
True,2023-02-16 10:45:56,medium,True,False,1 commit
True,2023-02-16 20:16:51,very short,True,False,1 commit
False,2023-02-16 21:25:09,medium,False,True,1 commit
False,2023-02-17 09:53:19,very short,True,False,some commits
True,2023-02-17 13:40:57,very short,False,True,1 commit
False,2023-02-17 19:02:47,very short,False,True,1 commit
True,2023-02-17 20:11:38,short,False,False,1 commit
False,2023-02-17 22:50:44,lengthy,False,True,some commits
True,2023-02-18 01:41:14,short,True,False,some commits
False,2023-02-19 03:06:50,very short,False,True,many commits
False,2023-02-19 20:10:48,very short,False,True,many commits
False,2023-02-20 08:44:40,very short,True,False,1 commit
True,2023-02-20 13:29:57,short,True,False,1 commit
False,2023-02-20 17:50:08,short,True,False,1 commit
True,2023-02-20 19:27:33,very short,False,False,1 commit
True,2023-02-22 00:06:03,very short,True,False,1 commit
True,2023-02-22 11:48:19,very short,False,False,some commits
False,2023-02-22 19:16:35,medium,False,True,some commits
True,2023-02-22 20:21:29,very short,True,False,1 commit
False,2023-02-23 23:19:20,lengthy,False,False,many commits
True,2023-02-23 23:49:43,very short,True,False,1 commit
True,2023-02-24 10:30:35,very short,True,False,1 commit
True,2023-02-24 12:06:55,medium,False,True,1 commit
True,2023-02-24 13:23:27,short,True,False,1 commit
True,2023-02-25 18:17:11,lengthy,True,False,1 commit
True,2023-02-27 02:04:43,very short,True,False,1 commit
True,2023-02-27 03:28:30,medium,True,False,1 commit
True,2023-02-27 13:18:00,lengthy,True,False,some commits
True,2023-02-27 15:05:05,lengthy,False,False,1 commit
True,2023-02-28 12:53:28,short,False,False,some commits
True,2023-02-28 13:19:00,short,True,False,1 commit
False,2023-02-28 17:29:15,very short,False,True,1 commit
True,2023-03-02 19:06:12,very short,False,True,some commits
True,2023-03-02 19:44:36,very short,False,True,1 commit
True,2023-03-02 22:47:42,lengthy,False,True,1 commit
False,2023-03-03 20:30:26,short,False,True,some commits
True,2023-03-04 17:50:12,very short,False,True,1 commit
False,2023-03-04 18:02:15,very short,True,False,1 commit
True,2023-03-04 21:14:00,lengthy,True,False,some commits
True,2023-03-04 22:00:05,lengthy,True,False,1 commit
True,2023-03-05 09:08:39,short,False,False,1 commit
False,2023-03-05 09:33:30,lengthy,True,False,1 commit
True,2023-03-05 13:45:36,short,True,False,1 commit
True,2023-03-05 15:01:21,very short,True,False,1 commit
True,2023-03-05 19:05:40,lengthy,False,True,1 commit
True,2023-03-06 15:19:52,short,True,False,1 commit
True,2023-03-06 17:05:48,lengthy,True,False,some commits
False,2023-03-06 20:24:37,very short,False,True,1 commit
True,2023-03-07 10:56:36,very short,True,False,1 commit
True,2023-03-07 20:01:24,short,False,False,1 commit
True,2023-03-08 05:11:33,lengthy,True,False,1 commit
True,2023-03-08 07:39:09,very short,True,False,1 commit
True,2023-03-09 13:30:47,lengthy,False,True,some commits
False,2023-03-11 12:44:05,lengthy,False,True,1 commit
True,2023-03-11 17:20:15,medium,False,False,1 commit
True,2023-03-12 09:06:31,very short,True,False,1 commit
False,2023-03-12 11:29:08,very short,True,False,1 commit
False,2023-03-12 19:47:20,very short,True,False,1 commit
True,2023-03-13 14:06:31,lengthy,True,False,1 commit
True,2023-03-13 17:40:48,lengthy,True,False,1 commit
False,2023-03-13 21:34:58,very short,True,False,1 commit
True,2023-03-14 09:31:05,very short,True,False,1 commit
True,2023-03-16 17:01:14,short,False,True,1 commit
True,2023-03-18 09:26:58,medium,True,False,1 commit
True,2023-03-18 18:07:18,short,True,False,1 commit
True,2023-03-20 05:55:59,very short,False,True,1 commit
True,2023-03-20 15:37:30,short,False,True,1 commit
True,2023-03-20 20:55:53,medium,True,False,1 commit
True,2023-03-20 21:32:53,short,False,True,some commits
True,2023-03-21 04:34:15,short,True,False,1 commit
True,2023-03-21 15:32:22,very short,True,False,1 commit
True,2023-03-21 21:13:03,very short,False,True,1 commit
True,2023-03-22 09:34:50,very short,True,False,1 commit
False,2023-03-22 16:34:30,very short,False,False,1 commit
False,2023-03-23 08:55:01,very short,False,True,1 commit
True,2023-03-23 12:16:49,medium,True,False,1 commit
False,2023-03-23 14:44:09,very short,False,False,some commits
True,2023-03-23 15:00:42,very short,True,False,1 commit
False,2023-03-24 09:24:11,very short,False,True,1 commit
True,2023-03-25 18:39:07,very short,True,False,1 commit
False,2023-03-26 06:01:27,very short,False,True,1 commit
False,2023-03-27 18:27:34,very short,False,True,1 commit
True,2023-03-28 00:25:19,very short,False,True,1 commit
True,2023-03-28 05:47:27,lengthy,True,False,1 commit
True,2023-03-28 08:23:24,very short,True,False,many commits
False,2023-03-28 21:41:35,lengthy,False,True,1 commit
True,2023-03-28 22:48:54,very short,True,False,1 commit
True,2023-03-29 04:26:29,medium,False,False,1 commit
False,2023-03-29 10:08:06,very short,True,False,1 commit
True,2023-03-30 05:05:56,lengthy,True,False,some commits
False,2023-03-30 08:13:04,lengthy,False,False,some commits
True,2023-03-30 08:56:30,very short,False,True,1 commit
False,2023-03-31 08:54:08,very short,False,True,1 commit
False,2023-03-31 17:50:32,medium,True,False,some commits
False,2023-03-31 17:52:48,very short,False,True,1 commit
True,2023-04-01 04:50:48,lengthy,False,False,some commits
True,2023-04-03 01:55:55,very short,True,False,1 commit
False,2023-04-04 00:22:11,very short,False,True,many commits
True,2023-04-04 11:56:29,very short,True,False,1 commit
False,2023-04-04 13:01:12,very short,True,False,1 commit
True,2023-04-04 21:01:15,very short,True,False,1 commit
False,2023-04-05 00:13:56,lengthy,False,False,1 commit
True,2023-04-05 08:34:00,short,False,True,1 commit
False,2023-04-05 12:08:43,very short,False,True,1 commit
True,2023-04-06 06:41:09,very short,True,False,1 commit
True,2023-04-06 10:21:38,very short,False,True,1 commit
False,2023-04-06 12:25:55,very short,True,False,1 commit
True,2023-04-06 17:43:04,medium,True,False,1 commit
True,2023-04-06 19:51:14,very short,True,False,1 commit
False,2023-04-06 19:54:56,very short,True,False,1 commit
False,2023-04-07 11:44:49,short,False,False,some commits
False,2023-04-09 02:39:57,very short,False,True,1 commit
False,2023-04-09 04:50:08,lengthy,True,False,1 commit
True,2023-04-09 09:19:48,lengthy,True,False,1 commit
True,2023-04-10 01:35:54,short,True,False,1 commit
False,2023-04-10 14:35:04,lengthy,True,False,some commits
True,2023-04-10 15:14:46,short,True,False,1 commit
True,2023-04-10 20:32:25,very short,True,False,1 commit
True,2023-04-11 11:52:02,lengthy,True,False,some commits
False,2023-04-11 20:09:31,very short,True,False,1 commit
False,2023-04-11 20:56:27,very short,False,True,1 commit
True,2023-04-12 15:09:26,lengthy,True,False,1 commit
True,2023-04-12 17:31:52,very short,False,True,1 commit
True,2023-04-13 09:48:56,medium,True,False,1 commit
True,2023-04-13 11:23:18,very short,False,True,1 commit
False,2023-04-13 13:39:57,very short,True,False,1 commit
False,2023-04-15 00:07:18,short,False,True,1 commit
False,2023-04-15 02:40:45,short,True,False,some commits
False,2023-04-15 11:10:21,very short,False,False,1 commit
False,2023-04-16 09:51:47,very short,False,True,1 commit
True,2023-04-16 11:18:40,medium,True,False,1 commit
False,2023-04-16 20:55:27,very short,False,False,1 commit
True,2023-04-16 23:16:48,very short,True,False,some commits
False,2023-04-17 07:52:52,very short,False,True,some commits
True,2023-04-17 14:40:40,medium,False,True,1 commit
False,2023-04-18 18:29:40,lengthy,True,False,1 commit
False,2023-04-18 19:08:04,lengthy,False,False,some commits
True,2023-04-19 09:41:43,short,False,False,1 commit
True,2023-04-19 12:18:37,very short,True,False,1 commit
False,2023-04-19 13:55:33,lengthy,False,True,some commits
True,2023-04-19 17:05:51,very short,True,False,1 commit
True,2023-04-20 03:44:18,short,True,False,1 commit
True,2023-04-20 04:27:12,medium,True,False,some commits
True,2023-04-20 13:24:48,very short,True,False,some commits
False,2023-04-21 08:05:38,very short,False,True,some commits
True,2023-04-21 20:43:16,very short,True,False,1 commit
True,2023-04-22 03:55:27,lengthy,False,False,1 commit
True,2023-04-22 12:43:41,very short,True,False,1 commit
False,2023-04-22 17:09:33,very short,True,False,1 commit
False,2023-04-23 02:04:25,very short,False,True,1 commit
True,2023-04-24 06:27:08,short,True,False,1 commit
False,2023-04-25 21:00:39,very short,False,True,1 commit
True,2023-04-26 06:19:28,lengthy,True,False,some commits
True,2023-04-26 07:23:56,medium,False,True,1 commit
True,2023-04-26 11:19:01,very short,True,False,1 commit
True,2023-04-26 12:03:46,very short,True,False,some commits
False,2023-04-27 06:48:00,lengthy,True,False,some commits
False,2023-04-27 09:27:21,very short,True,False,many commits
True,2023-04-27 15:02:25,very short,False,True,1 commit
True,2023-04-27 18:19:00,very short,True,False,some commits
True,2023-04-28 05:49:31,medium,False,True,1 commit
False,2023-04-28 08:55:58,very short,False,True,1 commit
False,2023-04-29 16:06:00,lengthy,False,True,many commits
False,2023-04-30 11:58:28,very short,False,True,1 commit
True,2023-04-30 15:37:43,short,True,False,1 commit
False,2023-05-01 11:55:03,very short,False,True,1 commit
True,2023-05-02 11:41:05,very short,True,False,1 commit
False,2023-05-02 14:05:00,very short,False,True,1 commit
True,2023-05-03 12:26:08,very short,True,False,1 commit
True,2023-05-04 10:00:23,very short,True,False,1 commit
True,2023-05-04 12:00:08,very short,True,False,1 commit
True,2023-05-06 16:07:09,lengthy,False,False,1 commit
True,2023-05-07 05:41:50,lengthy,True,False,1 commit
True,2023-05-08 05:12:08,very short,False,False,1 commit
True,2023-05-08 17:58:32,very short,True,False,1 commit
False,2023-05-09 10:48:31,lengthy,False,True,some commits
False,2023-05-09 12:58:00,medium,True,False,1 commit
True,2023-05-10 02:49:55,very short,True,False,some commits
True,2023-05-10 16:36:23,short,True,False,1 commit
False,2023-05-11 04:25:28,very short,False,True,1 commit
False,2023-05-11 09:22:51,lengthy,False,True,1 commit
False,2023-05-11 22:04:26,very short,False,True,1 commit
False,2023-05-12 02:04:14,lengthy,True,False,many commits
False,2023-05-12 17:26:04,very short,True,False,1 commit
True,2023-05-15 04:57:17,medium,False,True,1 commit
False,2023-05-15 08:04:50,very short,True,False,1 commit
False,2023-05-15 11:08:16,very short,False,False,1 commit
True,2023-05-15 13:33:27,very short,False,True,1 commit
True,2023-05-15 22:30:54,lengthy,True,False,1 commit
True,2023-05-16 10:11:01,lengthy,True,False,1 commit
True,2023-05-16 19:14:13,very short,True,False,1 commit
False,2023-05-17 02:26:28,lengthy,False,True,many commits
False,2023-05-17 06:13:10,lengthy,True,False,1 commit
True,2023-05-17 12:23:31,very short,True,False,1 commit
False,2023-05-17 13:13:03,very short,False,True,1 commit
True,2023-05-18 14:35:44,very short,True,False,1 commit
True,2023-05-19 01:21:52,medium,True,False,some commits
False,2023-05-19 09:11:02,lengthy,True,False,some commits
True,2023-05-19 09:38:35,very short,False,True,1 commit
True,2023-05-19 13:13:04,medium,True,False,1 commit
False,2023-05-19 15:10:28,very short,True,False,many commits
True,2023-05-19 23:11:10,short,False,True,1 commit
True,2023-05-19 23:41:52,medium,False,False,1 commit
True,2023-05-20 05:40:20,short,True,False,some commits
False,2023-05-20 05:57:18,very short,False,True,1 commit
True,2023-05-21 16:19:07,very short,True,False,1 commit
True,2023-05-21 21:08:07,very short,False,True,1 commit
True,2023-05-22 06:41:34,very short,False,True,1 commit
True,2023-05-22 07:10:17,very short,True,False,1 commit
False,2023-05-22 09:46:24,medium,False,True,many commits
True,2023-05-23 12:33:51,very short,True,False,1 commit
True,2023-05-23 13:20:44,very short,True,False,1 commit
False,2023-05-23 14:40:23,lengthy,True,False,many commits
False,2023-05-23 16:22:39,very short,False,True,some commits
True,2023-05-23 17:07:04,short,True,False,1 commit
True,2023-05-23 17:43:58,very short,True,False,1 commit
True,2023-05-24 10:38:02,very short,True,False,1 commit
True,2023-05-25 15:47:23,lengthy,True,False,1 commit
True,2023-05-26 13:41:37,medium,True,False,1 commit
True,2023-05-26 16:00:06,lengthy,True,False,1 commit
True,2023-05-30 05:08:34,medium,True,False,1 commit
True,2023-05-30 11:16:19,very short,False,True,1 commit
True,2023-05-30 15:18:53,lengthy,True,False,1 commit
True,2023-05-30 15:52:15,lengthy,True,False,1 commit
True,2023-05-31 07:39:24,very short,True,False,1 commit
False,2023-05-31 18:43:32,very short,False,False,1 commit
True,2023-05-31 22:28:10,very short,True,False,some commits
False,2023-05-31 23:56:37,very short,True,False,1 commit
True,2023-06-01 09:51:30,very short,False,True,1 commit
True,2023-06-01 10:28:23,very short,False,True,1 commit
True,2023-06-01 11:00:31,very short,False,True,some commits
True,2023-06-01 12:16:07,very short,False,False,1 commit
False,2023-06-01 13:16:43,lengthy,True,False,many commits
True,2023-06-01 13:30:13,very short,False,True,many commits
False,2023-06-01 14:02:42,lengthy,True,False,many commits
False,2023-06-01 14:42:04,medium,False,True,some commits
True,2023-06-01 14:53:32,lengthy,False,True,1 commit
False,2023-06-01 15:00:06,very short,False,False,1 commit
False,2023-06-01 15:32:36,lengthy,False,True,some commits
True,2023-06-01 15:52:38,lengthy,False,True,1 commit
False,2023-06-02 08:10:08,short,True,False,many commits
True,2023-06-02 10:57:33,short,False,True,1 commit
True,2023-06-02 11:26:52,medium,True,False,1 commit
False,2023-06-02 11:48:39,lengthy,True,False,1 commit
False,2023-06-02 12:09:20,lengthy,False,False,1 commit
False,2023-06-02 13:15:04,very short,False,True,1 commit
True,2023-06-02 14:02:11,medium,True,False,some commits
False,2023-06-02 14:32:00,lengthy,False,False,some commits
True,2023-06-02 15:45:18,medium,True,False,1 commit
False,2023-06-02 16:15:23,very short,False,False,1 commit
False,2023-06-03 09:42:10,lengthy,True,False,1 commit
True,2023-06-03 13:44:20,lengthy,True,False,some commits
False,2023-06-04 20:32:15,very short,False,True,1 commit
True,2023-06-05 14:54:52,lengthy,False,True,some commits
True,2023-06-05 15:06:14,lengthy,True,False,some commits
True,2023-06-06 08:46:48,very short,False,True,1 commit
True,2023-06-06 09:18:49,very short,True,False,1 commit
True,2023-06-06 10:17:41,medium,False,True,many commits
True,2023-06-06 19:58:48,lengthy,True,False,some commits
True,2023-06-06 20:45:51,medium,True,False,1 commit
True,2023-06-07 04:38:25,lengthy,True,False,some commits
True,2023-06-07 12:50:52,medium,True,False,many commits
False,2023-06-08 02:14:48,very short,False,True,1 commit
True,2023-06-08 08:25:48,short,True,False,1 commit
False,2023-06-08 14:34:50,very short,True,False,some commits
False,2023-06-09 12:34:06,lengthy,True,False,some commits
True,2023-06-09 19:14:58,lengthy,True,False,1 commit
True,2023-06-11 10:55:43,very short,True,False,1 commit
False,2023-06-12 12:28:19,short,False,True,1 commit
True,2023-06-12 15:09:10,short,True,False,1 commit
False,2023-06-12 22:49:04,very short,True,False,1 commit
False,2023-06-13 13:13:57,very short,False,True,1 commit
True,2023-06-13 16:44:24,very short,True,False,1 commit
False,2023-06-14 08:53:06,lengthy,True,False,many commits
True,2023-06-14 18:28:24,lengthy,True,False,1 commit
True,2023-06-14 20:36:28,lengthy,False,True,1 commit
False,2023-06-14 22:56:57,medium,False,False,many commits
True,2023-06-16 07:26:04,short,True,False,1 commit
True,2023-06-16 10:47:10,short,False,True,1 commit
True,2023-06-16 13:38:28,medium,True,False,1 commit
True,2023-06-16 16:57:09,very short,False,False,1 commit
True,2023-06-16 21:36:50,short,False,True,1 commit
False,2023-06-17 15:38:28,very short,False,True,1 commit
True,2023-06-17 17:11:55,short,True,False,1 commit
True,2023-06-19 11:45:09,very short,True,False,1 commit
False,2023-06-20 18:59:32,lengthy,False,True,1 commit
True,2023-06-22 10:59:01,very short,True,False,1 commit
False,2023-06-22 20:27:43,very short,True,False,1 commit
True,2023-06-23 18:58:03,short,False,True,1 commit
False,2023-06-24 01:24:08,short,False,False,many commits
False,2023-06-24 08:31:40,short,False,True,1 commit
True,2023-06-24 10:43:24,short,True,False,1 commit
False,2023-06-25 03:03:56,lengthy,True,False,some commits
True,2023-06-25 03:39:58,short,True,False,1 commit
True,2023-06-25 18:18:50,lengthy,False,False,1 commit
False,2023-06-26 16:57:50,very short,True,False,1 commit
False,2023-06-26 18:39:12,short,False,True,1 commit
True,2023-06-27 07:11:51,short,True,False,1 commit
True,2023-06-28 03:26:54,very short,False,True,1 commit
True,2023-06-28 06:52:27,very short,True,False,1 commit
False,2023-06-29 06:38:58,medium,False,True,1 commit
True,2023-06-29 13:18:26,very short,True,False,1 commit
False,2023-06-29 20:44:14,lengthy,False,True,many commits
True,2023-06-30 18:24:04,short,False,True,1 commit
False,2023-07-01 19:59:18,very short,False,True,1 commit
True,2023-07-02 20:59:00,medium,True,False,1 commit
False,2023-07-02 22:36:20,very short,False,False,1 commit
False,2023-07-03 18:54:12,very short,False,False,1 commit
False,2023-07-03 19:41:19,very short,False,False,1 commit
True,2023-07-04 08:59:34,very short,True,False,1 commit
True,2023-07-04 13:41:24,medium,False,True,1 commit
True,2023-07-04 21:49:35,short,True,False,some commits
True,2023-07-07 11:01:09,medium,True,False,1 commit
True,2023-07-07 14:01:12,short,False,True,1 commit
True,2023-07-08 20:26:45,short,True,False,1 commit
True,2023-07-08 21:18:05,short,True,False,1 commit
True,2023-07-08 22:01:35,lengthy,True,False,1 commit
True,2023-07-09 17:26:07,lengthy,True,False,some commits
True,2023-07-10 15:54:08,lengthy,True,False,1 commit
True,2023-07-11 12:53:21,very short,True,False,1 commit
True,2023-07-11 17:50:10,very short,False,False,1 commit
True,2023-07-12 07:43:19,very short,False,True,1 commit
False,2023-07-13 03:34:23,very short,False,True,1 commit
True,2023-07-13 20:14:22,very short,False,False,1 commit
False,2023-07-14 19:53:36,lengthy,False,True,1 commit
True,2023-07-14 22:32:59,medium,False,True,1 commit
False,2023-07-15 22:02:29,lengthy,True,False,1 commit
True,2023-07-16 20:22:56,short,True,False,1 commit
True,2023-07-17 11:03:16,medium,True,False,1 commit
True,2023-07-17 12:44:19,lengthy,True,False,1 commit
True,2023-07-17 13:39:44,very short,True,False,1 commit
True,2023-07-17 16:54:19,short,True,False,1 commit
True,2023-07-17 19:09:11,medium,True,False,1 commit
True,2023-07-17 20:28:41,very short,False,True,1 commit
False,2023-07-18 02:30:19,short,False,False,some commits
False,2023-07-18 10:37:59,very short,False,False,1 commit
False,2023-07-18 20:27:43,lengthy,False,True,some commits
False,2023-07-19 08:08:51,very short,True,False,1 commit
True,2023-07-19 15:02:28,short,False,True,1 commit
True,2023-07-20 15:53:13,medium,True,False,1 commit
True,2023-07-20 16:52:41,very short,True,False,1 commit
True,2023-07-21 13:43:20,lengthy,True,False,1 commit
False,2023-07-21 13:45:40,very short,False,True,1 commit
True,2023-07-21 18:42:20,very short,False,True,1 commit
False,2023-07-21 19:03:14,very short,False,True,1 commit
True,2023-07-22 07:36:50,very short,True,False,1 commit
True,2023-07-22 12:12:57,lengthy,True,False,1 commit
True,2023-07-22 14:31:39,short,True,False,1 commit
False,2023-07-23 09:31:40,very short,False,True,1 commit
False,2023-07-24 13:52:57,short,False,True,some commits
True,2023-07-26 06:55:18,medium,True,False,1 commit
True,2023-07-26 22:59:46,lengthy,True,False,1 commit
True,2023-07-27 07:14:00,lengthy,True,False,1 commit
True,2023-07-27 08:51:16,very short,True,False,1 commit
True,2023-07-27 15:11:29,medium,True,False,some commits
False,2023-07-27 18:48:58,very short,True,False,1 commit
True,2023-07-27 21:45:31,medium,False,False,1 commit
False,2023-07-28 11:44:30,very short,False,True,1 commit
True,2023-07-28 11:49:17,short,True,False,1 commit
False,2023-07-28 12:31:24,very short,False,False,1 commit
True,2023-07-28 15:28:12,very short,False,False,1 commit
False,2023-07-29 06:47:49,very short,False,True,1 commit
False,2023-07-29 07:25:44,lengthy,False,False,some commits
False,2023-07-29 12:05:48,very short,False,True,1 commit
True,2023-07-31 16:27:56,medium,False,True,1 commit
True,2023-07-31 17:17:53,very short,True,False,1 commit
False,2023-07-31 18:15:58,very short,False,True,1 commit
True,2023-08-01 05:45:22,very short,False,True,some commits
True,2023-08-01 20:24:34,short,True,False,1 commit
True,2023-08-01 22:18:27,lengthy,False,True,1 commit
True,2023-08-03 00:58:14,short,True,False,1 commit
True,2023-08-03 21:50:10,very short,True,False,1 commit
False,2023-08-04 03:13:05,medium,False,True,1 commit
True,2023-08-04 07:22:27,short,True,False,1 commit
True,2023-08-04 08:38:57,lengthy,False,True,1 commit
False,2023-08-07 13:27:04,short,True,False,1 commit
False,2023-08-08 08:21:22,very short,False,True,some commits
False,2023-08-10 12:28:34,very short,False,True,1 commit
True,2023-08-10 14:09:59,very short,True,False,1 commit
False,2023-08-11 12:29:38,lengthy,True,False,some commits
False,2023-08-11 13:15:26,very short,False,True,1 commit
False,2023-08-11 18:18:52,very short,False,True,1 commit
False,2023-08-12 10:01:49,lengthy,False,True,some commits
True,2023-08-12 10:31:43,very short,False,True,1 commit
True,2023-08-15 19:58:52,medium,False,True,1 commit
False,2023-08-16 06:57:36,very short,False,True,1 commit
False,2023-08-16 16:56:03,short,False,False,1 commit
True,2023-08-16 18:20:22,medium,True,False,1 commit
True,2023-08-16 19:14:38,lengthy,True,False,1 commit
True,2023-08-18 10:18:12,lengthy,True,False,1 commit
True,2023-08-18 11:48:27,medium,True,False,1 commit
True,2023-08-18 16:56:06,lengthy,False,True,1 commit
True,2023-08-21 09:22:08,short,False,False,1 commit
False,2023-08-21 14:58:19,very short,False,False,1 commit
True,2023-08-21 23:18:08,very short,False,True,1 commit
True,2023-08-22 10:05:52,very short,False,True,1 commit
True,2023-08-22 16:49:50,very short,True,False,1 commit
False,2023-08-22 17:28:27,very short,False,True,1 commit
False,2023-08-23 04:45:34,very short,False,True,some commits
True,2023-08-23 12:03:41,lengthy,True,False,some commits
True,2023-08-23 15:27:24,medium,True,False,some commits
False,2023-08-23 15:32:24,very short,True,False,1 commit
False,2023-08-23 16:40:01,very short,True,False,1 commit
True,2023-08-24 10:21:09,very short,False,True,1 commit
True,2023-08-24 22:11:56,lengthy,True,False,1 commit
False,2023-08-25 03:26:11,very short,False,True,some commits
False,2023-08-25 07:33:50,very short,False,True,1 commit
False,2023-08-25 17:42:05,very short,False,True,some commits
False,2023-08-25 19:19:17,lengthy,False,True,many commits
False,2023-08-26 04:46:10,very short,False,False,many commits
True,2023-08-26 14:40:07,short,True,False,1 commit
True,2023-08-27 15:13:54,lengthy,True,False,1 commit
True,2023-08-28 18:34:54,short,False,True,1 commit
True,2023-08-29 15:11:16,medium,False,True,1 commit
False,2023-08-30 09:35:00,very short,False,False,1 commit
False,2023-08-31 01:23:51,very short,False,True,1 commit
True,2023-08-31 03:05:08,short,False,False,1 commit
True,2023-08-31 20:06:11,very short,True,False,1 commit
True,2023-09-01 00:17:56,very short,True,False,1 commit
True,2023-09-01 02:20:23,very short,False,True,1 commit
False,2023-09-01 21:21:10,lengthy,False,True,many commits
True,2023-09-03 02:49:35,lengthy,True,False,1 commit
False,2023-09-03 12:32:51,very short,False,True,1 commit
True,2023-09-03 17:06:47,short,True,False,some commits
True,2023-09-04 08:48:54,very short,True,False,1 commit
True,2023-09-04 09:27:00,very short,True,False,1 commit
True,2023-09-04 16:14:14,very short,True,False,1 commit
True,2023-09-04 16:39:14,medium,True,False,1 commit
True,2023-09-04 18:33:00,lengthy,False,True,1 commit
False,2023-09-04 23:12:43,very short,False,True,some commits
False,2023-09-07 08:28:02,very short,True,False,1 commit
False,2023-09-07 12:20:59,very short,True,False,1 commit
False,2023-09-07 13:37:02,very short,False,True,1 commit
True,2023-09-07 14:20:06,very short,False,False,many commits
False,2023-09-08 05:38:51,very short,False,True,1 commit
True,2023-09-08 23:30:39,lengthy,False,True,1 commit
True,2023-09-09 06:48:02,short,False,False,1 commit
False,2023-09-09 13:25:25,very short,False,False,1 commit
True,2023-09-10 17:44:49,lengthy,True,False,some commits
False,2023-09-11 16:24:07,lengthy,False,True,1 commit
False,2023-09-12 03:37:00,very short,False,True,1 commit
True,2023-09-12 11:49:03,short,False,False,1 commit
False,2023-09-13 09:23:07,very short,False,True,some commits
True,2023-09-13 14:53:26,very short,True,False,some commits
True,2023-09-13 19:32:08,short,True,False,1 commit
True,2023-09-13 20:13:25,very short,True,False,1 commit
True,2023-09-13 22:24:17,very short,True,False,1 commit
True,2023-09-14 02:42:46,very short,False,True,1 commit
True,2023-09-14 12:13:13,short,False,False,1 commit
False,2023-09-14 13:41:47,very short,False,True,1 commit
True,2023-09-14 18:06:27,lengthy,True,False,1 commit
True,2023-09-15 10:57:28,short,True,False,1 commit
False,2023-09-15 12:18:02,lengthy,True,False,1 commit
False,2023-09-15 21:53:56,very short,False,True,1 commit
True,2023-09-16 03:23:37,very short,False,False,1 commit
False,2023-09-17 08:23:42,very short,False,True,1 commit
True,2023-09-18 21:54:14,very short,True,False,1 commit
False,2023-09-18 22:48:08,lengthy,True,False,many commits
True,2023-09-19 06:25:42,very short,True,False,1 commit
True,2023-09-19 08:14:09,lengthy,True,False,1 commit
True,2023-09-19 13:03:25,very short,True,False,1 commit
True,2023-09-19 20:46:06,very short,True,False,1 commit
False,2023-09-20 05:12:06,very short,False,True,1 commit
False,2023-09-20 11:47:41,very short,False,True,1 commit
True,2023-09-20 13:59:38,short,True,False,1 commit
True,2023-09-20 19:50:06,very short,False,False,1 commit
False,2023-09-20 20:09:08,very short,False,True,1 commit
True,2023-09-20 20:45:00,short,True,False,1 commit
False,2023-09-21 22:56:08,very short,False,True,1 commit
True,2023-09-22 00:16:29,very short,True,False,1 commit
True,2023-09-22 04:39:22,very short,False,False,1 commit
True,2023-09-22 06:27:02,medium,True,False,1 commit
True,2023-09-22 08:26:31,very short,True,False,1 commit
False,2023-09-22 16:40:37,very short,False,False,1 commit
False,2023-09-22 20:41:57,very short,True,False,1 commit
True,2023-09-24 09:41:52,lengthy,True,False,some commits
True,2023-09-25 10:34:17,lengthy,False,False,1 commit
True,2023-09-26 02:57:37,very short,False,False,1 commit
True,2023-09-27 19:45:40,very short,True,False,1 commit
False,2023-09-28 19:01:28,very short,False,True,1 commit
True,2023-09-28 19:53:27,very short,False,False,1 commit
True,2023-09-28 22:13:31,medium,False,False,1 commit
True,2023-09-29 07:44:23,medium,False,True,some commits
False,2023-09-29 08:21:26,very short,False,True,1 commit
True,2023-09-29 17:38:27,short,True,False,1 commit
False,2023-09-30 02:25:32,very short,False,True,some commits
False,2023-09-30 20:55:45,lengthy,False,False,many commits
False,2023-10-01 15:58:35,lengthy,True,False,1 commit
False,2023-10-02 18:27:39,lengthy,True,False,some commits
True,2023-10-03 14:18:29,short,False,True,1 commit
False,2023-10-04 07:43:04,very short,False,False,1 commit
True,2023-10-04 16:23:40,very short,True,False,1 commit
True,2023-10-05 05:30:11,lengthy,True,False,1 commit
True,2023-10-05 06:19:09,lengthy,True,False,1 commit
True,2023-10-06 04:36:03,very short,False,False,1 commit
True,2023-10-06 11:21:44,lengthy,True,False,1 commit
True,2023-10-06 14:56:08,very short,True,False,1 commit
False,2023-10-07 20:44:09,very short,False,False,1 commit
False,2023-10-09 12:09:02,very short,False,True,many commits
True,2023-10-10 07:00:43,very short,True,False,1 commit
False,2023-10-10 16:31:00,lengthy,False,False,many commits
False,2023-10-11 08:12:19,very short,False,False,some commits
True,2023-10-12 17:21:25,lengthy,True,False,some commits
True,2023-10-12 18:02:51,short,True,False,1 commit
True,2023-10-13 08:22:40,medium,True,False,1 commit
False,2023-10-13 22:44:01,short,True,False,1 commit
False,2023-10-14 05:03:28,lengthy,True,False,1 commit
False,2023-10-14 15:43:16,very short,True,False,some commits
False,2023-10-15 02:35:40,very short,False,True,1 commit
False,2023-10-15 12:22:49,very short,True,False,1 commit
True,2023-10-15 20:07:46,lengthy,True,False,1 commit
True,2023-10-16 02:03:37,very short,True,False,1 commit
True,2023-10-16 18:49:14,medium,True,False,some commits
True,2023-10-16 23:21:15,very short,True,False,1 commit
True,2023-10-17 01:51:27,lengthy,True,False,1 commit
True,2023-10-18 02:40:37,medium,True,False,1 commit
True,2023-10-18 07:04:06,very short,True,False,1 commit
True,2023-10-18 14:45:52,medium,False,True,1 commit
True,2023-10-18 17:55:09,very short,True,False,1 commit
False,2023-10-18 23:34:37,very short,True,False,1 commit
False,2023-10-19 11:35:34,very short,False,True,1 commit
True,2023-10-19 13:00:50,very short,False,True,many commits
False,2023-10-19 16:08:44,very short,False,True,1 commit
True,2023-10-19 19:44:22,medium,False,True,1 commit
True,2023-10-19 20:03:17,very short,False,True,1 commit
True,2023-10-19 20:33:59,short,False,True,1 commit
True,2023-10-19 20:48:48,short,True,False,1 commit
True,2023-10-20 14:19:12,lengthy,False,True,some commits
False,2023-10-20 14:21:08,lengthy,False,True,some commits
True,2023-10-20 15:12:25,very short,False,True,1 commit
True,2023-10-20 18:57:31,medium,True,False,1 commit
False,2023-10-21 02:49:17,very short,False,True,1 commit
True,2023-10-21 15:53:54,very short,False,True,some commits
True,2023-10-21 17:54:39,short,False,False,1 commit
True,2023-10-22 07:42:33,very short,True,False,1 commit
False,2023-10-22 12:24:43,very short,False,True,1 commit
True,2023-10-22 22:19:11,very short,True,False,1 commit
False,2023-10-23 05:21:55,medium,True,False,1 commit
False,2023-10-23 06:59:42,very short,False,True,some commits
True,2023-10-23 14:27:21,medium,True,False,1 commit
True,2023-10-24 08:03:48,very short,True,False,1 commit
False,2023-10-25 21:28:43,very short,False,False,1 commit
True,2023-10-26 20:50:13,very short,False,True,some commits
True,2023-10-27 12:16:42,very short,True,False,1 commit
True,2023-10-27 13:47:51,short,True,False,1 commit
False,2023-10-27 21:16:25,lengthy,False,True,many commits
True,2023-10-27 22:30:46,lengthy,False,True,1 commit
False,2023-10-28 00:26:21,short,True,False,some commits
False,2023-10-28 05:42:55,lengthy,False,True,many commits
True,2023-10-28 06:26:19,very short,True,False,1 commit
True,2023-10-28 08:16:19,very short,True,False,1 commit
True,2023-10-29 09:36:12,short,True,False,1 commit
False,2023-10-29 14:59:08,very short,False,True,1 commit
False,2023-10-29 23:15:22,very short,True,False,1 commit
True,2023-10-30 09:46:44,medium,True,False,some commits
False,2023-11-01 05:36:06,very short,False,True,1 commit
True,2023-11-01 10:39:54,very short,False,False,1 commit
True,2023-11-02 00:48:41,very short,True,False,1 commit
True,2023-11-02 10:54:39,medium,False,True,1 commit
False,2023-11-04 14:17:10,very short,False,True,some commits
True,2023-11-05 09:01:16,lengthy,True,False,1 commit
True,2023-11-05 17:27:06,short,True,False,1 commit
True,2023-11-05 17:53:13,lengthy,True,False,1 commit
True,2023-11-05 22:03:55,medium,True,False,1 commit
False,2023-11-06 16:22:01,very short,False,True,1 commit
False,2023-11-07 11:30:13,very short,False,True,1 commit
True,2023-11-07 11:35:08,medium,False,False,1 commit
True,2023-11-08 09:36:59,medium,False,True,1 commit
False,2023-11-08 15:41:04,medium,True,False,1 commit
False,2023-11-08 19:24:18,medium,False,True,1 commit
True,2023-11-08 23:11:48,very short,True,False,1 commit
True,2023-11-10 18:44:57,short,True,False,1 commit
True,2023-11-10 18:52:51,lengthy,False,True,1 commit
False,2023-11-11 02:18:34,lengthy,True,False,some commits
True,2023-11-11 10:31:55,lengthy,False,False,1 commit
False,2023-11-12 03:41:28,very short,False,True,1 commit
True,2023-11-12 13:47:06,very short,True,False,1 commit
True,2023-11-12 17:37:24,medium,True,False,some commits
True,2023-11-14 09:44:59,short,False,False,1 commit
False,2023-11-14 18:23:59,very short,False,True,1 commit
False,2023-11-14 21:22:39,very short,False,False,1 commit
True,2023-11-14 22:31:35,very short,False,True,1 commit
False,2023-11-14 23:46:23,very short,False,True,1 commit
False,2023-11-15 03:30:06,very short,False,True,1 commit
True,2023-11-15 09:02:23,very short,False,True,some commits
False,2023-11-15 19:51:12,lengthy,True,False,many commits
True,2023-11-15 20:53:52,very short,True,False,1 commit
False,2023-11-15 22:30:42,very short,False,False,1 commit
True,2023-11-16 11:01:15,lengthy,True,False,1 commit
True,2023-11-17 11:29:39,medium,True,False,some commits
True,2023-11-18 01:46:01,very short,True,False,some commits
True,2023-11-19 13:52:12,lengthy,True,False,1 commit
True,2023-11-19 15:06:21,very short,True,False,1 commit
False,2023-11-19 19:46:38,lengthy,False,True,some commits
False,2023-11-20 20:15:36,very short,True,False,some commits
True,2023-11-21 11:21:57,short,True,False,1 commit
True,2023-11-21 18:44:42,lengthy,True,False,some commits
True,2023-11-21 22:30:43,medium,False,True,1 commit
True,2023-11-22 09:02:27,very short,True,False,1 commit
False,2023-11-22 13:29:43,medium,False,False,1 commit
False,2023-11-22 17:58:47,very short,False,True,some commits
False,2023-11-22 18:22:21,very short,True,False,1 commit
True,2023-11-22 18:48:36,short,False,True,1 commit
True,2023-11-22 21:08:27,very short,True,False,1 commit
True,2023-11-22 21:52:11,very short,True,False,1 commit
False,2023-11-22 22:49:50,very short,False,True,1 commit
True,2023-11-23 10:23:03,very short,True,False,1 commit
True,2023-11-23 14:11:31,very short,True,False,1 commit
True,2023-11-23 16:43:30,medium,True,False,1 commit
True,2023-11-23 17:31:53,medium,True,False,1 commit
False,2023-11-23 18:22:44,very short,False,True,some commits
True,2023-11-23 21:10:51,lengthy,True,False,1 commit
False,2023-11-24 02:36:44,lengthy,False,True,some commits
False,2023-11-24 11:38:11,very short,False,True,1 commit
True,2023-11-24 23:01:36,very short,True,False,1 commit
True,2023-11-25 02:56:11,very short,True,False,1 commit
True,2023-11-25 11:55:12,lengthy,True,False,many commits
True,2023-11-26 23:56:56,very short,False,True,1 commit
True,2023-11-27 10:13:01,very short,True,False,1 commit
True,2023-11-27 10:52:23,very short,True,False,1 commit
True,2023-11-27 17:55:29,very short,True,False,1 commit
False,2023-11-28 05:24:39,short,False,True,some commits
True,2023-11-28 14:10:56,lengthy,True,False,some commits
True,2023-11-28 16:42:33,very short,True,False,1 commit
True,2023-11-28 16:57:55,very short,True,False,1 commit
True,2023-11-28 19:15:41,very short,True,False,1 commit
False,2023-11-28 19:40:22,very short,False,False,some commits
False,2023-11-29 08:55:57,very short,False,True,1 commit
True,2023-11-29 09:05:49,very short,False,False,1 commit
True,2023-11-29 12:03:35,very short,False,True,1 commit
True,2023-11-29 16:40:06,short,True,False,1 commit
True,2023-11-29 16:44:10,very short,True,False,1 commit
True,2023-11-29 16:55:09,short,True,False,some commits
True,2023-11-29 23:25:32,lengthy,True,False,many commits
False,2023-11-30 02:18:28,very short,False,True,1 commit
True,2023-11-30 08:51:49,very short,True,False,1 commit
True,2023-11-30 12:57:32,very short,True,False,1 commit
True,2023-12-01 01:55:54,lengthy,True,False,1 commit
True,2023-12-01 09:51:30,very short,True,False,1 commit
True,2023-12-01 13:14:15,short,False,False,1 commit
True,2023-12-01 21:33:58,short,True,False,1 commit
False,2023-12-02 02:07:41,medium,True,False,1 commit
False,2023-12-03 15:18:56,lengthy,False,False,1 commit
True,2023-12-04 10:02:10,very short,True,False,1 commit
True,2023-12-05 10:11:09,very short,True,False,some commits
True,2023-12-05 15:45:12,medium,True,False,some commits
True,2023-12-06 18:04:54,very short,True,False,1 commit
True,2023-12-06 18:11:15,lengthy,False,True,1 commit
True,2023-12-06 22:19:46,short,True,False,1 commit
True,2023-12-07 08:59:51,very short,False,True,1 commit
True,2023-12-07 11:06:52,very short,False,True,1 commit
True,2023-12-08 07:05:38,medium,True,False,1 commit
True,2023-12-08 16:37:39,medium,True,False,1 commit
True,2023-12-10 19:55:28,lengthy,False,False,1 commit
False,2023-12-11 06:13:51,very short,False,True,many commits
False,2023-12-11 10:44:19,lengthy,True,False,1 commit
True,2023-12-11 11:57:28,medium,False,False,1 commit
True,2023-12-11 12:32:26,lengthy,True,False,1 commit
False,2023-12-11 14:55:40,very short,True,False,some commits
False,2023-12-12 00:11:41,very short,False,False,many commits
True,2023-12-12 09:41:06,lengthy,False,True,1 commit
False,2023-12-13 05:25:59,very short,False,True,1 commit
True,2023-12-13 12:22:06,very short,True,False,some commits
True,2023-12-13 15:18:34,very short,False,True,1 commit
False,2023-12-13 17:53:41,very short,True,False,1 commit
False,2023-12-13 17:57:36,medium,False,False,many commits
True,2023-12-14 11:46:35,very short,False,True,1 commit
True,2023-12-15 08:56:51,lengthy,True,False,1 commit
True,2023-12-15 09:44:08,very short,False,True,1 commit
True,2023-12-15 12:47:06,very short,True,False,1 commit
True,2023-12-15 17:04:32,lengthy,True,False,1 commit
True,2023-12-15 17:16:12,lengthy,True,False,1 commit
True,2023-12-15 23:39:20,lengthy,True,False,1 commit
False,2023-12-16 00:52:30,very short,False,True,some commits
True,2023-12-16 02:02:57,short,True,False,1 commit
True,2023-12-16 17:23:17,very short,True,False,1 commit
True,2023-12-18 05:02:13,lengthy,True,False,1 commit
False,2023-12-18 06:26:52,very short,False,True,some commits
True,2023-12-20 14:50:45,medium,False,False,1 commit
True,2023-12-20 16:55:49,short,False,False,1 commit
True,2023-12-20 18:07:43,very short,True,False,1 commit
True,2023-12-20 18:15:50,very short,True,False,1 commit
True,2023-12-20 18:25:14,very short,True,False,1 commit
True,2023-12-21 11:05:33,very short,False,False,1 commit
False,2023-12-21 20:18:22,very short,True,False,1 commit
True,2023-12-21 22:22:07,short,True,False,1 commit
True,2023-12-22 08:50:32,very short,True,False,1 commit
True,2023-12-22 12:07:29,short,True,False,1 commit
True,2023-12-22 12:25:14,medium,True,False,1 commit
True,2023-12-22 17:31:41,medium,True,False,1 commit
True,2023-12-22 19:33:40,lengthy,True,False,1 commit
True,2023-12-23 17:31:01,medium,False,True,1 commit
True,2023-12-24 12:50:28,medium,False,True,many commits
False,2023-12-24 18:00:28,very short,False,False,some commits
True,2023-12-25 18:28:11,lengthy,False,True,1 commit
False,2023-12-27 14:29:52,very short,True,False,1 commit
True,2023-12-27 16:03:18,lengthy,True,False,1 commit
True,2023-12-28 08:03:28,very short,False,True,1 commit
True,2023-12-28 09:12:25,very short,True,False,1 commit
False,2023-12-28 22:40:01,lengthy,False,True,1 commit
True,2023-12-29 00:01:59,very short,False,True,1 commit
True,2023-12-29 06:09:04,very short,True,False,some commits
True,2023-12-30 09:03:20,very short,False,False,1 commit
False,2023-12-30 18:36:56,lengthy,False,True,1 commit
True,2023-12-30 22:23:21,short,False,True,1 commit
True,2023-12-30 23:12:34,very short,True,False,1 commit
True,2023-12-30 23:32:21,short,True,False,some commits
True,2023-12-30 23:51:53,short,True,False,1 commit
True,2023-12-31 09:47:37,short,True,False,1 commit
False,2024-01-03 06:47:00,very short,False,True,1 commit
False,2024-01-03 07:02:40,very short,False,False,1 commit
False,2024-01-03 07:26:11,very short,False,False,1 commit
False,2024-01-03 07:28:17,very short,False,False,1 commit
False,2024-01-03 13:40:50,lengthy,True,False,1 commit
True,2024-01-03 16:19:13,lengthy,False,True,some commits
True,2024-01-03 20:58:30,very short,True,False,1 commit
True,2024-01-03 21:19:52,very short,True,False,1 commit
True,2024-01-03 21:38:00,very short,True,False,1 commit
False,2024-01-03 21:42:54,very short,False,True,some commits
True,2024-01-03 22:02:45,lengthy,True,False,1 commit
False,2024-01-03 22:07:38,very short,False,False,1 commit
False,2024-01-03 22:27:31,very short,False,False,some commits
False,2024-01-03 22:56:46,very short,False,False,1 commit
False,2024-01-03 23:01:33,very short,False,False,some commits
False,2024-01-03 23:11:59,very short,False,False,some commits
False,2024-01-03 23:19:03,very short,False,False,1 commit
False,2024-01-03 23:37:15,very short,False,False,1 commit
False,2024-01-03 23:48:33,very short,False,False,1 commit
False,2024-01-04 00:03:49,very short,False,False,1 commit
False,2024-01-04 13:59:07,lengthy,True,False,some commits
True,2024-01-04 20:51:24,very short,True,False,1 commit
True,2024-01-04 21:22:27,very short,True,False,1 commit
True,2024-01-04 21:33:07,very short,True,False,1 commit
True,2024-01-04 22:07:15,lengthy,True,False,1 commit
True,2024-01-05 07:58:04,lengthy,True,False,1 commit
True,2024-01-05 09:20:09,medium,False,True,1 commit
True,2024-01-05 13:13:08,medium,True,False,1 commit
True,2024-01-05 17:17:07,very short,True,False,1 commit
True,2024-01-06 06:58:31,medium,False,False,1 commit
True,2024-01-06 10:22:48,lengthy,True,False,1 commit
False,2024-01-06 15:40:49,very short,False,True,1 commit
True,2024-01-06 16:49:28,very short,True,False,1 commit
True,2024-01-06 17:14:35,medium,True,False,some commits
True,2024-01-07 12:42:19,short,False,True,1 commit
False,2024-01-07 16:42:30,very short,True,False,1 commit
True,2024-01-08 22:24:33,very short,True,False,some commits
False,2024-01-09 06:14:37,very short,True,False,1 commit
True,2024-01-09 07:26:05,medium,True,False,1 commit
True,2024-01-09 15:50:05,very short,True,False,1 commit
True,2024-01-10 11:06:21,short,True,False,1 commit
False,2024-01-10 19:49:44,very short,False,True,some commits
True,2024-01-11 04:54:37,very short,True,False,1 commit
True,2024-01-11 12:51:20,very short,False,True,1 commit
True,2024-01-11 16:47:43,lengthy,False,True,1 commit
False,2024-01-11 20:28:03,lengthy,True,False,some commits
True,2024-01-12 01:12:44,lengthy,True,False,1 commit
True,2024-01-12 06:36:42,lengthy,True,False,some commits
False,2024-01-12 16:51:01,very short,False,True,1 commit
True,2024-01-13 19:26:36,short,True,False,some commits
False,2024-01-13 20:56:40,very short,False,True,1 commit
True,2024-01-13 21:18:16,short,True,False,some commits
False,2024-01-13 22:13:48,very short,False,True,1 commit
False,2024-01-14 04:10:59,very short,False,True,many commits
False,2024-01-15 06:53:37,very short,False,False,1 commit
True,2024-01-15 10:48:04,very short,True,False,1 commit
True,2024-01-15 22:20:07,short,False,True,1 commit
True,2024-01-16 07:34:36,very short,True,False,1 commit
True,2024-01-16 16:40:10,very short,True,False,1 commit
True,2024-01-17 00:08:28,short,False,False,1 commit
True,2024-01-17 06:52:16,short,True,False,1 commit
False,2024-01-17 08:43:59,very short,False,True,1 commit
True,2024-01-17 13:43:12,medium,True,False,some commits
True,2024-01-17 20:19:15,lengthy,False,True,1 commit
True,2024-01-17 20:47:38,very short,True,False,1 commit
True,2024-01-18 09:23:09,very short,True,False,1 commit
False,2024-01-18 17:17:33,very short,True,False,1 commit
False,2024-01-18 21:58:03,very short,False,True,1 commit
True,2024-01-18 22:04:52,short,False,True,1 commit
False,2024-01-19 04:29:16,very short,False,True,1 commit
False,2024-01-19 11:43:37,very short,False,True,some commits
True,2024-01-19 14:56:17,lengthy,False,True,1 commit
True,2024-01-19 20:38:35,short,True,False,1 commit
False,2024-01-19 22:04:36,very short,False,True,some commits
False,2024-01-20 17:05:00,lengthy,False,True,many commits
True,2024-01-21 19:45:37,medium,True,False,1 commit
True,2024-01-22 09:59:08,very short,True,False,1 commit
True,2024-01-22 14:59:15,very short,False,True,some commits
True,2024-01-22 18:00:55,very short,True,False,1 commit
True,2024-01-23 04:54:26,very short,True,False,1 commit
False,2024-01-23 05:44:52,very short,False,True,some commits
True,2024-01-23 10:57:26,medium,True,False,1 commit
False,2024-01-23 13:05:58,very short,False,True,1 commit
True,2024-01-23 13:44:39,short,True,False,1 commit
True,2024-01-23 19:17:07,very short,False,True,many commits
True,2024-01-25 03:59:01,medium,True,False,some commits
True,2024-01-25 13:20:13,medium,True,False,1 commit
True,2024-01-26 21:59:57,very short,True,False,1 commit
True,2024-01-27 14:07:25,medium,False,True,1 commit
False,2024-01-27 16:14:49,lengthy,False,True,some commits
True,2024-01-27 17:34:09,medium,False,True,some commits
True,2024-01-28 08:43:04,very short,True,False,1 commit
True,2024-01-28 19:29:52,short,True,False,1 commit
True,2024-01-28 20:02:39,very short,True,False,1 commit
True,2024-01-29 14:45:52,lengthy,True,False,1 commit
True,2024-01-29 17:47:06,very short,True,False,1 commit
True,2024-01-30 01:43:37,short,False,True,some commits
True,2024-01-30 08:25:49,short,False,True,1 commit
True,2024-01-30 13:55:55,very short,True,False,some commits
True,2024-01-30 14:16:59,medium,False,False,1 commit
False,2024-01-30 19:23:56,short,True,False,some commits
True,2024-01-31 03:27:24,medium,True,False,1 commit
True,2024-01-31 07:51:32,very short,True,False,1 commit
True,2024-01-31 12:07:13,very short,True,False,some commits
False,2024-01-31 15:29:53,very short,True,False,1 commit
False,2024-01-31 20:33:58,medium,True,False,some commits
True,2024-02-01 09:30:33,lengthy,True,False,1 commit
False,2024-02-01 21:12:44,lengthy,True,False,many commits
True,2024-02-02 12:46:51,lengthy,False,True,1 commit
True,2024-02-02 14:21:45,lengthy,True,False,1 commit
True,2024-02-02 16:31:53,medium,True,False,some commits
True,2024-02-03 06:21:46,short,True,False,some commits
True,2024-02-03 13:25:15,lengthy,False,True,some commits
False,2024-02-03 13:34:07,very short,False,True,1 commit
False,2024-02-03 14:11:11,very short,False,False,1 commit
False,2024-02-04 10:27:59,lengthy,False,False,1 commit
False,2024-02-05 16:40:52,short,False,True,1 commit
False,2024-02-06 02:54:26,very short,False,True,1 commit
False,2024-02-06 05:37:12,lengthy,False,True,many commits
False,2024-02-06 11:24:32,short,False,True,some commits
True,2024-02-06 14:46:00,very short,True,False,1 commit
True,2024-02-06 19:47:31,lengthy,True,False,some commits
False,2024-02-07 12:41:29,lengthy,False,False,many commits
True,2024-02-07 13:37:17,very short,False,True,1 commit
True,2024-02-08 08:58:36,short,True,False,1 commit
True,2024-02-08 09:17:50,very short,False,True,1 commit
True,2024-02-09 05:34:47,medium,True,False,some commits
False,2024-02-09 10:14:07,very short,False,True,1 commit
False,2024-02-09 10:49:42,very short,False,True,1 commit
True,2024-02-09 10:53:27,short,False,True,1 commit
True,2024-02-09 12:24:55,medium,True,False,1 commit
True,2024-02-10 16:54:17,medium,True,False,1 commit
False,2024-02-10 16:56:38,very short,True,False,1 commit
True,2024-02-12 08:33:44,very short,True,False,1 commit
True,2024-02-13 15:03:58,very short,True,False,1 commit
True,2024-02-14 14:50:05,very short,False,True,1 commit
True,2024-02-14 17:53:27,very short,True,False,1 commit
True,2024-02-14 21:13:03,lengthy,False,False,1 commit
True,2024-02-16 02:51:16,very short,True,False,1 commit
False,2024-02-16 11:20:46,very short,False,True,1 commit
True,2024-02-16 22:04:12,very short,True,False,1 commit
True,2024-02-16 22:10:39,short,True,False,1 commit
True,2024-02-16 22:55:26,short,True,False,1 commit
False,2024-02-17 05:19:15,very short,False,False,some commits
True,2024-02-17 12:55:55,short,True,False,1 commit
True,2024-02-17 14:01:55,short,False,True,1 commit
True,2024-02-17 17:51:17,medium,True,False,1 commit
False,2024-02-17 18:39:39,short,True,False,1 commit
True,2024-02-18 11:59:27,very short,True,False,1 commit
True,2024-02-18 12:27:29,very short,True,False,1 commit
True,2024-02-18 21:49:48,very short,True,False,1 commit
False,2024-02-18 22:18:37,short,True,False,some commits
True,2024-02-19 05:26:21,lengthy,True,False,1 commit
True,2024-02-19 07:16:48,very short,False,True,1 commit
True,2024-02-19 16:25:26,medium,True,False,1 commit
True,2024-02-19 16:25:45,short,True,False,1 commit
True,2024-02-19 20:58:33,very short,False,True,1 commit
True,2024-02-19 21:44:29,lengthy,False,True,1 commit
True,2024-02-19 22:33:09,very short,True,False,1 commit
True,2024-02-19 23:03:32,short,True,False,1 commit
True,2024-02-19 23:06:08,short,False,True,1 commit
True,2024-02-20 08:13:34,lengthy,False,True,1 commit
True,2024-02-20 15:27:06,very short,True,False,1 commit
True,2024-02-20 22:41:30,medium,True,False,1 commit
True,2024-02-20 22:44:54,short,False,False,1 commit
False,2024-02-21 15:48:48,very short,True,False,some commits
True,2024-02-22 01:13:06,lengthy,False,True,1 commit
True,2024-02-23 12:05:42,short,True,False,1 commit
True,2024-02-24 04:44:48,medium,True,False,1 commit
True,2024-02-24 19:17:42,medium,True,False,some commits
False,2024-02-25 06:33:05,lengthy,False,True,many commits
True,2024-02-26 10:41:42,medium,True,False,1 commit
True,2024-02-26 12:48:40,very short,True,False,1 commit
True,2024-02-26 14:22:05,lengthy,True,False,some commits
False,2024-02-27 13:16:38,very short,False,True,1 commit
False,2024-02-27 18:12:13,very short,False,False,1 commit
True,2024-02-28 15:19:15,lengthy,False,False,1 commit
False,2024-02-29 01:38:17,very short,False,True,1 commit
True,2024-02-29 05:00:50,very short,False,True,1 commit
False,2024-02-29 16:18:46,very short,False,True,1 commit
False,2024-02-29 22:52:36,lengthy,False,True,some commits
True,2024-03-01 15:17:47,medium,False,True,1 commit
True,2024-03-01 18:58:12,short,True,False,1 commit
True,2024-03-02 15:07:34,medium,True,False,1 commit
False,2024-03-02 15:43:22,very short,False,True,1 commit
True,2024-03-03 18:23:01,very short,False,True,1 commit
True,2024-03-03 22:25:50,very short,True,False,1 commit
True,2024-03-03 22:57:39,very short,True,False,1 commit
False,2024-03-03 23:46:48,very short,False,True,1 commit
True,2024-03-04 18:32:19,medium,True,False,1 commit
True,2024-03-05 09:47:44,very short,True,False,1 commit
True,2024-03-05 21:45:03,short,True,False,1 commit
True,2024-03-06 03:48:24,very short,False,True,1 commit
True,2024-03-06 08:03:32,very short,False,True,1 commit
False,2024-03-06 17:34:51,lengthy,False,True,some commits
True,2024-03-06 20:22:48,medium,True,False,some commits
True,2024-03-06 21:34:35,very short,True,False,1 commit
True,2024-03-07 20:38:06,medium,True,False,1 commit
True,2024-03-07 21:37:19,very short,True,False,1 commit
False,2024-03-08 16:41:31,very short,True,False,1 commit
True,2024-03-08 20:20:02,very short,True,False,1 commit
True,2024-03-08 22:01:44,short,True,False,1 commit
True,2024-03-09 05:19:53,short,True,False,1 commit
True,2024-03-09 07:15:38,short,False,True,1 commit
True,2024-03-10 16:41:17,very short,False,True,1 commit
True,2024-03-10 17:02:34,very short,True,False,1 commit
True,2024-03-10 19:14:52,medium,True,False,1 commit
False,2024-03-12 09:40:02,very short,False,True,1 commit
True,2024-03-13 17:39:22,very short,True,False,1 commit
True,2024-03-13 18:12:44,short,True,False,1 commit
False,2024-03-13 19:46:38,short,False,True,1 commit
False,2024-03-14 05:17:15,very short,False,True,1 commit
False,2024-03-14 07:15:02,very short,False,True,1 commit
True,2024-03-15 09:44:49,lengthy,True,False,1 commit
True,2024-03-16 07:06:54,medium,False,True,1 commit
True,2024-03-16 12:14:13,very short,True,False,1 commit
False,2024-03-16 21:03:13,lengthy,False,False,some commits
False,2024-03-18 18:11:21,very short,False,True,1 commit
False,2024-03-19 07:48:03,very short,False,True,1 commit
False,2024-03-19 21:25:51,very short,False,False,many commits
True,2024-03-20 03:04:05,lengthy,True,False,1 commit
False,2024-03-20 13:19:14,lengthy,True,False,some commits
True,2024-03-20 20:27:11,very short,True,False,1 commit
True,2024-03-20 20:48:22,very short,True,False,1 commit
True,2024-03-21 18:19:18,medium,True,False,1 commit
False,2024-03-21 19:23:40,very short,False,True,1 commit
False,2024-03-21 20:44:25,medium,False,False,many commits
False,2024-03-22 13:29:07,very short,False,True,1 commit
True,2024-03-23 15:14:11,lengthy,True,False,1 commit
False,2024-03-24 00:02:18,lengthy,False,True,many commits
False,2024-03-24 06:17:13,lengthy,True,False,1 commit
False,2024-03-24 14:17:18,very short,False,False,many commits
False,2024-03-24 17:21:07,very short,False,False,many commits
False,2024-03-24 18:08:57,lengthy,False,False,1 commit
True,2024-03-25 11:29:56,lengthy,False,True,1 commit
False,2024-03-26 14:09:03,very short,True,False,1 commit
True,2024-03-26 15:29:32,lengthy,True,False,1 commit
False,2024-03-26 17:42:15,lengthy,True,False,some commits
False,2024-03-27 01:20:34,lengthy,False,True,many commits
True,2024-03-27 18:44:07,medium,False,False,1 commit
True,2024-03-27 19:19:53,lengthy,False,False,1 commit
True,2024-03-28 05:48:39,medium,True,False,1 commit
True,2024-03-28 10:45:39,lengthy,True,False,1 commit
True,2024-03-28 10:57:25,very short,True,False,1 commit
True,2024-03-29 04:22:19,very short,False,True,1 commit
False,2024-03-29 22:22:05,very short,False,True,some commits
True,2024-03-30 22:30:58,short,False,True,1 commit
False,2024-03-31 14:04:12,very short,False,True,1 commit
True,2024-03-31 19:49:24,lengthy,True,False,1 commit
True,2024-03-31 20:06:25,lengthy,True,False,1 commit
True,2024-04-01 18:29:41,medium,False,True,1 commit
False,2024-04-02 14:04:12,very short,False,True,some commits
True,2024-04-03 09:55:04,short,True,False,1 commit
True,2024-04-03 22:50:57,lengthy,False,True,some commits
True,2024-04-04 19:54:40,medium,True,False,1 commit
True,2024-04-05 07:11:28,very short,True,False,1 commit
True,2024-04-05 08:25:37,very short,True,False,some commits
True,2024-04-05 10:04:51,very short,True,False,1 commit
True,2024-04-05 15:55:51,lengthy,False,True,1 commit
False,2024-04-05 18:29:30,lengthy,False,True,1 commit
True,2024-04-06 03:23:34,lengthy,True,False,some commits
True,2024-04-07 04:28:04,lengthy,False,False,1 commit
True,2024-04-08 15:40:00,short,True,False,some commits
True,2024-04-09 14:47:07,short,True,False,some commits
False,2024-04-09 15:04:36,very short,False,True,1 commit
True,2024-04-10 13:23:13,very short,True,False,1 commit
True,2024-04-10 18:50:10,short,False,True,1 commit
True,2024-04-11 14:30:02,very short,True,False,1 commit
True,2024-04-11 22:25:44,very short,True,False,1 commit
True,2024-04-12 07:22:29,medium,True,False,1 commit
True,2024-04-12 14:47:44,lengthy,True,False,1 commit
False,2024-04-12 21:30:22,lengthy,True,False,1 commit
False,2024-04-13 00:40:23,very short,False,True,1 commit
False,2024-04-13 12:16:07,very short,True,False,1 commit
False,2024-04-13 15:23:39,very short,False,True,some commits
True,2024-04-14 11:26:48,very short,True,False,1 commit
True,2024-04-15 10:55:29,lengthy,True,False,1 commit
True,2024-04-15 11:56:07,very short,False,True,1 commit
False,2024-04-15 12:06:38,very short,False,False,1 commit
False,2024-04-15 15:09:21,very short,False,True,1 commit
True,2024-04-16 04:18:25,very short,True,False,1 commit
False,2024-04-17 03:32:23,very short,False,True,1 commit
True,2024-04-17 14:37:38,very short,True,False,1 commit
False,2024-04-17 18:28:49,very short,True,False,1 commit
False,2024-04-17 21:11:00,very short,False,True,1 commit
True,2024-04-18 11:56:16,very short,True,False,1 commit
True,2024-04-18 17:20:23,very short,False,False,1 commit
False,2024-04-19 11:29:03,very short,False,False,many commits
True,2024-04-19 18:36:34,medium,False,True,1 commit
True,2024-04-20 16:09:48,medium,True,False,1 commit
True,2024-04-21 06:58:43,lengthy,True,False,1 commit
False,2024-04-21 18:10:09,lengthy,True,False,many commits
True,2024-04-22 18:59:12,very short,True,False,1 commit
True,2024-04-23 05:49:10,short,False,True,1 commit
True,2024-04-23 14:51:45,very short,False,False,1 commit
False,2024-04-24 02:08:06,very short,False,True,1 commit
True,2024-04-25 17:07:05,lengthy,True,False,1 commit
True,2024-04-25 17:42:53,very short,False,True,1 commit
False,2024-04-25 18:18:55,lengthy,False,True,some commits
True,2024-04-26 09:21:07,lengthy,True,False,1 commit
True,2024-04-26 10:09:28,lengthy,True,False,1 commit
True,2024-04-26 12:26:09,medium,False,False,1 commit
True,2024-04-26 19:56:49,very short,True,False,1 commit
True,2024-04-28 02:39:19,lengthy,True,False,1 commit
True,2024-04-28 16:29:09,very short,True,False,1 commit
True,2024-04-29 14:35:19,short,True,False,1 commit
True,2024-04-30 06:27:40,very short,True,False,1 commit
False,2024-04-30 18:31:35,very short,False,False,1 commit
True,2024-04-30 19:55:38,short,True,False,1 commit
True,2024-04-30 20:09:36,short,True,False,1 commit
True,2024-05-01 09:18:53,lengthy,True,False,1 commit
True,2024-05-01 10:29:57,medium,True,False,1 commit
True,2024-05-02 18:42:58,very short,True,False,1 commit
True,2024-05-03 07:25:49,very short,True,False,1 commit
True,2024-05-03 08:43:40,short,True,False,1 commit
True,2024-05-03 20:16:34,very short,False,False,1 commit
True,2024-05-04 06:30:13,medium,False,True,1 commit
True,2024-05-04 21:16:42,short,True,False,1 commit
False,2024-05-05 09:50:33,short,False,True,some commits
True,2024-05-05 19:28:50,very short,True,False,1 commit
False,2024-05-06 10:40:53,very short,False,True,1 commit
False,2024-05-06 15:04:22,very short,False,True,1 commit
False,2024-05-06 16:55:33,very short,False,True,1 commit
False,2024-05-07 05:44:18,very short,False,True,1 commit
True,2024-05-07 06:08:48,lengthy,False,True,1 commit
False,2024-05-07 11:51:21,very short,False,True,1 commit
False,2024-05-08 05:44:29,lengthy,False,True,1 commit
True,2024-05-08 13:15:57,short,False,False,1 commit
False,2024-05-08 17:09:20,short,False,True,1 commit
False,2024-05-09 00:13:41,short,False,True,1 commit
True,2024-05-09 07:52:00,medium,True,False,some commits
True,2024-05-09 09:33:13,lengthy,True,False,some commits
True,2024-05-09 16:41:18,very short,True,False,1 commit
True,2024-05-10 20:09:24,medium,True,False,1 commit
True,2024-05-11 14:05:04,lengthy,True,False,1 commit
True,2024-05-12 08:36:43,very short,False,True,1 commit
True,2024-05-12 18:20:16,short,True,False,1 commit
True,2024-05-13 03:08:58,lengthy,False,True,1 commit
False,2024-05-13 13:24:11,very short,False,True,1 commit
True,2024-05-14 11:54:30,medium,False,True,1 commit
True,2024-05-15 16:13:03,medium,True,False,1 commit
False,2024-05-15 16:46:47,very short,False,True,1 commit
True,2024-05-15 18:04:57,very short,True,False,1 commit
True,2024-05-16 08:37:19,lengthy,False,True,1 commit
False,2024-05-16 14:27:51,very short,False,True,1 commit
False,2024-05-16 20:56:06,very short,False,True,1 commit
True,2024-05-17 19:24:52,lengthy,True,False,1 commit
False,2024-05-19 15:31:05,very short,False,True,some commits
True,2024-05-20 13:44:46,very short,True,False,1 commit
True,2024-05-21 08:53:07,very short,True,False,1 commit
True,2024-05-22 08:44:39,medium,False,True,1 commit
False,2024-05-22 12:57:49,lengthy,True,False,1 commit
True,2024-05-22 17:30:20,very short,True,False,1 commit
False,2024-05-23 08:48:29,very short,False,True,many commits
True,2024-05-23 13:12:52,very short,True,False,1 commit
True,2024-05-23 13:19:59,lengthy,True,False,1 commit
True,2024-05-24 10:18:43,medium,True,False,1 commit
True,2024-05-24 19:27:24,short,True,False,1 commit
True,2024-05-25 21:18:52,short,True,False,1 commit
False,2024-05-25 22:19:26,very short,False,True,1 commit
False,2024-05-26 22:17:50,very short,False,True,some commits
False,2024-05-27 12:33:32,very short,False,True,some commits
True,2024-05-28 07:07:19,very short,True,False,1 commit
False,2024-05-28 13:08:54,very short,True,False,some commits
False,2024-05-28 16:09:52,very short,False,True,1 commit
True,2024-05-29 05:16:47,very short,False,True,1 commit
True,2024-05-29 09:28:36,lengthy,False,True,1 commit
True,2024-05-29 20:49:30,very short,True,False,1 commit
False,2024-05-30 12:04:03,very short,False,True,1 commit
False,2024-05-30 16:58:35,very short,False,True,1 commit
True,2024-06-02 14:58:02,lengthy,True,False,1 commit
True,2024-06-02 15:43:16,lengthy,True,False,1 commit
True,2024-06-04 18:34:55,medium,False,True,1 commit
False,2024-06-05 02:32:01,lengthy,False,False,1 commit
True,2024-06-05 13:50:13,lengthy,True,False,1 commit
False,2024-06-05 17:56:19,very short,False,True,1 commit
False,2024-06-07 05:29:07,very short,False,True,1 commit
False,2024-06-07 13:56:29,very short,False,True,many commits
False,2024-06-07 13:56:55,very short,False,False,some commits
True,2024-06-08 09:08:47,lengthy,True,False,1 commit
True,2024-06-08 09:35:45,very short,False,True,some commits
True,2024-06-08 09:36:37,very short,False,True,1 commit
False,2024-06-08 09:47:49,lengthy,False,True,1 commit
True,2024-06-08 09:53:25,lengthy,False,True,some commits
True,2024-06-08 10:21:32,lengthy,False,True,1 commit
True,2024-06-08 10:27:00,medium,False,True,1 commit
True,2024-06-08 10:34:38,short,False,False,1 commit
True,2024-06-08 10:53:47,lengthy,False,True,1 commit
True,2024-06-08 10:59:15,lengthy,False,True,1 commit
True,2024-06-08 11:28:07,short,False,False,some commits
False,2024-06-08 13:07:04,lengthy,False,True,some commits
True,2024-06-08 13:10:47,medium,False,True,1 commit
True,2024-06-08 13:42:10,lengthy,False,False,1 commit
True,2024-06-08 13:49:06,lengthy,False,True,1 commit
True,2024-06-08 13:49:40,medium,True,False,1 commit
True,2024-06-08 14:17:06,lengthy,False,True,1 commit
False,2024-06-08 15:24:43,lengthy,False,False,1 commit
False,2024-06-08 15:41:15,lengthy,False,True,1 commit
True,2024-06-08 15:58:06,lengthy,False,False,1 commit
True,2024-06-08 18:44:50,lengthy,False,False,1 commit
True,2024-06-09 09:34:08,lengthy,False,False,1 commit
True,2024-06-09 16:21:49,lengthy,True,False,1 commit
True,2024-06-10 12:32:08,lengthy,True,False,1 commit
True,2024-06-11 08:13:06,lengthy,True,False,1 commit
True,2024-06-11 18:47:44,lengthy,False,False,1 commit
True,2024-06-12 11:23:46,lengthy,True,False,1 commit
True,2024-06-12 19:21:02,lengthy,False,False,1 commit
False,2024-06-13 20:56:14,medium,False,True,1 commit
True,2024-06-14 10:06:10,very short,True,False,1 commit
True,2024-06-14 14:59:19,very short,True,False,1 commit
False,2024-06-14 16:39:52,very short,False,True,1 commit
True,2024-06-15 15:50:51,lengthy,True,False,1 commit
True,2024-06-17 09:38:24,medium,False,False,1 commit
True,2024-06-18 20:28:29,short,True,False,1 commit
True,2024-06-19 07:32:48,short,True,False,1 commit
True,2024-06-19 15:23:47,lengthy,True,False,1 commit
True,2024-06-19 19:39:49,short,False,True,1 commit
True,2024-06-20 12:49:44,medium,True,False,some commits
False,2024-06-20 19:16:47,lengthy,True,False,1 commit
True,2024-06-20 19:24:58,medium,False,False,1 commit
True,2024-06-21 06:59:22,lengthy,False,True,1 commit
True,2024-06-21 15:06:03,very short,True,False,1 commit
True,2024-06-21 21:54:47,lengthy,True,False,1 commit
False,2024-06-22 10:53:03,lengthy,False,False,many commits
True,2024-06-22 17:06:13,lengthy,True,False,1 commit
False,2024-06-23 15:09:58,very short,False,True,1 commit
True,2024-06-24 00:02:24,lengthy,False,True,some commits
False,2024-06-24 06:14:39,lengthy,False,True,1 commit
True,2024-06-24 08:12:33,lengthy,True,False,some commits
True,2024-06-24 12:40:09,short,True,False,1 commit
True,2024-06-25 02:55:31,very short,False,False,1 commit
True,2024-06-25 07:50:51,very short,True,False,1 commit
True,2024-06-25 14:09:23,medium,True,False,1 commit
True,2024-06-26 03:44:11,lengthy,True,False,1 commit
True,2024-06-26 07:34:15,lengthy,False,True,1 commit
True,2024-06-26 21:50:53,very short,True,False,1 commit
False,2024-06-26 22:56:20,very short,True,False,some commits
True,2024-06-27 11:03:16,lengthy,True,False,1 commit
True,2024-06-27 20:43:29,lengthy,True,False,1 commit
True,2024-06-28 08:58:54,very short,True,False,1 commit
True,2024-06-28 13:10:26,lengthy,True,False,1 commit
True,2024-06-28 14:17:23,medium,False,False,1 commit
True,2024-06-29 21:29:26,lengthy,True,False,1 commit
True,2024-06-30 09:50:20,lengthy,True,False,1 commit
False,2024-06-30 20:44:11,short,False,False,1 commit
True,2024-07-01 00:02:29,very short,False,True,some commits
False,2024-07-01 20:12:52,very short,False,True,1 commit
True,2024-07-02 19:31:45,lengthy,False,True,1 commit
True,2024-07-02 21:34:27,lengthy,True,False,1 commit
False,2024-07-02 22:31:40,lengthy,False,True,1 commit
True,2024-07-03 11:54:46,very short,True,False,1 commit
True,2024-07-03 16:55:12,very short,True,False,1 commit
True,2024-07-03 18:32:50,medium,False,True,1 commit
True,2024-07-04 21:42:56,lengthy,False,False,1 commit
True,2024-07-05 06:24:04,medium,True,False,1 commit
True,2024-07-05 14:44:47,lengthy,True,False,1 commit
True,2024-07-05 15:22:51,lengthy,True,False,1 commit
True,2024-07-05 19:36:04,medium,False,True,1 commit
True,2024-07-06 07:33:43,lengthy,True,False,1 commit
False,2024-07-07 04:10:57,lengthy,False,True,1 commit
True,2024-07-07 18:20:33,lengthy,False,False,1 commit
False,2024-07-07 23:59:38,very short,False,True,some commits
True,2024-07-08 09:21:16,lengthy,True,False,1 commit
True,2024-07-08 15:01:47,lengthy,True,False,1 commit
True,2024-07-08 16:33:55,lengthy,True,False,1 commit
True,2024-07-08 17:29:44,medium,True,False,1 commit
True,2024-07-11 06:05:33,very short,True,False,1 commit
True,2024-07-11 14:22:27,lengthy,True,False,some commits
False,2024-07-11 16:57:22,medium,True,False,some commits
True,2024-07-12 14:29:52,very short,True,False,1 commit
True,2024-07-14 17:46:50,very short,True,False,1 commit
True,2024-07-15 13:15:51,lengthy,True,False,1 commit
True,2024-07-15 19:05:52,medium,False,True,1 commit
True,2024-07-17 00:46:08,short,True,False,1 commit
True,2024-07-17 15:57:03,lengthy,False,True,1 commit
True,2024-07-17 22:21:34,very short,True,False,1 commit
False,2024-07-18 08:52:04,very short,False,True,1 commit
False,2024-07-18 09:01:34,very short,False,True,some commits
True,2024-07-18 10:34:39,medium,False,False,1 commit
False,2024-07-18 10:42:28,very short,False,False,some commits
True,2024-07-18 13:17:21,lengthy,True,False,1 commit
True,2024-07-18 13:36:58,medium,True,False,some commits
True,2024-07-19 07:00:28,medium,True,False,1 commit
False,2024-07-19 16:32:46,very short,False,True,1 commit
True,2024-07-20 06:56:51,short,True,False,1 commit
True,2024-07-21 05:56:03,short,True,False,1 commit
False,2024-07-21 12:30:09,lengthy,False,False,many commits
True,2024-07-22 05:30:32,short,True,False,1 commit
True,2024-07-22 10:14:14,lengthy,True,False,1 commit
True,2024-07-22 15:18:01,lengthy,True,False,1 commit
True,2024-07-23 04:48:41,short,True,False,1 commit
False,2024-07-23 06:22:58,very short,False,True,1 commit
True,2024-07-23 08:54:19,short,False,True,1 commit
True,2024-07-23 13:19:02,medium,True,False,1 commit
True,2024-07-24 05:18:22,very short,True,False,1 commit
True,2024-07-24 05:35:30,very short,True,False,1 commit
True,2024-07-24 18:57:01,lengthy,True,False,1 commit
True,2024-07-25 07:32:45,lengthy,True,False,some commits
True,2024-07-25 18:55:19,lengthy,True,False,1 commit
True,2024-07-26 05:44:56,medium,True,False,1 commit
True,2024-07-26 07:50:37,very short,True,False,1 commit
True,2024-07-26 13:43:17,lengthy,True,False,1 commit
True,2024-07-26 15:06:09,very short,True,False,1 commit
False,2024-07-26 20:18:12,very short,False,False,many commits
False,2024-07-27 19:53:34,very short,False,True,1 commit
True,2024-07-29 09:39:27,medium,True,False,some commits
True,2024-07-29 20:41:50,lengthy,False,True,1 commit
True,2024-07-30 06:11:45,medium,True,False,some commits
False,2024-07-30 06:54:17,very short,False,True,1 commit
True,2024-07-31 03:59:06,short,True,False,1 commit
True,2024-07-31 15:50:35,lengthy,True,False,some commits
True,2024-07-31 16:24:36,medium,True,False,1 commit
False,2024-07-31 18:34:03,lengthy,False,True,1 commit
True,2024-08-01 01:40:18,short,False,False,1 commit
True,2024-08-02 18:50:02,very short,True,False,1 commit
True,2024-08-02 20:28:46,medium,False,False,1 commit
True,2024-08-05 11:41:31,very short,True,False,1 commit
False,2024-08-05 11:56:18,very short,False,True,1 commit
True,2024-08-05 12:07:30,very short,True,False,1 commit
True,2024-08-05 14:20:31,lengthy,True,False,1 commit
False,2024-08-06 00:45:56,lengthy,False,True,1 commit
False,2024-08-06 20:06:20,very short,False,True,some commits
True,2024-08-07 01:52:57,short,True,False,1 commit
True,2024-08-07 07:25:54,short,True,False,1 commit
True,2024-08-07 13:48:40,very short,True,False,1 commit
True,2024-08-07 16:33:35,medium,False,True,1 commit
True,2024-08-08 06:17:51,very short,True,False,1 commit
True,2024-08-09 12:58:50,medium,True,False,1 commit
True,2024-08-09 14:11:46,lengthy,True,False,1 commit
True,2024-08-09 17:09:48,lengthy,True,False,many commits
True,2024-08-10 13:59:43,short,False,True,1 commit
True,2024-08-10 15:02:32,lengthy,True,False,1 commit
True,2024-08-11 11:13:57,very short,True,False,1 commit
True,2024-08-11 19:09:37,medium,True,False,1 commit
True,2024-08-12 13:05:22,lengthy,True,False,1 commit
False,2024-08-12 13:42:53,very short,False,False,1 commit
True,2024-08-12 17:49:51,very short,True,False,1 commit
True,2024-08-13 06:54:15,very short,True,False,1 commit
True,2024-08-13 21:03:36,very short,True,False,1 commit
False,2024-08-13 22:20:11,very short,False,True,1 commit
False,2024-08-13 23:07:06,very short,False,True,1 commit
False,2024-08-14 03:24:30,medium,False,True,1 commit
False,2024-08-14 10:11:00,very short,False,True,1 commit
True,2024-08-14 12:38:58,medium,False,True,1 commit
False,2024-08-14 14:17:28,lengthy,False,True,1 commit
True,2024-08-15 05:28:50,lengthy,True,False,some commits
True,2024-08-15 05:52:10,very short,True,False,1 commit
True,2024-08-16 17:48:56,lengthy,True,False,some commits
False,2024-08-16 19:49:09,very short,False,True,1 commit
True,2024-08-18 12:46:29,lengthy,True,False,1 commit
True,2024-08-18 15:03:49,lengthy,True,False,1 commit
True,2024-08-19 02:56:13,lengthy,True,False,1 commit
True,2024-08-19 14:52:58,medium,True,False,1 commit
True,2024-08-20 08:39:54,very short,True,False,1 commit
True,2024-08-20 14:02:19,medium,False,True,1 commit
True,2024-08-20 14:30:34,medium,True,False,some commits
True,2024-08-20 21:51:46,lengthy,True,False,some commits
True,2024-08-21 18:02:56,short,False,True,1 commit
True,2024-08-22 09:27:24,medium,True,False,1 commit
True,2024-08-22 11:04:43,medium,True,False,1 commit
True,2024-08-22 18:29:05,lengthy,True,False,1 commit
True,2024-08-23 08:42:00,lengthy,True,False,1 commit
True,2024-08-23 14:34:07,medium,True,False,1 commit
True,2024-08-24 15:56:57,lengthy,True,False,some commits
False,2024-08-25 20:39:38,medium,False,True,1 commit
True,2024-08-26 12:56:08,short,True,False,1 commit
True,2024-08-28 09:25:35,very short,True,False,some commits
True,2024-08-28 10:13:51,very short,True,False,1 commit
False,2024-08-28 10:38:38,short,False,False,1 commit
False,2024-08-28 16:46:27,medium,False,True,1 commit
True,2024-08-28 20:54:31,lengthy,True,False,1 commit
True,2024-08-29 17:53:13,lengthy,True,False,1 commit
True,2024-08-30 18:19:13,short,False,True,1 commit
True,2024-08-31 00:20:05,medium,True,False,1 commit
True,2024-08-31 05:37:22,medium,False,False,1 commit
False,2024-08-31 05:53:58,very short,False,False,1 commit
True,2024-09-03 02:50:12,very short,True,False,1 commit
False,2024-09-03 13:29:10,lengthy,True,False,some commits
False,2024-09-03 15:39:02,lengthy,True,False,many commits
True,2024-09-04 14:54:24,lengthy,False,False,1 commit
True,2024-09-04 23:27:45,lengthy,True,False,1 commit
True,2024-09-05 12:51:17,medium,False,True,1 commit
False,2024-09-05 13:03:50,very short,False,True,1 commit
False,2024-09-05 13:05:36,lengthy,False,True,1 commit
True,2024-09-05 13:56:47,short,True,False,1 commit
True,2024-09-05 15:20:19,lengthy,True,False,some commits
True,2024-09-05 17:20:22,lengthy,True,False,1 commit
True,2024-09-05 19:53:33,very short,False,True,1 commit
True,2024-09-06 02:57:42,lengthy,True,False,1 commit
True,2024-09-06 12:39:49,medium,True,False,1 commit
True,2024-09-08 08:40:18,lengthy,False,True,1 commit
False,2024-09-08 16:45:15,lengthy,False,True,1 commit
False,2024-09-08 19:40:32,very short,False,True,1 commit
True,2024-09-09 01:19:58,lengthy,True,False,1 commit
False,2024-09-09 08:32:56,very short,False,True,1 commit
True,2024-09-09 08:44:47,very short,True,False,1 commit
True,2024-09-09 14:12:32,lengthy,True,False,1 commit
True,2024-09-09 15:24:23,lengthy,True,False,1 commit
True,2024-09-09 16:16:37,lengthy,False,False,1 commit
False,2024-09-09 23:25:57,very short,False,True,some commits
True,2024-09-10 12:33:34,short,True,False,1 commit
True,2024-09-10 13:14:25,medium,True,False,1 commit
True,2024-09-10 14:22:31,medium,True,False,1 commit
True,2024-09-10 16:19:49,lengthy,False,False,1 commit
True,2024-09-10 16:51:01,very short,True,False,1 commit
True,2024-09-10 20:47:17,medium,True,False,1 commit
True,2024-09-11 15:44:50,lengthy,True,False,1 commit
False,2024-09-12 08:56:56,very short,False,False,some commits
True,2024-09-12 12:14:48,short,False,True,1 commit
True,2024-09-12 21:05:35,lengthy,False,False,1 commit
False,2024-09-13 09:38:25,lengthy,True,False,1 commit
True,2024-09-13 11:12:44,medium,True,False,1 commit
True,2024-09-14 17:12:45,short,True,False,1 commit
True,2024-09-15 20:55:23,very short,True,False,some commits
False,2024-09-17 06:13:41,very short,True,False,1 commit
True,2024-09-17 15:03:32,short,False,True,1 commit
True,2024-09-17 19:15:50,lengthy,True,False,1 commit
True,2024-09-19 03:58:27,lengthy,True,False,1 commit
True,2024-09-19 06:23:21,very short,True,False,1 commit
False,2024-09-19 09:40:12,very short,False,True,1 commit
True,2024-09-19 12:44:05,very short,True,False,1 commit
False,2024-09-19 13:09:33,very short,False,False,some commits
True,2024-09-19 16:16:51,lengthy,True,False,1 commit
False,2024-09-19 21:04:15,very short,False,True,some commits
False,2024-09-21 04:18:04,short,False,True,1 commit
True,2024-09-21 06:25:11,lengthy,False,False,1 commit
True,2024-09-21 21:30:30,lengthy,False,False,1 commit
False,2024-09-22 21:55:06,very short,False,True,some commits
True,2024-09-23 15:46:50,lengthy,False,False,1 commit
False,2024-09-23 15:54:51,lengthy,True,False,1 commit
False,2024-09-23 18:30:03,very short,False,True,1 commit
True,2024-09-24 07:21:33,lengthy,True,False,1 commit
True,2024-09-25 02:27:23,lengthy,False,True,1 commit
True,2024-09-25 06:55:59,very short,True,False,1 commit
True,2024-09-25 12:01:40,lengthy,True,False,1 commit
True,2024-09-26 14:34:26,lengthy,True,False,1 commit
True,2024-09-26 15:54:09,lengthy,True,False,1 commit
True,2024-09-26 16:05:25,lengthy,True,False,1 commit
False,2024-09-26 19:14:03,lengthy,True,False,1 commit
False,2024-09-27 04:02:52,lengthy,True,False,1 commit
True,2024-09-27 10:03:18,lengthy,True,False,1 commit
True,2024-09-27 10:32:24,lengthy,True,False,1 commit
True,2024-09-27 13:14:52,lengthy,True,False,1 commit
True,2024-09-27 14:42:44,medium,True,False,1 commit
False,2024-09-27 16:29:25,lengthy,True,False,1 commit
True,2024-09-27 20:47:11,lengthy,True,False,some commits
True,2024-09-28 09:37:48,lengthy,False,True,1 commit
True,2024-09-28 16:41:31,medium,False,True,1 commit
False,2024-09-28 20:42:26,medium,True,False,1 commit
True,2024-09-29 09:22:44,lengthy,True,False,1 commit
True,2024-09-29 16:02:44,lengthy,True,False,1 commit
True,2024-10-01 20:41:16,medium,False,False,1 commit
False,2024-10-02 17:55:50,very short,False,True,1 commit
True,2024-10-02 21:12:15,lengthy,True,False,1 commit
False,2024-10-03 17:10:24,very short,False,True,1 commit
False,2024-10-04 09:56:27,very short,False,True,1 commit
True,2024-10-05 09:38:55,lengthy,True,False,1 commit
True,2024-10-06 12:33:32,medium,False,True,1 commit
True,2024-10-07 08:08:45,very short,True,False,1 commit
True,2024-10-08 06:20:20,short,True,False,some commits
True,2024-10-08 20:12:04,very short,True,False,1 commit
True,2024-10-09 09:35:58,very short,True,False,1 commit
True,2024-10-09 18:51:14,very short,True,False,1 commit
True,2024-10-11 11:55:04,very short,True,False,1 commit
True,2024-10-12 04:42:23,lengthy,False,False,1 commit
True,2024-10-12 14:56:46,lengthy,True,False,1 commit
True,2024-10-14 13:16:35,very short,True,False,1 commit
True,2024-10-14 17:33:34,lengthy,True,False,1 commit
True,2024-10-14 19:45:24,short,True,False,1 commit
False,2024-10-15 14:31:13,lengthy,False,True,1 commit
True,2024-10-15 16:11:01,short,True,False,some commits
True,2024-10-16 06:25:16,short,True,False,1 commit
True,2024-10-16 09:11:26,medium,True,False,1 commit
True,2024-10-16 13:53:17,short,False,True,1 commit
True,2024-10-16 18:28:10,medium,True,False,1 commit
True,2024-10-16 18:41:40,very short,True,False,1 commit
False,2024-10-16 23:22:49,very short,False,True,1 commit
True,2024-10-17 17:50:51,medium,True,False,some commits
True,2024-10-17 20:35:02,lengthy,True,False,1 commit
True,2024-10-18 09:35:55,lengthy,True,False,1 commit
True,2024-10-18 19:24:41,short,True,False,1 commit
False,2024-10-19 01:21:41,medium,False,False,1 commit
True,2024-10-19 06:15:05,lengthy,False,True,some commits
False,2024-10-19 14:45:06,lengthy,False,True,1 commit
False,2024-10-21 19:22:00,very short,False,True,1 commit
False,2024-10-22 06:28:14,lengthy,False,True,many commits
False,2024-10-22 08:04:35,very short,False,True,1 commit
True,2024-10-22 09:10:55,very short,True,False,1 commit
False,2024-10-22 19:04:53,very short,False,False,some commits
True,2024-10-22 21:24:28,short,False,True,1 commit
True,2024-10-22 22:27:21,medium,False,True,1 commit
True,2024-10-23 11:15:10,medium,False,True,1 commit
False,2024-10-23 17:47:15,very short,False,False,1 commit
True,2024-10-23 19:30:03,short,False,False,1 commit
True,2024-10-23 20:27:26,very short,True,False,1 commit
True,2024-10-23 20:44:02,short,True,False,1 commit
False,2024-10-24 05:54:29,very short,False,False,some commits
True,2024-10-24 09:44:29,short,False,True,1 commit
False,2024-10-25 06:16:06,very short,False,True,1 commit
True,2024-10-25 07:45:08,very short,True,False,1 commit
True,2024-10-25 11:29:36,lengthy,True,False,1 commit
True,2024-10-26 12:01:29,medium,False,True,1 commit
True,2024-10-26 15:40:53,lengthy,True,False,1 commit
True,2024-10-27 10:16:35,short,True,False,1 commit
True,2024-10-27 11:46:18,short,False,True,1 commit
True,2024-10-27 19:39:46,short,True,False,1 commit
True,2024-10-27 19:53:57,short,True,False,1 commit
True,2024-10-28 07:03:51,very short,False,True,1 commit
True,2024-10-28 14:04:57,short,True,False,1 commit
True,2024-10-28 20:01:23,short,True,False,1 commit
True,2024-10-28 22:43:08,very short,False,True,1 commit
True,2024-10-28 23:50:27,very short,True,False,1 commit
True,2024-10-29 02:37:12,short,True,False,1 commit
False,2024-10-29 16:52:54,very short,False,True,1 commit
True,2024-10-30 10:34:21,lengthy,True,False,1 commit
True,2024-10-30 16:13:09,medium,True,False,1 commit
True,2024-10-30 22:55:30,very short,True,False,1 commit
True,2024-10-31 13:08:18,very short,True,False,1 commit
True,2024-10-31 14:25:23,medium,False,False,1 commit
False,2024-10-31 21:05:43,lengthy,True,False,1 commit
True,2024-11-01 19:38:29,medium,True,False,1 commit
True,2024-11-02 01:58:42,medium,True,False,1 commit
True,2024-11-02 07:56:56,lengthy,True,False,some commits
True,2024-11-02 15:51:16,short,True,False,1 commit
True,2024-11-02 20:48:02,medium,False,True,1 commit
True,2024-11-02 21:11:13,lengthy,True,False,1 commit
True,2024-11-03 01:45:55,lengthy,True,False,1 commit
True,2024-11-03 09:16:51,lengthy,True,False,1 commit
True,2024-11-03 18:19:51,short,False,False,1 commit
False,2024-11-03 22:31:16,short,True,False,some commits
True,2024-11-04 08:47:11,lengthy,True,False,1 commit
True,2024-11-04 09:09:31,short,True,False,1 commit
False,2024-11-04 14:54:51,very short,True,False,1 commit
True,2024-11-05 06:43:51,medium,True,False,1 commit
True,2024-11-05 11:16:53,very short,True,False,1 commit
True,2024-11-05 17:07:02,short,True,False,1 commit
True,2024-11-06 07:54:58,medium,True,False,1 commit
True,2024-11-06 09:53:25,very short,True,False,1 commit
False,2024-11-06 17:56:17,medium,False,True,1 commit
False,2024-11-06 18:41:38,very short,False,False,1 commit
True,2024-11-07 00:52:11,medium,True,False,1 commit
True,2024-11-07 09:24:59,lengthy,True,False,1 commit
True,2024-11-07 10:44:38,medium,True,False,1 commit
False,2024-11-07 13:24:48,very short,False,True,some commits
True,2024-11-08 09:01:46,lengthy,True,False,1 commit
True,2024-11-08 10:02:36,lengthy,True,False,some commits
True,2024-11-08 21:09:24,short,True,False,some commits
False,2024-11-09 13:21:47,very short,False,True,1 commit
False,2024-11-09 17:27:20,short,False,False,1 commit
True,2024-11-09 19:03:56,short,True,False,1 commit
False,2024-11-09 23:59:48,very short,False,True,1 commit
True,2024-11-10 03:38:57,short,True,False,1 commit
False,2024-11-10 23:46:25,short,False,False,1 commit
True,2024-11-11 08:45:44,very short,True,False,1 commit
True,2024-11-11 13:31:00,very short,True,False,1 commit
True,2024-11-11 14:29:40,very short,True,False,1 commit
True,2024-11-12 14:22:13,lengthy,True,False,1 commit
True,2024-11-12 21:38:28,short,True,False,1 commit
True,2024-11-13 04:24:30,lengthy,True,False,1 commit
False,2024-11-13 07:20:25,very short,False,True,1 commit
False,2024-11-13 07:44:38,lengthy,True,False,some commits
True,2024-11-13 19:31:31,very short,False,True,1 commit
True,2024-11-13 20:29:51,very short,True,False,1 commit
False,2024-11-14 03:28:29,lengthy,False,True,many commits
True,2024-11-14 13:32:31,lengthy,True,False,some commits
True,2024-11-14 16:14:44,medium,True,False,1 commit
False,2024-11-15 02:55:21,short,False,True,1 commit
True,2024-11-15 15:59:33,lengthy,True,False,1 commit
True,2024-11-16 02:18:01,short,True,False,1 commit
False,2024-11-16 15:48:02,lengthy,True,False,some commits
True,2024-11-16 18:43:39,short,False,False,1 commit
True,2024-11-17 02:31:59,medium,True,False,1 commit
True,2024-11-17 14:20:14,lengthy,True,False,1 commit
True,2024-11-17 15:56:28,very short,True,False,1 commit
False,2024-11-18 20:12:25,very short,False,True,1 commit
True,2024-11-19 05:09:43,lengthy,True,False,1 commit
False,2024-11-20 13:46:39,lengthy,True,False,1 commit
True,2024-11-20 14:09:02,medium,True,False,1 commit
True,2024-11-23 10:25:40,medium,False,False,1 commit
True,2024-11-23 10:27:14,lengthy,False,False,1 commit
True,2024-11-23 20:12:55,lengthy,True,False,1 commit
True,2024-11-23 21:45:19,medium,True,False,1 commit
True,2024-11-23 22:25:30,medium,False,False,1 commit
True,2024-11-24 04:43:00,short,True,False,1 commit
True,2024-11-24 04:54:36,medium,True,False,1 commit
True,2024-11-24 20:25:04,medium,True,False,1 commit
True,2024-11-24 22:06:07,lengthy,True,False,1 commit
True,2024-11-25 03:13:42,lengthy,True,False,some commits
True,2024-11-25 14:22:11,lengthy,False,True,1 commit
True,2024-11-25 21:06:32,lengthy,False,True,1 commit
True,2024-11-26 01:13:36,short,False,False,1 commit
True,2024-11-26 05:49:21,very short,False,True,1 commit
True,2024-11-27 10:01:49,medium,False,True,1 commit
False,2024-11-27 14:55:53,very short,True,False,1 commit
True,2024-11-27 21:24:49,lengthy,True,False,1 commit
True,2024-11-28 12:15:23,medium,True,False,1 commit
True,2024-11-29 07:59:55,medium,True,False,1 commit
False,2024-11-29 13:59:31,very short,False,True,1 commit
True,2024-11-29 20:39:31,short,True,False,1 commit
True,2024-11-30 00:04:15,lengthy,True,False,1 commit
False,2024-11-30 15:12:20,very short,False,True,1 commit
True,2024-12-01 07:55:42,medium,True,False,1 commit
True,2024-12-01 11:46:42,short,True,False,1 commit
False,2024-12-01 14:58:21,very short,False,True,1 commit
True,2024-12-01 20:00:08,very short,True,False,1 commit
True,2024-12-02 07:37:31,very short,True,False,1 commit
False,2024-12-02 10:27:12,very short,False,True,1 commit
True,2024-12-02 13:26:32,lengthy,True,False,some commits
False,2024-12-02 18:34:46,lengthy,True,False,some commits
True,2024-12-03 03:21:09,very short,True,False,1 commit
False,2024-12-03 10:42:48,very short,True,False,1 commit
False,2024-12-04 06:23:25,very short,False,True,1 commit
True,2024-12-04 08:55:21,lengthy,False,False,1 commit
True,2024-12-05 07:11:43,very short,True,False,1 commit
True,2024-12-05 13:46:01,medium,False,True,1 commit
True,2024-12-06 15:52:10,lengthy,True,False,1 commit
True,2024-12-06 18:38:11,lengthy,True,False,1 commit
True,2024-12-06 19:56:24,lengthy,True,False,1 commit
False,2024-12-06 22:28:53,lengthy,True,False,1 commit
True,2024-12-07 01:49:59,short,True,False,some commits
True,2024-12-07 11:59:01,lengthy,True,False,1 commit
True,2024-12-08 19:22:47,medium,True,False,1 commit
True,2024-12-08 19:31:07,very short,True,False,1 commit
True,2024-12-09 05:22:54,very short,True,False,1 commit
True,2024-12-09 10:55:20,short,True,False,some commits
True,2024-12-09 11:18:01,very short,True,False,1 commit
True,2024-12-09 17:56:41,short,True,False,1 commit
False,2024-12-09 19:56:56,lengthy,True,False,1 commit
True,2024-12-10 00:04:12,lengthy,True,False,1 commit
False,2024-12-10 09:53:25,lengthy,False,True,1 commit
True,2024-12-10 11:46:57,medium,True,False,1 commit
True,2024-12-10 18:27:29,lengthy,False,False,1 commit
True,2024-12-11 16:30:25,medium,False,True,1 commit
True,2024-12-11 17:56:13,very short,False,True,1 commit
True,2024-12-11 18:48:33,medium,False,True,1 commit
False,2024-12-11 20:24:06,very short,False,True,1 commit
True,2024-12-11 20:57:35,medium,True,False,1 commit
True,2024-12-11 21:06:11,medium,True,False,some commits
True,2024-12-12 22:56:45,very short,True,False,some commits
True,2024-12-13 01:52:59,very short,True,False,1 commit
False,2024-12-13 04:56:24,lengthy,True,False,1 commit
False,2024-12-13 07:23:03,very short,False,True,1 commit
True,2024-12-13 10:15:24,medium,True,False,1 commit
True,2024-12-13 11:47:03,medium,False,True,some commits
False,2024-12-13 18:08:45,very short,False,True,1 commit
True,2024-12-14 02:09:33,lengthy,False,True,1 commit
True,2024-12-14 15:59:57,short,True,False,1 commit
True,2024-12-14 20:20:54,lengthy,True,False,1 commit
True,2024-12-15 08:58:24,short,False,True,1 commit
True,2024-12-15 13:03:04,lengthy,True,False,1 commit
True,2024-12-15 16:21:22,very short,True,False,1 commit
True,2024-12-15 16:40:38,very short,True,False,1 commit
True,2024-12-15 22:51:23,short,True,False,1 commit
True,2024-12-15 23:09:49,lengthy,True,False,1 commit
True,2024-12-16 13:49:06,very short,True,False,1 commit
False,2024-12-16 15:31:00,very short,False,True,many commits
True,2024-12-16 17:36:17,very short,True,False,1 commit
False,2024-12-16 21:05:07,very short,False,True,1 commit
True,2024-12-17 08:37:14,short,True,False,1 commit
True,2024-12-17 14:01:51,very short,True,False,1 commit
True,2024-12-18 04:51:01,lengthy,True,False,some commits
True,2024-12-18 05:23:05,lengthy,False,False,1 commit
True,2024-12-19 20:06:30,lengthy,False,False,1 commit
True,2024-12-20 07:50:38,very short,True,False,1 commit
False,2024-12-20 08:35:29,lengthy,False,True,some commits
True,2024-12-20 22:27:55,lengthy,True,False,1 commit
True,2024-12-21 11:19:49,lengthy,True,False,1 commit
True,2024-12-21 17:13:22,lengthy,False,False,1 commit
True,2024-12-22 14:38:53,medium,True,False,1 commit
True,2024-12-23 04:17:24,lengthy,True,False,some commits
True,2024-12-23 22:13:09,lengthy,True,False,1 commit
True,2024-12-24 00:25:30,lengthy,True,False,some commits
True,2024-12-24 01:02:08,medium,True,False,1 commit
False,2024-12-24 08:20:32,lengthy,True,False,many commits
True,2024-12-24 20:22:47,medium,False,True,1 commit
True,2024-12-24 23:26:31,lengthy,False,True,some commits
True,2024-12-25 09:59:46,lengthy,True,False,1 commit
True,2024-12-27 00:33:39,medium,True,False,1 commit
False,2024-12-27 04:14:48,lengthy,True,False,1 commit
True,2024-12-29 13:15:34,medium,True,False,1 commit
False,2024-12-30 09:00:35,very short,False,True,some commits
False,2024-12-30 15:59:52,lengthy,False,True,1 commit
False,2024-12-31 11:10:44,very short,True,False,some commits
True,2024-12-31 18:18:18,medium,True,False,some commits
True,2024-12-31 18:45:28,short,False,False,1 commit
True,2024-12-31 22:56:24,short,True,False,some commits
True,2025-01-01 14:39:45,very short,True,False,1 commit
True,2025-01-01 16:57:05,lengthy,True,False,1 commit
True,2025-01-01 20:56:04,lengthy,True,False,1 commit
True,2025-01-01 21:09:52,very short,True,False,1 commit
True,2025-01-01 23:08:17,short,True,False,1 commit
False,2025-01-02 10:21:24,very short,False,True,1 commit
True,2025-01-02 10:58:37,short,True,False,1 commit
True,2025-01-02 11:56:04,short,True,False,1 commit
True,2025-01-03 01:42:55,medium,True,False,1 commit
True,2025-01-03 09:59:00,medium,True,False,1 commit
True,2025-01-03 14:42:42,lengthy,True,False,1 commit
True,2025-01-03 15:33:51,very short,True,False,1 commit
False,2025-01-03 21:34:21,lengthy,False,False,1 commit
True,2025-01-05 02:29:57,lengthy,True,False,1 commit
True,2025-01-05 10:05:43,medium,True,False,1 commit
False,2025-01-05 18:39:13,lengthy,False,False,1 commit
True,2025-01-07 02:06:25,lengthy,False,True,1 commit
True,2025-01-07 05:10:00,short,True,False,some commits
True,2025-01-07 09:20:06,medium,True,False,some commits
True,2025-01-07 10:36:45,lengthy,False,False,1 commit
True,2025-01-07 11:28:24,lengthy,True,False,1 commit
True,2025-01-07 11:31:54,short,True,False,1 commit
True,2025-01-07 15:25:19,lengthy,False,True,1 commit
True,2025-01-07 19:23:42,very short,True,False,1 commit
False,2025-01-08 13:14:28,lengthy,True,False,some commits
True,2025-01-09 05:35:15,very short,True,False,1 commit
True,2025-01-09 14:52:15,medium,True,False,1 commit
True,2025-01-10 05:36:21,very short,True,False,1 commit
True,2025-01-10 14:44:25,medium,True,False,some commits
True,2025-01-10 15:14:05,lengthy,False,False,1 commit
True,2025-01-11 05:17:43,short,True,False,some commits
False,2025-01-11 14:10:50,very short,False,False,1 commit
True,2025-01-11 17:47:53,medium,False,True,1 commit
True,2025-01-11 19:16:53,lengthy,False,True,some commits
True,2025-01-11 20:06:14,short,True,False,1 commit
True,2025-01-12 10:28:40,lengthy,True,False,1 commit
False,2025-01-12 12:55:24,very short,True,False,some commits
False,2025-01-12 18:46:55,very short,False,True,1 commit
True,2025-01-12 23:26:14,very short,True,False,1 commit
True,2025-01-13 04:10:24,short,True,False,1 commit
True,2025-01-13 11:35:02,very short,True,False,1 commit
True,2025-01-13 17:38:37,lengthy,True,False,1 commit
True,2025-01-13 18:58:44,very short,True,False,some commits
True,2025-01-13 19:22:52,lengthy,True,False,some commits
True,2025-01-14 06:01:41,lengthy,True,False,1 commit
True,2025-01-14 06:53:16,short,True,False,1 commit
True,2025-01-14 10:12:46,lengthy,True,False,1 commit
False,2025-01-14 18:06:03,very short,False,True,1 commit
False,2025-01-14 21:28:15,very short,True,False,1 commit
True,2025-01-14 22:13:24,very short,True,False,some commits
True,2025-01-15 05:23:11,very short,True,False,1 commit
True,2025-01-15 12:50:38,very short,True,False,1 commit
True,2025-01-15 22:15:30,lengthy,False,False,1 commit
True,2025-01-16 10:11:12,very short,True,False,1 commit
True,2025-01-16 10:29:04,very short,True,False,1 commit
True,2025-01-16 11:08:12,very short,True,False,1 commit
True,2025-01-16 12:12:24,lengthy,True,False,1 commit
True,2025-01-16 13:28:55,lengthy,True,False,1 commit
False,2025-01-17 05:09:13,lengthy,True,False,1 commit
True,2025-01-17 05:17:09,very short,True,False,1 commit
True,2025-01-17 05:19:45,very short,True,False,1 commit
False,2025-01-17 13:25:34,lengthy,False,True,some commits
True,2025-01-17 17:08:25,lengthy,True,False,some commits
True,2025-01-17 18:31:24,medium,False,True,1 commit
True,2025-01-17 18:46:44,short,True,False,1 commit
True,2025-01-18 14:28:00,short,True,False,1 commit
True,2025-01-18 15:36:27,lengthy,True,False,1 commit
True,2025-01-18 19:30:52,medium,True,False,1 commit
True,2025-01-18 22:28:38,lengthy,True,False,1 commit
True,2025-01-20 02:58:24,short,True,False,1 commit
True,2025-01-20 06:25:53,short,True,False,some commits
True,2025-01-21 07:26:13,short,True,False,1 commit
True,2025-01-21 09:40:33,medium,False,True,1 commit
True,2025-01-21 22:16:39,medium,True,False,1 commit
False,2025-01-21 22:50:14,very short,False,True,1 commit
True,2025-01-22 07:49:42,very short,True,False,1 commit
True,2025-01-22 20:07:03,very short,True,False,1 commit
True,2025-01-22 20:12:10,very short,True,False,1 commit
True,2025-01-23 03:22:42,medium,True,False,1 commit
True,2025-01-23 06:19:18,lengthy,True,False,1 commit
True,2025-01-25 05:34:00,medium,True,False,1 commit
True,2025-01-25 22:53:58,short,True,False,1 commit
True,2025-01-26 00:19:32,short,True,False,1 commit
False,2025-01-26 06:41:58,very short,False,True,1 commit
False,2025-01-27 05:24:58,lengthy,False,True,1 commit
False,2025-01-27 20:15:38,lengthy,True,False,some commits
True,2025-01-28 04:12:29,lengthy,True,False,1 commit
False,2025-01-28 09:55:08,lengthy,True,False,1 commit
False,2025-01-28 12:03:27,medium,True,False,1 commit
True,2025-01-28 22:52:34,short,False,True,1 commit
True,2025-01-29 02:22:48,medium,True,False,1 commit
False,2025-01-29 12:37:54,lengthy,True,False,1 commit
False,2025-01-30 05:01:43,very short,False,True,1 commit
True,2025-01-30 09:53:50,very short,True,False,1 commit
True,2025-01-30 12:23:29,lengthy,True,False,1 commit
False,2025-01-30 12:54:09,very short,False,True,1 commit
True,2025-01-31 19:51:57,short,True,False,1 commit
False,2025-02-02 16:51:42,very short,False,True,1 commit
False,2025-02-02 17:58:39,very short,False,False,1 commit
False,2025-02-03 07:15:10,medium,True,False,1 commit
False,2025-02-03 17:50:40,very short,False,True,1 commit
False,2025-02-04 02:43:58,very short,False,True,1 commit
False,2025-02-04 04:07:13,lengthy,False,True,1 commit
True,2025-02-05 20:10:04,lengthy,True,False,1 commit
False,2025-02-06 02:09:52,very short,True,False,1 commit
True,2025-02-06 03:05:34,lengthy,True,False,1 commit
False,2025-02-06 19:36:48,lengthy,False,True,some commits
True,2025-02-06 20:19:28,medium,True,False,1 commit
True,2025-02-07 21:42:22,medium,True,False,1 commit
True,2025-02-08 13:24:43,lengthy,False,True,1 commit
True,2025-02-09 12:07:02,short,True,False,1 commit
True,2025-02-09 16:18:37,medium,True,False,1 commit
False,2025-02-09 20:03:43,lengthy,False,True,some commits
True,2025-02-10 07:09:57,lengthy,True,False,1 commit
True,2025-02-10 07:57:16,lengthy,True,False,1 commit
True,2025-02-10 10:17:48,medium,True,False,1 commit
True,2025-02-10 14:07:33,short,True,False,some commits
True,2025-02-10 14:44:35,very short,True,False,some commits
True,2025-02-11 14:13:28,very short,True,False,1 commit
False,2025-02-11 21:19:45,short,True,False,1 commit
True,2025-02-12 14:57:54,short,False,True,1 commit
False,2025-02-12 15:10:21,very short,False,True,1 commit
True,2025-02-12 22:27:31,very short,True,False,some commits
False,2025-02-13 06:54:55,very short,False,True,1 commit
True,2025-02-13 10:43:30,very short,False,False,1 commit
False,2025-02-13 20:53:11,very short,False,True,1 commit
False,2025-02-13 22:58:50,very short,False,True,1 commit
True,2025-02-14 06:27:05,very short,False,True,1 commit
True,2025-02-14 18:48:48,medium,False,True,1 commit
True,2025-02-15 12:16:40,lengthy,True,False,1 commit
False,2025-02-15 15:08:04,short,False,True,1 commit
True,2025-02-17 02:43:14,short,True,False,1 commit
True,2025-02-17 18:48:18,very short,True,False,1 commit
True,2025-02-18 03:16:29,lengthy,True,False,some commits
True,2025-02-18 03:42:28,lengthy,True,False,1 commit
True,2025-02-18 17:48:40,lengthy,True,False,1 commit
True,2025-02-19 07:37:29,very short,True,False,1 commit
True,2025-02-19 12:40:06,short,False,True,1 commit
True,2025-02-19 16:06:13,very short,True,False,1 commit
True,2025-02-19 19:21:34,lengthy,True,False,1 commit
True,2025-02-19 21:17:58,very short,True,False,1 commit
True,2025-02-20 08:09:34,lengthy,True,False,some commits
True,2025-02-20 09:46:22,short,True,False,1 commit
True,2025-02-20 15:55:31,lengthy,True,False,1 commit
False,2025-02-22 09:36:27,very short,True,False,1 commit
False,2025-02-22 17:00:53,very short,False,False,some commits
False,2025-02-23 19:54:38,very short,False,True,1 commit
True,2025-02-25 08:42:38,very short,True,False,1 commit
False,2025-02-25 09:49:26,lengthy,True,False,some commits
True,2025-02-25 17:26:10,short,True,False,1 commit
True,2025-02-27 17:26:37,lengthy,False,True,some commits
True,2025-02-28 11:21:13,medium,True,False,1 commit
True,2025-03-04 16:11:28,short,True,False,1 commit
True,2025-03-04 18:37:29,very short,False,False,1 commit
True,2025-03-05 00:05:33,very short,True,False,1 commit
True,2025-03-05 11:41:07,lengthy,True,False,1 commit
True,2025-03-05 12:22:42,very short,False,False,1 commit
True,2025-03-06 10:30:31,medium,True,False,1 commit
True,2025-03-06 16:36:22,medium,True,False,1 commit
False,2025-03-06 22:58:01,lengthy,False,True,1 commit
False,2025-03-07 06:59:40,lengthy,False,False,1 commit
True,2025-03-07 07:36:38,medium,True,False,1 commit
True,2025-03-07 07:41:10,medium,True,False,some commits
True,2025-03-08 15:51:12,lengthy,False,True,1 commit
False,2025-03-08 17:11:16,very short,False,True,some commits
True,2025-03-09 12:08:28,short,True,False,1 commit
True,2025-03-09 15:32:08,lengthy,True,False,1 commit
True,2025-03-09 18:20:06,very short,True,False,1 commit
True,2025-03-10 09:17:37,medium,True,False,1 commit
False,2025-03-10 13:58:26,very short,True,False,1 commit
True,2025-03-11 17:07:58,very short,True,False,1 commit
False,2025-03-12 00:29:32,lengthy,False,False,some commits
True,2025-03-12 08:41:31,lengthy,True,False,1 commit
True,2025-03-12 10:15:40,lengthy,True,False,1 commit
True,2025-03-12 12:38:35,very short,True,False,1 commit
True,2025-03-12 15:15:19,very short,True,False,1 commit
True,2025-03-12 22:03:20,lengthy,True,False,1 commit
True,2025-03-13 02:37:31,medium,True,False,1 commit
True,2025-03-13 09:26:31,medium,True,False,1 commit
False,2025-03-13 13:22:33,lengthy,False,False,1 commit
True,2025-03-14 09:50:12,short,False,True,1 commit
True,2025-03-15 09:20:07,lengthy,True,False,1 commit
False,2025-03-15 15:42:52,very short,False,True,1 commit
True,2025-03-16 11:25:07,short,True,False,1 commit
True,2025-03-16 18:40:01,medium,True,False,some commits
True,2025-03-17 11:06:31,short,True,False,1 commit
True,2025-03-17 14:14:35,medium,False,True,1 commit
False,2025-03-17 21:04:56,lengthy,False,False,some commits
False,2025-03-18 01:18:41,lengthy,False,True,1 commit
False,2025-03-19 06:27:35,lengthy,True,False,some commits
True,2025-03-19 22:54:31,short,False,False,1 commit
True,2025-03-20 23:35:13,short,False,True,1 commit
False,2025-03-21 00:26:53,very short,True,False,1 commit
True,2025-03-21 03:39:23,lengthy,True,False,1 commit
True,2025-03-21 14:44:37,medium,False,True,1 commit
True,2025-03-21 15:21:21,lengthy,True,False,1 commit
True,2025-03-22 13:30:53,medium,True,False,1 commit
True,2025-03-22 21:42:45,very short,True,False,1 commit
True,2025-03-23 15:43:44,lengthy,False,True,1 commit
False,2025-03-24 22:41:38,very short,False,True,1 commit
True,2025-03-25 01:22:22,very short,True,False,1 commit
True,2025-03-25 16:20:19,very short,True,False,1 commit
True,2025-03-25 16:27:35,very short,True,False,1 commit
True,2025-03-27 16:34:01,medium,False,True,1 commit
True,2025-03-28 08:04:13,very short,True,False,1 commit
True,2025-03-28 10:41:17,medium,False,False,1 commit
True,2025-03-28 20:35:14,short,True,False,1 commit
False,2025-03-29 17:37:03,lengthy,False,True,1 commit
True,2025-03-30 13:01:41,short,True,False,1 commit
True,2025-03-31 09:59:17,very short,True,False,1 commit
True,2025-03-31 21:03:24,very short,True,False,1 commit
True,2025-04-01 07:27:48,very short,True,False,1 commit
False,2025-04-01 23:16:34,lengthy,False,True,1 commit
True,2025-04-02 17:42:01,short,True,False,1 commit
True,2025-04-02 22:58:44,medium,True,False,1 commit
True,2025-04-03 03:23:50,very short,True,False,1 commit
False,2025-04-03 07:11:24,very short,False,False,some commits
False,2025-04-03 15:24:27,short,True,False,1 commit
False,2025-04-04 05:05:44,very short,False,True,1 commit
True,2025-04-04 11:57:12,very short,False,False,1 commit
True,2025-04-04 16:37:20,short,True,False,1 commit
True,2025-04-04 19:07:23,medium,True,False,1 commit
False,2025-04-04 22:48:49,lengthy,False,True,some commits
True,2025-04-05 08:00:05,very short,False,True,1 commit
True,2025-04-05 13:21:29,very short,True,False,1 commit
True,2025-04-05 23:40:45,medium,True,False,1 commit
True,2025-04-06 06:52:22,medium,True,False,1 commit
False,2025-04-06 16:43:48,very short,False,True,1 commit
False,2025-04-06 21:00:34,short,False,False,some commits
True,2025-04-08 07:52:00,very short,True,False,1 commit
True,2025-04-08 11:11:02,lengthy,False,True,1 commit
True,2025-04-08 16:06:58,lengthy,True,False,1 commit
True,2025-04-08 17:04:16,lengthy,False,True,1 commit
True,2025-04-09 12:42:35,lengthy,True,False,some commits
True,2025-04-09 12:52:05,very short,True,False,1 commit
True,2025-04-10 04:13:36,medium,True,False,some commits
False,2025-04-10 07:03:25,lengthy,True,False,some commits
True,2025-04-10 08:44:18,lengthy,True,False,1 commit
True,2025-04-10 21:55:25,medium,True,False,1 commit
True,2025-04-11 11:07:35,short,True,False,1 commit
False,2025-04-11 11:26:55,lengthy,True,False,1 commit
False,2025-04-11 11:44:20,lengthy,True,False,some commits
True,2025-04-11 12:09:32,lengthy,True,False,1 commit
True,2025-04-11 21:04:56,very short,True,False,1 commit
False,2025-04-12 13:35:46,very short,False,True,1 commit
True,2025-04-13 06:17:31,lengthy,True,False,1 commit
False,2025-04-13 13:06:56,short,True,False,many commits
True,2025-04-14 15:04:23,lengthy,True,False,1 commit
True,2025-04-14 17:19:31,short,True,False,1 commit
True,2025-04-15 13:24:46,very short,True,False,1 commit
False,2025-04-15 17:47:39,very short,False,True,1 commit
True,2025-04-16 13:09:23,lengthy,True,False,1 commit
True,2025-04-16 13:59:41,very short,True,False,1 commit
True,2025-04-17 09:28:36,medium,True,False,1 commit
True,2025-04-17 10:40:31,medium,True,False,1 commit
True,2025-04-18 14:16:06,lengthy,False,True,1 commit
True,2025-04-19 17:59:09,lengthy,True,False,some commits
False,2025-04-19 19:07:53,lengthy,True,False,many commits
True,2025-04-20 00:42:54,lengthy,True,False,1 commit
False,2025-04-20 06:49:11,lengthy,True,False,some commits
True,2025-04-20 07:38:18,medium,True,False,1 commit
False,2025-04-20 08:13:03,lengthy,True,False,1 commit
True,2025-04-20 10:00:43,lengthy,True,False,1 commit
True,2025-04-20 10:40:33,lengthy,True,False,1 commit
True,2025-04-20 16:03:13,medium,False,True,1 commit
True,2025-04-20 22:38:55,lengthy,False,False,1 commit
False,2025-04-21 14:38:59,short,False,True,1 commit
True,2025-04-23 02:02:09,lengthy,False,True,1 commit
False,2025-04-24 08:41:17,short,True,False,1 commit
True,2025-04-24 11:47:42,medium,False,True,1 commit
False,2025-04-25 05:27:05,very short,False,True,1 commit
True,2025-04-26 11:16:56,very short,False,True,1 commit
True,2025-04-26 11:44:12,lengthy,True,False,1 commit
True,2025-04-26 14:10:24,short,True,False,1 commit
True,2025-04-26 14:57:25,very short,True,False,1 commit
True,2025-04-26 15:16:28,lengthy,True,False,1 commit
True,2025-04-27 07:21:39,lengthy,True,False,1 commit
True,2025-04-27 12:55:07,lengthy,True,False,some commits
True,2025-04-27 13:55:47,lengthy,True,False,1 commit
False,2025-04-27 16:17:07,very short,False,True,1 commit
True,2025-04-28 08:06:30,short,True,False,1 commit
True,2025-04-29 03:41:21,short,True,False,some commits
False,2025-04-29 09:14:47,lengthy,True,False,many commits
False,2025-04-29 17:45:20,very short,True,False,some commits
True,2025-04-30 19:05:31,lengthy,True,False,1 commit
True,2025-05-01 21:07:39,medium,False,True,1 commit
False,2025-05-03 13:20:15,very short,False,True,1 commit
True,2025-05-06 19:12:40,medium,True,False,1 commit
True,2025-05-08 03:20:49,lengthy,False,True,1 commit
True,2025-05-08 10:44:03,lengthy,True,False,1 commit
True,2025-05-08 13:28:11,medium,True,False,1 commit
True,2025-05-08 15:17:32,very short,True,False,1 commit
True,2025-05-08 18:04:58,medium,True,False,1 commit
True,2025-05-08 20:41:03,lengthy,False,True,1 commit
False,2025-05-09 09:00:14,lengthy,False,True,some commits
False,2025-05-09 18:28:41,short,False,False,1 commit
True,2025-05-11 21:17:31,short,True,False,some commits
True,2025-05-12 02:18:02,lengthy,True,False,some commits
True,2025-05-12 14:56:38,very short,True,False,1 commit
True,2025-05-13 01:19:25,lengthy,True,False,1 commit
True,2025-05-13 14:31:18,short,True,False,1 commit
True,2025-05-13 20:17:23,lengthy,False,False,1 commit
False,2025-05-13 21:00:57,very short,False,False,1 commit
True,2025-05-14 17:18:24,very short,True,False,1 commit
True,2025-05-15 01:59:12,very short,True,False,1 commit
True,2025-05-15 02:59:33,short,True,False,1 commit
True,2025-05-15 19:46:21,medium,False,False,1 commit
True,2025-05-16 12:08:06,lengthy,True,False,1 commit
False,2025-05-16 23:30:56,medium,False,True,1 commit
True,2025-05-18 03:50:27,lengthy,True,False,1 commit
True,2025-05-18 14:08:35,lengthy,True,False,1 commit
True,2025-05-19 14:53:40,very short,True,False,1 commit
True,2025-05-21 12:53:10,short,True,False,1 commit
True,2025-05-22 03:47:55,medium,False,True,1 commit
False,2025-05-22 07:29:30,very short,False,True,1 commit
True,2025-05-22 07:31:33,lengthy,True,False,1 commit
True,2025-05-22 13:03:40,lengthy,True,False,1 commit
True,2025-05-22 18:30:22,lengthy,True,False,1 commit
True,2025-05-22 21:44:01,very short,True,False,1 commit
True,2025-05-23 05:03:30,very short,True,False,1 commit
False,2025-05-23 08:32:09,very short,False,True,1 commit
False,2025-05-23 09:12:37,very short,False,False,some commits
False,2025-05-24 12:01:12,very short,False,False,1 commit
True,2025-05-24 18:05:18,medium,True,False,1 commit
True,2025-05-26 14:47:02,lengthy,True,False,1 commit
True,2025-05-27 01:24:54,medium,True,False,1 commit
True,2025-05-27 16:15:23,medium,True,False,1 commit
True,2025-05-28 18:32:51,medium,False,True,1 commit
False,2025-05-29 02:33:52,very short,False,True,1 commit
True,2025-05-31 07:37:58,lengthy,False,False,1 commit
True,2025-05-31 13:01:17,lengthy,False,False,1 commit
True,2025-06-02 09:02:31,lengthy,False,False,1 commit
True,2025-06-02 20:48:28,medium,True,False,1 commit
True,2025-06-03 22:29:07,short,True,False,some commits
True,2025-06-04 01:55:10,lengthy,True,False,some commits
True,2025-06-04 02:38:59,very short,True,False,1 commit
False,2025-06-04 04:08:22,lengthy,False,False,some commits
True,2025-06-04 15:10:59,short,True,False,some commits
True,2025-06-04 22:49:17,lengthy,False,False,1 commit
False,2025-06-05 12:44:53,very short,True,False,1 commit
True,2025-06-05 21:05:34,medium,False,True,1 commit
True,2025-06-05 21:59:53,medium,False,True,1 commit
True,2025-06-06 04:32:21,medium,True,False,1 commit
False,2025-06-06 11:25:27,very short,False,True,many commits
True,2025-06-06 21:01:00,medium,False,False,1 commit
True,2025-06-07 15:40:47,short,False,True,1 commit
True,2025-06-07 22:23:48,lengthy,True,False,1 commit
False,2025-06-08 12:10:02,very short,False,True,1 commit
True,2025-06-08 14:19:01,short,True,False,some commits
True,2025-06-08 20:58:11,lengthy,True,False,1 commit
False,2025-06-09 12:51:39,lengthy,False,True,1 commit
True,2025-06-09 14:09:43,very short,True,False,1 commit
True,2025-06-09 22:42:19,lengthy,True,False,many commits
True,2025-06-11 15:52:29,medium,True,False,1 commit
True,2025-06-11 18:19:46,very short,False,True,1 commit
True,2025-06-12 10:08:02,medium,True,False,1 commit
True,2025-06-12 17:37:00,very short,False,True,1 commit
True,2025-06-13 02:06:04,very short,True,False,1 commit
True,2025-06-13 10:34:01,lengthy,False,True,1 commit
True,2025-06-14 15:10:21,lengthy,True,False,1 commit
False,2025-06-15 14:42:12,lengthy,True,False,1 commit
True,2025-06-16 21:46:09,short,True,False,1 commit
False,2025-06-17 05:39:58,very short,False,True,1 commit
True,2025-06-17 09:33:37,very short,False,True,some commits
True,2025-06-17 14:29:37,very short,True,False,1 commit
True,2025-06-18 12:17:12,lengthy,True,False,1 commit
False,2025-06-18 14:01:22,very short,False,True,1 commit
True,2025-06-19 09:55:05,medium,True,False,1 commit
True,2025-06-20 01:03:35,very short,True,False,1 commit
False,2025-06-20 17:59:12,very short,False,True,many commits
True,2025-06-20 21:57:00,very short,True,False,1 commit
True,2025-06-24 06:40:42,medium,False,True,1 commit
False,2025-06-24 17:17:55,very short,False,True,1 commit
False,2025-06-25 07:21:25,lengthy,False,True,some commits
True,2025-06-25 17:41:23,medium,False,True,1 commit
False,2025-06-25 20:22:11,very short,False,True,1 commit
True,2025-06-25 22:11:21,lengthy,True,False,1 commit
True,2025-06-26 06:04:55,lengthy,False,False,some commits
True,2025-06-26 10:43:32,short,True,False,some commits
True,2025-06-26 12:27:23,lengthy,True,False,some commits
True,2025-06-27 13:34:14,lengthy,True,False,some commits
True,2025-06-27 20:12:52,lengthy,False,False,1 commit
False,2025-06-29 08:00:32,very short,False,True,1 commit
True,2025-06-29 12:15:51,lengthy,True,False,some commits
True,2025-06-29 16:36:34,lengthy,False,True,some commits
True,2025-06-30 12:50:56,lengthy,False,True,1 commit
False,2025-06-30 17:52:27,lengthy,False,True,some commits
True,2025-06-30 17:58:33,lengthy,False,False,1 commit
True,2025-07-02 05:51:04,lengthy,True,False,some commits
True,2025-07-03 06:50:37,very short,True,False,1 commit
False,2025-07-03 10:36:07,very short,False,True,1 commit
True,2025-07-06 06:49:31,lengthy,True,False,some commits
True,2025-07-06 08:51:52,lengthy,True,False,some commits
False,2025-07-06 17:09:32,very short,False,True,1 commit
False,2025-07-08 02:26:21,lengthy,False,True,some commits
True,2025-07-08 14:38:24,short,False,True,1 commit
True,2025-07-08 16:25:37,lengthy,False,False,1 commit
True,2025-07-09 07:52:17,very short,True,False,1 commit
True,2025-07-09 17:15:07,very short,True,False,1 commit
False,2025-07-10 11:53:56,very short,True,False,some commits
False,2025-07-11 04:08:46,very short,False,True,1 commit
True,2025-07-11 21:59:04,short,True,False,1 commit
False,2025-07-11 22:35:58,very short,False,True,some commits
True,2025-07-13 16:28:54,very short,True,False,1 commit
True,2025-07-13 18:15:08,lengthy,True,False,1 commit
True,2025-07-16 10:13:09,lengthy,True,False,1 commit
True,2025-07-16 12:58:41,lengthy,False,False,1 commit
False,2025-07-17 07:26:55,lengthy,False,True,some commits
False,2025-07-18 09:41:07,short,False,True,1 commit
True,2025-07-18 13:42:18,medium,True,False,1 commit
False,2025-07-19 13:06:01,lengthy,False,True,some commits
True,2025-07-20 12:11:25,very short,False,True,some commits
True,2025-07-20 13:53:03,medium,True,False,1 commit
True,2025-07-20 14:07:50,lengthy,True,False,1 commit
True,2025-07-21 21:31:14,short,True,False,some commits
True,2025-07-21 21:50:51,very short,True,False,1 commit
True,2025-07-22 00:19:41,very short,True,False,1 commit
False,2025-07-22 03:21:47,very short,False,True,some commits
False,2025-07-22 12:33:55,very short,False,True,1 commit
False,2025-07-23 01:05:16,lengthy,False,True,1 commit
False,2025-07-23 08:33:25,very short,False,True,1 commit
True,2025-07-23 08:40:52,lengthy,False,True,1 commit
True,2025-07-23 13:55:43,medium,False,True,some commits
True,2025-07-23 13:58:42,very short,False,True,1 commit
True,2025-07-24 10:17:03,medium,True,False,1 commit
True,2025-07-24 17:07:51,very short,True,False,1 commit
True,2025-07-24 19:21:02,medium,True,False,1 commit
False,2025-07-25 05:28:15,lengthy,False,True,some commits
False,2025-07-26 03:12:04,lengthy,True,False,many commits
False,2025-07-27 15:26:45,very short,True,False,1 commit
True,2025-07-27 23:05:14,lengthy,True,False,1 commit
True,2025-07-28 16:10:35,medium,True,False,1 commit
True,2025-07-28 17:15:01,lengthy,True,False,1 commit
True,2025-07-28 21:50:13,very short,True,False,1 commit
True,2025-07-29 09:06:25,short,True,False,1 commit
True,2025-07-29 20:09:23,very short,True,False,1 commit
True,2025-07-30 14:38:57,lengthy,False,True,1 commit
True,2025-07-31 05:13:26,lengthy,False,False,1 commit
True,2025-08-01 12:24:31,medium,True,False,1 commit
True,2025-08-01 22:05:23,short,True,False,1 commit
True,2025-08-02 11:48:16,medium,False,True,1 commit
True,2025-08-03 00:45:42,short,True,False,1 commit
True,2025-08-03 07:18:01,medium,True,False,1 commit
True,2025-08-03 14:36:10,medium,True,False,1 commit
True,2025-08-04 05:25:50,lengthy,False,True,1 commit
True,2025-08-05 11:15:54,lengthy,False,False,some commits
True,2025-08-06 17:35:08,short,False,True,1 commit
True,2025-08-06 19:04:59,short,False,True,1 commit
True,2025-08-08 07:48:55,very short,True,False,1 commit
True,2025-08-08 16:28:29,lengthy,True,False,1 commit
True,2025-08-09 02:03:51,medium,True,False,1 commit
True,2025-08-09 04:06:57,short,True,False,1 commit
False,2025-08-10 00:53:54,very short,False,True,1 commit
True,2025-08-10 21:24:39,very short,True,False,1 commit
True,2025-08-11 15:44:10,short,True,False,1 commit
True,2025-08-12 09:09:00,medium,True,False,1 commit
True,2025-08-12 11:16:47,medium,True,False,1 commit
False,2025-08-13 06:15:46,short,False,True,1 commit
False,2025-08-14 21:01:14,very short,False,False,many commits
False,2025-08-15 09:07:08,lengthy,True,False,1 commit
True,2025-08-15 13:42:30,medium,True,False,1 commit
True,2025-08-16 01:26:05,lengthy,True,False,1 commit
True,2025-08-17 10:19:39,very short,True,False,1 commit
False,2025-08-17 13:48:39,very short,False,False,some commits
True,2025-08-18 14:42:58,medium,True,False,1 commit
True,2025-08-18 15:45:13,medium,True,False,1 commit
True,2025-08-18 19:12:30,very short,True,False,1 commit
True,2025-08-19 02:41:40,medium,True,False,1 commit
True,2025-08-19 07:26:44,short,False,True,1 commit
True,2025-08-19 09:15:07,very short,True,False,1 commit
True,2025-08-19 10:10:41,lengthy,True,False,some commits
True,2025-08-19 11:18:51,very short,False,False,some commits
True,2025-08-19 19:06:30,short,True,False,1 commit
True,2025-08-19 19:10:51,lengthy,True,False,1 commit
True,2025-08-20 03:01:01,medium,True,False,1 commit
True,2025-08-20 15:06:48,medium,True,False,1 commit
True,2025-08-21 10:08:52,medium,False,True,1 commit
True,2025-08-21 12:16:40,very short,True,False,1 commit
False,2025-08-21 12:19:34,very short,False,True,1 commit
False,2025-08-21 13:08:01,very short,False,True,1 commit
True,2025-08-22 14:29:30,lengthy,True,False,1 commit
False,2025-08-23 03:07:26,medium,False,True,some commits
True,2025-08-23 10:48:05,lengthy,True,False,1 commit
False,2025-08-24 07:41:40,lengthy,True,False,1 commit
True,2025-08-24 07:48:37,short,True,False,1 commit
True,2025-08-24 16:45:45,medium,True,False,1 commit
True,2025-08-25 13:44:05,short,True,False,some commits
True,2025-08-25 18:58:54,lengthy,True,False,1 commit
True,2025-08-26 16:43:18,short,True,False,1 commit
True,2025-08-27 09:58:00,very short,True,False,1 commit
True,2025-08-27 14:33:17,very short,True,False,1 commit
True,2025-08-28 13:10:24,medium,True,False,1 commit
True,2025-08-29 13:49:30,lengthy,True,False,some commits
True,2025-08-29 13:52:08,lengthy,True,False,some commits
True,2025-08-30 07:19:17,very short,True,False,1 commit
True,2025-08-30 07:25:01,very short,True,False,1 commit
True,2025-08-30 11:10:12,lengthy,True,False,some commits
True,2025-08-30 13:24:34,lengthy,True,False,1 commit
True,2025-08-30 14:15:09,lengthy,True,False,1 commit
False,2025-08-30 19:33:18,very short,False,False,1 commit
True,2025-08-31 09:56:59,lengthy,True,False,1 commit
True,2025-09-01 19:08:16,short,False,True,1 commit
True,2025-09-01 22:31:48,lengthy,False,True,1 commit
True,2025-09-03 20:55:09,short,True,False,some commits
True,2025-09-04 06:51:32,lengthy,False,False,1 commit
True,2025-09-04 10:54:00,lengthy,False,True,1 commit
True,2025-09-04 10:55:17,very short,True,False,1 commit
False,2025-09-04 11:23:05,lengthy,False,True,some commits
True,2025-09-04 12:06:01,very short,True,False,1 commit
False,2025-09-04 23:06:48,medium,False,True,1 commit
False,2025-09-04 23:21:42,very short,False,False,some commits
True,2025-09-05 11:03:31,very short,True,False,1 commit
False,2025-09-05 11:40:33,very short,False,False,some commits
True,2025-09-05 14:12:14,medium,True,False,1 commit
False,2025-09-05 22:49:19,very short,False,True,1 commit
False,2025-09-07 04:24:14,very short,False,True,1 commit
False,2025-09-07 05:32:28,very short,False,False,some commits
True,2025-09-08 09:55:15,very short,True,False,1 commit
False,2025-09-08 10:19:08,medium,False,True,many commits
True,2025-09-08 13:10:23,lengthy,False,True,1 commit
True,2025-09-08 15:28:42,medium,True,False,many commits
False,2025-09-08 17:33:37,short,False,False,some commits
False,2025-09-09 18:15:36,short,False,True,1 commit
True,2025-09-10 02:31:35,medium,True,False,1 commit
False,2025-09-10 13:37:14,short,True,False,1 commit
True,2025-09-10 15:57:37,lengthy,False,True,1 commit
True,2025-09-10 21:39:50,very short,True,False,1 commit
True,2025-09-11 11:21:06,lengthy,True,False,some commits
True,2025-09-11 18:46:28,medium,True,False,some commits
True,2025-09-11 20:11:53,lengthy,False,True,1 commit
True,2025-09-11 20:26:07,lengthy,True,False,1 commit
True,2025-09-11 20:56:28,medium,False,True,1 commit
True,2025-09-12 15:58:54,very short,True,False,1 commit
False,2025-09-12 16:14:15,very short,False,False,some commits
True,2025-09-12 19:33:39,lengthy,False,False,1 commit
True,2025-09-12 20:43:51,very short,True,False,1 commit
True,2025-09-13 15:21:43,medium,False,False,1 commit
True,2025-09-13 18:36:46,short,False,True,1 commit
True,2025-09-14 13:44:33,medium,True,False,1 commit
False,2025-09-14 14:50:13,lengthy,False,True,1 commit
True,2025-09-14 17:38:10,short,True,False,1 commit
True,2025-09-16 21:03:23,lengthy,True,False,1 commit
True,2025-09-16 22:13:55,very short,True,False,1 commit
True,2025-09-17 06:02:17,medium,True,False,1 commit
True,2025-09-17 10:00:34,lengthy,True,False,1 commit
True,2025-09-17 13:25:17,very short,True,False,some commits
True,2025-09-18 16:57:30,medium,True,False,1 commit
False,2025-09-18 21:22:52,very short,False,True,1 commit
True,2025-09-19 14:32:21,lengthy,True,False,1 commit
True,2025-09-20 00:34:57,medium,True,False,1 commit
True,2025-09-22 20:00:09,medium,True,False,1 commit
True,2025-09-23 16:30:15,very short,True,False,some commits
True,2025-09-23 16:36:12,short,True,False,1 commit
False,2025-09-24 01:14:48,lengthy,False,False,some commits
True,2025-09-24 02:47:47,medium,True,False,1 commit
False,2025-09-24 10:13:33,very short,True,False,1 commit
True,2025-09-26 19:42:37,short,True,False,1 commit
False,2025-09-26 23:53:11,short,False,True,some commits
True,2025-09-27 14:19:58,lengthy,True,False,1 commit
True,2025-09-27 17:41:20,short,True,False,1 commit
True,2025-09-29 21:52:35,lengthy,True,False,1 commit
True,2025-10-01 19:17:07,very short,True,False,1 commit
True,2025-10-03 11:24:28,very short,True,False,some commits
True,2025-10-03 12:23:25,very short,False,False,1 commit
False,2025-10-03 19:13:03,very short,False,True,1 commit
True,2025-10-04 08:18:25,lengthy,False,True,1 commit
False,2025-10-04 13:50:57,medium,False,True,1 commit
True,2025-10-07 09:36:19,lengthy,False,True,1 commit
True,2025-10-07 11:23:45,very short,False,False,1 commit
True,2025-10-07 15:21:55,very short,True,False,1 commit
True,2025-10-08 16:32:49,medium,True,False,1 commit
True,2025-10-09 07:59:11,lengthy,False,True,1 commit
True,2025-10-09 15:22:58,medium,True,False,some commits
True,2025-10-09 19:51:33,medium,True,False,1 commit
False,2025-10-10 13:53:09,lengthy,False,True,some commits
True,2025-10-10 23:12:42,lengthy,True,False,1 commit
False,2025-10-12 13:26:41,short,False,True,some commits
True,2025-10-12 17:00:10,very short,True,False,1 commit
True,2025-10-12 17:46:48,lengthy,False,True,1 commit
False,2025-10-13 08:41:03,very short,False,True,1 commit
True,2025-10-13 09:14:10,short,False,True,some commits
False,2025-10-13 16:07:42,very short,False,True,1 commit
False,2025-10-14 01:44:38,medium,False,True,1 commit
True,2025-10-14 15:15:26,very short,True,False,1 commit
False,2025-10-14 19:19:46,very short,False,False,some commits
True,2025-10-14 22:04:27,short,False,False,1 commit
False,2025-10-15 13:57:10,very short,False,True,many commits
True,2025-10-15 21:17:15,very short,True,False,1 commit
False,2025-10-16 14:31:42,lengthy,False,False,1 commit
True,2025-10-16 18:58:27,very short,False,True,1 commit
False,2025-10-17 21:29:39,lengthy,True,False,1 commit
True,2025-10-18 13:33:33,short,False,True,1 commit
False,2025-10-19 15:22:13,short,False,True,many commits
False,2025-10-21 10:51:20,very short,False,True,many commits
False,2025-10-21 12:00:39,very short,False,True,1 commit
True,2025-10-21 19:14:34,very short,True,False,1 commit
True,2025-10-21 22:15:19,medium,True,False,1 commit
False,2025-10-22 07:18:52,very short,False,False,1 commit
True,2025-10-22 08:06:07,short,False,False,1 commit
False,2025-10-22 10:32:42,short,False,True,1 commit
True,2025-10-22 21:07:25,lengthy,True,False,1 commit
True,2025-10-23 04:52:50,medium,False,False,1 commit
False,2025-10-23 14:10:42,very short,False,True,1 commit
True,2025-10-23 19:08:26,short,False,True,1 commit
True,2025-10-25 14:02:40,lengthy,False,False,1 commit
True,2025-10-27 15:03:20,medium,True,False,1 commit
False,2025-10-27 18:56:28,very short,True,False,1 commit
False,2025-10-27 19:00:55,lengthy,False,True,1 commit
True,2025-10-27 20:42:46,lengthy,True,False,some commits
False,2025-10-28 02:20:16,lengthy,False,True,some commits
True,2025-10-28 10:25:03,very short,True,False,1 commit
False,2025-10-28 15:23:07,very short,False,False,1 commit
False,2025-10-29 08:59:40,very short,False,False,some commits
False,2025-10-29 09:48:48,very short,False,False,some commits
False,2025-10-29 13:28:22,lengthy,False,True,1 commit
True,2025-10-30 06:40:08,lengthy,False,False,1 commit
False,2025-10-30 07:18:59,very short,False,False,1 commit
True,2025-10-30 07:35:17,very short,True,False,1 commit
True,2025-10-30 09:22:54,short,True,False,1 commit
False,2025-10-31 05:13:52,medium,False,False,1 commit
False,2025-10-31 07:23:56,very short,False,True,many commits
False,2025-10-31 14:08:21,lengthy,False,False,some commits
True,2025-10-31 20:17:45,medium,True,False,some commits
False,2025-11-02 09:40:12,short,False,True,1 commit
False,2025-11-03 07:58:23,very short,False,True,1 commit
True,2025-11-03 10:35:30,medium,True,False,1 commit
False,2025-11-03 15:27:49,very short,False,True,many commits
True,2025-11-03 17:32:30,medium,False,False,1 commit
False,2025-11-04 04:47:31,very short,False,False,1 commit
False,2025-11-04 04:48:39,very short,False,False,1 commit
True,2025-11-04 08:43:51,very short,False,True,1 commit
False,2025-11-04 08:55:06,very short,False,False,1 commit
False,2025-11-04 10:54:44,very short,False,False,some commits
False,2025-11-04 10:56:18,very short,False,False,1 commit
False,2025-11-04 12:34:24,very short,False,False,1 commit
True,2025-11-05 17:20:00,very short,False,True,many commits
True,2025-11-05 19:10:24,very short,False,True,some commits
False,2025-11-05 23:54:13,medium,False,True,some commits
True,2025-11-07 05:05:18,medium,False,False,1 commit
False,2025-11-07 06:52:30,very short,False,True,some commits
True,2025-11-08 11:03:51,short,True,False,1 commit
False,2025-11-08 12:02:50,lengthy,True,False,many commits
True,2025-11-08 15:10:34,lengthy,True,False,1 commit
True,2025-11-09 09:45:40,medium,True,False,1 commit
True,2025-11-10 10:11:20,very short,True,False,1 commit
True,2025-11-10 11:29:59,lengthy,True,False,1 commit
True,2025-11-10 11:41:00,short,True,False,1 commit
True,2025-11-10 12:37:05,short,False,True,1 commit
True,2025-11-11 05:52:40,medium,False,False,1 commit
False,2025-11-11 06:43:42,short,False,True,1 commit
False,2025-11-11 09:03:04,very short,False,True,1 commit
True,2025-11-11 09:37:02,short,False,False,1 commit
False,2025-11-11 11:20:44,medium,False,False,some commits
True,2025-11-12 15:22:00,medium,True,False,1 commit
True,2025-11-12 17:47:00,lengthy,True,False,1 commit
True,2025-11-12 19:50:09,very short,True,False,1 commit
False,2025-11-13 08:13:31,very short,False,False,1 commit
False,2025-11-13 09:18:40,very short,False,True,1 commit
False,2025-11-13 14:45:04,very short,False,True,1 commit
True,2025-11-13 20:34:48,lengthy,True,False,some commits
True,2025-11-13 23:53:26,medium,True,False,1 commit
False,2025-11-14 17:45:24,very short,False,True,some commits
True,2025-11-15 05:08:54,medium,False,False,1 commit
False,2025-11-15 17:03:58,very short,False,True,1 commit
True,2025-11-15 19:27:35,lengthy,True,False,1 commit
False,2025-11-15 22:52:26,very short,False,False,1 commit
False,2025-11-15 22:52:41,very short,False,False,1 commit
False,2025-11-15 22:53:04,very short,False,False,1 commit
False,2025-11-15 22:53:09,very short,False,False,1 commit
False,2025-11-15 22:53:40,very short,False,False,1 commit
False,2025-11-15 22:53:46,very short,False,False,1 commit
False,2025-11-15 22:53:51,very short,False,False,1 commit
False,2025-11-15 22:53:54,very short,False,False,1 commit
False,2025-11-15 22:54:13,very short,False,False,1 commit
False,2025-11-15 22:54:35,very short,False,False,1 commit
False,2025-11-15 22:55:00,very short,False,False,1 commit
False,2025-11-15 22:55:04,very short,False,False,1 commit
False,2025-11-15 22:55:47,very short,False,False,1 commit
False,2025-11-15 22:56:29,very short,False,False,1 commit
False,2025-11-15 22:56:43,very short,False,False,1 commit
False,2025-11-15 22:56:48,very short,False,False,1 commit
False,2025-11-15 22:57:02,very short,False,False,1 commit
False,2025-11-15 22:57:03,very short,False,False,1 commit
False,2025-11-15 22:57:09,very short,False,False,1 commit
False,2025-11-15 22:57:20,very short,False,False,1 commit
False,2025-11-15 22:57:32,very short,False,False,1 commit
False,2025-11-15 22:57:33,very short,False,False,1 commit
False,2025-11-15 22:57:39,very short,False,False,1 commit
False,2025-11-15 22:57:44,very short,False,False,1 commit
False,2025-11-15 22:57:49,very short,False,False,1 commit
False,2025-11-15 22:58:03,very short,False,False,1 commit
False,2025-11-15 22:58:04,very short,False,False,1 commit
False,2025-11-15 22:58:10,very short,False,False,1 commit
False,2025-11-15 22:58:16,very short,False,False,1 commit
False,2025-11-15 22:58:21,very short,False,False,1 commit
False,2025-11-15 22:58:26,very short,False,False,1 commit
False,2025-11-15 22:58:37,very short,False,False,1 commit
False,2025-11-15 22:58:41,very short,False,False,1 commit
False,2025-11-15 22:58:48,very short,False,False,1 commit
False,2025-11-15 22:58:50,very short,False,False,1 commit
False,2025-11-15 22:58:51,very short,False,False,1 commit
False,2025-11-15 22:58:56,very short,False,False,1 commit
False,2025-11-15 22:58:58,very short,False,False,1 commit
False,2025-11-15 22:59:08,very short,False,False,1 commit
False,2025-11-15 22:59:11,very short,False,False,1 commit
False,2025-11-15 22:59:15,very short,False,False,1 commit
False,2025-11-15 22:59:18,very short,False,False,1 commit
False,2025-11-15 22:59:41,very short,False,False,1 commit
False,2025-11-15 22:59:42,very short,False,False,1 commit
False,2025-11-15 22:59:55,very short,False,False,1 commit
False,2025-11-15 22:59:56,very short,False,False,1 commit
False,2025-11-15 23:00:03,very short,False,False,1 commit
False,2025-11-15 23:00:20,very short,False,False,1 commit
False,2025-11-15 23:00:21,very short,False,False,1 commit
False,2025-11-15 23:00:21,very short,False,False,1 commit
False,2025-11-15 23:00:24,very short,False,False,1 commit
False,2025-11-15 23:00:30,very short,False,False,1 commit
False,2025-11-15 23:00:32,very short,False,False,1 commit
False,2025-11-15 23:00:35,very short,False,False,1 commit
False,2025-11-15 23:00:53,very short,False,False,1 commit
False,2025-11-15 23:00:54,very short,False,False,1 commit
False,2025-11-15 23:01:01,very short,False,False,1 commit
False,2025-11-15 23:01:06,very short,False,False,1 commit
False,2025-11-15 23:01:07,very short,False,False,1 commit
False,2025-11-15 23:01:28,very short,False,False,1 commit
False,2025-11-15 23:01:31,very short,False,False,1 commit
False,2025-11-15 23:01:35,very short,False,False,1 commit
False,2025-11-15 23:01:39,very short,False,False,1 commit
False,2025-11-15 23:01:43,very short,False,False,1 commit
False,2025-11-15 23:01:51,very short,False,False,1 commit
False,2025-11-15 23:02:31,very short,False,False,1 commit
False,2025-11-15 23:02:50,very short,False,False,1 commit
False,2025-11-15 23:03:09,very short,False,False,1 commit
False,2025-11-15 23:03:37,very short,False,False,1 commit
False,2025-11-15 23:04:30,very short,False,False,1 commit
False,2025-11-15 23:05:02,very short,False,False,1 commit
False,2025-11-15 23:06:06,very short,False,False,1 commit
False,2025-11-15 23:07:37,very short,False,False,1 commit
False,2025-11-15 23:10:04,very short,False,False,1 commit
False,2025-11-15 23:12:36,very short,False,False,1 commit
False,2025-11-15 23:15:09,very short,False,False,1 commit
False,2025-11-15 23:17:51,very short,False,False,1 commit
False,2025-11-15 23:27:21,very short,False,False,1 commit
True,2025-11-16 13:01:25,medium,False,False,1 commit
True,2025-11-16 19:23:52,lengthy,False,True,1 commit
True,2025-11-17 10:33:53,medium,False,True,1 commit
True,2025-11-17 14:19:39,lengthy,False,True,many commits
False,2025-11-18 00:16:29,very short,False,False,1 commit
False,2025-11-18 00:17:08,very short,False,False,1 commit
False,2025-11-18 00:17:25,very short,False,False,1 commit
False,2025-11-18 00:17:36,very short,False,False,1 commit
False,2025-11-18 00:17:39,very short,False,False,1 commit
False,2025-11-18 00:17:45,very short,False,False,1 commit
False,2025-11-18 00:18:21,very short,False,False,1 commit
False,2025-11-18 00:18:28,very short,False,False,1 commit
False,2025-11-18 00:18:36,very short,False,False,1 commit
False,2025-11-18 00:18:37,very short,False,False,1 commit
False,2025-11-18 00:18:41,very short,False,False,1 commit
False,2025-11-18 00:18:43,very short,False,False,1 commit
False,2025-11-18 00:19:30,very short,False,False,1 commit
False,2025-11-18 00:20:40,very short,False,False,1 commit
False,2025-11-18 00:21:11,very short,False,False,1 commit
False,2025-11-18 00:21:13,very short,False,False,1 commit
False,2025-11-18 00:21:26,very short,False,False,1 commit
False,2025-11-18 00:21:29,very short,False,False,1 commit
False,2025-11-18 00:21:50,very short,False,False,1 commit
False,2025-11-18 00:21:54,very short,False,False,1 commit
False,2025-11-18 00:22:05,very short,False,False,1 commit
False,2025-11-18 00:22:10,very short,False,False,1 commit
False,2025-11-18 00:22:22,very short,False,False,1 commit
False,2025-11-18 00:22:40,very short,False,False,1 commit
False,2025-11-18 00:22:45,very short,False,False,1 commit
False,2025-11-18 00:23:08,very short,False,False,1 commit
False,2025-11-18 00:23:12,very short,False,False,1 commit
False,2025-11-18 00:23:21,very short,False,False,1 commit
False,2025-11-18 00:23:35,very short,False,False,1 commit
False,2025-11-18 00:23:36,very short,False,False,1 commit
False,2025-11-18 00:23:41,very short,False,False,1 commit
False,2025-11-18 00:23:53,very short,False,False,1 commit
False,2025-11-18 00:23:56,very short,False,False,1 commit
False,2025-11-18 00:24:00,very short,False,False,1 commit
False,2025-11-18 00:24:00,very short,False,False,1 commit
False,2025-11-18 00:24:05,very short,False,False,1 commit
False,2025-11-18 00:24:06,very short,False,False,1 commit
False,2025-11-18 00:24:07,very short,False,False,1 commit
False,2025-11-18 00:24:07,very short,False,False,1 commit
False,2025-11-18 00:24:09,very short,False,False,1 commit
False,2025-11-18 00:24:09,very short,False,False,1 commit
False,2025-11-18 00:24:11,very short,False,False,1 commit
False,2025-11-18 00:24:12,very short,False,False,1 commit
False,2025-11-18 00:24:15,very short,False,False,1 commit
False,2025-11-18 00:24:16,very short,False,False,1 commit
False,2025-11-18 00:24:17,very short,False,False,1 commit
False,2025-11-18 00:24:35,very short,False,False,1 commit
False,2025-11-18 00:24:39,very short,False,False,1 commit
False,2025-11-18 00:24:42,very short,False,False,1 commit
False,2025-11-18 00:24:44,very short,False,False,1 commit
False,2025-11-18 00:24:47,very short,False,False,1 commit
False,2025-11-18 00:24:51,very short,False,False,1 commit
False,2025-11-18 00:24:59,very short,False,False,1 commit
False,2025-11-18 00:25:02,very short,False,False,1 commit
False,2025-11-18 00:25:06,very short,False,False,1 commit
False,2025-11-18 00:25:10,very short,False,False,1 commit
False,2025-11-18 00:25:15,very short,False,False,1 commit
False,2025-11-18 00:25:18,very short,False,False,1 commit
False,2025-11-18 00:25:25,very short,False,False,1 commit
False,2025-11-18 00:25:39,very short,False,False,1 commit
False,2025-11-18 00:25:45,very short,False,False,1 commit
False,2025-11-18 00:25:48,very short,False,False,1 commit
False,2025-11-18 00:26:12,very short,False,False,1 commit
False,2025-11-18 00:26:19,very short,False,False,1 commit
False,2025-11-18 00:27:14,very short,False,False,1 commit
False,2025-11-18 00:27:18,very short,False,False,1 commit
False,2025-11-18 00:27:18,very short,False,False,1 commit
False,2025-11-18 00:29:00,very short,False,False,1 commit
False,2025-11-18 00:29:26,very short,False,False,1 commit
False,2025-11-18 00:29:35,very short,False,False,1 commit
False,2025-11-18 00:29:37,very short,False,False,1 commit
False,2025-11-18 00:29:48,very short,False,False,1 commit
False,2025-11-18 00:31:58,very short,False,False,1 commit
False,2025-11-18 00:33:57,very short,False,False,1 commit
False,2025-11-18 00:37:37,very short,False,False,1 commit
False,2025-11-18 00:38:43,very short,False,False,1 commit
False,2025-11-18 00:43:40,very short,False,False,1 commit
False,2025-11-18 07:51:36,very short,False,True,some commits
True,2025-11-18 13:01:51,medium,False,False,1 commit
True,2025-11-19 00:36:02,lengthy,False,True,1 commit
False,2025-11-19 14:09:13,lengthy,False,False,some commits
True,2025-11-19 17:04:00,lengthy,False,True,some commits
False,2025-11-20 01:45:12,short,False,True,1 commit
True,2025-11-20 06:06:59,short,False,True,1 commit
True,2025-11-20 13:41:20,very short,False,True,1 commit
False,2025-11-20 14:12:59,very short,False,True,1 commit
True,2025-11-20 17:18:18,short,False,False,1 commit
True,2025-11-20 22:15:43,lengthy,True,False,1 commit
True,2025-11-21 02:34:04,medium,True,False,1 commit
True,2025-11-21 07:20:34,lengthy,False,False,1 commit
True,2025-11-21 13:11:17,lengthy,False,False,1 commit
True,2025-11-22 12:25:40,lengthy,True,False,1 commit
False,2025-11-22 19:34:13,very short,False,False,many commits
False,2025-11-22 23:57:36,short,False,False,many commits
True,2025-11-23 09:41:30,lengthy,True,False,many commits
True,2025-11-23 16:49:28,very short,True,False,1 commit
False,2025-11-23 23:03:23,very short,False,True,many commits
False,2025-11-24 03:34:29,very short,False,True,many commits
False,2025-11-24 03:47:50,short,False,False,some commits
True,2025-11-24 09:31:04,lengthy,True,False,1 commit
False,2025-11-24 10:57:13,very short,False,False,many commits
True,2025-11-24 15:18:48,lengthy,True,False,1 commit
False,2025-11-24 18:09:05,very short,False,True,1 commit
True,2025-11-25 01:32:51,very short,True,False,1 commit
True,2025-11-25 18:38:28,lengthy,True,False,1 commit
True,2025-11-25 19:05:55,very short,True,False,1 commit
True,2025-11-26 01:22:55,very short,True,False,1 commit
False,2025-11-26 02:10:15,very short,False,True,1 commit
False,2025-11-26 20:54:34,very short,False,True,1 commit
False,2025-11-26 20:57:57,very short,False,False,some commits
True,2025-11-27 14:53:50,very short,True,False,1 commit
True,2025-11-28 11:16:00,short,False,False,1 commit
True,2025-11-28 20:03:08,lengthy,True,False,some commits
False,2025-11-29 05:29:14,lengthy,True,False,many commits
