merged,created_at,lifetime,main_team_member,first_pull,commits
True,2011-02-19 08:37:09,lengthy,False,True,many commits
True,2011-02-19 17:23:00,short,True,True,some commits
False,2011-02-19 17:59:44,short,False,True,some commits
True,2011-02-20 16:58:39,very short,True,True,many commits
True,2011-02-20 20:33:25,very short,True,False,many commits
True,2011-02-20 20:34:56,very short,True,False,many commits
True,2011-02-20 20:36:28,very short,True,False,many commits
True,2011-02-20 20:39:14,very short,True,False,many commits
False,2011-02-20 22:20:19,very short,True,False,1 commit
False,2011-02-20 22:22:16,very short,True,False,some commits
False,2011-02-20 22:23:17,very short,True,False,some commits
False,2011-02-20 22:24:08,very short,True,False,many commits
True,2011-02-21 02:01:47,very short,True,False,1 commit
True,2011-02-21 02:03:12,very short,True,False,many commits
True,2011-02-23 14:03:53,lengthy,False,True,many commits
False,2011-02-23 15:13:54,short,True,True,1 commit
False,2011-02-24 14:32:45,short,True,False,1 commit
True,2011-02-25 04:05:55,short,False,True,1 commit
True,2011-02-25 16:01:42,short,False,False,1 commit
True,2011-03-02 13:21:52,lengthy,True,True,many commits
True,2011-03-03 22:40:52,very short,False,False,1 commit
True,2011-03-04 13:59:47,very short,True,False,some commits
True,2011-03-06 07:42:04,lengthy,True,False,many commits
True,2011-03-06 15:50:38,short,True,False,1 commit
True,2011-03-07 17:49:36,very short,False,False,1 commit
True,2011-03-07 21:06:33,very short,True,False,1 commit
False,2011-03-08 23:14:49,short,False,True,1 commit
False,2011-03-09 15:17:32,short,False,True,1 commit
False,2011-03-09 15:28:31,very short,False,True,1 commit
True,2011-03-09 16:04:56,very short,False,False,1 commit
True,2011-03-10 08:12:26,lengthy,False,False,1 commit
True,2011-03-13 20:32:59,very short,False,False,1 commit
True,2011-03-15 21:15:47,medium,False,False,1 commit
True,2011-03-16 20:38:43,medium,False,False,some commits
True,2011-03-23 17:45:56,very short,True,False,1 commit
True,2011-03-23 23:47:47,very short,True,False,1 commit
True,2011-03-24 01:32:56,very short,True,False,1 commit
False,2011-03-26 01:02:46,short,False,False,1 commit
False,2011-03-26 01:31:23,short,False,False,1 commit
True,2011-03-26 16:32:43,short,True,False,1 commit
True,2011-03-29 15:40:20,very short,True,False,some commits
True,2011-03-31 18:19:31,short,True,False,1 commit
True,2011-04-01 16:20:31,very short,True,False,some commits
True,2011-04-01 16:23:54,very short,True,False,many commits
True,2011-04-01 16:25:14,very short,True,False,some commits
True,2011-04-02 22:05:14,very short,True,True,1 commit
True,2011-04-04 21:17:24,very short,True,False,1 commit
True,2011-04-10 02:04:37,short,False,True,1 commit
True,2011-04-10 02:16:49,lengthy,False,False,many commits
True,2011-04-10 20:28:44,medium,False,False,1 commit
True,2011-04-11 07:54:18,lengthy,False,True,many commits
True,2011-04-23 22:09:47,very short,False,False,1 commit
True,2011-04-24 02:05:51,lengthy,False,False,many commits
True,2011-04-26 20:06:36,medium,False,False,many commits
True,2011-04-27 14:08:52,very short,True,False,some commits
True,2011-05-05 23:36:57,very short,False,True,1 commit
True,2011-05-07 19:57:48,short,False,True,1 commit
False,2011-05-07 20:03:31,lengthy,False,False,some commits
True,2011-05-11 05:42:55,lengthy,True,False,1 commit
True,2011-05-19 11:38:47,very short,False,True,1 commit
False,2011-05-22 16:10:06,lengthy,False,False,some commits
False,2011-05-23 03:23:30,lengthy,False,True,1 commit
True,2011-05-31 16:37:02,medium,True,False,1 commit
True,2011-06-02 21:26:34,lengthy,False,True,some commits
True,2011-06-02 21:41:11,lengthy,False,False,some commits
True,2011-06-03 15:03:54,very short,True,False,many commits
True,2011-06-07 20:01:32,medium,True,False,1 commit
True,2011-06-07 20:26:57,medium,True,False,1 commit
True,2011-06-15 23:11:32,very short,True,False,1 commit
True,2011-06-16 00:11:42,very short,False,False,some commits
True,2011-06-16 11:51:06,very short,True,False,1 commit
True,2011-06-17 21:01:39,lengthy,False,False,some commits
True,2011-06-22 18:19:35,lengthy,True,False,some commits
True,2011-06-22 19:25:24,medium,True,False,1 commit
True,2011-06-23 12:14:17,medium,False,True,1 commit
True,2011-06-24 12:53:48,short,False,True,1 commit
False,2011-06-24 14:22:30,medium,True,False,1 commit
True,2011-06-28 12:54:10,medium,True,False,some commits
True,2011-06-29 21:24:32,lengthy,False,False,1 commit
True,2011-06-30 17:05:12,short,True,False,1 commit
True,2011-07-10 15:57:31,very short,True,True,1 commit
True,2011-07-12 08:17:57,lengthy,False,False,some commits
True,2011-07-26 18:32:55,short,False,False,some commits
True,2011-07-29 15:08:16,lengthy,True,False,some commits
True,2011-08-08 15:13:59,very short,True,False,1 commit
True,2011-08-16 22:08:45,very short,True,True,1 commit
True,2011-08-17 13:30:56,very short,True,False,some commits
True,2011-08-17 13:57:44,short,True,False,1 commit
True,2011-08-17 21:50:25,lengthy,True,False,many commits
True,2011-08-18 04:46:50,short,True,False,1 commit
True,2011-08-19 21:39:43,short,True,False,1 commit
True,2011-08-27 19:20:09,lengthy,True,False,some commits
True,2011-08-28 06:27:53,medium,True,True,1 commit
True,2011-08-29 05:14:57,lengthy,True,False,many commits
True,2011-08-30 00:31:48,very short,True,False,some commits
True,2011-08-31 07:15:38,lengthy,False,False,some commits
True,2011-09-03 15:47:40,medium,True,False,some commits
True,2011-09-06 00:54:53,lengthy,True,False,some commits
True,2011-09-07 22:16:41,very short,False,True,1 commit
True,2011-09-10 17:42:08,very short,True,False,1 commit
True,2011-09-14 15:02:51,medium,False,True,some commits
True,2011-09-18 20:08:42,short,True,False,1 commit
True,2011-09-18 23:31:37,short,True,False,1 commit
True,2011-09-19 12:33:44,medium,True,False,some commits
True,2011-09-21 19:18:59,short,False,True,some commits
True,2011-09-24 19:15:13,very short,True,False,1 commit
True,2011-09-24 19:28:37,very short,True,False,1 commit
True,2011-09-26 15:05:08,medium,True,False,some commits
True,2011-09-26 15:22:38,medium,True,False,1 commit
True,2011-10-02 16:08:28,very short,True,False,1 commit
True,2011-10-02 19:20:37,very short,True,False,1 commit
True,2011-10-06 00:28:02,very short,True,False,1 commit
True,2011-10-06 14:17:10,very short,True,False,1 commit
False,2011-10-07 02:26:20,medium,True,False,1 commit
True,2011-10-09 16:21:28,medium,False,True,1 commit
True,2011-10-11 17:21:21,very short,True,False,1 commit
False,2011-10-15 21:12:34,lengthy,True,False,many commits
False,2011-10-18 08:04:50,very short,True,False,1 commit
True,2011-10-18 18:33:34,lengthy,True,False,1 commit
True,2011-10-21 14:57:41,lengthy,True,False,1 commit
False,2011-10-24 20:34:19,very short,False,True,1 commit
True,2011-10-24 23:04:36,medium,False,True,many commits
True,2011-10-27 02:11:22,lengthy,False,False,1 commit
True,2011-10-27 22:01:06,lengthy,False,True,1 commit
True,2011-10-30 21:41:25,medium,True,False,1 commit
True,2011-10-31 09:40:22,medium,False,True,1 commit
True,2011-11-03 11:52:30,lengthy,True,False,1 commit
True,2011-11-11 00:24:12,lengthy,False,False,some commits
True,2011-11-11 00:42:51,medium,False,False,1 commit
True,2011-11-15 00:13:30,very short,False,True,1 commit
True,2011-11-16 04:21:25,lengthy,False,True,many commits
True,2011-11-24 20:56:27,medium,True,False,1 commit
True,2011-11-28 19:38:10,very short,True,False,some commits
True,2011-12-01 20:30:31,lengthy,True,False,1 commit
True,2011-12-09 22:17:02,lengthy,True,False,many commits
False,2011-12-13 01:28:14,short,False,False,1 commit
True,2011-12-13 01:55:39,lengthy,False,False,1 commit
True,2011-12-15 03:37:30,lengthy,False,True,1 commit
True,2011-12-16 08:51:04,lengthy,False,False,1 commit
True,2011-12-25 20:13:53,medium,False,False,1 commit
True,2011-12-26 09:12:33,medium,False,False,1 commit
True,2011-12-27 00:49:51,medium,False,False,1 commit
False,2011-12-27 01:07:11,medium,False,False,some commits
True,2011-12-27 01:11:27,medium,False,False,some commits
True,2011-12-27 19:18:07,very short,True,False,1 commit
True,2011-12-27 20:15:33,medium,True,False,many commits
True,2011-12-29 17:20:43,short,True,False,some commits
True,2011-12-29 18:23:30,very short,True,False,1 commit
True,2011-12-29 19:05:53,lengthy,False,True,1 commit
False,2012-01-02 18:16:48,lengthy,False,True,1 commit
True,2012-01-05 22:06:45,lengthy,False,True,some commits
True,2012-01-08 22:18:49,lengthy,False,False,many commits
True,2012-01-15 22:54:20,lengthy,False,True,1 commit
True,2012-01-16 21:41:54,lengthy,True,False,1 commit
True,2012-01-17 03:03:11,very short,False,True,1 commit
True,2012-01-19 20:06:58,lengthy,False,True,1 commit
True,2012-01-23 16:51:08,lengthy,True,False,some commits
True,2012-01-25 14:33:13,lengthy,False,False,some commits
False,2012-01-31 05:34:19,lengthy,True,False,some commits
True,2012-01-31 18:35:27,medium,True,False,1 commit
False,2012-02-01 16:00:08,short,False,True,1 commit
True,2012-02-06 18:19:04,lengthy,False,False,many commits
False,2012-02-10 18:03:05,lengthy,True,False,1 commit
True,2012-02-10 20:57:54,lengthy,False,True,some commits
True,2012-02-17 18:42:13,lengthy,False,False,many commits
True,2012-02-20 06:52:54,lengthy,True,False,1 commit
True,2012-02-22 15:22:29,lengthy,True,False,1 commit
True,2012-02-23 18:32:04,lengthy,True,False,1 commit
False,2012-02-27 13:05:11,lengthy,False,True,1 commit
False,2012-02-27 17:36:21,very short,False,False,many commits
True,2012-02-28 03:30:36,lengthy,False,False,many commits
True,2012-02-28 04:54:34,lengthy,False,False,many commits
False,2012-02-28 06:35:46,short,True,False,some commits
True,2012-02-29 14:48:32,very short,False,False,1 commit
True,2012-02-29 17:18:43,very short,False,False,1 commit
True,2012-03-01 03:28:19,lengthy,False,False,many commits
True,2012-03-01 13:52:55,lengthy,False,False,many commits
True,2012-03-01 14:36:11,medium,False,False,some commits
True,2012-03-01 16:12:29,very short,False,True,1 commit
True,2012-03-04 15:36:41,lengthy,True,False,some commits
False,2012-03-08 19:20:29,medium,False,False,1 commit
True,2012-03-08 23:49:40,medium,True,False,many commits
False,2012-03-09 21:40:38,very short,False,False,1 commit
True,2012-03-10 05:02:06,very short,False,False,1 commit
True,2012-03-11 00:22:09,lengthy,False,False,1 commit
True,2012-03-13 23:21:15,very short,False,True,1 commit
True,2012-03-14 21:21:17,lengthy,False,True,1 commit
True,2012-03-16 21:37:24,lengthy,False,False,1 commit
True,2012-03-17 16:18:12,very short,True,False,1 commit
True,2012-03-18 00:59:30,lengthy,True,False,some commits
True,2012-03-20 19:02:32,short,False,True,1 commit
True,2012-03-22 15:56:36,lengthy,False,False,1 commit
True,2012-03-24 04:31:16,lengthy,True,False,1 commit
True,2012-03-24 04:45:03,lengthy,True,False,some commits
False,2012-03-27 07:18:51,lengthy,True,False,1 commit
False,2012-03-27 13:13:07,lengthy,True,False,1 commit
True,2012-03-28 01:15:06,lengthy,False,False,some commits
True,2012-03-31 19:24:56,very short,False,False,1 commit
True,2012-04-03 11:27:23,lengthy,False,False,1 commit
True,2012-04-06 08:10:27,very short,False,True,1 commit
False,2012-04-07 23:40:08,lengthy,False,False,many commits
True,2012-04-13 22:09:59,lengthy,False,False,many commits
False,2012-04-13 22:11:25,lengthy,False,False,some commits
True,2012-04-14 07:15:19,short,False,True,some commits
True,2012-04-16 15:07:33,medium,False,False,some commits
True,2012-04-17 18:14:34,lengthy,True,False,many commits
False,2012-04-21 05:53:07,lengthy,False,False,1 commit
True,2012-04-21 20:32:07,lengthy,False,True,many commits
True,2012-04-21 21:10:55,medium,False,True,1 commit
True,2012-04-22 15:18:29,medium,False,False,some commits
True,2012-04-22 21:17:10,lengthy,True,False,many commits
True,2012-04-23 17:38:46,lengthy,False,False,many commits
True,2012-05-05 09:54:15,very short,False,False,1 commit
True,2012-05-10 20:11:56,lengthy,False,True,many commits
True,2012-05-11 02:49:05,lengthy,False,True,1 commit
True,2012-05-11 19:55:35,short,False,True,some commits
True,2012-05-12 22:03:22,short,True,False,1 commit
True,2012-05-12 22:12:48,short,True,False,some commits
True,2012-05-16 23:01:08,lengthy,False,True,some commits
False,2012-05-17 01:55:44,very short,False,True,1 commit
False,2012-05-17 02:10:53,very short,False,False,1 commit
True,2012-05-17 07:34:26,very short,True,False,1 commit
True,2012-05-21 22:40:44,very short,False,False,some commits
False,2012-05-22 22:20:31,medium,False,True,1 commit
True,2012-05-23 05:41:23,medium,False,False,many commits
True,2012-05-23 13:34:49,medium,True,False,some commits
True,2012-05-23 16:23:09,very short,False,False,some commits
True,2012-05-23 16:40:39,medium,True,False,1 commit
False,2012-05-23 22:09:33,short,False,True,some commits
True,2012-05-24 09:03:21,lengthy,True,False,many commits
True,2012-05-24 15:00:48,lengthy,True,False,some commits
False,2012-05-25 14:23:41,lengthy,False,True,1 commit
True,2012-05-25 15:05:52,very short,True,False,1 commit
True,2012-05-25 16:40:48,very short,False,False,1 commit
False,2012-05-27 16:36:59,lengthy,False,True,many commits
True,2012-05-28 23:51:20,medium,False,True,many commits
True,2012-05-29 02:13:07,lengthy,True,False,many commits
True,2012-05-29 18:51:09,short,True,False,1 commit
True,2012-05-31 09:53:13,very short,True,False,some commits
True,2012-05-31 23:52:51,medium,False,True,some commits
True,2012-06-04 10:50:38,short,True,False,1 commit
True,2012-06-04 19:12:35,very short,False,False,1 commit
True,2012-06-05 17:42:14,lengthy,False,False,many commits
True,2012-06-05 18:34:48,very short,True,False,1 commit
True,2012-06-06 14:04:54,very short,True,False,some commits
True,2012-06-06 19:36:07,very short,True,False,1 commit
True,2012-06-07 11:17:41,very short,False,False,1 commit
True,2012-06-07 12:02:15,very short,True,False,1 commit
False,2012-06-07 23:43:31,very short,False,True,1 commit
True,2012-06-08 06:40:12,very short,True,False,1 commit
True,2012-06-08 07:19:17,short,True,False,some commits
True,2012-06-09 11:12:17,very short,True,False,some commits
True,2012-06-10 14:45:46,short,False,False,some commits
True,2012-06-13 06:24:52,lengthy,False,False,some commits
True,2012-06-19 12:50:20,lengthy,True,False,many commits
True,2012-06-20 11:29:30,lengthy,True,False,some commits
True,2012-06-22 13:24:23,medium,True,False,1 commit
True,2012-06-23 19:25:31,lengthy,True,False,1 commit
True,2012-06-26 22:25:31,short,False,True,some commits
True,2012-06-28 12:29:26,very short,False,False,1 commit
True,2012-06-28 18:42:11,very short,True,False,1 commit
True,2012-06-28 18:50:58,medium,True,False,1 commit
True,2012-06-29 08:06:48,medium,False,False,1 commit
True,2012-06-29 20:48:17,lengthy,True,False,some commits
True,2012-06-30 00:12:53,lengthy,True,False,some commits
True,2012-06-30 00:47:11,very short,True,False,1 commit
True,2012-06-30 01:15:30,very short,True,False,1 commit
True,2012-06-30 01:31:47,lengthy,True,False,1 commit
True,2012-06-30 01:41:04,short,True,False,1 commit
True,2012-06-30 01:47:34,very short,True,False,1 commit
True,2012-06-30 01:59:59,short,True,False,1 commit
True,2012-06-30 02:40:54,lengthy,True,False,some commits
True,2012-06-30 05:13:51,lengthy,True,False,some commits
True,2012-07-03 06:07:10,lengthy,True,False,1 commit
True,2012-07-04 16:20:28,lengthy,False,True,many commits
True,2012-07-07 18:50:53,lengthy,False,False,some commits
True,2012-07-09 20:19:40,very short,False,True,1 commit
True,2012-07-10 06:40:33,lengthy,False,True,some commits
True,2012-07-10 12:03:50,very short,False,False,some commits
True,2012-07-10 16:39:22,lengthy,False,False,1 commit
False,2012-07-10 19:19:50,lengthy,False,False,1 commit
True,2012-07-10 22:07:58,lengthy,False,False,many commits
True,2012-07-11 15:41:30,lengthy,False,True,some commits
False,2012-07-13 21:04:04,very short,False,False,1 commit
True,2012-07-14 11:21:31,lengthy,False,False,many commits
True,2012-07-15 13:21:08,very short,True,False,1 commit
False,2012-07-15 17:55:05,lengthy,True,False,many commits
False,2012-07-16 07:44:42,lengthy,False,True,1 commit
False,2012-07-17 03:32:51,lengthy,False,True,some commits
False,2012-07-19 05:04:43,lengthy,True,False,1 commit
True,2012-07-20 20:16:37,very short,True,False,1 commit
False,2012-07-20 20:57:39,lengthy,False,True,some commits
True,2012-07-20 22:56:57,lengthy,True,False,some commits
True,2012-07-21 00:34:45,very short,False,False,1 commit
True,2012-07-22 04:10:01,very short,True,False,1 commit
True,2012-07-23 19:07:55,medium,False,False,some commits
True,2012-07-25 19:39:37,lengthy,False,True,1 commit
False,2012-07-28 00:58:01,lengthy,False,True,1 commit
True,2012-07-29 01:37:32,short,True,False,1 commit
True,2012-07-31 15:26:18,very short,False,True,1 commit
True,2012-07-31 15:29:07,very short,False,False,1 commit
True,2012-07-31 15:31:20,very short,False,False,1 commit
True,2012-07-31 15:33:33,very short,False,False,1 commit
True,2012-08-01 15:13:10,very short,False,False,1 commit
True,2012-08-06 15:43:41,very short,True,False,some commits
True,2012-08-08 17:09:21,lengthy,False,True,some commits
True,2012-08-08 20:10:25,lengthy,False,True,1 commit
True,2012-08-09 12:31:02,medium,True,False,many commits
True,2012-08-10 09:15:36,medium,False,True,some commits
False,2012-08-10 18:01:16,medium,False,False,some commits
True,2012-08-12 14:30:43,medium,False,False,many commits
True,2012-08-13 12:52:12,lengthy,False,False,many commits
True,2012-08-15 11:02:17,medium,False,False,some commits
True,2012-08-15 12:19:52,medium,True,False,some commits
True,2012-08-15 15:51:49,very short,True,False,1 commit
True,2012-08-17 21:16:32,very short,True,False,1 commit
True,2012-08-19 15:51:58,short,True,False,some commits
True,2012-08-19 16:56:21,very short,True,False,some commits
True,2012-08-20 06:59:14,very short,True,False,1 commit
True,2012-08-20 15:02:40,very short,True,False,some commits
True,2012-08-20 16:56:58,short,False,False,some commits
True,2012-08-21 02:31:37,very short,False,False,some commits
True,2012-08-21 12:36:07,short,True,False,many commits
True,2012-08-21 13:05:15,lengthy,False,False,many commits
True,2012-08-21 16:48:53,lengthy,False,False,some commits
True,2012-08-21 19:05:36,medium,True,False,1 commit
True,2012-08-21 19:11:03,very short,False,False,1 commit
True,2012-08-22 00:53:06,lengthy,False,True,some commits
True,2012-08-22 09:04:36,lengthy,True,False,some commits
True,2012-08-22 22:28:50,lengthy,False,False,many commits
True,2012-08-23 01:53:04,short,False,False,some commits
True,2012-08-23 15:27:35,very short,True,False,1 commit
False,2012-08-23 17:35:33,lengthy,False,False,some commits
True,2012-08-23 18:49:14,short,True,False,some commits
True,2012-08-23 19:13:57,very short,True,False,1 commit
True,2012-08-25 14:18:24,lengthy,False,False,some commits
True,2012-08-26 00:36:18,medium,False,True,1 commit
True,2012-08-27 14:29:22,short,False,False,some commits
True,2012-08-27 15:26:37,medium,True,False,some commits
True,2012-08-27 21:21:11,lengthy,False,True,1 commit
True,2012-08-28 07:46:06,very short,True,False,1 commit
True,2012-08-28 14:40:47,very short,False,False,1 commit
True,2012-08-28 15:53:11,very short,False,False,1 commit
True,2012-08-28 19:28:48,medium,False,False,1 commit
True,2012-08-28 20:22:38,very short,True,False,1 commit
True,2012-08-29 12:27:04,lengthy,False,False,some commits
True,2012-08-29 12:28:25,medium,False,False,1 commit
True,2012-08-29 12:31:27,medium,False,False,1 commit
True,2012-08-29 13:10:11,medium,True,False,some commits
True,2012-08-29 13:54:48,medium,True,False,some commits
True,2012-08-29 15:44:43,medium,True,False,1 commit
True,2012-08-30 10:10:08,short,False,False,some commits
True,2012-08-30 10:38:30,short,True,False,some commits
True,2012-08-30 12:22:39,lengthy,True,False,1 commit
False,2012-08-31 11:53:31,lengthy,False,True,1 commit
True,2012-08-31 13:30:29,medium,False,False,some commits
True,2012-08-31 14:08:36,short,False,False,some commits
True,2012-09-01 20:16:16,lengthy,False,False,some commits
True,2012-09-01 20:25:11,medium,False,False,some commits
True,2012-09-01 21:53:44,very short,False,False,some commits
True,2012-09-01 22:43:31,medium,False,False,1 commit
True,2012-09-02 07:56:49,medium,True,False,some commits
True,2012-09-03 12:11:41,lengthy,False,False,1 commit
True,2012-09-04 01:16:43,lengthy,False,True,some commits
True,2012-09-04 15:11:02,very short,False,False,1 commit
True,2012-09-04 16:25:28,medium,True,False,1 commit
True,2012-09-05 00:29:09,lengthy,False,False,many commits
False,2012-09-05 09:38:21,lengthy,False,True,many commits
True,2012-09-06 10:59:25,medium,False,False,1 commit
True,2012-09-06 20:12:43,lengthy,False,False,some commits
False,2012-09-07 17:50:42,short,False,False,1 commit
True,2012-09-07 20:06:02,medium,False,False,1 commit
True,2012-09-07 20:25:24,medium,False,False,1 commit
True,2012-09-07 22:30:30,medium,False,False,1 commit
True,2012-09-09 07:44:35,short,True,False,1 commit
True,2012-09-09 20:39:13,medium,True,False,some commits
True,2012-09-09 21:08:00,very short,True,False,1 commit
True,2012-09-10 19:05:40,lengthy,True,False,1 commit
True,2012-09-11 00:45:28,medium,False,False,some commits
True,2012-09-11 10:29:59,very short,False,True,1 commit
True,2012-09-11 12:03:09,short,False,False,1 commit
True,2012-09-12 16:38:17,very short,True,False,1 commit
True,2012-09-12 17:57:15,very short,True,False,1 commit
True,2012-09-12 19:21:09,very short,True,False,1 commit
False,2012-09-12 20:41:47,very short,True,False,some commits
True,2012-09-12 22:42:13,very short,True,False,1 commit
True,2012-09-13 00:08:33,very short,True,False,1 commit
True,2012-09-13 11:13:07,very short,True,False,1 commit
True,2012-09-13 11:49:36,very short,True,False,1 commit
True,2012-09-14 09:55:32,medium,True,False,some commits
True,2012-09-14 14:08:29,medium,False,False,1 commit
True,2012-09-14 14:53:27,lengthy,False,True,1 commit
False,2012-09-14 19:09:56,lengthy,False,True,1 commit
True,2012-09-14 19:47:12,very short,True,False,1 commit
True,2012-09-15 19:42:03,short,True,False,1 commit
True,2012-09-16 00:46:13,short,True,False,1 commit
True,2012-09-17 13:52:16,very short,True,False,1 commit
True,2012-09-17 14:04:03,short,True,False,1 commit
True,2012-09-17 18:23:28,very short,False,False,1 commit
True,2012-09-17 20:01:52,very short,True,False,1 commit
True,2012-09-17 22:21:41,very short,False,False,some commits
True,2012-09-18 08:36:23,very short,True,False,1 commit
True,2012-09-18 08:59:55,very short,True,False,1 commit
True,2012-09-18 15:31:51,very short,False,True,1 commit
True,2012-09-20 01:13:32,very short,True,False,1 commit
True,2012-09-20 06:14:29,lengthy,True,False,1 commit
True,2012-09-20 06:33:40,very short,False,True,1 commit
True,2012-09-20 07:04:43,medium,True,False,1 commit
True,2012-09-20 07:22:01,lengthy,True,False,some commits
True,2012-09-20 17:14:31,lengthy,True,False,some commits
False,2012-09-20 18:56:58,lengthy,False,True,many commits
True,2012-09-21 00:08:13,lengthy,False,False,many commits
True,2012-09-21 12:22:55,very short,True,False,some commits
True,2012-09-21 14:44:13,short,False,True,some commits
True,2012-09-21 23:15:48,very short,True,False,1 commit
True,2012-09-22 12:19:06,lengthy,False,False,1 commit
True,2012-09-22 12:45:01,medium,True,False,many commits
True,2012-09-22 17:07:52,lengthy,True,False,many commits
True,2012-09-23 07:06:11,very short,False,False,1 commit
True,2012-09-23 08:38:23,medium,False,False,1 commit
True,2012-09-25 14:12:56,very short,True,False,some commits
False,2012-09-26 12:00:39,lengthy,True,False,1 commit
True,2012-09-26 16:12:24,lengthy,False,False,some commits
True,2012-09-26 19:30:01,short,False,False,1 commit
True,2012-09-28 14:56:12,medium,True,False,1 commit
True,2012-10-01 23:15:07,medium,True,False,many commits
True,2012-10-02 00:52:33,lengthy,True,False,some commits
False,2012-10-04 03:31:39,lengthy,False,False,1 commit
True,2012-10-04 15:11:30,medium,False,False,some commits
True,2012-10-05 00:14:12,lengthy,True,False,many commits
False,2012-10-05 16:19:59,medium,False,True,some commits
True,2012-10-05 18:35:36,medium,False,False,some commits
True,2012-10-05 18:36:20,medium,False,False,some commits
True,2012-10-05 18:36:49,medium,False,False,some commits
True,2012-10-05 19:57:37,medium,False,False,some commits
True,2012-10-05 21:03:37,medium,False,False,1 commit
True,2012-10-05 23:59:24,short,False,False,some commits
True,2012-10-07 01:45:47,very short,True,False,1 commit
False,2012-10-08 20:14:50,medium,False,True,1 commit
True,2012-10-09 08:24:26,short,False,False,some commits
True,2012-10-09 20:07:45,medium,False,False,1 commit
True,2012-10-09 20:10:22,short,False,False,some commits
True,2012-10-09 20:15:55,very short,False,False,1 commit
True,2012-10-09 21:05:42,short,False,False,1 commit
True,2012-10-09 21:36:18,medium,False,False,1 commit
True,2012-10-10 06:01:25,very short,True,False,1 commit
True,2012-10-10 16:00:46,lengthy,False,True,some commits
True,2012-10-10 20:39:39,lengthy,False,False,some commits
True,2012-10-10 20:40:44,short,False,False,1 commit
True,2012-10-10 20:42:17,very short,False,False,1 commit
True,2012-10-10 20:44:41,very short,False,False,some commits
True,2012-10-10 23:10:31,very short,False,False,1 commit
True,2012-10-11 13:37:31,very short,False,False,1 commit
True,2012-10-11 20:02:38,very short,True,False,1 commit
True,2012-10-12 18:04:57,medium,False,False,many commits
True,2012-10-13 14:06:11,lengthy,False,False,1 commit
True,2012-10-13 14:07:20,short,False,False,1 commit
True,2012-10-13 14:08:21,very short,False,False,1 commit
True,2012-10-13 14:09:25,very short,False,False,1 commit
True,2012-10-13 14:12:03,very short,False,False,1 commit
True,2012-10-13 14:28:20,lengthy,False,False,1 commit
True,2012-10-13 16:12:23,short,True,False,1 commit
True,2012-10-13 16:43:34,very short,False,False,1 commit
True,2012-10-13 17:19:17,lengthy,True,False,many commits
True,2012-10-13 18:27:28,very short,False,False,1 commit
True,2012-10-14 00:04:48,short,True,False,1 commit
True,2012-10-14 02:34:49,short,True,False,1 commit
True,2012-10-14 13:18:03,lengthy,False,False,1 commit
True,2012-10-14 14:23:54,lengthy,True,False,1 commit
True,2012-10-14 18:50:28,lengthy,True,False,1 commit
True,2012-10-14 18:51:50,lengthy,True,False,1 commit
True,2012-10-14 18:53:42,lengthy,True,False,1 commit
True,2012-10-14 19:51:39,lengthy,True,False,1 commit
True,2012-10-14 19:56:36,lengthy,True,False,1 commit
True,2012-10-15 19:33:40,lengthy,True,False,many commits
True,2012-10-15 23:15:38,very short,False,False,some commits
False,2012-10-17 03:12:36,lengthy,False,False,many commits
True,2012-10-17 13:50:29,very short,True,False,1 commit
True,2012-10-17 16:00:08,medium,True,False,1 commit
True,2012-10-20 07:14:52,short,True,False,some commits
False,2012-10-20 16:55:38,short,False,False,1 commit
True,2012-10-21 09:16:35,lengthy,False,False,many commits
True,2012-10-22 17:08:52,very short,False,False,1 commit
True,2012-10-22 19:54:28,very short,True,False,1 commit
True,2012-10-24 13:05:38,very short,False,False,1 commit
True,2012-10-26 11:43:37,medium,True,False,1 commit
False,2012-10-29 22:43:36,short,False,False,1 commit
True,2012-10-29 22:51:40,medium,False,False,some commits
True,2012-10-30 13:03:17,very short,True,False,1 commit
True,2012-10-31 02:23:35,medium,True,False,1 commit
True,2012-10-31 22:40:59,lengthy,False,True,some commits
True,2012-11-01 16:12:25,medium,True,False,1 commit
True,2012-11-03 09:44:46,lengthy,True,False,some commits
True,2012-11-03 17:47:01,very short,True,False,1 commit
True,2012-11-04 15:29:02,short,True,False,some commits
True,2012-11-05 20:15:16,short,True,False,1 commit
True,2012-11-06 17:58:55,very short,True,False,1 commit
False,2012-11-08 02:56:25,very short,True,False,some commits
True,2012-11-08 15:31:02,very short,True,False,1 commit
True,2012-11-09 09:26:07,lengthy,True,False,1 commit
True,2012-11-09 10:41:30,lengthy,True,False,some commits
True,2012-11-09 12:40:03,medium,False,False,some commits
True,2012-11-09 13:12:38,medium,True,False,1 commit
True,2012-11-10 03:56:39,short,True,False,1 commit
True,2012-11-10 07:27:11,short,True,False,some commits
True,2012-11-10 11:07:16,lengthy,False,False,many commits
False,2012-11-10 16:37:22,medium,False,True,some commits
True,2012-11-11 22:48:03,very short,False,False,1 commit
False,2012-11-12 16:16:45,lengthy,False,True,some commits
True,2012-11-12 21:02:36,lengthy,False,True,some commits
True,2012-11-13 19:00:44,very short,False,False,1 commit
True,2012-11-13 19:58:11,lengthy,False,True,some commits
True,2012-11-13 21:46:20,short,True,False,1 commit
True,2012-11-14 00:05:07,very short,False,True,1 commit
True,2012-11-14 03:46:09,lengthy,False,False,some commits
True,2012-11-14 12:34:50,lengthy,False,True,1 commit
True,2012-11-15 19:51:46,very short,True,False,1 commit
True,2012-11-15 23:12:26,lengthy,False,False,many commits
True,2012-11-16 17:16:18,medium,True,False,some commits
True,2012-11-16 21:31:54,lengthy,False,False,some commits
True,2012-11-17 01:51:44,medium,True,False,1 commit
True,2012-11-19 12:02:41,very short,True,False,1 commit
False,2012-11-19 12:51:42,lengthy,False,False,many commits
True,2012-11-21 09:48:06,lengthy,True,False,1 commit
True,2012-11-22 01:28:25,medium,True,False,1 commit
True,2012-11-22 12:03:18,very short,False,True,1 commit
True,2012-11-22 16:32:53,lengthy,True,False,some commits
True,2012-11-23 12:32:34,very short,False,True,1 commit
True,2012-11-24 18:03:09,lengthy,False,True,1 commit
True,2012-11-25 15:44:43,medium,False,False,some commits
True,2012-11-26 07:35:35,lengthy,True,False,some commits
True,2012-11-26 08:46:58,lengthy,True,False,some commits
True,2012-11-27 00:08:26,lengthy,False,False,many commits
True,2012-11-28 05:26:07,medium,True,False,1 commit
True,2012-11-28 11:55:57,very short,True,False,1 commit
True,2012-11-29 11:49:02,medium,True,False,1 commit
False,2012-11-30 01:46:02,very short,False,True,1 commit
True,2012-12-02 16:42:59,very short,True,False,1 commit
True,2012-12-03 16:20:01,very short,True,False,1 commit
True,2012-12-03 16:24:06,very short,True,False,1 commit
True,2012-12-04 04:02:42,very short,False,False,1 commit
True,2012-12-04 14:27:12,lengthy,True,False,some commits
True,2012-12-04 21:18:28,very short,False,False,1 commit
True,2012-12-04 22:08:18,very short,True,False,1 commit
True,2012-12-05 09:31:23,medium,True,False,1 commit
True,2012-12-05 19:34:43,very short,True,False,1 commit
True,2012-12-07 02:32:17,lengthy,True,False,some commits
True,2012-12-07 03:03:28,very short,True,False,1 commit
True,2012-12-07 03:17:34,very short,True,False,1 commit
True,2012-12-07 13:14:16,very short,False,False,many commits
True,2012-12-09 02:04:05,lengthy,True,False,many commits
True,2012-12-09 11:28:07,short,False,True,1 commit
True,2012-12-09 22:18:22,short,False,False,some commits
False,2012-12-10 19:30:34,lengthy,False,True,1 commit
True,2012-12-11 02:00:40,lengthy,False,False,1 commit
True,2012-12-11 04:57:27,medium,True,False,1 commit
True,2012-12-12 07:24:08,very short,True,False,many commits
True,2012-12-13 02:59:57,very short,False,False,1 commit
True,2012-12-14 20:44:38,medium,True,False,some commits
True,2012-12-14 20:55:07,medium,True,False,some commits
True,2012-12-14 22:38:10,lengthy,True,False,many commits
True,2012-12-15 01:58:58,lengthy,True,False,some commits
True,2012-12-16 23:16:19,very short,False,False,1 commit
True,2012-12-17 15:00:48,very short,True,False,1 commit
True,2012-12-17 16:21:29,very short,True,False,1 commit
True,2012-12-19 13:43:08,lengthy,False,True,some commits
True,2012-12-20 05:08:19,lengthy,True,False,1 commit
True,2012-12-20 16:06:40,lengthy,False,False,1 commit
True,2012-12-22 19:12:38,medium,False,False,1 commit
False,2012-12-27 05:13:41,lengthy,False,False,many commits
True,2012-12-27 21:05:41,medium,False,True,some commits
True,2012-12-28 18:39:24,lengthy,True,False,some commits
True,2012-12-30 19:27:57,short,False,False,many commits
False,2012-12-31 05:44:22,lengthy,False,False,many commits
True,2013-01-03 02:18:23,lengthy,False,True,1 commit
True,2013-01-04 05:52:42,lengthy,False,False,some commits
True,2013-01-04 12:13:02,lengthy,False,True,1 commit
True,2013-01-04 20:13:43,very short,True,False,some commits
True,2013-01-05 23:01:44,medium,False,False,some commits
False,2013-01-07 12:56:14,very short,False,False,1 commit
True,2013-01-07 18:11:04,lengthy,False,False,many commits
True,2013-01-07 18:54:28,medium,True,False,1 commit
True,2013-01-07 20:06:51,medium,False,False,1 commit
True,2013-01-08 08:30:00,lengthy,True,False,some commits
True,2013-01-08 10:56:57,lengthy,True,False,1 commit
True,2013-01-09 13:57:24,lengthy,True,False,many commits
True,2013-01-11 13:11:28,very short,False,False,1 commit
True,2013-01-11 17:19:11,medium,True,False,1 commit
True,2013-01-12 05:14:54,short,False,False,some commits
True,2013-01-13 19:57:38,very short,False,False,1 commit
False,2013-01-14 16:22:09,lengthy,False,False,some commits
True,2013-01-14 18:53:46,medium,False,True,some commits
False,2013-01-15 09:41:40,lengthy,True,False,some commits
True,2013-01-16 18:59:50,lengthy,True,False,many commits
True,2013-01-17 11:42:23,short,False,False,some commits
False,2013-01-17 15:21:07,very short,True,False,1 commit
True,2013-01-17 16:06:13,very short,False,False,some commits
True,2013-01-17 18:23:55,very short,False,True,1 commit
False,2013-01-18 16:45:58,medium,False,False,many commits
True,2013-01-23 02:24:22,very short,False,False,some commits
True,2013-01-23 18:26:15,very short,True,False,1 commit
True,2013-01-23 19:41:16,lengthy,True,False,1 commit
True,2013-01-24 08:13:08,medium,False,True,some commits
True,2013-01-25 23:04:23,medium,True,False,1 commit
True,2013-01-26 04:16:32,short,False,False,many commits
True,2013-01-30 19:24:20,lengthy,False,False,many commits
True,2013-01-31 00:45:10,lengthy,True,False,1 commit
True,2013-02-01 10:40:45,very short,False,True,1 commit
False,2013-02-01 20:13:51,lengthy,False,True,some commits
True,2013-02-11 15:58:02,medium,False,False,some commits
True,2013-02-14 11:11:28,short,False,True,1 commit
True,2013-02-15 03:44:44,short,False,True,1 commit
True,2013-02-17 01:13:56,lengthy,False,True,many commits
True,2013-02-17 22:39:32,very short,False,False,1 commit
True,2013-02-18 07:15:18,short,True,False,1 commit
True,2013-02-18 10:58:05,lengthy,True,False,1 commit
True,2013-02-18 16:08:38,very short,True,False,1 commit
True,2013-02-19 02:31:03,lengthy,True,False,some commits
False,2013-02-20 00:54:26,lengthy,True,False,1 commit
True,2013-02-21 00:21:05,lengthy,False,False,1 commit
True,2013-02-21 00:43:15,lengthy,False,False,many commits
True,2013-02-22 05:15:51,medium,False,False,some commits
True,2013-02-22 18:38:38,short,True,False,some commits
False,2013-02-23 21:45:57,lengthy,False,False,many commits
False,2013-02-24 19:16:57,very short,False,True,1 commit
False,2013-02-25 12:57:51,lengthy,False,True,1 commit
True,2013-02-26 06:54:46,medium,False,True,some commits
True,2013-02-27 09:11:25,short,True,False,1 commit
True,2013-02-27 12:25:09,very short,False,False,some commits
True,2013-02-28 08:41:46,lengthy,True,False,some commits
True,2013-03-01 13:50:59,very short,True,False,1 commit
True,2013-03-02 10:49:01,very short,True,False,1 commit
True,2013-03-03 22:14:26,lengthy,False,False,many commits
True,2013-03-04 09:24:44,lengthy,True,False,some commits
True,2013-03-04 09:36:30,lengthy,True,False,1 commit
True,2013-03-04 20:09:12,very short,False,False,1 commit
True,2013-03-06 10:22:29,medium,False,True,some commits
True,2013-03-09 16:23:19,lengthy,True,False,1 commit
True,2013-03-11 11:33:49,very short,True,False,1 commit
True,2013-03-12 19:57:11,very short,False,False,1 commit
True,2013-03-15 02:31:26,lengthy,True,False,many commits
True,2013-03-15 02:40:43,medium,True,False,many commits
True,2013-03-15 02:41:54,medium,True,False,1 commit
True,2013-03-15 07:47:57,medium,True,False,some commits
True,2013-03-17 13:16:57,very short,True,False,1 commit
True,2013-03-17 20:08:04,lengthy,False,False,some commits
True,2013-03-18 04:20:35,very short,True,False,some commits
True,2013-03-22 05:57:25,medium,False,True,some commits
True,2013-03-22 12:17:32,short,True,False,some commits
True,2013-03-22 19:19:12,very short,True,False,1 commit
False,2013-03-23 14:39:42,lengthy,False,False,1 commit
True,2013-03-24 12:23:40,very short,False,False,1 commit
True,2013-03-24 12:57:50,very short,True,False,1 commit
False,2013-03-25 16:32:52,very short,True,False,1 commit
False,2013-03-26 02:50:27,lengthy,False,True,some commits
True,2013-03-26 22:06:12,lengthy,True,False,1 commit
True,2013-03-26 22:14:54,lengthy,True,False,many commits
True,2013-03-27 11:38:02,lengthy,True,False,some commits
True,2013-03-27 15:51:01,very short,True,False,some commits
True,2013-03-28 03:01:06,medium,True,False,some commits
True,2013-03-28 03:38:27,medium,False,True,many commits
True,2013-03-28 05:54:27,very short,True,False,1 commit
True,2013-03-29 10:51:08,lengthy,True,False,some commits
True,2013-03-29 11:44:40,short,True,False,1 commit
True,2013-03-29 13:17:41,very short,True,False,1 commit
True,2013-03-31 16:07:35,short,True,False,some commits
True,2013-04-01 18:38:13,medium,True,False,some commits
True,2013-04-02 10:07:07,lengthy,True,False,some commits
False,2013-04-03 00:20:54,lengthy,False,True,1 commit
True,2013-04-07 13:08:50,medium,False,True,some commits
True,2013-04-09 04:02:15,lengthy,False,False,some commits
True,2013-04-10 17:47:42,short,True,False,1 commit
True,2013-04-12 13:38:10,medium,True,False,1 commit
False,2013-04-12 15:25:24,lengthy,True,False,1 commit
True,2013-04-12 20:36:51,lengthy,False,False,1 commit
True,2013-04-14 01:20:39,medium,True,False,1 commit
True,2013-04-15 20:51:21,very short,True,False,some commits
False,2013-04-15 22:00:27,lengthy,True,False,many commits
True,2013-04-16 03:09:00,short,False,False,some commits
False,2013-04-16 04:29:34,lengthy,True,False,many commits
True,2013-04-16 23:13:25,short,False,False,some commits
True,2013-04-17 00:11:55,very short,True,False,1 commit
True,2013-04-17 12:55:28,very short,False,True,1 commit
True,2013-04-17 20:53:31,very short,False,False,some commits
True,2013-04-18 04:18:40,lengthy,False,False,some commits
True,2013-04-18 09:19:36,medium,True,False,some commits
True,2013-04-18 14:33:26,lengthy,False,False,many commits
False,2013-04-18 22:33:06,very short,True,False,1 commit
True,2013-04-19 04:08:08,medium,False,False,many commits
True,2013-04-19 14:20:42,lengthy,True,False,some commits
True,2013-04-22 08:01:01,lengthy,True,False,1 commit
True,2013-04-22 14:37:32,lengthy,True,False,many commits
True,2013-04-22 16:14:30,very short,True,False,1 commit
True,2013-04-23 07:12:03,very short,True,False,1 commit
True,2013-04-23 19:11:34,very short,False,False,1 commit
True,2013-04-24 11:49:38,very short,False,False,some commits
True,2013-04-25 11:21:31,lengthy,True,False,many commits
True,2013-04-25 16:14:52,medium,False,False,some commits
True,2013-04-27 22:14:01,lengthy,False,True,many commits
True,2013-04-27 22:20:56,lengthy,False,False,some commits
True,2013-04-27 22:25:57,medium,False,False,1 commit
False,2013-04-29 08:12:15,lengthy,True,False,some commits
True,2013-04-30 19:21:52,lengthy,False,False,some commits
False,2013-05-02 16:17:52,very short,True,False,1 commit
False,2013-05-02 22:09:03,medium,False,False,1 commit
True,2013-05-03 05:42:03,medium,False,False,1 commit
True,2013-05-03 16:51:18,medium,False,True,some commits
True,2013-05-05 19:53:42,very short,False,False,1 commit
True,2013-05-05 22:24:57,very short,False,False,1 commit
True,2013-05-07 02:59:39,very short,True,False,1 commit
False,2013-05-07 13:58:47,lengthy,False,False,many commits
True,2013-05-07 14:12:37,very short,True,False,1 commit
True,2013-05-09 16:19:56,short,True,False,1 commit
True,2013-05-09 16:37:22,short,True,False,some commits
True,2013-05-09 16:45:46,short,True,False,1 commit
True,2013-05-10 19:07:36,short,True,False,1 commit
True,2013-05-10 19:27:26,short,True,False,1 commit
True,2013-05-14 15:18:05,medium,True,False,some commits
True,2013-05-14 16:03:52,short,True,False,some commits
False,2013-05-15 12:03:15,lengthy,True,False,1 commit
False,2013-05-15 12:06:58,lengthy,True,False,1 commit
True,2013-05-15 14:11:13,medium,True,False,some commits
True,2013-05-16 09:22:35,medium,False,False,1 commit
True,2013-05-16 19:38:41,very short,False,False,1 commit
True,2013-05-17 04:18:30,very short,False,True,1 commit
True,2013-05-20 19:13:48,very short,True,False,many commits
True,2013-05-20 20:11:32,very short,False,False,1 commit
True,2013-05-20 21:49:23,very short,False,False,some commits
False,2013-05-21 05:57:19,very short,False,False,some commits
True,2013-05-21 07:06:46,very short,True,False,1 commit
False,2013-05-21 07:32:00,lengthy,True,False,some commits
True,2013-05-21 10:36:19,very short,True,False,1 commit
True,2013-05-21 15:49:22,very short,True,False,1 commit
True,2013-05-21 17:55:40,very short,True,False,1 commit
True,2013-05-22 09:38:57,very short,True,False,1 commit
True,2013-05-22 09:48:44,very short,False,False,1 commit
True,2013-05-22 12:57:45,very short,True,False,1 commit
True,2013-05-22 14:36:53,medium,True,False,1 commit
True,2013-05-23 15:00:14,short,True,False,some commits
True,2013-05-23 21:33:09,very short,True,False,some commits
True,2013-05-24 05:03:05,very short,False,False,1 commit
True,2013-05-24 09:05:06,lengthy,True,False,some commits
False,2013-05-24 12:13:14,lengthy,False,False,many commits
True,2013-05-24 16:18:07,very short,True,False,1 commit
True,2013-05-24 20:06:37,medium,True,False,some commits
True,2013-05-25 23:24:39,short,True,False,1 commit
True,2013-05-26 11:37:04,short,False,False,1 commit
True,2013-05-27 16:37:40,very short,False,False,1 commit
True,2013-05-28 22:22:54,very short,True,False,1 commit
True,2013-05-29 02:20:30,very short,True,False,1 commit
True,2013-05-29 04:08:33,very short,False,True,1 commit
True,2013-05-29 08:30:35,very short,False,True,1 commit
True,2013-05-29 13:33:46,very short,True,False,1 commit
True,2013-05-29 16:26:14,medium,True,False,1 commit
True,2013-05-29 19:27:43,very short,True,False,1 commit
False,2013-05-29 20:29:05,very short,True,False,1 commit
True,2013-05-29 22:33:35,very short,True,False,some commits
True,2013-05-29 23:54:22,very short,True,False,1 commit
True,2013-05-30 08:09:05,lengthy,False,False,some commits
True,2013-05-30 13:59:54,very short,True,False,1 commit
True,2013-05-31 08:01:06,lengthy,True,False,some commits
True,2013-05-31 08:38:00,very short,False,True,1 commit
True,2013-06-01 05:56:13,very short,True,False,1 commit
True,2013-06-01 06:18:26,lengthy,True,False,1 commit
True,2013-06-02 08:09:45,lengthy,False,False,some commits
True,2013-06-02 08:11:36,short,True,False,1 commit
True,2013-06-07 19:48:17,lengthy,True,False,1 commit
True,2013-06-17 11:37:55,lengthy,False,True,some commits
True,2013-06-20 23:22:11,lengthy,False,True,some commits
True,2013-06-21 19:26:44,short,True,False,1 commit
True,2013-06-22 02:14:23,medium,True,False,1 commit
True,2013-06-22 19:46:05,short,False,False,1 commit
True,2013-06-24 00:07:46,short,False,False,many commits
True,2013-06-24 20:34:35,medium,False,False,1 commit
True,2013-06-27 16:03:06,lengthy,False,True,some commits
True,2013-06-28 18:28:50,very short,False,True,1 commit
True,2013-06-28 19:31:58,very short,True,False,1 commit
True,2013-06-28 22:24:34,lengthy,False,True,some commits
True,2013-06-28 22:33:11,short,True,False,1 commit
True,2013-06-28 22:35:18,short,False,True,some commits
True,2013-06-28 22:45:41,very short,False,True,1 commit
False,2013-06-28 22:59:34,lengthy,True,False,1 commit
True,2013-06-29 14:38:55,very short,True,False,1 commit
True,2013-06-29 14:57:30,very short,True,False,1 commit
True,2013-06-29 15:03:44,very short,True,False,1 commit
False,2013-06-29 15:14:34,lengthy,False,True,some commits
True,2013-06-29 15:55:25,very short,True,False,1 commit
True,2013-06-29 16:09:36,very short,False,True,1 commit
True,2013-06-29 16:29:22,very short,True,False,1 commit
True,2013-06-29 16:33:13,very short,True,False,1 commit
True,2013-06-29 19:08:28,short,True,False,1 commit
True,2013-06-29 20:23:27,short,True,False,some commits
True,2013-06-30 02:58:20,very short,True,False,1 commit
True,2013-06-30 23:11:49,lengthy,True,False,some commits
True,2013-07-02 19:23:52,lengthy,True,False,some commits
True,2013-07-03 19:57:56,lengthy,True,False,1 commit
True,2013-07-04 12:59:06,lengthy,True,False,1 commit
True,2013-07-04 16:47:01,very short,True,False,1 commit
True,2013-07-04 17:03:53,very short,True,False,1 commit
True,2013-07-05 10:29:35,very short,True,False,some commits
True,2013-07-07 20:59:11,lengthy,False,True,1 commit
True,2013-07-08 18:02:32,medium,True,False,some commits
True,2013-07-08 18:04:22,medium,True,False,1 commit
True,2013-07-09 20:23:05,medium,True,False,1 commit
False,2013-07-11 11:28:08,lengthy,True,False,many commits
True,2013-07-12 02:20:22,very short,False,True,1 commit
True,2013-07-12 03:21:47,medium,False,True,1 commit
True,2013-07-16 03:25:55,very short,False,True,1 commit
True,2013-07-17 00:59:52,very short,False,True,some commits
True,2013-07-17 15:48:37,very short,False,True,some commits
False,2013-07-18 07:34:34,lengthy,False,True,1 commit
True,2013-07-19 08:17:34,very short,True,False,1 commit
True,2013-07-19 16:08:06,medium,True,False,1 commit
True,2013-07-21 07:11:48,lengthy,False,False,many commits
True,2013-07-22 01:58:20,very short,True,False,1 commit
True,2013-07-22 07:20:19,lengthy,False,True,1 commit
False,2013-07-22 22:11:12,lengthy,False,False,1 commit
True,2013-07-23 03:14:18,lengthy,False,False,some commits
True,2013-07-23 14:07:08,lengthy,True,False,1 commit
True,2013-07-24 08:55:38,lengthy,True,False,1 commit
True,2013-07-25 15:10:47,lengthy,False,False,1 commit
True,2013-07-31 16:41:36,lengthy,False,False,1 commit
False,2013-07-31 16:45:08,lengthy,False,True,some commits
True,2013-08-01 13:17:35,very short,True,False,1 commit
True,2013-08-01 13:27:42,very short,True,False,1 commit
True,2013-08-03 03:33:53,lengthy,True,False,many commits
True,2013-08-04 18:51:18,medium,False,False,many commits
True,2013-08-05 16:26:34,medium,True,False,some commits
False,2013-08-06 16:11:16,lengthy,True,False,some commits
True,2013-08-07 19:15:49,medium,False,False,1 commit
True,2013-08-07 21:59:21,lengthy,True,False,1 commit
True,2013-08-08 20:24:12,medium,True,False,1 commit
False,2013-08-09 21:36:19,lengthy,False,True,1 commit
True,2013-08-10 20:49:36,short,False,True,some commits
True,2013-08-10 21:45:19,short,True,False,1 commit
True,2013-08-17 07:01:45,lengthy,False,False,1 commit
True,2013-08-17 20:38:06,medium,True,False,1 commit
True,2013-08-19 05:51:43,lengthy,False,True,1 commit
False,2013-08-19 06:19:01,lengthy,False,False,some commits
False,2013-08-19 11:08:24,very short,False,False,1 commit
False,2013-08-19 14:33:46,lengthy,False,True,1 commit
True,2013-08-19 20:12:54,very short,False,False,1 commit
True,2013-08-19 20:55:58,very short,False,False,1 commit
True,2013-08-20 02:39:55,medium,False,False,1 commit
True,2013-08-22 02:56:11,medium,False,True,1 commit
True,2013-08-22 03:24:20,very short,False,True,1 commit
True,2013-08-22 04:12:40,medium,False,False,some commits
True,2013-08-22 07:40:37,very short,True,False,some commits
True,2013-08-22 23:17:45,lengthy,False,False,many commits
True,2013-08-22 23:32:10,medium,False,False,1 commit
True,2013-08-23 00:44:10,very short,False,False,1 commit
True,2013-08-23 00:55:30,medium,False,False,1 commit
True,2013-08-23 01:04:02,lengthy,False,False,some commits
True,2013-08-23 10:06:45,lengthy,True,False,some commits
True,2013-08-24 05:37:45,short,False,False,1 commit
True,2013-08-26 10:51:04,very short,False,True,many commits
True,2013-08-27 20:14:17,very short,False,True,1 commit
True,2013-08-27 22:25:26,lengthy,False,False,some commits
True,2013-08-27 22:45:54,short,False,False,some commits
True,2013-08-30 01:39:33,short,True,False,1 commit
False,2013-08-30 19:41:02,lengthy,False,False,many commits
True,2013-09-01 17:30:32,short,False,False,1 commit
True,2013-09-03 15:25:06,very short,True,False,some commits
True,2013-09-03 19:32:36,lengthy,False,False,some commits
True,2013-09-03 20:18:56,short,True,False,some commits
True,2013-09-03 20:48:14,medium,False,False,some commits
True,2013-09-04 01:55:23,very short,False,False,1 commit
True,2013-09-04 18:39:02,very short,False,False,1 commit
True,2013-09-04 21:05:36,very short,False,False,1 commit
True,2013-09-05 04:32:41,medium,False,False,many commits
True,2013-09-05 04:55:52,short,True,False,1 commit
True,2013-09-06 18:30:41,lengthy,False,True,many commits
True,2013-09-07 15:54:58,very short,False,False,some commits
True,2013-09-08 11:01:41,short,False,False,1 commit
True,2013-09-09 23:46:03,very short,False,True,1 commit
True,2013-09-10 04:55:34,lengthy,False,False,1 commit
True,2013-09-10 16:26:50,lengthy,False,True,1 commit
True,2013-09-10 21:19:40,lengthy,False,False,1 commit
True,2013-09-12 08:12:27,lengthy,False,True,1 commit
True,2013-09-12 13:25:09,medium,False,False,some commits
True,2013-09-12 14:06:36,medium,False,False,some commits
True,2013-09-13 11:32:36,very short,False,False,1 commit
True,2013-09-16 16:57:09,very short,True,False,1 commit
True,2013-09-16 17:49:36,short,False,False,some commits
True,2013-09-17 13:38:50,lengthy,False,False,1 commit
True,2013-09-17 19:00:19,very short,True,False,1 commit
True,2013-09-17 19:09:32,very short,False,False,1 commit
True,2013-09-17 22:29:48,lengthy,False,False,many commits
True,2013-09-18 14:47:00,short,True,False,1 commit
True,2013-09-18 15:32:34,very short,True,False,1 commit
True,2013-09-19 13:05:45,very short,False,False,some commits
True,2013-09-19 20:41:03,lengthy,False,False,1 commit
True,2013-09-20 09:32:43,lengthy,True,False,some commits
True,2013-09-20 15:54:34,lengthy,True,False,some commits
True,2013-09-20 20:47:14,lengthy,True,False,some commits
True,2013-09-22 15:40:13,short,False,False,1 commit
False,2013-09-23 01:27:39,lengthy,False,True,1 commit
False,2013-09-23 15:46:24,lengthy,False,True,many commits
True,2013-09-23 18:59:22,medium,False,False,some commits
True,2013-09-24 07:54:57,very short,True,False,1 commit
True,2013-09-24 15:04:48,very short,True,False,some commits
True,2013-09-24 15:53:49,medium,False,False,some commits
True,2013-09-24 21:48:07,lengthy,False,False,some commits
True,2013-09-24 22:35:11,short,False,False,1 commit
True,2013-09-25 04:50:52,lengthy,False,False,some commits
True,2013-09-25 12:38:29,lengthy,True,False,some commits
True,2013-09-25 19:34:56,medium,True,False,1 commit
False,2013-09-26 18:12:20,lengthy,False,False,many commits
True,2013-09-27 14:37:17,very short,True,False,1 commit
True,2013-09-27 15:59:57,lengthy,False,True,1 commit
True,2013-09-27 20:53:47,short,True,False,1 commit
True,2013-09-27 21:17:25,short,True,False,1 commit
True,2013-09-29 17:57:24,lengthy,False,False,many commits
True,2013-09-29 21:56:17,very short,False,True,some commits
False,2013-09-30 14:18:52,lengthy,False,False,many commits
True,2013-09-30 17:16:54,lengthy,False,False,some commits
True,2013-10-01 14:19:21,lengthy,True,False,1 commit
True,2013-10-01 22:14:23,lengthy,True,False,1 commit
True,2013-10-02 08:22:03,medium,True,False,1 commit
True,2013-10-02 10:34:37,very short,False,False,some commits
False,2013-10-02 15:52:39,medium,False,False,1 commit
True,2013-10-03 08:51:17,medium,True,False,1 commit
True,2013-10-04 12:10:26,very short,False,False,1 commit
True,2013-10-04 17:38:22,lengthy,False,False,1 commit
True,2013-10-05 01:30:51,very short,False,True,1 commit
False,2013-10-06 11:35:19,medium,False,False,some commits
False,2013-10-06 20:13:41,lengthy,False,False,some commits
True,2013-10-07 16:04:32,very short,True,False,1 commit
True,2013-10-08 22:04:23,lengthy,True,False,many commits
False,2013-10-09 11:06:23,very short,False,False,1 commit
False,2013-10-09 11:51:39,lengthy,False,False,some commits
True,2013-10-12 04:51:27,lengthy,False,False,some commits
True,2013-10-12 04:53:48,lengthy,False,False,1 commit
True,2013-10-15 13:00:43,lengthy,False,True,1 commit
True,2013-10-15 16:00:05,medium,True,False,many commits
True,2013-10-16 18:52:27,lengthy,True,False,some commits
True,2013-10-16 20:24:43,short,False,True,1 commit
True,2013-10-19 18:38:41,short,True,False,1 commit
True,2013-10-22 02:55:17,very short,False,False,1 commit
True,2013-10-24 14:10:10,lengthy,True,False,some commits
True,2013-10-25 23:04:04,short,True,False,1 commit
True,2013-10-28 01:03:19,lengthy,False,False,1 commit
True,2013-10-28 01:39:57,short,False,False,1 commit
True,2013-10-28 02:40:51,lengthy,False,False,some commits
True,2013-10-28 15:51:10,very short,False,False,1 commit
True,2013-10-28 17:03:52,lengthy,False,True,1 commit
True,2013-10-28 20:32:28,lengthy,False,True,1 commit
True,2013-10-29 18:40:44,lengthy,False,False,many commits
True,2013-10-31 18:26:25,very short,False,True,some commits
True,2013-11-01 22:32:03,lengthy,False,False,1 commit
True,2013-11-02 16:36:15,lengthy,False,False,some commits
True,2013-11-02 23:39:44,medium,True,False,1 commit
True,2013-11-04 02:09:43,lengthy,False,False,some commits
True,2013-11-04 14:13:38,medium,False,True,some commits
False,2013-11-05 12:43:57,short,False,False,1 commit
True,2013-11-05 14:56:03,medium,False,False,some commits
True,2013-11-07 13:20:38,very short,True,False,1 commit
True,2013-11-07 13:22:36,medium,True,False,1 commit
True,2013-11-08 12:31:20,very short,False,False,1 commit
False,2013-11-08 15:19:50,lengthy,False,False,some commits
True,2013-11-09 17:05:52,lengthy,True,False,some commits
True,2013-11-13 04:30:28,short,True,False,1 commit
True,2013-11-15 20:18:41,lengthy,False,True,many commits
True,2013-11-16 08:15:05,lengthy,True,False,some commits
True,2013-11-16 19:55:25,lengthy,True,False,many commits
True,2013-11-18 08:16:16,lengthy,False,True,many commits
True,2013-11-20 22:59:37,very short,False,False,1 commit
True,2013-11-21 15:55:31,medium,True,False,1 commit
True,2013-11-22 10:15:12,medium,False,False,1 commit
True,2013-11-24 23:46:50,very short,True,False,1 commit
True,2013-11-25 19:43:11,very short,False,False,some commits
True,2013-11-27 22:42:28,short,True,False,some commits
True,2013-11-27 23:14:14,short,True,False,1 commit
True,2013-11-28 12:03:17,lengthy,True,False,some commits
True,2013-11-29 22:38:12,very short,True,False,1 commit
True,2013-11-30 04:31:02,lengthy,True,False,1 commit
False,2013-11-30 12:48:22,lengthy,False,False,some commits
True,2013-11-30 19:16:08,lengthy,True,False,some commits
True,2013-12-02 15:33:05,very short,False,True,1 commit
True,2013-12-02 16:06:32,very short,False,True,1 commit
True,2013-12-02 17:29:15,short,False,False,1 commit
True,2013-12-03 15:20:37,lengthy,True,False,many commits
True,2013-12-03 23:24:25,very short,False,True,1 commit
True,2013-12-04 03:15:15,short,False,True,some commits
True,2013-12-04 15:09:18,medium,True,False,1 commit
True,2013-12-04 16:24:42,lengthy,False,True,1 commit
True,2013-12-04 19:45:38,very short,False,True,some commits
True,2013-12-05 07:37:59,lengthy,False,True,many commits
True,2013-12-06 16:55:33,medium,True,False,1 commit
True,2013-12-06 20:11:20,medium,False,False,1 commit
True,2013-12-07 21:52:49,short,False,False,some commits
True,2013-12-09 00:39:30,medium,False,True,1 commit
True,2013-12-10 04:05:53,medium,False,True,1 commit
True,2013-12-11 15:12:01,very short,True,False,some commits
True,2013-12-12 19:04:48,very short,False,False,1 commit
True,2013-12-12 22:00:59,medium,True,False,some commits
True,2013-12-12 22:15:05,medium,True,False,some commits
True,2013-12-12 23:03:57,medium,True,False,some commits
True,2013-12-14 00:40:10,medium,False,False,1 commit
True,2013-12-16 12:51:30,very short,False,False,1 commit
True,2013-12-19 16:46:17,lengthy,True,False,1 commit
True,2013-12-21 04:11:25,lengthy,False,False,some commits
True,2013-12-23 21:41:03,medium,True,False,1 commit
True,2013-12-27 04:09:52,lengthy,True,False,1 commit
True,2013-12-30 17:01:53,short,True,False,1 commit
True,2014-01-01 16:37:10,medium,False,False,some commits
False,2014-01-04 21:08:11,lengthy,False,True,some commits
True,2014-01-04 21:11:24,very short,False,False,1 commit
True,2014-01-05 03:03:17,medium,False,False,some commits
True,2014-01-07 09:57:51,medium,True,False,some commits
True,2014-01-08 23:42:58,very short,False,False,1 commit
True,2014-01-10 10:17:43,medium,True,False,some commits
True,2014-01-10 10:53:53,short,True,False,1 commit
True,2014-01-10 20:21:43,short,True,False,1 commit
True,2014-01-11 11:46:25,short,False,False,1 commit
True,2014-01-11 17:01:30,short,False,True,some commits
True,2014-01-13 01:49:36,very short,True,False,1 commit
True,2014-01-13 17:39:26,lengthy,True,False,some commits
True,2014-01-13 20:09:45,very short,False,True,1 commit
True,2014-01-14 23:49:46,lengthy,False,False,many commits
True,2014-01-16 04:38:36,medium,False,False,some commits
True,2014-01-16 05:44:56,lengthy,False,False,some commits
True,2014-01-16 21:47:03,lengthy,True,False,some commits
True,2014-01-17 17:58:06,medium,True,False,1 commit
True,2014-01-17 18:55:26,medium,True,False,some commits
True,2014-01-18 05:42:55,lengthy,True,False,many commits
True,2014-01-18 19:11:46,lengthy,False,False,1 commit
True,2014-01-19 08:48:57,medium,False,True,some commits
True,2014-01-20 04:56:27,medium,True,False,1 commit
True,2014-01-21 13:47:15,medium,True,False,1 commit
True,2014-01-22 16:31:52,medium,False,True,1 commit
True,2014-01-22 18:40:37,very short,True,False,1 commit
True,2014-01-22 19:17:29,medium,False,False,1 commit
True,2014-01-22 20:37:35,medium,False,False,some commits
True,2014-01-23 08:45:58,very short,False,True,1 commit
False,2014-01-23 21:04:11,lengthy,False,False,many commits
True,2014-01-24 05:30:31,medium,True,False,some commits
True,2014-01-24 06:06:32,very short,True,False,1 commit
False,2014-01-25 17:04:09,short,False,False,1 commit
True,2014-01-27 06:45:12,short,True,False,some commits
True,2014-01-27 17:56:19,lengthy,True,False,some commits
True,2014-01-29 23:59:42,lengthy,True,False,1 commit
True,2014-02-01 03:12:52,medium,True,False,1 commit
True,2014-02-01 04:01:00,short,True,False,1 commit
True,2014-02-01 14:28:31,medium,False,False,1 commit
True,2014-02-02 00:14:38,very short,True,False,1 commit
True,2014-02-02 19:26:52,lengthy,False,True,many commits
True,2014-02-02 20:08:26,medium,False,False,1 commit
True,2014-02-03 23:02:00,medium,True,False,some commits
True,2014-02-04 04:52:02,medium,False,False,1 commit
True,2014-02-06 00:51:07,very short,True,False,1 commit
True,2014-02-06 14:28:36,very short,False,True,1 commit
True,2014-02-09 05:53:41,short,True,False,some commits
True,2014-02-10 16:33:06,very short,True,False,1 commit
True,2014-02-10 20:04:18,medium,True,False,many commits
True,2014-02-12 23:55:10,medium,True,False,1 commit
False,2014-02-13 01:40:04,lengthy,False,True,1 commit
True,2014-02-13 05:53:15,medium,True,False,some commits
True,2014-02-14 14:12:30,very short,False,True,1 commit
False,2014-02-16 22:19:56,medium,False,False,some commits
True,2014-02-17 06:27:18,medium,True,False,some commits
True,2014-02-19 05:46:29,very short,False,False,1 commit
True,2014-02-20 13:32:32,medium,False,True,some commits
True,2014-02-20 20:15:16,short,False,False,1 commit
True,2014-02-21 14:50:33,lengthy,True,False,1 commit
True,2014-02-24 16:05:11,lengthy,True,False,some commits
True,2014-02-24 22:28:14,very short,True,False,1 commit
True,2014-02-25 02:06:04,lengthy,True,False,some commits
True,2014-02-26 03:09:38,lengthy,True,False,some commits
True,2014-02-26 04:21:09,lengthy,True,False,1 commit
True,2014-02-26 19:10:32,very short,False,False,1 commit
True,2014-02-27 02:51:40,lengthy,True,False,1 commit
True,2014-02-28 13:55:12,medium,True,False,1 commit
True,2014-02-28 14:13:21,short,True,False,1 commit
True,2014-02-28 14:21:38,medium,True,False,1 commit
True,2014-02-28 15:18:15,lengthy,False,True,some commits
True,2014-02-28 15:24:42,very short,True,False,1 commit
True,2014-03-03 01:28:34,lengthy,False,True,some commits
True,2014-03-03 01:59:34,very short,True,False,1 commit
True,2014-03-03 19:13:32,medium,False,True,1 commit
False,2014-03-04 00:41:32,lengthy,False,True,some commits
True,2014-03-05 06:50:27,short,False,False,1 commit
True,2014-03-05 12:44:45,short,False,False,1 commit
True,2014-03-07 10:10:48,medium,True,False,1 commit
True,2014-03-07 18:14:24,very short,False,True,1 commit
False,2014-03-10 08:55:18,medium,False,True,1 commit
True,2014-03-10 09:45:10,very short,True,False,1 commit
True,2014-03-10 12:30:45,very short,False,False,1 commit
True,2014-03-12 16:25:41,very short,False,False,1 commit
True,2014-03-14 16:18:43,lengthy,False,False,1 commit
False,2014-03-17 23:45:33,lengthy,True,False,many commits
False,2014-03-18 13:22:59,very short,False,False,1 commit
True,2014-03-18 13:42:47,medium,True,False,1 commit
True,2014-03-20 06:45:40,very short,True,False,some commits
True,2014-03-20 23:23:56,very short,False,True,1 commit
True,2014-03-21 16:31:13,lengthy,False,False,1 commit
True,2014-03-21 18:40:13,lengthy,False,True,some commits
True,2014-03-23 21:17:04,very short,False,False,1 commit
True,2014-03-24 20:00:54,medium,False,True,many commits
True,2014-03-25 06:55:13,medium,True,False,1 commit
True,2014-03-25 12:27:35,lengthy,True,False,1 commit
True,2014-03-27 01:49:50,very short,True,False,some commits
True,2014-03-28 00:52:21,very short,False,False,some commits
True,2014-03-29 06:37:25,medium,True,False,1 commit
True,2014-03-29 16:12:26,very short,False,False,some commits
True,2014-04-02 08:39:16,lengthy,False,False,some commits
True,2014-04-02 13:06:04,lengthy,False,True,many commits
True,2014-04-02 23:19:07,short,True,False,1 commit
True,2014-04-03 01:09:10,very short,True,False,1 commit
True,2014-04-03 02:38:29,lengthy,True,False,some commits
True,2014-04-03 03:26:06,lengthy,True,False,1 commit
False,2014-04-06 10:24:43,very short,False,True,1 commit
True,2014-04-08 20:05:28,lengthy,False,True,many commits
True,2014-04-08 23:15:47,very short,False,True,1 commit
True,2014-04-10 01:05:07,very short,True,False,1 commit
True,2014-04-10 13:27:55,very short,False,True,1 commit
True,2014-04-14 00:00:01,very short,True,False,1 commit
True,2014-04-15 23:51:00,very short,True,False,1 commit
True,2014-04-17 18:28:23,very short,True,False,1 commit
True,2014-04-19 13:48:36,very short,True,False,1 commit
True,2014-04-19 15:27:18,short,True,False,some commits
True,2014-04-19 15:36:17,short,True,False,some commits
True,2014-04-19 21:23:40,medium,False,False,many commits
True,2014-04-20 06:13:23,short,True,False,1 commit
False,2014-04-21 23:28:13,medium,False,True,1 commit
True,2014-04-24 03:12:30,medium,False,True,some commits
True,2014-04-24 13:11:50,lengthy,True,False,some commits
True,2014-04-27 21:42:31,very short,True,False,1 commit
True,2014-04-27 23:34:25,lengthy,True,False,some commits
False,2014-04-28 00:27:40,lengthy,False,True,1 commit
True,2014-04-28 08:13:19,medium,False,True,1 commit
True,2014-05-03 18:04:06,medium,True,False,1 commit
True,2014-05-06 22:51:46,lengthy,False,True,1 commit
False,2014-05-07 14:56:43,very short,False,True,1 commit
True,2014-05-09 11:38:12,lengthy,True,False,1 commit
True,2014-05-09 13:39:07,lengthy,True,False,1 commit
True,2014-05-13 20:14:01,lengthy,False,False,many commits
False,2014-05-16 04:09:52,lengthy,True,False,some commits
True,2014-05-18 10:44:05,lengthy,False,True,some commits
True,2014-05-18 14:33:39,lengthy,False,True,many commits
True,2014-05-19 12:58:16,very short,True,False,1 commit
True,2014-05-19 16:23:52,very short,True,False,1 commit
True,2014-05-19 17:04:37,short,True,False,some commits
True,2014-05-20 00:28:45,medium,False,True,some commits
True,2014-05-21 08:31:08,very short,False,True,1 commit
True,2014-05-21 10:02:04,very short,True,False,some commits
True,2014-05-21 15:31:42,lengthy,False,True,some commits
True,2014-05-22 07:23:58,lengthy,False,True,many commits
True,2014-05-26 13:49:06,very short,False,True,1 commit
True,2014-05-26 19:09:23,lengthy,False,True,many commits
True,2014-05-26 20:20:44,very short,False,False,1 commit
True,2014-05-28 19:44:41,medium,False,False,some commits
True,2014-05-30 23:57:50,lengthy,False,True,some commits
True,2014-05-31 11:32:12,medium,False,False,1 commit
True,2014-06-01 01:13:05,short,True,False,1 commit
True,2014-06-01 02:54:13,very short,True,False,1 commit
True,2014-06-01 07:26:44,very short,True,False,1 commit
True,2014-06-01 21:20:05,medium,True,False,1 commit
True,2014-06-01 23:19:51,very short,True,False,1 commit
True,2014-06-02 15:48:54,very short,False,True,1 commit
True,2014-06-03 15:57:18,very short,True,False,1 commit
True,2014-06-03 19:51:20,medium,False,True,1 commit
True,2014-06-03 19:53:10,very short,False,False,some commits
True,2014-06-03 21:35:03,lengthy,True,False,1 commit
True,2014-06-07 03:48:59,very short,False,True,1 commit
True,2014-06-07 20:32:53,lengthy,True,False,1 commit
True,2014-06-07 20:47:53,short,True,False,1 commit
True,2014-06-07 21:13:24,very short,True,False,1 commit
True,2014-06-08 00:36:15,short,True,False,1 commit
True,2014-06-08 00:37:14,short,True,False,some commits
True,2014-06-08 01:55:21,short,True,False,some commits
True,2014-06-09 14:16:33,very short,True,False,some commits
True,2014-06-10 01:59:36,very short,True,False,some commits
True,2014-06-10 04:06:07,short,True,False,many commits
True,2014-06-19 07:11:14,medium,True,False,1 commit
False,2014-06-20 16:22:22,lengthy,False,True,1 commit
True,2014-06-24 15:04:30,short,False,True,1 commit
True,2014-06-25 17:05:51,short,True,False,many commits
False,2014-06-26 01:20:07,lengthy,False,True,many commits
True,2014-06-26 18:50:46,very short,True,False,1 commit
True,2014-06-26 21:28:58,lengthy,True,False,some commits
True,2014-06-27 00:38:40,lengthy,False,False,1 commit
True,2014-06-27 00:53:39,lengthy,True,False,some commits
True,2014-06-27 11:40:15,very short,True,False,1 commit
True,2014-06-28 02:37:32,short,True,False,1 commit
True,2014-06-28 03:19:57,medium,True,False,1 commit
True,2014-06-28 17:46:29,very short,True,False,1 commit
True,2014-06-28 18:27:15,lengthy,True,False,many commits
True,2014-06-29 19:52:53,lengthy,True,False,some commits
True,2014-06-29 22:39:30,very short,True,False,1 commit
True,2014-06-29 22:49:52,very short,False,True,1 commit
True,2014-07-01 02:54:16,medium,True,False,1 commit
True,2014-07-02 19:58:52,very short,False,False,some commits
True,2014-07-03 17:57:07,very short,False,False,some commits
True,2014-07-04 17:19:50,medium,True,False,some commits
True,2014-07-04 17:29:24,very short,True,False,1 commit
True,2014-07-05 15:00:48,medium,True,False,some commits
True,2014-07-05 16:34:07,very short,False,False,1 commit
True,2014-07-05 18:30:26,medium,False,True,many commits
True,2014-07-06 01:41:49,medium,True,False,some commits
True,2014-07-06 20:49:25,medium,False,True,1 commit
True,2014-07-07 15:08:33,lengthy,False,True,some commits
False,2014-07-07 15:49:03,lengthy,True,False,1 commit
False,2014-07-08 12:51:58,medium,False,True,some commits
True,2014-07-09 15:41:31,short,True,False,1 commit
True,2014-07-11 06:44:14,very short,True,False,1 commit
True,2014-07-11 15:38:27,very short,False,False,1 commit
True,2014-07-11 19:30:54,very short,True,False,some commits
True,2014-07-11 20:10:54,very short,True,False,1 commit
True,2014-07-11 20:30:51,very short,False,False,some commits
True,2014-07-11 20:59:41,short,False,True,1 commit
True,2014-07-11 21:43:20,very short,False,False,1 commit
True,2014-07-11 21:54:53,very short,True,False,1 commit
True,2014-07-11 22:21:06,very short,True,False,some commits
True,2014-07-12 05:04:46,very short,True,False,1 commit
True,2014-07-12 05:12:39,very short,True,False,some commits
True,2014-07-12 05:14:53,very short,True,False,1 commit
True,2014-07-12 05:42:53,very short,True,False,1 commit
True,2014-07-12 14:44:09,very short,True,False,1 commit
True,2014-07-12 15:19:39,medium,False,False,many commits
True,2014-07-12 15:27:11,very short,True,False,many commits
True,2014-07-12 15:35:15,very short,True,False,1 commit
True,2014-07-12 15:57:13,medium,False,False,many commits
True,2014-07-12 18:27:06,very short,True,False,some commits
False,2014-07-12 18:56:08,lengthy,True,False,some commits
True,2014-07-12 19:54:18,very short,True,False,1 commit
True,2014-07-12 21:35:32,very short,True,False,1 commit
False,2014-07-12 22:49:21,lengthy,False,True,1 commit
True,2014-07-13 03:26:10,very short,True,False,some commits
True,2014-07-13 04:22:42,medium,True,False,some commits
True,2014-07-13 19:51:46,very short,True,False,some commits
True,2014-07-13 20:35:25,medium,True,False,some commits
True,2014-07-14 02:06:38,short,True,False,1 commit
True,2014-07-14 06:15:31,short,True,False,1 commit
True,2014-07-14 19:24:43,short,False,False,many commits
False,2014-07-14 23:24:36,very short,False,False,1 commit
True,2014-07-15 19:33:18,very short,True,False,1 commit
True,2014-07-16 16:39:32,very short,True,False,1 commit
True,2014-07-18 02:41:33,very short,True,False,1 commit
True,2014-07-18 04:21:39,very short,True,False,1 commit
True,2014-07-18 12:36:18,medium,True,False,1 commit
True,2014-07-18 18:04:35,lengthy,True,False,1 commit
False,2014-07-22 03:32:44,short,True,False,1 commit
True,2014-07-22 20:23:49,lengthy,False,False,many commits
False,2014-07-23 02:34:34,lengthy,False,False,some commits
True,2014-07-23 12:40:38,lengthy,False,True,1 commit
True,2014-07-23 13:05:45,very short,True,False,1 commit
True,2014-07-24 18:01:35,very short,True,False,1 commit
True,2014-07-25 01:04:07,medium,False,False,many commits
True,2014-07-25 07:39:56,very short,False,False,1 commit
True,2014-07-25 09:37:54,lengthy,False,True,many commits
True,2014-07-25 23:16:08,very short,True,False,1 commit
True,2014-07-26 09:00:22,lengthy,False,False,some commits
True,2014-07-26 17:15:09,very short,True,False,1 commit
True,2014-07-26 20:52:25,very short,False,False,1 commit
True,2014-07-27 01:44:36,lengthy,False,True,1 commit
True,2014-07-28 00:07:20,very short,True,False,1 commit
False,2014-07-28 22:32:03,lengthy,True,False,1 commit
True,2014-07-29 02:29:49,very short,True,False,1 commit
False,2014-07-29 14:59:28,medium,False,True,1 commit
False,2014-07-29 15:36:31,very short,False,False,1 commit
False,2014-07-29 16:28:32,short,True,False,some commits
True,2014-07-29 18:25:44,short,True,False,some commits
True,2014-07-30 14:28:27,very short,False,False,1 commit
True,2014-07-31 06:21:22,very short,True,False,1 commit
True,2014-07-31 20:10:18,lengthy,False,False,1 commit
True,2014-08-01 20:16:01,short,True,False,1 commit
False,2014-08-03 17:23:28,lengthy,False,False,1 commit
True,2014-08-03 17:33:12,medium,True,False,some commits
False,2014-08-06 06:03:24,lengthy,False,False,some commits
True,2014-08-06 15:45:29,very short,True,False,1 commit
False,2014-08-07 02:10:42,lengthy,True,False,some commits
False,2014-08-07 09:33:16,lengthy,False,False,some commits
False,2014-08-08 12:45:26,very short,True,False,1 commit
False,2014-08-09 07:12:13,lengthy,False,True,some commits
True,2014-08-10 10:13:37,very short,False,False,1 commit
False,2014-08-10 10:26:35,very short,False,False,1 commit
False,2014-08-10 18:15:56,very short,False,True,1 commit
True,2014-08-10 23:18:24,medium,True,False,1 commit
True,2014-08-12 09:38:12,medium,True,False,1 commit
False,2014-08-14 23:12:32,lengthy,False,True,some commits
False,2014-08-15 19:10:52,very short,False,True,1 commit
True,2014-08-17 20:07:04,lengthy,False,False,many commits
True,2014-08-18 00:37:27,very short,True,False,1 commit
True,2014-08-18 02:42:28,very short,True,False,1 commit
True,2014-08-19 01:40:57,lengthy,True,False,some commits
False,2014-08-19 17:15:40,very short,False,False,1 commit
False,2014-08-19 18:56:13,lengthy,False,False,some commits
False,2014-08-20 16:05:51,short,False,False,some commits
False,2014-08-20 22:23:29,very short,True,False,some commits
False,2014-08-22 16:54:33,very short,True,False,some commits
False,2014-08-22 19:05:01,very short,True,False,some commits
True,2014-08-22 20:12:19,very short,True,False,some commits
False,2014-08-23 01:26:11,very short,False,False,some commits
False,2014-08-24 02:18:53,lengthy,True,False,1 commit
False,2014-08-25 20:14:41,lengthy,True,False,some commits
True,2014-08-26 11:37:44,very short,True,False,1 commit
True,2014-08-26 13:00:31,lengthy,False,False,1 commit
True,2014-08-26 17:14:42,very short,True,False,1 commit
True,2014-08-27 00:46:27,lengthy,False,False,some commits
True,2014-08-27 16:21:38,lengthy,False,False,many commits
True,2014-08-27 16:48:29,medium,True,False,1 commit
True,2014-08-27 20:57:09,lengthy,False,False,many commits
True,2014-08-28 02:53:13,very short,True,False,1 commit
True,2014-08-28 02:54:29,medium,True,False,1 commit
True,2014-08-28 02:56:08,very short,True,False,1 commit
True,2014-08-28 03:00:32,medium,True,False,1 commit
True,2014-08-28 03:24:00,very short,True,False,1 commit
True,2014-08-28 14:28:16,very short,False,True,1 commit
False,2014-08-29 09:25:03,lengthy,False,False,many commits
False,2014-08-29 15:27:12,medium,False,True,many commits
False,2014-08-29 20:42:43,lengthy,False,False,1 commit
True,2014-08-30 13:23:32,very short,True,False,1 commit
True,2014-08-31 05:33:28,very short,False,True,many commits
True,2014-09-02 08:06:26,lengthy,False,True,1 commit
False,2014-09-02 15:36:25,lengthy,False,True,some commits
True,2014-09-03 00:48:21,very short,True,False,1 commit
True,2014-09-03 01:46:18,very short,False,False,1 commit
True,2014-09-03 02:25:36,very short,True,False,1 commit
True,2014-09-03 08:39:06,lengthy,True,False,many commits
True,2014-09-03 20:51:59,lengthy,True,False,some commits
True,2014-09-04 06:17:37,short,True,False,1 commit
True,2014-09-04 21:52:36,short,False,False,some commits
True,2014-09-05 14:51:56,medium,True,False,1 commit
True,2014-09-06 00:43:55,short,True,False,1 commit
True,2014-09-06 03:46:54,very short,True,False,1 commit
True,2014-09-06 04:12:54,lengthy,True,False,some commits
False,2014-09-06 18:27:25,lengthy,True,False,1 commit
True,2014-09-06 19:48:21,lengthy,True,False,1 commit
True,2014-09-07 17:43:28,lengthy,True,False,many commits
True,2014-09-10 13:09:48,short,True,False,1 commit
True,2014-09-10 13:28:09,lengthy,True,False,1 commit
True,2014-09-11 18:05:25,lengthy,True,False,many commits
True,2014-09-11 22:03:21,very short,True,False,1 commit
True,2014-09-12 02:39:09,lengthy,False,True,many commits
True,2014-09-12 12:40:22,very short,True,False,some commits
True,2014-09-12 15:33:08,medium,True,False,1 commit
True,2014-09-12 19:17:22,very short,True,False,some commits
True,2014-09-12 23:00:38,very short,True,False,some commits
True,2014-09-13 05:11:03,medium,True,False,1 commit
True,2014-09-14 12:25:28,very short,True,False,some commits
True,2014-09-14 16:10:02,lengthy,True,False,some commits
True,2014-09-15 08:54:43,lengthy,False,True,some commits
True,2014-09-16 13:01:51,very short,True,False,some commits
True,2014-09-16 18:29:23,short,True,False,some commits
True,2014-09-16 22:23:49,very short,True,False,1 commit
True,2014-09-17 21:12:56,very short,True,False,1 commit
False,2014-09-18 03:55:36,medium,True,False,1 commit
True,2014-09-18 04:05:40,very short,True,False,1 commit
True,2014-09-18 04:11:43,very short,True,False,1 commit
False,2014-09-18 08:02:52,lengthy,False,False,some commits
False,2014-09-18 14:15:09,medium,True,False,1 commit
False,2014-09-18 20:53:23,short,True,False,1 commit
True,2014-09-19 15:54:02,medium,True,True,1 commit
True,2014-09-19 20:52:21,very short,True,False,1 commit
True,2014-09-20 08:48:03,short,True,False,1 commit
True,2014-09-20 22:07:59,lengthy,False,True,1 commit
True,2014-09-21 08:50:52,lengthy,True,False,many commits
True,2014-09-21 11:08:53,short,True,False,many commits
False,2014-09-22 09:50:19,short,True,False,some commits
False,2014-09-22 20:35:59,lengthy,False,True,some commits
True,2014-09-22 23:29:26,very short,True,False,1 commit
True,2014-09-23 01:29:04,very short,True,False,1 commit
True,2014-09-23 12:03:57,lengthy,False,False,1 commit
True,2014-09-23 18:11:46,very short,True,False,1 commit
False,2014-09-24 12:42:49,medium,True,False,1 commit
False,2014-09-25 04:01:31,lengthy,True,False,many commits
False,2014-09-25 12:53:06,short,True,False,some commits
False,2014-09-25 13:50:26,short,True,False,1 commit
True,2014-09-27 03:10:41,very short,True,False,1 commit
False,2014-09-27 07:42:04,short,False,True,1 commit
True,2014-09-27 16:16:05,very short,False,True,1 commit
True,2014-09-27 16:56:12,short,True,False,some commits
False,2014-09-27 16:59:36,lengthy,False,True,1 commit
False,2014-09-27 17:00:38,lengthy,False,True,many commits
True,2014-09-27 17:23:50,very short,False,False,1 commit
False,2014-09-27 18:04:11,lengthy,False,True,some commits
False,2014-09-27 18:06:02,lengthy,False,True,some commits
False,2014-09-27 18:32:19,very short,False,False,some commits
False,2014-09-27 20:19:51,lengthy,False,True,some commits
False,2014-09-27 21:07:04,lengthy,False,False,1 commit
False,2014-09-29 01:54:00,lengthy,False,False,1 commit
True,2014-09-29 15:03:58,very short,True,False,1 commit
True,2014-09-29 18:33:05,very short,False,False,some commits
True,2014-09-29 20:41:16,very short,True,False,1 commit
True,2014-09-30 01:09:08,lengthy,True,False,some commits
True,2014-10-01 00:24:03,very short,True,False,some commits
False,2014-10-02 06:13:40,very short,False,False,1 commit
True,2014-10-02 16:42:29,very short,True,False,some commits
True,2014-10-02 18:47:16,very short,False,False,1 commit
True,2014-10-03 05:03:28,lengthy,False,True,many commits
True,2014-10-03 11:22:45,short,False,True,1 commit
True,2014-10-04 19:07:05,medium,False,True,1 commit
True,2014-10-07 14:55:16,very short,True,False,1 commit
True,2014-10-07 21:37:50,short,True,False,1 commit
True,2014-10-07 21:41:09,very short,True,False,1 commit
True,2014-10-09 06:05:01,very short,False,True,1 commit
True,2014-10-09 11:37:20,short,True,False,some commits
True,2014-10-10 03:39:30,medium,False,True,some commits
True,2014-10-10 14:35:49,very short,True,False,some commits
True,2014-10-10 14:42:26,lengthy,True,False,some commits
True,2014-10-10 20:01:29,short,True,False,1 commit
True,2014-10-11 04:16:07,lengthy,True,False,1 commit
True,2014-10-11 15:41:14,medium,True,False,some commits
True,2014-10-11 20:30:14,very short,True,False,1 commit
True,2014-10-11 21:17:13,medium,True,False,1 commit
True,2014-10-12 06:13:29,medium,False,True,1 commit
True,2014-10-13 18:55:17,very short,True,False,1 commit
True,2014-10-14 18:12:50,medium,True,False,many commits
True,2014-10-15 15:28:36,lengthy,False,True,1 commit
True,2014-10-15 17:58:13,very short,False,True,1 commit
True,2014-10-16 21:45:29,lengthy,True,False,many commits
False,2014-10-17 15:21:28,lengthy,False,True,many commits
True,2014-10-17 17:28:26,very short,True,False,some commits
True,2014-10-17 18:15:29,very short,False,False,1 commit
True,2014-10-17 20:16:16,very short,True,False,some commits
True,2014-10-17 20:40:14,very short,True,False,some commits
True,2014-10-17 22:30:17,very short,True,False,1 commit
True,2014-10-18 08:10:54,medium,True,False,some commits
True,2014-10-18 17:12:17,short,True,False,1 commit
True,2014-10-18 17:20:04,very short,True,False,1 commit
True,2014-10-18 20:12:56,very short,True,False,some commits
True,2014-10-19 12:16:56,lengthy,False,False,some commits
True,2014-10-19 17:10:21,very short,True,False,1 commit
True,2014-10-19 19:12:19,very short,True,False,1 commit
True,2014-10-20 16:17:05,very short,True,False,1 commit
False,2014-10-20 16:27:58,lengthy,False,False,1 commit
True,2014-10-20 17:49:24,lengthy,True,False,1 commit
True,2014-10-20 19:16:46,short,True,False,some commits
True,2014-10-20 20:57:53,very short,True,False,some commits
True,2014-10-21 01:24:45,very short,True,False,1 commit
True,2014-10-21 07:16:02,lengthy,False,True,1 commit
False,2014-10-21 14:39:54,medium,True,False,some commits
True,2014-10-21 14:59:20,medium,True,False,many commits
True,2014-10-22 04:15:05,very short,True,False,1 commit
True,2014-10-22 13:38:52,lengthy,False,False,some commits
True,2014-10-22 16:33:55,medium,True,False,1 commit
False,2014-10-22 19:08:14,lengthy,False,True,many commits
True,2014-10-22 19:56:47,very short,False,False,1 commit
True,2014-10-23 15:13:52,lengthy,False,True,many commits
False,2014-10-24 20:17:44,lengthy,True,False,1 commit
True,2014-10-25 09:01:56,very short,True,False,1 commit
True,2014-10-25 16:59:29,short,True,False,some commits
True,2014-10-25 20:24:05,very short,True,False,1 commit
True,2014-10-25 21:08:07,very short,True,False,1 commit
True,2014-10-26 04:42:44,very short,True,False,1 commit
True,2014-10-26 08:35:29,very short,True,False,some commits
True,2014-10-26 14:38:03,very short,True,False,some commits
True,2014-10-26 14:54:08,very short,True,False,1 commit
True,2014-10-26 15:25:31,very short,True,False,1 commit
True,2014-10-27 12:42:09,short,False,False,some commits
True,2014-10-28 18:17:11,medium,False,False,many commits
True,2014-10-28 18:25:06,lengthy,False,True,many commits
True,2014-10-28 19:34:03,lengthy,True,False,many commits
True,2014-10-29 19:58:11,short,True,False,some commits
True,2014-10-31 14:09:43,short,False,False,1 commit
True,2014-10-31 18:27:32,short,True,False,1 commit
False,2014-11-01 14:28:39,very short,False,True,1 commit
True,2014-11-01 15:18:51,very short,False,False,some commits
True,2014-11-01 17:09:39,very short,False,False,some commits
True,2014-11-02 14:20:03,short,False,False,some commits
True,2014-11-03 19:40:01,very short,True,False,1 commit
True,2014-11-04 21:19:02,very short,True,False,some commits
False,2014-11-05 09:33:05,lengthy,False,False,1 commit
True,2014-11-05 21:27:27,very short,False,False,1 commit
False,2014-11-06 03:57:46,lengthy,True,False,1 commit
True,2014-11-07 13:31:45,medium,True,False,1 commit
True,2014-11-09 02:30:31,very short,False,True,1 commit
True,2014-11-09 10:49:17,short,True,False,some commits
True,2014-11-09 13:59:14,lengthy,False,False,many commits
True,2014-11-09 17:56:31,lengthy,True,False,some commits
True,2014-11-09 18:45:49,medium,True,False,many commits
True,2014-11-10 20:36:02,very short,True,False,many commits
True,2014-11-10 21:15:21,very short,True,False,1 commit
True,2014-11-11 00:01:03,very short,True,False,some commits
True,2014-11-11 13:32:23,very short,True,False,1 commit
False,2014-11-11 19:31:55,lengthy,True,False,some commits
True,2014-11-12 09:24:49,very short,True,False,1 commit
True,2014-11-12 21:28:22,very short,False,False,1 commit
True,2014-11-13 00:20:50,lengthy,False,True,many commits
True,2014-11-13 09:13:39,very short,True,False,1 commit
True,2014-11-13 22:22:10,lengthy,False,True,some commits
True,2014-11-13 23:42:24,very short,True,False,1 commit
True,2014-11-14 01:01:11,lengthy,True,False,many commits
True,2014-11-14 14:59:12,very short,True,False,1 commit
False,2014-11-15 02:58:19,lengthy,True,False,1 commit
True,2014-11-15 05:18:05,very short,True,False,some commits
True,2014-11-15 18:58:18,very short,True,False,some commits
True,2014-11-16 18:30:57,very short,True,False,some commits
True,2014-11-16 19:19:01,very short,True,False,some commits
True,2014-11-17 10:20:00,very short,True,False,1 commit
True,2014-11-17 18:10:04,very short,True,False,some commits
True,2014-11-17 18:22:30,very short,True,False,1 commit
True,2014-11-17 18:50:17,very short,True,False,1 commit
True,2014-11-18 16:25:46,short,True,False,some commits
True,2014-11-18 21:12:20,very short,True,False,some commits
True,2014-11-21 15:42:25,very short,True,False,1 commit
True,2014-11-21 16:30:36,lengthy,True,False,1 commit
False,2014-11-21 17:00:32,lengthy,False,True,many commits
True,2014-11-21 20:43:05,very short,True,False,1 commit
True,2014-11-22 10:10:58,lengthy,True,False,many commits
True,2014-11-22 17:15:22,very short,True,False,1 commit
True,2014-11-23 01:56:21,lengthy,True,False,some commits
True,2014-11-23 05:40:17,lengthy,True,False,some commits
True,2014-11-23 13:25:34,lengthy,True,False,some commits
True,2014-11-23 20:38:11,very short,True,False,1 commit
False,2014-11-24 16:11:03,lengthy,True,False,many commits
True,2014-11-25 21:00:43,very short,True,True,1 commit
True,2014-11-26 02:10:40,very short,False,True,1 commit
True,2014-11-26 13:29:23,lengthy,True,False,1 commit
False,2014-11-26 17:42:43,lengthy,False,True,many commits
True,2014-11-26 19:54:27,medium,True,False,1 commit
True,2014-11-26 20:48:51,medium,False,False,some commits
True,2014-11-26 20:54:36,very short,True,False,1 commit
True,2014-11-26 22:24:10,medium,False,True,some commits
True,2014-11-26 22:31:37,very short,True,False,1 commit
False,2014-11-27 16:31:23,lengthy,True,False,many commits
False,2014-11-28 15:27:58,lengthy,True,False,1 commit
True,2014-11-29 15:52:03,very short,False,False,some commits
True,2014-11-29 16:50:19,medium,False,False,many commits
True,2014-11-30 19:19:52,lengthy,True,False,1 commit
True,2014-12-01 19:18:17,short,True,False,some commits
True,2014-12-01 19:32:43,short,True,False,some commits
True,2014-12-02 21:42:32,lengthy,True,False,1 commit
True,2014-12-03 11:01:55,very short,False,True,1 commit
True,2014-12-03 11:31:06,very short,False,True,1 commit
True,2014-12-03 11:36:51,very short,False,True,1 commit
True,2014-12-03 12:23:29,medium,False,False,some commits
True,2014-12-03 17:35:36,very short,True,False,1 commit
True,2014-12-04 03:58:09,lengthy,True,False,some commits
True,2014-12-04 09:33:28,very short,True,False,1 commit
True,2014-12-04 16:43:41,very short,False,True,1 commit
True,2014-12-04 21:31:50,medium,True,False,1 commit
True,2014-12-10 00:47:38,lengthy,False,False,1 commit
False,2014-12-12 02:48:08,lengthy,False,True,some commits
True,2014-12-12 19:25:58,lengthy,False,False,some commits
True,2014-12-15 22:24:23,very short,False,True,1 commit
True,2014-12-16 13:08:02,medium,False,False,some commits
True,2014-12-17 01:23:48,medium,False,False,1 commit
True,2014-12-18 16:44:51,very short,False,False,1 commit
True,2014-12-20 00:54:00,medium,False,True,1 commit
True,2014-12-20 03:27:34,lengthy,True,False,many commits
False,2014-12-21 14:00:37,lengthy,False,True,some commits
True,2014-12-22 16:30:47,lengthy,True,False,some commits
True,2014-12-22 22:03:10,short,True,False,1 commit
True,2014-12-23 15:21:29,medium,True,False,1 commit
True,2014-12-23 15:22:45,medium,True,False,many commits
True,2014-12-25 00:09:00,lengthy,False,True,many commits
True,2014-12-27 06:14:25,lengthy,False,False,some commits
True,2014-12-27 20:05:34,short,True,False,many commits
True,2014-12-28 01:48:59,very short,True,False,some commits
True,2014-12-28 02:28:41,short,True,False,some commits
True,2014-12-28 16:24:33,very short,True,False,some commits
True,2014-12-28 22:28:06,short,True,False,some commits
True,2014-12-30 01:25:56,lengthy,False,True,many commits
True,2014-12-30 11:11:53,short,True,False,many commits
True,2015-01-01 18:19:39,lengthy,False,False,1 commit
False,2015-01-03 23:36:52,lengthy,False,True,1 commit
True,2015-01-04 03:05:33,medium,True,False,many commits
True,2015-01-04 22:24:00,very short,True,False,1 commit
True,2015-01-04 22:53:30,medium,True,False,many commits
True,2015-01-06 01:18:47,very short,True,False,1 commit
True,2015-01-06 01:30:44,very short,True,False,1 commit
True,2015-01-06 01:43:29,short,False,True,some commits
True,2015-01-07 03:50:27,lengthy,False,False,some commits
True,2015-01-07 03:56:35,medium,True,False,many commits
True,2015-01-07 04:02:03,lengthy,False,False,1 commit
False,2015-01-07 04:25:36,lengthy,True,False,1 commit
True,2015-01-07 16:39:14,very short,True,False,some commits
True,2015-01-08 02:42:45,very short,True,False,some commits
True,2015-01-08 16:37:47,very short,True,False,some commits
True,2015-01-09 03:10:35,lengthy,True,False,some commits
True,2015-01-09 04:16:56,short,True,False,1 commit
True,2015-01-09 04:18:16,lengthy,True,False,many commits
True,2015-01-10 23:45:22,lengthy,True,False,many commits
True,2015-01-11 20:56:50,very short,True,False,1 commit
True,2015-01-12 20:27:28,lengthy,False,True,some commits
True,2015-01-13 13:02:17,medium,False,True,1 commit
True,2015-01-14 23:58:16,very short,False,False,some commits
True,2015-01-15 16:56:00,very short,False,True,some commits
True,2015-01-15 18:20:28,very short,True,False,some commits
True,2015-01-17 05:11:10,lengthy,True,False,1 commit
True,2015-01-18 21:59:01,very short,False,True,1 commit
True,2015-01-19 17:22:15,lengthy,True,False,many commits
True,2015-01-19 23:52:32,lengthy,True,False,1 commit
True,2015-01-20 00:03:20,lengthy,True,False,1 commit
False,2015-01-20 16:16:26,medium,False,True,1 commit
True,2015-01-21 09:28:47,short,False,True,some commits
False,2015-01-21 12:44:28,lengthy,False,True,many commits
True,2015-01-23 03:50:01,medium,True,False,many commits
True,2015-01-23 19:47:50,lengthy,True,False,some commits
True,2015-01-23 20:13:49,medium,True,False,1 commit
True,2015-01-24 03:39:01,short,True,False,1 commit
True,2015-01-24 21:56:09,short,False,False,1 commit
True,2015-01-25 22:07:51,medium,False,True,some commits
True,2015-01-26 16:54:41,short,True,False,some commits
True,2015-01-28 09:24:06,medium,True,False,1 commit
True,2015-01-28 21:28:03,very short,False,True,some commits
True,2015-01-29 17:19:38,short,True,False,many commits
True,2015-01-29 17:49:07,short,True,False,1 commit
True,2015-01-29 18:02:35,very short,False,False,some commits
True,2015-01-30 22:46:15,very short,True,False,1 commit
True,2015-01-31 14:29:21,very short,True,False,1 commit
True,2015-02-01 22:42:36,very short,True,False,1 commit
True,2015-02-02 03:58:51,lengthy,False,False,many commits
False,2015-02-02 19:52:04,lengthy,True,False,1 commit
False,2015-02-06 15:26:43,lengthy,False,True,1 commit
True,2015-02-07 15:06:56,lengthy,False,False,1 commit
True,2015-02-08 01:50:05,lengthy,True,False,some commits
True,2015-02-08 03:08:02,very short,True,False,many commits
False,2015-02-08 07:35:39,lengthy,True,False,some commits
True,2015-02-08 22:37:16,lengthy,False,True,1 commit
True,2015-02-09 01:17:56,very short,True,False,some commits
True,2015-02-09 19:34:57,short,True,False,some commits
False,2015-02-09 20:10:35,lengthy,True,False,1 commit
True,2015-02-09 20:24:28,short,True,False,1 commit
True,2015-02-10 06:05:19,lengthy,True,False,many commits
True,2015-02-10 15:59:24,medium,False,True,1 commit
False,2015-02-10 21:19:32,lengthy,False,True,many commits
True,2015-02-13 09:49:37,very short,False,True,1 commit
True,2015-02-13 21:42:38,short,False,True,many commits
True,2015-02-15 15:00:30,very short,True,False,some commits
True,2015-02-15 15:38:42,very short,True,False,1 commit
False,2015-02-16 00:38:47,lengthy,False,False,some commits
True,2015-02-16 03:23:28,very short,True,False,some commits
True,2015-02-16 08:11:02,very short,True,False,1 commit
True,2015-02-16 15:10:22,very short,True,False,1 commit
False,2015-02-17 01:24:25,lengthy,True,False,1 commit
True,2015-02-17 01:25:21,medium,True,False,1 commit
True,2015-02-17 21:14:44,very short,True,False,1 commit
True,2015-02-17 22:29:45,lengthy,False,True,many commits
True,2015-02-18 03:00:57,very short,False,False,1 commit
True,2015-02-18 14:50:43,very short,False,False,some commits
False,2015-02-18 20:41:43,very short,False,True,1 commit
True,2015-02-19 02:36:18,lengthy,True,False,some commits
True,2015-02-19 03:03:20,very short,True,False,1 commit
True,2015-02-20 06:04:40,lengthy,True,False,many commits
False,2015-02-20 21:48:58,lengthy,False,True,many commits
True,2015-02-21 04:50:31,short,False,False,1 commit
True,2015-02-21 20:09:46,very short,False,True,1 commit
False,2015-02-22 00:40:12,lengthy,False,False,many commits
True,2015-02-22 02:18:14,very short,True,False,1 commit
False,2015-02-23 02:56:22,medium,False,True,some commits
True,2015-02-23 21:43:43,short,True,False,some commits
True,2015-02-24 02:29:23,medium,False,True,some commits
True,2015-02-24 21:59:16,very short,False,False,1 commit
True,2015-02-25 00:42:46,lengthy,True,False,1 commit
True,2015-02-25 04:52:12,medium,True,False,many commits
True,2015-02-25 09:11:28,very short,True,False,1 commit
True,2015-02-25 10:11:31,medium,True,False,1 commit
True,2015-02-25 17:15:26,lengthy,True,False,1 commit
True,2015-02-25 17:33:38,very short,False,True,1 commit
True,2015-02-25 17:48:49,medium,False,False,1 commit
True,2015-02-25 17:57:33,short,False,False,1 commit
True,2015-02-26 20:20:24,very short,True,False,1 commit
True,2015-02-26 22:17:32,medium,False,False,1 commit
True,2015-02-26 22:33:34,very short,False,True,many commits
True,2015-02-27 17:58:54,very short,False,True,some commits
False,2015-02-28 02:29:26,very short,False,True,1 commit
True,2015-02-28 08:32:10,very short,True,False,some commits
True,2015-03-01 01:24:33,very short,True,False,1 commit
True,2015-03-01 08:07:29,lengthy,True,False,many commits
True,2015-03-02 20:28:24,lengthy,True,False,1 commit
True,2015-03-03 19:04:52,very short,True,False,1 commit
False,2015-03-04 10:31:42,lengthy,False,False,1 commit
False,2015-03-04 12:11:12,lengthy,False,False,1 commit
True,2015-03-04 16:13:48,very short,False,False,1 commit
True,2015-03-04 17:12:53,very short,True,False,1 commit
True,2015-03-04 21:49:10,medium,False,True,some commits
True,2015-03-05 01:41:42,lengthy,True,False,some commits
True,2015-03-06 15:30:59,lengthy,True,False,some commits
True,2015-03-07 23:17:36,very short,True,False,1 commit
True,2015-03-08 04:07:01,short,False,True,1 commit
True,2015-03-08 05:04:18,very short,True,False,1 commit
True,2015-03-09 06:52:34,very short,True,False,1 commit
True,2015-03-09 16:46:13,very short,True,False,1 commit
True,2015-03-09 23:36:56,lengthy,False,True,1 commit
True,2015-03-10 02:08:19,very short,True,False,1 commit
True,2015-03-13 15:19:03,lengthy,False,True,some commits
True,2015-03-14 16:07:46,short,False,True,some commits
True,2015-03-14 16:16:40,short,True,True,1 commit
True,2015-03-15 00:37:18,short,False,False,many commits
True,2015-03-15 23:20:50,very short,True,False,some commits
True,2015-03-15 23:29:09,lengthy,False,True,some commits
True,2015-03-16 03:05:14,very short,False,True,1 commit
True,2015-03-16 04:53:14,lengthy,True,False,1 commit
True,2015-03-16 06:44:49,very short,True,False,1 commit
True,2015-03-16 15:58:33,very short,True,False,some commits
False,2015-03-16 16:25:53,very short,False,True,many commits
True,2015-03-16 20:29:34,very short,True,False,some commits
True,2015-03-16 21:40:53,very short,False,False,1 commit
False,2015-03-17 09:42:00,lengthy,False,False,some commits
True,2015-03-17 09:52:06,short,False,False,1 commit
True,2015-03-18 03:39:24,very short,True,False,some commits
False,2015-03-18 10:13:11,lengthy,True,False,some commits
False,2015-03-18 11:27:49,lengthy,False,False,1 commit
True,2015-03-18 16:51:39,very short,True,False,1 commit
True,2015-03-19 14:08:25,very short,True,False,1 commit
True,2015-03-19 21:05:33,medium,True,False,some commits
True,2015-03-20 00:14:10,short,True,False,1 commit
True,2015-03-20 20:16:53,very short,False,False,1 commit
False,2015-03-21 04:36:30,lengthy,False,True,some commits
True,2015-03-21 14:45:29,lengthy,False,True,many commits
True,2015-03-21 21:27:53,lengthy,False,False,some commits
True,2015-03-22 02:24:38,lengthy,False,True,many commits
True,2015-03-22 17:38:44,very short,False,True,1 commit
True,2015-03-22 19:57:06,very short,False,False,some commits
True,2015-03-23 03:30:58,short,False,True,some commits
True,2015-03-23 03:52:43,lengthy,True,False,1 commit
True,2015-03-23 08:25:01,lengthy,False,False,1 commit
True,2015-03-23 09:42:14,very short,True,False,1 commit
False,2015-03-23 20:04:13,very short,False,True,1 commit
False,2015-03-23 21:09:01,very short,False,True,1 commit
False,2015-03-24 01:02:15,lengthy,False,True,some commits
True,2015-03-25 12:53:42,lengthy,True,False,some commits
True,2015-03-25 16:34:38,very short,False,False,1 commit
True,2015-03-27 18:06:10,lengthy,False,True,some commits
False,2015-03-28 04:00:48,lengthy,True,False,some commits
True,2015-03-28 21:57:39,medium,False,True,1 commit
True,2015-03-30 11:21:26,lengthy,True,False,some commits
True,2015-03-31 16:00:05,very short,True,False,some commits
False,2015-03-31 19:37:00,very short,True,False,1 commit
True,2015-04-01 16:11:44,short,False,True,1 commit
True,2015-04-02 10:30:26,very short,True,False,1 commit
True,2015-04-03 12:07:06,very short,False,True,1 commit
True,2015-04-04 21:29:32,lengthy,False,True,many commits
True,2015-04-05 02:06:45,lengthy,True,False,some commits
True,2015-04-05 10:29:47,medium,True,False,some commits
True,2015-04-05 23:25:11,lengthy,False,False,many commits
True,2015-04-06 02:11:58,medium,False,False,some commits
True,2015-04-07 08:16:33,medium,False,True,some commits
True,2015-04-10 22:12:06,short,True,False,some commits
True,2015-04-12 02:11:56,very short,True,False,some commits
True,2015-04-12 19:45:42,lengthy,False,False,1 commit
True,2015-04-12 23:45:49,very short,True,True,1 commit
False,2015-04-15 05:44:39,lengthy,False,False,many commits
True,2015-04-15 20:28:06,lengthy,False,True,many commits
True,2015-04-16 02:10:31,medium,False,True,many commits
True,2015-04-16 19:02:30,medium,True,False,1 commit
True,2015-04-17 11:56:21,very short,False,True,1 commit
True,2015-04-17 17:46:44,very short,True,False,1 commit
True,2015-04-18 21:10:00,lengthy,False,True,1 commit
True,2015-04-19 02:01:04,very short,False,False,1 commit
True,2015-04-19 03:59:10,very short,True,False,1 commit
True,2015-04-19 19:05:20,lengthy,True,False,many commits
True,2015-04-19 21:16:40,short,False,False,1 commit
True,2015-04-20 00:32:56,very short,False,False,1 commit
True,2015-04-20 00:56:03,lengthy,True,False,1 commit
True,2015-04-20 16:50:46,very short,False,False,1 commit
True,2015-04-20 17:57:12,very short,False,True,1 commit
True,2015-04-22 05:26:59,lengthy,True,False,many commits
True,2015-04-22 23:34:04,short,False,True,1 commit
True,2015-04-24 14:55:30,lengthy,False,False,1 commit
True,2015-04-26 03:59:10,very short,True,False,some commits
False,2015-04-27 06:06:21,lengthy,False,False,many commits
True,2015-04-28 04:23:56,short,True,False,1 commit
True,2015-05-01 00:24:09,lengthy,False,True,1 commit
True,2015-05-02 15:36:27,very short,True,False,some commits
True,2015-05-03 03:45:43,very short,True,False,1 commit
True,2015-05-03 09:41:10,medium,True,False,some commits
True,2015-05-04 20:44:44,medium,True,False,some commits
True,2015-05-05 19:10:21,lengthy,True,False,some commits
True,2015-05-06 12:22:06,medium,True,False,some commits
True,2015-05-12 02:34:47,lengthy,False,True,many commits
True,2015-05-13 02:18:27,very short,True,False,some commits
True,2015-05-13 03:04:46,very short,True,False,1 commit
True,2015-05-14 03:37:41,lengthy,True,False,1 commit
True,2015-05-14 04:06:23,very short,True,False,1 commit
False,2015-05-15 08:35:10,lengthy,False,True,some commits
True,2015-05-15 20:26:16,lengthy,True,False,many commits
True,2015-05-17 00:24:44,medium,False,False,1 commit
True,2015-05-17 09:36:53,very short,True,False,1 commit
True,2015-05-17 20:33:21,very short,False,True,1 commit
True,2015-05-18 06:00:26,very short,False,False,some commits
True,2015-05-20 05:12:21,lengthy,False,False,some commits
True,2015-05-21 01:09:29,lengthy,False,True,some commits
True,2015-05-21 09:36:42,lengthy,True,False,some commits
True,2015-05-22 12:18:55,very short,False,False,some commits
True,2015-05-22 15:34:17,lengthy,True,False,many commits
True,2015-05-23 08:26:59,very short,True,False,1 commit
True,2015-05-23 20:07:43,very short,False,False,1 commit
True,2015-05-25 02:40:05,short,True,False,1 commit
False,2015-05-25 08:56:52,lengthy,False,True,1 commit
True,2015-05-25 21:46:05,very short,False,False,1 commit
True,2015-05-26 03:50:12,lengthy,True,False,some commits
True,2015-05-26 09:57:17,lengthy,False,True,some commits
True,2015-05-26 19:24:56,lengthy,True,False,1 commit
True,2015-05-27 11:04:40,very short,False,False,some commits
True,2015-05-27 20:52:02,lengthy,True,False,1 commit
True,2015-05-29 09:30:45,very short,True,False,1 commit
True,2015-05-29 18:46:32,lengthy,False,False,many commits
False,2015-05-29 22:25:18,lengthy,False,False,some commits
True,2015-06-02 02:29:49,lengthy,True,False,many commits
True,2015-06-04 16:34:58,very short,False,True,1 commit
True,2015-06-06 11:59:59,very short,True,False,1 commit
True,2015-06-07 03:59:17,lengthy,True,True,many commits
True,2015-06-07 21:57:54,lengthy,False,False,1 commit
True,2015-06-08 02:54:57,lengthy,True,False,many commits
True,2015-06-08 07:18:52,very short,False,True,1 commit
True,2015-06-08 13:29:55,lengthy,True,False,many commits
True,2015-06-08 18:40:25,very short,False,True,some commits
False,2015-06-08 19:19:33,lengthy,False,True,some commits
True,2015-06-09 16:04:45,very short,True,False,1 commit
False,2015-06-12 11:33:10,lengthy,False,True,some commits
True,2015-06-12 22:57:25,short,False,True,1 commit
True,2015-06-14 08:45:01,very short,True,False,some commits
True,2015-06-14 20:11:48,very short,True,False,1 commit
True,2015-06-15 14:45:50,medium,True,False,1 commit
True,2015-06-15 19:03:28,short,True,False,1 commit
True,2015-06-16 12:40:02,medium,True,False,many commits
False,2015-06-17 21:04:21,lengthy,True,False,1 commit
True,2015-06-19 16:24:03,very short,False,True,1 commit
True,2015-06-19 19:44:59,lengthy,True,False,1 commit
True,2015-06-21 17:36:27,lengthy,True,False,1 commit
True,2015-06-21 19:26:34,very short,True,False,1 commit
True,2015-06-23 18:12:15,medium,False,True,1 commit
True,2015-06-24 19:06:08,short,True,False,many commits
True,2015-06-26 00:15:28,very short,False,False,some commits
False,2015-06-26 12:56:46,lengthy,False,False,some commits
True,2015-06-27 22:42:37,medium,False,False,many commits
True,2015-06-28 04:28:05,medium,True,False,1 commit
True,2015-06-30 02:54:54,very short,True,False,1 commit
True,2015-06-30 17:17:53,very short,False,False,1 commit
True,2015-07-01 02:13:06,very short,True,False,1 commit
True,2015-07-02 15:47:17,very short,False,True,1 commit
True,2015-07-04 17:00:50,medium,True,False,some commits
True,2015-07-05 19:53:55,short,False,False,1 commit
True,2015-07-06 10:33:01,very short,False,True,some commits
True,2015-07-06 17:54:48,medium,False,False,1 commit
True,2015-07-06 19:41:26,very short,True,False,some commits
True,2015-07-07 01:10:51,very short,False,False,1 commit
True,2015-07-08 01:35:28,very short,True,False,1 commit
True,2015-07-08 13:07:18,very short,True,False,some commits
True,2015-07-08 15:27:34,lengthy,True,False,many commits
True,2015-07-09 03:13:03,short,False,False,some commits
True,2015-07-09 19:35:01,very short,True,False,1 commit
True,2015-07-09 20:03:50,short,False,False,some commits
True,2015-07-10 04:58:23,lengthy,True,False,some commits
True,2015-07-10 16:50:30,very short,True,False,1 commit
True,2015-07-10 18:29:51,very short,False,True,1 commit
False,2015-07-10 18:34:49,lengthy,True,False,1 commit
True,2015-07-11 09:22:24,lengthy,False,True,1 commit
True,2015-07-11 15:58:33,very short,False,True,1 commit
True,2015-07-11 16:03:42,very short,False,False,some commits
True,2015-07-11 16:14:31,very short,False,False,some commits
True,2015-07-11 16:46:24,very short,False,True,1 commit
True,2015-07-11 16:48:27,very short,False,False,some commits
True,2015-07-11 16:56:46,medium,False,False,some commits
True,2015-07-11 17:02:23,very short,False,False,some commits
True,2015-07-11 17:07:31,very short,False,False,some commits
True,2015-07-11 17:10:57,very short,False,False,1 commit
True,2015-07-11 17:17:33,very short,False,False,some commits
False,2015-07-11 17:25:42,lengthy,False,True,some commits
True,2015-07-11 17:30:36,very short,False,False,1 commit
True,2015-07-11 17:38:14,very short,False,False,some commits
True,2015-07-11 17:44:25,very short,False,False,some commits
True,2015-07-11 19:00:24,very short,False,False,some commits
True,2015-07-11 19:15:31,very short,False,False,some commits
True,2015-07-11 19:19:07,very short,False,False,some commits
True,2015-07-11 19:25:09,very short,False,False,some commits
True,2015-07-11 19:29:59,medium,False,False,some commits
True,2015-07-11 19:32:01,very short,True,False,some commits
True,2015-07-11 19:34:38,very short,False,False,some commits
True,2015-07-11 19:43:06,very short,False,False,1 commit
True,2015-07-11 19:48:04,very short,False,False,some commits
True,2015-07-11 19:50:29,very short,False,False,some commits
True,2015-07-11 19:54:46,very short,False,False,some commits
True,2015-07-11 19:54:59,very short,False,False,1 commit
True,2015-07-11 20:03:31,medium,False,False,some commits
True,2015-07-11 20:04:34,very short,False,False,some commits
True,2015-07-11 20:10:48,very short,False,False,some commits
True,2015-07-11 20:14:29,medium,False,False,some commits
False,2015-07-11 20:18:51,lengthy,False,False,some commits
True,2015-07-11 20:21:02,very short,False,False,many commits
True,2015-07-11 20:25:22,medium,False,False,some commits
False,2015-07-11 20:33:56,lengthy,False,False,some commits
True,2015-07-11 20:34:45,very short,True,False,1 commit
True,2015-07-11 20:38:16,medium,False,False,some commits
True,2015-07-11 20:43:01,medium,False,False,some commits
True,2015-07-11 20:49:16,very short,True,False,1 commit
False,2015-07-11 21:21:22,lengthy,True,False,many commits
True,2015-07-11 21:26:15,very short,True,False,1 commit
True,2015-07-11 21:58:00,short,True,False,many commits
True,2015-07-12 05:05:03,lengthy,True,False,many commits
False,2015-07-13 02:34:12,lengthy,False,True,some commits
True,2015-07-13 04:28:59,short,False,False,some commits
True,2015-07-13 04:57:19,lengthy,True,False,many commits
False,2015-07-13 23:59:49,lengthy,False,False,1 commit
True,2015-07-14 00:40:09,very short,False,False,1 commit
True,2015-07-14 00:43:06,short,False,False,some commits
True,2015-07-14 00:45:44,short,False,False,some commits
True,2015-07-14 01:05:01,very short,False,False,many commits
True,2015-07-14 02:26:31,lengthy,True,False,many commits
True,2015-07-14 02:46:02,very short,True,False,some commits
False,2015-07-14 02:51:32,lengthy,True,False,1 commit
True,2015-07-14 07:23:17,lengthy,False,True,some commits
False,2015-07-14 15:14:26,very short,True,False,1 commit
False,2015-07-14 21:56:56,lengthy,False,True,1 commit
True,2015-07-15 03:26:17,very short,True,False,some commits
True,2015-07-15 09:27:09,lengthy,False,False,many commits
True,2015-07-15 16:13:38,very short,False,False,1 commit
False,2015-07-15 19:08:24,lengthy,False,True,some commits
True,2015-07-15 22:14:00,medium,True,False,some commits
True,2015-07-16 00:13:19,very short,True,False,1 commit
True,2015-07-16 02:56:13,very short,True,False,some commits
True,2015-07-16 02:56:18,very short,True,False,some commits
True,2015-07-16 04:42:12,very short,True,False,1 commit
True,2015-07-16 12:34:28,very short,False,True,some commits
True,2015-07-16 21:03:24,very short,True,False,1 commit
True,2015-07-16 21:09:23,medium,False,False,many commits
True,2015-07-16 21:35:31,medium,True,False,1 commit
True,2015-07-17 02:04:22,lengthy,False,False,many commits
True,2015-07-17 02:26:43,very short,True,False,1 commit
True,2015-07-17 02:54:07,very short,True,False,1 commit
True,2015-07-17 03:37:40,very short,True,False,some commits
True,2015-07-17 04:26:20,short,True,False,1 commit
True,2015-07-17 04:52:34,medium,True,False,1 commit
False,2015-07-17 05:44:20,lengthy,False,False,many commits
False,2015-07-17 07:02:11,lengthy,False,False,1 commit
True,2015-07-17 09:47:14,very short,True,False,1 commit
True,2015-07-17 12:22:06,medium,True,False,1 commit
True,2015-07-17 16:40:02,short,False,False,some commits
True,2015-07-18 01:31:23,lengthy,True,False,many commits
True,2015-07-18 06:55:01,very short,True,False,1 commit
True,2015-07-19 08:22:54,lengthy,False,False,1 commit
True,2015-07-19 21:47:31,very short,False,False,1 commit
True,2015-07-21 21:51:05,very short,True,False,1 commit
True,2015-07-22 16:35:17,very short,True,False,1 commit
False,2015-07-23 04:00:03,lengthy,True,True,many commits
True,2015-07-23 09:53:47,very short,True,False,1 commit
True,2015-07-23 13:53:34,very short,True,False,1 commit
True,2015-07-23 15:21:25,very short,True,False,some commits
True,2015-07-23 20:06:44,medium,False,True,1 commit
True,2015-07-24 00:42:33,very short,False,False,1 commit
True,2015-07-24 00:51:04,very short,False,False,some commits
True,2015-07-24 05:47:32,very short,True,False,1 commit
True,2015-07-24 23:16:40,short,True,False,many commits
True,2015-07-25 19:20:15,very short,True,False,1 commit
True,2015-07-26 00:55:31,short,True,False,1 commit
True,2015-07-26 08:02:00,lengthy,True,False,some commits
True,2015-07-27 12:43:08,very short,True,False,1 commit
True,2015-07-27 21:11:39,medium,True,False,some commits
True,2015-07-27 21:16:35,short,True,False,1 commit
True,2015-07-28 03:31:36,lengthy,True,False,some commits
True,2015-07-28 04:40:49,very short,True,False,1 commit
True,2015-07-28 09:09:33,very short,False,False,some commits
True,2015-07-28 13:16:25,lengthy,False,True,1 commit
False,2015-07-28 16:48:01,lengthy,False,True,1 commit
False,2015-07-28 17:45:07,lengthy,True,False,some commits
True,2015-07-28 18:30:53,very short,False,False,some commits
True,2015-07-28 21:38:01,short,True,False,some commits
True,2015-07-29 03:35:21,lengthy,True,True,1 commit
True,2015-07-29 12:43:49,short,False,False,some commits
True,2015-07-29 12:49:44,short,False,False,some commits
True,2015-07-29 12:56:04,short,False,False,some commits
True,2015-07-29 18:11:23,very short,False,False,some commits
True,2015-07-29 19:03:44,lengthy,True,False,many commits
True,2015-07-30 10:37:02,medium,False,True,some commits
True,2015-07-30 13:23:15,very short,True,False,1 commit
True,2015-07-30 13:33:02,very short,False,False,some commits
True,2015-07-30 18:28:57,lengthy,False,False,many commits
True,2015-07-30 19:21:58,very short,False,False,1 commit
True,2015-07-30 19:32:17,very short,False,False,some commits
True,2015-07-30 19:39:35,very short,False,False,1 commit
True,2015-07-30 20:17:24,medium,False,False,many commits
True,2015-07-31 23:00:02,medium,True,False,some commits
True,2015-08-01 02:07:46,medium,False,True,some commits
True,2015-08-01 02:49:01,medium,False,False,some commits
True,2015-08-01 02:53:49,medium,False,False,many commits
True,2015-08-01 03:02:50,short,False,False,many commits
True,2015-08-02 19:05:53,very short,True,False,many commits
True,2015-08-03 16:41:54,lengthy,False,False,1 commit
True,2015-08-04 11:31:53,very short,False,True,some commits
True,2015-08-04 14:16:02,very short,False,False,some commits
True,2015-08-04 18:20:22,lengthy,False,True,many commits
True,2015-08-04 19:51:53,lengthy,False,True,many commits
True,2015-08-05 21:22:29,very short,False,False,1 commit
False,2015-08-05 21:24:32,very short,False,False,some commits
True,2015-08-06 00:32:52,very short,False,False,1 commit
True,2015-08-06 16:44:33,lengthy,False,False,many commits
True,2015-08-06 20:46:57,lengthy,False,False,many commits
True,2015-08-06 21:45:15,medium,True,False,1 commit
True,2015-08-07 02:39:17,short,True,False,1 commit
True,2015-08-07 04:11:53,medium,True,False,many commits
True,2015-08-07 15:20:06,very short,False,False,1 commit
True,2015-08-07 15:23:44,very short,False,False,1 commit
True,2015-08-07 17:05:09,medium,False,False,some commits
True,2015-08-07 17:07:11,medium,False,False,some commits
True,2015-08-08 04:44:09,lengthy,True,False,many commits
False,2015-08-08 18:25:46,lengthy,True,False,some commits
True,2015-08-08 19:18:01,medium,False,False,1 commit
True,2015-08-10 00:26:45,short,False,False,some commits
True,2015-08-10 13:16:26,very short,True,False,1 commit
True,2015-08-10 16:45:18,short,True,False,some commits
True,2015-08-10 23:37:07,lengthy,False,False,many commits
True,2015-08-11 02:54:12,very short,False,False,1 commit
False,2015-08-11 15:28:19,very short,True,False,1 commit
True,2015-08-11 15:41:10,lengthy,True,False,some commits
True,2015-08-11 16:00:24,short,True,False,some commits
True,2015-08-12 17:50:22,lengthy,True,False,some commits
False,2015-08-12 18:00:15,lengthy,True,False,some commits
True,2015-08-12 18:37:54,short,True,False,1 commit
False,2015-08-12 18:54:20,lengthy,True,False,1 commit
True,2015-08-12 19:04:36,short,True,False,1 commit
True,2015-08-13 07:32:50,lengthy,True,False,some commits
True,2015-08-14 05:54:21,lengthy,True,False,some commits
True,2015-08-14 09:56:27,lengthy,True,False,some commits
True,2015-08-14 15:37:05,very short,True,False,some commits
True,2015-08-14 22:35:49,very short,True,False,1 commit
True,2015-08-15 04:20:14,lengthy,True,False,some commits
True,2015-08-15 08:35:57,very short,True,False,1 commit
True,2015-08-15 12:42:02,very short,False,False,some commits
True,2015-08-15 17:00:01,very short,True,False,1 commit
True,2015-08-15 18:26:54,very short,True,False,1 commit
True,2015-08-15 23:37:44,very short,False,False,1 commit
True,2015-08-15 23:52:26,short,False,False,some commits
True,2015-08-16 00:55:53,very short,False,False,1 commit
True,2015-08-16 08:54:46,very short,True,False,some commits
False,2015-08-17 04:02:54,lengthy,False,False,1 commit
True,2015-08-17 11:58:52,very short,True,False,1 commit
True,2015-08-17 21:54:40,medium,True,False,1 commit
True,2015-08-17 22:05:16,short,True,False,some commits
True,2015-08-17 22:18:20,short,True,False,1 commit
True,2015-08-17 22:28:17,very short,True,False,1 commit
False,2015-08-17 22:50:43,lengthy,True,False,1 commit
True,2015-08-17 23:48:17,very short,False,False,some commits
True,2015-08-17 23:50:14,very short,False,False,some commits
True,2015-08-17 23:52:24,short,False,False,some commits
True,2015-08-18 03:32:37,very short,True,False,1 commit
True,2015-08-18 18:54:05,very short,True,False,1 commit
True,2015-08-19 01:02:49,very short,False,False,some commits
True,2015-08-19 05:24:38,very short,False,False,some commits
True,2015-08-19 10:13:57,very short,False,True,1 commit
True,2015-08-19 14:49:37,very short,True,False,1 commit
True,2015-08-20 02:39:50,very short,True,False,1 commit
True,2015-08-20 05:12:15,lengthy,False,True,many commits
True,2015-08-20 14:31:25,lengthy,True,False,some commits
True,2015-08-22 18:13:23,very short,True,False,1 commit
True,2015-08-24 20:56:04,very short,True,False,1 commit
True,2015-08-25 19:16:12,very short,True,False,1 commit
True,2015-08-26 03:32:45,very short,True,False,some commits
True,2015-08-26 16:57:05,short,True,False,1 commit
True,2015-08-27 03:06:36,medium,True,False,many commits
True,2015-08-27 12:56:51,lengthy,False,True,some commits
True,2015-08-28 12:53:50,very short,False,True,1 commit
True,2015-08-29 08:35:43,short,False,True,some commits
True,2015-08-29 17:59:04,short,True,False,1 commit
True,2015-08-29 23:05:49,very short,True,False,1 commit
True,2015-08-31 18:11:51,lengthy,True,False,some commits
True,2015-08-31 19:17:25,very short,False,True,1 commit
True,2015-09-03 01:41:57,very short,True,False,some commits
True,2015-09-03 13:02:57,short,False,True,some commits
True,2015-09-03 15:09:34,medium,True,False,some commits
True,2015-09-03 15:24:41,lengthy,True,False,some commits
True,2015-09-04 00:36:49,very short,True,False,1 commit
True,2015-09-04 14:16:28,very short,True,False,1 commit
True,2015-09-04 14:55:02,short,True,False,1 commit
True,2015-09-04 16:30:05,very short,False,False,1 commit
True,2015-09-04 21:32:31,short,True,False,some commits
True,2015-09-05 16:14:54,very short,True,False,1 commit
False,2015-09-07 00:45:54,short,False,False,1 commit
True,2015-09-08 01:18:53,very short,True,False,some commits
True,2015-09-09 01:45:50,very short,True,False,1 commit
True,2015-09-09 14:26:51,lengthy,False,False,1 commit
True,2015-09-09 20:17:57,very short,False,False,1 commit
True,2015-09-09 20:20:16,very short,False,False,1 commit
True,2015-09-10 11:07:59,very short,False,False,1 commit
True,2015-09-10 11:50:19,short,False,False,1 commit
True,2015-09-11 09:29:57,very short,True,False,1 commit
False,2015-09-13 12:16:50,lengthy,True,False,many commits
False,2015-09-13 20:30:00,lengthy,False,False,1 commit
True,2015-09-13 21:19:34,very short,True,False,1 commit
True,2015-09-14 03:05:03,lengthy,True,False,many commits
True,2015-09-14 14:09:55,very short,True,False,many commits
True,2015-09-14 15:06:16,short,False,True,some commits
True,2015-09-14 19:02:35,very short,True,False,1 commit
True,2015-09-14 20:19:50,very short,True,False,1 commit
True,2015-09-15 06:55:58,very short,True,False,1 commit
True,2015-09-15 06:57:41,very short,True,False,1 commit
True,2015-09-15 07:15:14,very short,True,False,1 commit
True,2015-09-15 07:23:33,very short,True,False,1 commit
True,2015-09-15 07:55:37,very short,True,False,1 commit
True,2015-09-15 14:19:19,very short,True,False,some commits
True,2015-09-15 14:39:24,very short,False,False,1 commit
True,2015-09-15 18:07:28,very short,True,False,some commits
True,2015-09-15 18:55:10,lengthy,True,False,some commits
True,2015-09-15 20:04:34,very short,True,False,1 commit
True,2015-09-15 22:00:14,short,True,False,some commits
True,2015-09-16 08:32:53,very short,False,False,1 commit
True,2015-09-16 19:03:36,medium,True,False,some commits
True,2015-09-16 22:38:35,very short,True,False,some commits
True,2015-09-18 02:18:11,very short,True,False,1 commit
True,2015-09-18 07:50:39,short,True,False,1 commit
True,2015-09-18 21:52:26,lengthy,True,False,some commits
False,2015-09-19 13:32:17,lengthy,False,True,many commits
True,2015-09-20 15:50:01,lengthy,True,False,many commits
True,2015-09-20 23:27:23,lengthy,True,False,many commits
True,2015-09-21 10:55:42,very short,False,False,some commits
True,2015-09-21 14:42:51,short,True,False,some commits
True,2015-09-21 20:36:20,lengthy,True,False,some commits
True,2015-09-21 23:16:40,very short,True,False,1 commit
True,2015-09-22 03:15:14,very short,False,False,1 commit
True,2015-09-22 03:18:47,very short,False,False,some commits
True,2015-09-22 03:21:01,very short,False,False,1 commit
True,2015-09-22 03:23:29,very short,False,False,1 commit
True,2015-09-22 17:21:31,short,False,True,1 commit
True,2015-09-22 19:44:13,very short,False,False,1 commit
True,2015-09-22 19:46:02,very short,False,False,1 commit
True,2015-09-22 19:48:41,very short,False,False,1 commit
True,2015-09-22 19:50:56,very short,False,False,some commits
True,2015-09-22 19:54:45,medium,False,False,many commits
True,2015-09-24 04:07:51,very short,True,False,1 commit
True,2015-09-24 09:15:49,lengthy,False,True,some commits
True,2015-09-24 13:15:59,very short,True,False,1 commit
True,2015-09-25 01:51:43,very short,False,False,1 commit
False,2015-09-25 19:24:30,lengthy,False,True,1 commit
True,2015-09-26 02:36:18,medium,False,True,some commits
True,2015-09-26 08:07:28,very short,True,False,some commits
True,2015-09-26 19:24:36,very short,True,False,many commits
True,2015-09-27 20:13:17,very short,True,False,1 commit
True,2015-09-29 12:25:35,very short,False,False,1 commit
True,2015-09-30 22:57:18,lengthy,False,True,some commits
True,2015-10-01 12:12:21,lengthy,True,False,many commits
True,2015-10-02 14:29:36,lengthy,True,False,some commits
True,2015-10-02 14:49:07,very short,True,False,1 commit
True,2015-10-02 16:39:46,very short,True,False,some commits
True,2015-10-02 22:41:08,medium,True,False,1 commit
True,2015-10-03 00:11:12,very short,True,False,1 commit
True,2015-10-04 09:25:03,medium,True,False,many commits
True,2015-10-04 11:30:51,very short,True,False,1 commit
False,2015-10-04 16:12:23,lengthy,True,False,many commits
True,2015-10-04 17:39:03,very short,True,False,1 commit
True,2015-10-04 17:48:14,medium,True,False,1 commit
True,2015-10-04 18:01:10,short,True,False,1 commit
True,2015-10-04 19:16:11,medium,True,False,some commits
False,2015-10-04 19:54:12,very short,True,False,1 commit
True,2015-10-05 04:38:24,very short,True,False,1 commit
False,2015-10-05 14:57:54,very short,True,False,1 commit
False,2015-10-05 18:26:05,very short,True,False,1 commit
False,2015-10-06 02:20:53,short,True,False,many commits
True,2015-10-06 23:49:26,short,True,False,some commits
True,2015-10-07 06:28:47,lengthy,False,False,some commits
False,2015-10-07 19:15:02,lengthy,True,False,1 commit
True,2015-10-08 17:12:33,medium,True,False,1 commit
True,2015-10-08 18:10:45,lengthy,True,False,many commits
True,2015-10-08 19:22:59,lengthy,True,False,some commits
True,2015-10-08 20:10:29,very short,True,False,some commits
True,2015-10-09 04:57:01,very short,True,False,some commits
True,2015-10-12 13:14:59,very short,False,False,1 commit
True,2015-10-12 14:44:09,very short,True,False,some commits
True,2015-10-12 18:34:40,very short,True,False,some commits
True,2015-10-12 21:04:37,very short,True,False,1 commit
True,2015-10-12 21:08:30,very short,False,True,1 commit
True,2015-10-13 13:21:17,very short,True,False,1 commit
True,2015-10-13 14:09:22,very short,True,False,1 commit
True,2015-10-13 17:40:51,medium,True,False,some commits
True,2015-10-13 19:38:26,very short,True,False,some commits
False,2015-10-14 01:04:14,medium,True,False,1 commit
True,2015-10-14 07:55:17,very short,True,False,1 commit
True,2015-10-15 09:25:00,lengthy,True,False,1 commit
True,2015-10-17 23:22:39,lengthy,True,False,some commits
True,2015-10-18 13:36:56,very short,False,True,some commits
False,2015-10-18 18:04:27,lengthy,True,False,some commits
True,2015-10-18 18:44:41,very short,True,False,1 commit
True,2015-10-19 15:38:22,medium,True,False,some commits
True,2015-10-20 07:16:12,very short,True,False,1 commit
True,2015-10-20 13:50:42,very short,True,False,1 commit
True,2015-10-20 15:43:34,short,True,False,some commits
True,2015-10-20 17:23:09,short,True,False,many commits
True,2015-10-20 19:58:51,short,True,False,1 commit
True,2015-10-21 04:10:21,very short,False,True,1 commit
True,2015-10-21 11:36:25,medium,True,False,some commits
True,2015-10-21 18:41:01,medium,True,False,some commits
True,2015-10-21 19:03:00,very short,True,False,some commits
True,2015-10-21 20:56:27,very short,False,False,some commits
True,2015-10-22 00:02:28,medium,True,False,some commits
True,2015-10-22 04:48:22,short,True,False,some commits
True,2015-10-22 12:11:56,medium,True,False,1 commit
True,2015-10-23 08:16:05,very short,False,True,1 commit
True,2015-10-23 16:31:21,lengthy,True,False,many commits
True,2015-10-23 17:06:13,lengthy,True,False,many commits
True,2015-10-24 23:38:41,short,True,False,1 commit
False,2015-10-26 13:22:48,lengthy,False,True,some commits
True,2015-10-26 15:36:53,very short,True,False,1 commit
True,2015-10-26 15:53:25,very short,False,True,1 commit
True,2015-10-26 16:20:50,lengthy,False,False,1 commit
True,2015-10-26 18:13:27,short,True,False,many commits
True,2015-10-27 14:10:31,short,True,False,many commits
True,2015-10-27 18:20:40,very short,True,False,some commits
False,2015-10-28 14:35:33,lengthy,True,False,some commits
True,2015-10-28 14:58:49,very short,True,False,1 commit
True,2015-10-28 18:54:33,very short,True,False,1 commit
True,2015-10-28 23:02:33,lengthy,True,False,some commits
True,2015-10-29 00:53:12,lengthy,True,False,many commits
True,2015-10-29 03:31:10,very short,True,False,1 commit
True,2015-10-29 09:40:50,very short,True,False,some commits
True,2015-10-29 14:03:05,very short,True,False,many commits
True,2015-10-29 14:30:13,lengthy,False,True,1 commit
False,2015-10-29 14:49:04,lengthy,False,True,1 commit
True,2015-10-29 15:44:28,very short,True,False,1 commit
True,2015-10-30 12:24:45,very short,True,False,1 commit
True,2015-10-30 13:11:03,very short,False,True,1 commit
True,2015-10-30 13:37:44,medium,True,False,1 commit
True,2015-10-30 14:18:58,very short,True,False,1 commit
True,2015-10-30 15:16:20,medium,True,False,many commits
True,2015-10-30 16:48:52,medium,True,False,some commits
True,2015-10-31 05:29:09,very short,True,False,1 commit
True,2015-10-31 07:34:03,short,True,False,1 commit
True,2015-10-31 10:20:02,medium,True,False,many commits
True,2015-10-31 14:40:15,lengthy,True,False,some commits
True,2015-10-31 21:26:54,lengthy,False,True,many commits
True,2015-11-01 06:34:03,lengthy,True,False,some commits
True,2015-11-02 16:58:07,very short,False,True,1 commit
True,2015-11-02 22:30:52,lengthy,True,False,many commits
True,2015-11-02 22:36:40,very short,True,False,1 commit
True,2015-11-03 00:54:36,very short,True,False,1 commit
True,2015-11-03 09:29:17,very short,True,False,1 commit
True,2015-11-03 15:25:07,very short,True,False,some commits
True,2015-11-04 00:26:06,lengthy,True,False,many commits
True,2015-11-04 10:10:10,lengthy,False,False,1 commit
True,2015-11-04 15:19:29,very short,True,False,1 commit
True,2015-11-04 17:52:18,very short,True,False,1 commit
True,2015-11-04 18:22:07,very short,True,False,1 commit
True,2015-11-04 22:25:14,very short,True,False,1 commit
False,2015-11-05 01:40:22,lengthy,False,False,many commits
True,2015-11-05 04:30:00,very short,True,False,1 commit
True,2015-11-05 13:22:29,very short,True,False,1 commit
False,2015-11-05 16:30:47,very short,True,False,1 commit
False,2015-11-05 18:48:26,lengthy,True,False,many commits
False,2015-11-06 05:04:40,lengthy,False,True,many commits
False,2015-11-06 11:33:59,lengthy,True,False,some commits
True,2015-11-06 12:47:52,lengthy,False,False,many commits
True,2015-11-06 16:31:56,lengthy,False,True,some commits
False,2015-11-06 21:53:44,lengthy,False,False,1 commit
True,2015-11-07 00:07:02,very short,False,True,1 commit
True,2015-11-07 15:22:01,very short,True,False,some commits
True,2015-11-07 23:14:02,lengthy,True,False,some commits
True,2015-11-08 09:30:09,lengthy,True,False,some commits
True,2015-11-08 18:22:24,medium,True,False,some commits
True,2015-11-08 20:05:25,very short,True,False,1 commit
True,2015-11-08 20:56:17,lengthy,True,False,many commits
True,2015-11-09 10:09:37,very short,True,False,some commits
True,2015-11-09 17:42:30,short,False,True,1 commit
False,2015-11-09 21:17:36,very short,False,False,some commits
False,2015-11-09 23:11:12,short,False,True,some commits
True,2015-11-10 00:37:05,lengthy,False,False,some commits
True,2015-11-10 18:17:45,medium,False,False,many commits
True,2015-11-10 18:18:20,very short,True,False,some commits
True,2015-11-11 14:23:14,short,True,False,some commits
True,2015-11-11 19:39:31,medium,True,False,some commits
True,2015-11-11 20:04:30,lengthy,False,True,1 commit
True,2015-11-12 09:24:22,lengthy,True,False,1 commit
True,2015-11-14 02:15:48,very short,True,False,1 commit
True,2015-11-16 10:00:18,medium,False,True,many commits
True,2015-11-16 12:43:18,short,True,False,some commits
True,2015-11-16 17:43:15,lengthy,True,False,some commits
True,2015-11-16 22:53:46,short,True,False,some commits
True,2015-11-16 22:56:12,very short,True,False,1 commit
True,2015-11-17 22:52:21,very short,True,False,1 commit
False,2015-11-18 03:22:50,medium,True,False,some commits
True,2015-11-18 18:25:51,very short,True,False,many commits
True,2015-11-18 20:49:07,very short,True,False,many commits
True,2015-11-19 00:30:09,very short,True,False,1 commit
True,2015-11-19 03:11:42,short,True,False,some commits
True,2015-11-19 12:02:16,lengthy,False,False,some commits
False,2015-11-19 16:01:49,lengthy,False,False,some commits
False,2015-11-19 21:54:24,lengthy,True,False,many commits
True,2015-11-19 23:24:48,very short,True,False,some commits
False,2015-11-20 17:08:37,lengthy,False,False,some commits
True,2015-11-20 17:09:43,very short,False,True,some commits
True,2015-11-20 22:19:15,medium,True,False,1 commit
True,2015-11-20 23:25:18,very short,True,False,1 commit
True,2015-11-21 05:04:28,very short,True,False,1 commit
True,2015-11-23 13:55:30,lengthy,True,False,1 commit
True,2015-11-23 14:33:35,very short,True,False,some commits
False,2015-11-23 15:49:40,lengthy,True,False,some commits
True,2015-11-24 02:47:05,very short,True,False,some commits
True,2015-11-24 06:27:58,lengthy,True,False,1 commit
True,2015-11-24 07:31:54,very short,True,False,1 commit
True,2015-11-24 20:17:18,lengthy,True,False,many commits
False,2015-11-25 12:32:02,lengthy,True,False,some commits
True,2015-11-25 21:47:50,medium,False,True,1 commit
True,2015-11-26 10:07:12,medium,True,False,1 commit
True,2015-11-27 06:53:31,medium,False,True,1 commit
True,2015-11-27 21:17:30,short,True,False,1 commit
True,2015-11-28 04:15:58,lengthy,False,True,1 commit
True,2015-11-30 15:58:20,medium,True,False,many commits
True,2015-11-30 19:20:19,lengthy,True,False,some commits
True,2015-11-30 19:24:50,short,True,False,some commits
True,2015-11-30 19:29:12,lengthy,True,False,many commits
True,2015-11-30 19:59:48,very short,False,False,1 commit
True,2015-11-30 20:23:36,lengthy,False,False,1 commit
True,2015-11-30 20:24:07,short,False,False,some commits
True,2015-12-01 01:29:41,lengthy,True,False,many commits
True,2015-12-01 05:24:23,lengthy,True,False,some commits
True,2015-12-01 15:10:59,short,True,False,many commits
False,2015-12-01 15:34:35,lengthy,True,False,some commits
True,2015-12-01 16:32:57,lengthy,True,False,many commits
True,2015-12-01 23:35:13,lengthy,True,False,some commits
False,2015-12-02 06:15:32,lengthy,True,False,some commits
True,2015-12-02 13:52:22,very short,True,False,some commits
True,2015-12-02 14:16:58,short,True,False,many commits
True,2015-12-02 14:57:02,very short,False,True,1 commit
True,2015-12-03 05:51:36,very short,True,False,1 commit
True,2015-12-03 07:34:00,short,True,False,1 commit
True,2015-12-03 08:35:15,very short,True,False,1 commit
True,2015-12-03 16:53:45,very short,False,False,some commits
True,2015-12-03 17:58:34,medium,True,False,some commits
False,2015-12-04 01:46:04,lengthy,False,True,1 commit
True,2015-12-04 13:51:08,lengthy,False,False,many commits
True,2015-12-05 03:07:01,very short,True,False,1 commit
True,2015-12-05 04:22:59,very short,True,False,some commits
True,2015-12-05 13:11:00,very short,True,False,1 commit
True,2015-12-06 04:21:26,lengthy,True,False,1 commit
True,2015-12-06 17:27:34,lengthy,True,False,1 commit
True,2015-12-06 21:36:52,lengthy,True,False,many commits
True,2015-12-06 21:40:33,lengthy,True,False,many commits
True,2015-12-07 01:20:58,short,False,True,many commits
True,2015-12-08 23:19:46,very short,False,False,1 commit
True,2015-12-09 02:05:31,lengthy,False,True,some commits
True,2015-12-09 14:47:48,very short,True,False,1 commit
True,2015-12-10 17:22:28,short,True,False,some commits
True,2015-12-10 17:53:08,medium,True,False,1 commit
True,2015-12-10 18:15:12,medium,True,False,1 commit
True,2015-12-10 19:48:26,very short,True,False,1 commit
False,2015-12-11 15:10:34,short,False,False,1 commit
False,2015-12-11 19:55:18,short,True,False,1 commit
False,2015-12-11 20:16:35,short,True,False,1 commit
False,2015-12-11 22:20:55,lengthy,True,False,many commits
False,2015-12-13 02:08:47,short,True,False,1 commit
True,2015-12-13 04:03:08,lengthy,True,False,some commits
False,2015-12-13 04:40:25,lengthy,True,False,some commits
False,2015-12-14 14:15:47,very short,True,False,some commits
False,2015-12-14 18:47:10,medium,True,False,1 commit
False,2015-12-14 19:22:23,short,True,False,some commits
True,2015-12-15 01:27:00,very short,True,False,some commits
True,2015-12-15 05:10:05,very short,True,False,many commits
True,2015-12-15 16:31:28,medium,True,False,many commits
True,2015-12-15 22:28:10,very short,True,False,some commits
False,2015-12-16 16:45:59,medium,True,False,1 commit
False,2015-12-17 00:32:48,very short,True,False,1 commit
True,2015-12-17 07:09:12,medium,False,True,1 commit
True,2015-12-17 18:54:12,lengthy,False,True,1 commit
False,2015-12-19 01:48:28,very short,False,False,1 commit
False,2015-12-19 04:16:03,lengthy,True,False,some commits
False,2015-12-20 01:18:37,very short,True,False,some commits
False,2015-12-20 01:22:35,very short,False,True,1 commit
False,2015-12-20 02:06:05,very short,False,False,1 commit
False,2015-12-21 01:51:35,very short,False,False,1 commit
False,2015-12-21 02:10:39,very short,False,False,1 commit
False,2015-12-21 13:18:28,short,False,True,many commits
True,2015-12-21 22:31:52,medium,True,False,1 commit
True,2015-12-22 02:26:46,very short,True,False,1 commit
True,2015-12-22 02:36:34,very short,True,False,some commits
True,2015-12-22 11:36:12,short,False,False,1 commit
False,2015-12-22 17:28:17,very short,False,False,1 commit
True,2015-12-22 17:56:15,medium,True,False,some commits
True,2015-12-22 19:07:24,lengthy,True,False,many commits
False,2015-12-22 20:30:41,very short,True,False,some commits
False,2015-12-22 20:49:18,very short,True,False,1 commit
False,2015-12-22 21:07:56,very short,False,False,1 commit
True,2015-12-22 21:38:32,very short,True,False,1 commit
True,2015-12-22 21:59:52,lengthy,True,False,1 commit
True,2015-12-23 10:12:32,lengthy,True,False,many commits
False,2015-12-23 14:07:28,medium,True,False,many commits
False,2015-12-23 17:17:06,very short,False,False,1 commit
True,2015-12-23 19:13:43,very short,True,False,1 commit
True,2015-12-23 21:08:18,medium,True,False,1 commit
False,2015-12-23 21:54:27,very short,True,False,some commits
True,2015-12-23 22:53:02,very short,True,False,1 commit
False,2015-12-24 11:11:35,very short,True,False,some commits
True,2015-12-24 14:34:48,very short,True,False,1 commit
True,2015-12-24 14:59:56,very short,True,False,some commits
False,2015-12-24 23:04:57,lengthy,True,False,many commits
False,2015-12-25 08:18:46,very short,True,False,1 commit
True,2015-12-25 20:26:16,short,True,False,1 commit
True,2015-12-26 22:24:11,lengthy,True,False,many commits
True,2015-12-27 13:28:01,lengthy,True,False,some commits
True,2015-12-29 16:53:00,very short,True,False,1 commit
True,2015-12-29 18:14:40,very short,True,False,some commits
True,2015-12-29 20:04:29,very short,True,False,1 commit
True,2015-12-29 20:23:15,very short,True,False,1 commit
False,2015-12-29 20:41:18,very short,True,False,1 commit
True,2015-12-29 20:46:45,very short,True,False,1 commit
True,2015-12-29 22:29:19,short,True,False,1 commit
False,2015-12-31 05:49:00,lengthy,True,False,1 commit
True,2015-12-31 10:23:01,medium,True,False,many commits
True,2015-12-31 12:24:09,very short,True,False,some commits
False,2015-12-31 12:52:11,very short,True,False,1 commit
True,2015-12-31 16:57:38,lengthy,True,False,many commits
False,2015-12-31 19:27:56,very short,True,False,some commits
True,2015-12-31 21:22:00,lengthy,True,False,many commits
True,2015-12-31 23:21:54,lengthy,True,False,many commits
False,2016-01-01 02:24:32,very short,True,False,1 commit
False,2016-01-01 16:24:30,medium,True,False,some commits
True,2016-01-01 16:36:27,very short,True,False,1 commit
False,2016-01-01 21:22:01,very short,True,False,1 commit
True,2016-01-01 22:23:18,very short,True,False,1 commit
False,2016-01-02 06:26:52,very short,True,False,1 commit
True,2016-01-02 08:52:18,lengthy,True,False,many commits
False,2016-01-03 07:30:54,medium,True,False,some commits
False,2016-01-03 12:41:13,very short,True,False,1 commit
False,2016-01-04 07:38:05,very short,True,False,1 commit
True,2016-01-05 09:46:29,very short,True,False,some commits
True,2016-01-05 09:48:58,very short,True,False,some commits
True,2016-01-07 03:39:28,very short,True,False,1 commit
False,2016-01-07 03:43:57,lengthy,True,False,some commits
True,2016-01-08 11:02:14,medium,True,False,some commits
False,2016-01-08 17:52:50,very short,True,False,some commits
True,2016-01-09 13:20:15,very short,True,False,some commits
False,2016-01-10 20:09:31,very short,True,False,1 commit
False,2016-01-11 08:23:57,medium,True,False,1 commit
False,2016-01-11 16:40:33,very short,True,False,1 commit
True,2016-01-11 21:48:51,very short,True,False,1 commit
False,2016-01-12 23:50:47,very short,True,False,1 commit
False,2016-01-13 12:03:33,very short,False,False,some commits
True,2016-01-13 13:48:45,very short,True,False,1 commit
False,2016-01-13 21:00:01,medium,False,False,1 commit
False,2016-01-14 13:58:39,medium,True,False,1 commit
False,2016-01-14 16:06:19,short,False,False,1 commit
False,2016-01-15 14:27:55,lengthy,False,False,many commits
False,2016-01-17 06:11:49,very short,True,False,some commits
True,2016-01-17 19:53:04,medium,True,False,1 commit
False,2016-01-17 20:22:51,very short,True,False,some commits
True,2016-01-17 22:07:45,medium,True,False,many commits
False,2016-01-18 03:32:18,lengthy,True,False,some commits
True,2016-01-19 00:08:41,very short,True,False,1 commit
False,2016-01-19 08:58:30,medium,True,False,1 commit
False,2016-01-19 12:30:53,medium,True,False,some commits
False,2016-01-19 13:21:54,short,True,False,1 commit
False,2016-01-19 14:23:47,medium,True,False,some commits
False,2016-01-20 09:38:03,very short,True,False,1 commit
False,2016-01-21 01:16:03,medium,False,False,some commits
False,2016-01-21 07:23:59,short,True,False,1 commit
True,2016-01-21 08:17:23,medium,False,False,1 commit
True,2016-01-23 04:53:30,very short,False,True,1 commit
True,2016-01-25 09:40:35,very short,True,False,many commits
True,2016-01-25 17:13:04,very short,True,False,some commits
True,2016-01-25 19:56:07,lengthy,True,False,many commits
True,2016-01-25 22:56:19,very short,False,True,some commits
True,2016-01-26 00:28:52,very short,True,False,some commits
False,2016-01-26 02:50:23,very short,True,False,1 commit
True,2016-01-26 20:19:44,medium,True,False,many commits
False,2016-01-27 14:27:31,very short,True,False,1 commit
True,2016-01-27 15:26:37,lengthy,True,False,some commits
False,2016-01-27 17:47:48,very short,True,False,1 commit
True,2016-01-27 18:44:06,medium,True,True,1 commit
True,2016-01-28 09:49:37,lengthy,False,True,1 commit
False,2016-01-28 10:12:14,very short,True,False,1 commit
True,2016-01-28 15:59:21,very short,True,False,many commits
False,2016-01-28 16:34:00,very short,True,False,1 commit
True,2016-01-28 17:07:49,very short,True,False,many commits
False,2016-01-28 22:44:55,lengthy,True,False,1 commit
True,2016-01-29 16:00:38,very short,True,False,1 commit
True,2016-01-31 20:56:58,short,True,False,1 commit
True,2016-02-01 19:35:16,very short,False,True,1 commit
True,2016-02-01 20:09:27,very short,False,True,1 commit
True,2016-02-01 21:28:58,lengthy,True,False,some commits
True,2016-02-01 22:04:16,medium,True,False,some commits
True,2016-02-02 00:26:03,very short,True,False,1 commit
True,2016-02-02 13:46:12,very short,True,False,1 commit
True,2016-02-07 21:54:26,medium,False,True,some commits
True,2016-02-08 06:32:56,lengthy,True,False,some commits
True,2016-02-08 16:19:40,medium,True,False,1 commit
True,2016-02-08 16:23:44,very short,True,False,1 commit
True,2016-02-08 22:00:41,very short,True,False,1 commit
True,2016-02-09 01:31:54,very short,True,False,1 commit
True,2016-02-09 13:12:26,lengthy,False,True,1 commit
True,2016-02-12 06:34:39,very short,True,False,1 commit
True,2016-02-14 01:52:32,lengthy,True,False,some commits
True,2016-02-14 04:20:01,medium,True,False,many commits
True,2016-02-14 19:10:57,short,True,False,many commits
True,2016-02-15 22:59:16,short,True,False,1 commit
True,2016-02-15 23:12:56,very short,True,False,1 commit
True,2016-02-16 00:16:57,very short,True,False,1 commit
True,2016-02-16 22:49:37,lengthy,False,True,many commits
True,2016-02-16 23:06:42,very short,True,False,1 commit
True,2016-02-17 04:48:07,medium,True,False,many commits
True,2016-02-17 15:16:47,lengthy,False,True,many commits
False,2016-02-17 19:20:25,lengthy,False,True,1 commit
True,2016-02-17 23:56:48,medium,False,False,some commits
False,2016-02-18 02:52:40,very short,True,False,1 commit
True,2016-02-18 03:38:55,very short,True,False,1 commit
True,2016-02-18 05:52:01,very short,True,False,1 commit
False,2016-02-18 08:24:35,very short,True,False,1 commit
False,2016-02-18 11:50:24,very short,True,False,1 commit
False,2016-02-18 21:43:54,very short,True,False,1 commit
True,2016-02-19 16:37:35,very short,True,False,1 commit
True,2016-02-20 18:07:15,very short,True,False,1 commit
False,2016-02-21 21:27:00,very short,False,True,1 commit
False,2016-02-22 20:27:14,lengthy,True,False,some commits
False,2016-02-22 22:04:36,lengthy,False,False,many commits
True,2016-02-23 07:24:53,medium,True,False,1 commit
True,2016-02-23 13:16:42,lengthy,True,False,some commits
False,2016-02-23 23:23:27,lengthy,True,False,many commits
False,2016-02-25 03:04:57,very short,False,True,1 commit
True,2016-02-25 03:45:25,lengthy,True,False,1 commit
True,2016-02-25 04:09:24,lengthy,True,False,some commits
True,2016-02-25 22:09:39,lengthy,False,True,many commits
False,2016-02-27 05:39:44,short,False,False,many commits
False,2016-02-29 02:46:38,lengthy,False,True,some commits
False,2016-02-29 05:30:17,medium,False,True,some commits
False,2016-02-29 06:34:15,very short,False,True,1 commit
False,2016-02-29 23:00:12,medium,False,True,some commits
False,2016-03-01 09:42:06,lengthy,False,True,many commits
False,2016-03-01 19:39:45,lengthy,False,True,many commits
False,2016-03-02 01:11:52,lengthy,False,True,some commits
True,2016-03-02 02:11:07,lengthy,False,True,1 commit
True,2016-03-02 03:13:44,medium,False,False,some commits
False,2016-03-02 06:02:59,lengthy,True,False,1 commit
False,2016-03-02 13:57:52,medium,True,False,some commits
False,2016-03-02 15:49:13,short,True,False,some commits
False,2016-03-02 15:52:40,medium,False,True,1 commit
False,2016-03-02 15:54:27,very short,False,False,1 commit
False,2016-03-02 16:01:32,very short,False,False,1 commit
False,2016-03-03 18:09:31,very short,False,False,1 commit
False,2016-03-05 17:15:07,short,False,True,1 commit
False,2016-03-06 01:25:31,very short,True,False,some commits
False,2016-03-06 05:04:10,very short,True,False,some commits
False,2016-03-07 00:06:31,very short,False,False,1 commit
True,2016-03-07 02:29:56,very short,True,False,some commits
False,2016-03-07 06:14:35,medium,False,False,some commits
False,2016-03-07 08:58:07,very short,False,True,1 commit
False,2016-03-07 20:41:37,medium,True,False,1 commit
False,2016-03-07 21:23:43,lengthy,True,False,1 commit
False,2016-03-07 21:46:34,lengthy,True,False,1 commit
True,2016-03-07 22:12:57,lengthy,True,False,1 commit
False,2016-03-08 02:05:32,medium,True,False,1 commit
False,2016-03-09 20:57:11,very short,False,False,1 commit
False,2016-03-10 17:19:32,very short,False,True,1 commit
True,2016-03-11 22:15:15,short,False,True,1 commit
True,2016-03-11 23:15:21,lengthy,False,True,1 commit
False,2016-03-12 20:33:14,very short,True,False,1 commit
False,2016-03-14 03:19:57,very short,True,False,1 commit
True,2016-03-14 09:56:51,lengthy,True,False,many commits
True,2016-03-14 12:24:19,very short,False,False,1 commit
False,2016-03-15 05:36:43,short,True,False,1 commit
False,2016-03-15 17:00:33,lengthy,False,True,some commits
False,2016-03-16 22:04:11,lengthy,False,True,some commits
False,2016-03-16 22:53:57,lengthy,True,False,1 commit
False,2016-03-17 17:44:52,short,True,False,some commits
False,2016-03-17 19:18:19,lengthy,True,False,some commits
True,2016-03-17 19:59:20,short,False,False,1 commit
False,2016-03-17 22:07:57,lengthy,True,False,many commits
False,2016-03-17 23:00:48,short,False,False,some commits
False,2016-03-18 23:29:06,short,False,True,many commits
True,2016-03-19 10:30:59,very short,True,False,many commits
False,2016-03-19 19:29:26,very short,True,False,1 commit
True,2016-03-19 20:19:06,medium,True,False,1 commit
True,2016-03-21 01:48:58,very short,False,True,1 commit
False,2016-03-21 03:49:02,very short,False,True,some commits
False,2016-03-21 04:03:43,very short,False,False,1 commit
True,2016-03-21 21:03:10,short,True,False,1 commit
False,2016-03-21 22:25:23,lengthy,True,False,some commits
True,2016-03-21 23:05:57,lengthy,True,False,some commits
False,2016-03-21 23:28:04,very short,True,False,some commits
True,2016-03-21 23:34:11,lengthy,True,False,some commits
True,2016-03-22 01:06:27,short,True,False,1 commit
False,2016-03-22 13:50:55,medium,True,False,some commits
False,2016-03-23 15:18:29,medium,False,False,some commits
False,2016-03-23 15:58:09,lengthy,True,False,1 commit
False,2016-03-23 20:45:07,medium,False,False,some commits
False,2016-03-24 15:16:01,short,False,False,1 commit
False,2016-03-24 15:40:15,very short,False,True,1 commit
True,2016-03-24 19:02:26,short,False,False,1 commit
True,2016-03-26 14:59:14,very short,False,False,1 commit
True,2016-03-26 20:57:54,very short,True,False,1 commit
True,2016-03-27 21:57:12,very short,True,False,1 commit
True,2016-03-28 19:08:51,very short,True,False,1 commit
True,2016-03-29 12:20:47,very short,True,False,some commits
True,2016-03-29 15:57:01,short,True,False,many commits
False,2016-03-29 16:03:42,lengthy,True,False,some commits
True,2016-03-29 21:52:15,very short,True,False,1 commit
False,2016-03-30 10:47:52,short,True,False,many commits
True,2016-03-30 14:25:00,lengthy,False,False,1 commit
True,2016-03-30 18:38:34,medium,True,False,some commits
True,2016-03-30 21:03:48,medium,False,False,1 commit
True,2016-03-31 04:58:32,lengthy,True,False,many commits
True,2016-03-31 08:34:07,lengthy,False,True,many commits
False,2016-03-31 23:52:13,lengthy,False,False,1 commit
False,2016-04-01 19:52:59,lengthy,False,False,some commits
True,2016-04-02 02:02:39,very short,False,True,some commits
False,2016-04-02 17:33:48,lengthy,True,False,1 commit
True,2016-04-02 18:22:51,lengthy,False,False,some commits
True,2016-04-02 21:10:24,very short,True,False,1 commit
True,2016-04-03 20:48:28,medium,True,False,1 commit
False,2016-04-06 17:57:21,lengthy,True,False,1 commit
True,2016-04-06 19:56:11,medium,True,False,some commits
False,2016-04-07 15:38:57,lengthy,False,False,some commits
True,2016-04-08 02:41:54,lengthy,False,True,many commits
False,2016-04-08 05:14:06,lengthy,True,False,1 commit
False,2016-04-08 05:49:05,very short,True,False,1 commit
True,2016-04-08 16:04:02,medium,True,False,some commits
True,2016-04-11 02:05:41,lengthy,True,False,many commits
True,2016-04-11 19:35:42,very short,True,False,some commits
True,2016-04-11 21:44:42,lengthy,True,False,many commits
False,2016-04-11 21:51:32,lengthy,True,False,some commits
True,2016-04-13 21:21:48,very short,False,False,1 commit
True,2016-04-14 17:05:05,lengthy,False,False,many commits
True,2016-04-14 20:09:53,medium,False,False,many commits
True,2016-04-14 22:22:21,lengthy,False,True,some commits
True,2016-04-17 08:15:24,lengthy,False,True,some commits
True,2016-04-17 12:53:29,very short,False,True,some commits
True,2016-04-18 14:16:49,short,False,True,1 commit
True,2016-04-20 09:30:16,very short,False,True,1 commit
True,2016-04-21 10:46:28,short,False,False,some commits
True,2016-04-23 22:47:11,lengthy,False,False,1 commit
True,2016-04-24 00:04:29,medium,False,True,some commits
False,2016-04-24 00:49:32,lengthy,False,True,1 commit
True,2016-04-25 19:12:47,lengthy,True,False,1 commit
False,2016-04-26 03:52:20,short,True,False,1 commit
True,2016-04-26 06:48:33,short,False,True,some commits
True,2016-04-26 14:41:43,medium,True,False,some commits
True,2016-04-27 04:36:40,very short,True,False,1 commit
False,2016-04-27 19:21:10,lengthy,False,False,some commits
True,2016-04-28 02:19:24,very short,False,False,1 commit
False,2016-04-28 16:58:02,medium,True,False,some commits
True,2016-04-28 17:58:58,very short,True,False,1 commit
True,2016-04-29 03:21:37,short,True,False,1 commit
False,2016-04-30 03:32:30,short,True,False,some commits
False,2016-04-30 08:00:09,very short,True,False,1 commit
True,2016-04-30 21:08:36,short,False,False,1 commit
True,2016-05-01 15:28:32,lengthy,False,False,some commits
True,2016-05-02 00:35:13,very short,True,False,1 commit
True,2016-05-02 04:35:58,very short,True,False,1 commit
True,2016-05-04 00:23:57,lengthy,True,False,some commits
True,2016-05-05 00:39:07,very short,True,False,1 commit
True,2016-05-05 09:50:55,very short,True,False,1 commit
True,2016-05-05 11:15:19,short,True,True,some commits
True,2016-05-05 13:33:54,very short,True,False,1 commit
True,2016-05-05 15:20:29,very short,True,False,1 commit
True,2016-05-05 18:23:55,medium,True,False,1 commit
True,2016-05-05 20:02:07,very short,False,False,1 commit
True,2016-05-06 03:22:22,short,True,False,many commits
True,2016-05-06 03:31:17,medium,True,False,1 commit
True,2016-05-06 06:54:58,very short,False,True,1 commit
True,2016-05-06 14:10:56,very short,False,False,1 commit
True,2016-05-06 19:41:00,short,True,False,1 commit
True,2016-05-08 00:17:26,lengthy,True,False,1 commit
True,2016-05-08 00:26:11,medium,True,False,many commits
True,2016-05-08 03:04:23,lengthy,True,False,1 commit
True,2016-05-08 09:08:55,short,False,False,some commits
False,2016-05-09 15:41:24,lengthy,False,False,1 commit
True,2016-05-09 17:52:56,medium,True,False,some commits
True,2016-05-09 18:34:25,very short,True,False,1 commit
True,2016-05-09 22:13:13,short,True,False,some commits
True,2016-05-10 21:13:48,very short,True,False,1 commit
True,2016-05-11 02:10:55,short,True,False,some commits
False,2016-05-11 12:29:43,lengthy,False,True,some commits
True,2016-05-11 12:45:04,very short,True,False,some commits
True,2016-05-11 13:34:58,very short,False,False,1 commit
True,2016-05-11 20:16:08,lengthy,False,True,many commits
True,2016-05-11 21:43:16,lengthy,True,False,1 commit
True,2016-05-11 22:24:21,very short,True,False,1 commit
True,2016-05-12 01:55:40,medium,True,False,1 commit
True,2016-05-12 03:28:44,very short,True,False,1 commit
True,2016-05-12 21:02:52,very short,True,False,1 commit
True,2016-05-13 14:35:27,medium,True,False,some commits
True,2016-05-13 22:54:25,short,True,False,some commits
False,2016-05-14 02:53:44,very short,True,False,1 commit
True,2016-05-14 21:07:05,short,True,False,some commits
True,2016-05-15 00:06:58,lengthy,True,False,some commits
False,2016-05-15 02:58:59,very short,True,False,1 commit
False,2016-05-15 05:24:12,short,True,False,1 commit
True,2016-05-15 14:00:11,very short,True,False,some commits
False,2016-05-15 16:55:43,medium,True,False,some commits
True,2016-05-16 01:50:26,very short,True,False,many commits
True,2016-05-16 09:08:55,very short,False,True,1 commit
True,2016-05-16 19:28:25,very short,True,False,1 commit
True,2016-05-16 21:12:42,very short,True,False,1 commit
True,2016-05-17 14:00:16,very short,True,False,1 commit
False,2016-05-17 17:12:31,very short,True,False,some commits
True,2016-05-17 20:20:53,medium,False,False,many commits
True,2016-05-18 08:56:56,medium,True,False,many commits
True,2016-05-19 03:19:17,very short,True,False,some commits
False,2016-05-19 12:25:44,very short,True,False,some commits
False,2016-05-21 20:18:20,very short,True,False,1 commit
True,2016-05-22 16:14:51,very short,True,False,1 commit
True,2016-05-22 20:49:36,very short,True,False,1 commit
True,2016-05-22 21:11:07,lengthy,True,False,1 commit
True,2016-05-22 22:28:03,very short,False,False,1 commit
True,2016-05-22 23:29:39,short,True,False,1 commit
True,2016-05-23 19:28:09,medium,True,False,some commits
True,2016-05-24 08:25:00,short,True,False,some commits
True,2016-05-24 22:51:29,very short,True,False,1 commit
True,2016-05-25 10:24:18,lengthy,True,False,many commits
True,2016-05-26 11:33:50,medium,True,False,many commits
True,2016-05-26 12:30:31,very short,True,False,1 commit
False,2016-05-26 23:11:54,medium,False,True,1 commit
True,2016-05-27 00:40:39,very short,False,True,1 commit
True,2016-05-27 00:51:25,lengthy,False,True,some commits
True,2016-05-27 00:53:29,very short,False,True,1 commit
False,2016-05-27 01:02:06,lengthy,False,True,some commits
True,2016-05-27 13:54:25,short,True,False,1 commit
True,2016-05-28 04:44:11,lengthy,True,False,1 commit
True,2016-05-28 23:26:38,short,False,False,1 commit
True,2016-05-29 02:08:27,very short,True,False,1 commit
True,2016-05-29 17:51:33,very short,True,False,some commits
True,2016-05-29 22:52:50,very short,True,False,some commits
True,2016-05-30 00:47:24,very short,True,False,1 commit
True,2016-05-30 19:50:56,very short,True,False,many commits
True,2016-05-30 20:40:19,medium,True,False,some commits
True,2016-05-31 01:22:39,very short,True,False,1 commit
True,2016-05-31 07:04:21,medium,True,False,many commits
True,2016-05-31 14:07:27,lengthy,False,True,1 commit
True,2016-05-31 23:44:15,short,True,False,1 commit
True,2016-06-01 07:10:54,very short,False,True,1 commit
False,2016-06-01 13:05:55,lengthy,True,False,many commits
True,2016-06-01 16:35:42,lengthy,True,False,1 commit
True,2016-06-01 16:43:31,short,True,False,1 commit
True,2016-06-01 21:44:54,lengthy,True,False,1 commit
True,2016-06-02 17:24:48,very short,True,False,1 commit
True,2016-06-03 05:43:43,lengthy,False,True,some commits
True,2016-06-03 18:11:59,short,True,False,some commits
True,2016-06-05 07:37:04,very short,True,False,some commits
False,2016-06-05 08:31:29,lengthy,False,True,1 commit
True,2016-06-06 14:30:59,lengthy,True,False,many commits
True,2016-06-06 17:40:30,very short,True,False,1 commit
False,2016-06-06 19:11:02,short,False,False,1 commit
True,2016-06-07 03:57:50,lengthy,True,False,some commits
True,2016-06-07 12:24:43,lengthy,False,True,1 commit
True,2016-06-08 03:50:44,short,True,False,1 commit
True,2016-06-08 08:29:55,very short,True,False,1 commit
True,2016-06-08 09:24:24,very short,True,False,1 commit
True,2016-06-08 16:16:55,medium,False,False,some commits
True,2016-06-08 17:06:44,short,True,False,some commits
True,2016-06-08 17:37:53,lengthy,True,True,1 commit
True,2016-06-09 02:20:47,lengthy,True,False,1 commit
True,2016-06-10 16:25:45,medium,True,False,many commits
True,2016-06-11 06:56:05,medium,True,False,some commits
True,2016-06-13 04:35:26,medium,True,False,1 commit
True,2016-06-14 02:27:54,lengthy,True,False,many commits
True,2016-06-14 06:11:24,lengthy,True,False,many commits
True,2016-06-14 16:32:38,lengthy,False,True,1 commit
True,2016-06-14 22:07:08,very short,True,False,1 commit
True,2016-06-15 06:50:11,very short,True,False,some commits
False,2016-06-15 16:07:58,lengthy,False,True,1 commit
True,2016-06-16 15:30:47,short,False,True,some commits
True,2016-06-16 21:45:21,lengthy,False,True,many commits
True,2016-06-17 04:52:10,lengthy,True,False,some commits
True,2016-06-18 07:03:17,short,True,False,some commits
True,2016-06-18 07:53:00,lengthy,True,False,some commits
True,2016-06-18 14:43:23,very short,False,True,some commits
True,2016-06-18 21:33:22,very short,True,False,1 commit
True,2016-06-19 00:43:52,very short,True,False,many commits
True,2016-06-19 21:01:26,very short,True,False,some commits
True,2016-06-21 01:08:45,lengthy,True,False,1 commit
True,2016-06-22 23:53:09,very short,True,False,1 commit
False,2016-06-23 21:12:08,lengthy,False,True,many commits
False,2016-06-25 23:55:38,lengthy,False,True,many commits
False,2016-06-27 02:14:47,lengthy,True,False,1 commit
True,2016-06-28 01:38:23,very short,True,False,1 commit
True,2016-07-03 00:27:51,lengthy,True,False,1 commit
True,2016-07-03 04:33:20,very short,True,False,many commits
True,2016-07-05 06:44:12,lengthy,True,True,many commits
True,2016-07-08 13:36:35,medium,True,False,1 commit
True,2016-07-09 16:24:08,short,True,False,1 commit
True,2016-07-09 17:20:57,lengthy,True,False,1 commit
True,2016-07-09 18:47:35,short,True,False,some commits
True,2016-07-10 03:00:52,very short,True,False,many commits
True,2016-07-12 02:57:19,very short,True,False,1 commit
True,2016-07-12 04:48:40,very short,True,False,1 commit
True,2016-07-12 17:55:30,lengthy,True,False,many commits
False,2016-07-14 16:18:04,lengthy,False,False,many commits
True,2016-07-16 06:20:21,very short,False,False,1 commit
True,2016-07-16 07:07:38,lengthy,True,False,1 commit
True,2016-07-16 17:57:07,very short,True,False,1 commit
False,2016-07-16 18:01:22,lengthy,False,True,many commits
True,2016-07-16 21:37:13,lengthy,True,False,1 commit
True,2016-07-16 22:35:55,lengthy,True,False,1 commit
True,2016-07-17 00:39:05,medium,True,False,some commits
True,2016-07-17 10:46:50,short,True,False,some commits
False,2016-07-17 14:38:01,lengthy,True,False,some commits
True,2016-07-17 15:43:47,medium,True,False,some commits
True,2016-07-17 16:42:22,short,False,False,1 commit
True,2016-07-17 18:35:08,very short,True,False,some commits
True,2016-07-17 20:15:16,lengthy,False,True,some commits
True,2016-07-17 22:53:40,very short,True,False,1 commit
True,2016-07-18 00:01:30,short,False,True,some commits
True,2016-07-18 02:32:49,lengthy,True,False,1 commit
False,2016-07-18 07:10:27,lengthy,True,False,some commits
True,2016-07-18 13:17:09,lengthy,True,False,1 commit
True,2016-07-18 16:20:31,lengthy,False,False,some commits
False,2016-07-20 18:09:22,lengthy,False,False,1 commit
False,2016-07-21 19:30:14,very short,True,True,some commits
True,2016-07-22 18:42:33,lengthy,False,True,some commits
True,2016-07-24 10:34:43,short,True,False,some commits
True,2016-07-26 08:04:15,lengthy,True,False,1 commit
True,2016-07-26 09:46:26,medium,True,False,some commits
True,2016-07-26 21:33:14,short,True,False,some commits
True,2016-07-26 22:13:21,short,True,False,some commits
True,2016-07-28 21:33:00,lengthy,True,False,1 commit
True,2016-07-29 16:35:56,medium,True,False,1 commit
True,2016-07-31 13:18:33,medium,True,False,many commits
True,2016-08-01 03:55:48,lengthy,True,False,some commits
True,2016-08-02 14:25:44,lengthy,True,False,some commits
True,2016-08-03 02:31:04,lengthy,True,False,some commits
True,2016-08-03 09:01:57,lengthy,True,False,1 commit
False,2016-08-03 10:15:00,lengthy,False,True,many commits
True,2016-08-03 17:10:12,very short,True,False,1 commit
True,2016-08-03 19:36:02,very short,True,False,1 commit
True,2016-08-03 22:31:38,very short,True,False,1 commit
True,2016-08-03 22:52:40,lengthy,True,False,some commits
True,2016-08-05 03:19:38,lengthy,True,False,some commits
True,2016-08-05 21:47:13,lengthy,True,False,1 commit
False,2016-08-06 11:37:14,lengthy,False,False,many commits
False,2016-08-07 02:20:01,lengthy,True,False,some commits
True,2016-08-07 18:37:34,short,True,False,some commits
True,2016-08-07 18:43:54,lengthy,True,False,many commits
True,2016-08-07 21:38:26,lengthy,True,False,some commits
True,2016-08-07 22:23:52,lengthy,True,False,1 commit
True,2016-08-08 08:33:34,medium,False,False,1 commit
True,2016-08-08 11:25:03,medium,True,False,1 commit
True,2016-08-09 02:29:22,lengthy,True,False,some commits
True,2016-08-10 20:28:45,lengthy,False,True,1 commit
True,2016-08-11 02:35:18,short,True,False,1 commit
True,2016-08-12 09:51:48,lengthy,True,False,1 commit
True,2016-08-12 13:05:26,medium,True,False,some commits
True,2016-08-12 20:08:50,medium,True,False,1 commit
True,2016-08-14 19:13:58,short,False,True,1 commit
True,2016-08-16 14:02:37,medium,True,False,1 commit
True,2016-08-18 16:58:56,medium,False,False,some commits
True,2016-08-18 19:23:13,short,True,False,1 commit
True,2016-08-18 23:37:07,lengthy,True,False,1 commit
True,2016-08-20 06:58:22,very short,False,True,1 commit
True,2016-08-21 23:04:15,lengthy,True,False,some commits
False,2016-08-23 20:57:24,lengthy,True,False,many commits
True,2016-08-24 02:10:05,very short,True,False,1 commit
True,2016-08-24 10:49:51,very short,True,False,1 commit
True,2016-08-25 18:37:17,lengthy,True,False,many commits
True,2016-08-25 18:47:08,very short,False,False,1 commit
True,2016-08-26 03:50:11,very short,True,False,1 commit
True,2016-08-27 03:47:53,very short,True,False,1 commit
True,2016-08-27 04:08:07,short,True,False,1 commit
True,2016-08-27 12:56:13,medium,True,False,many commits
True,2016-08-27 21:02:32,short,True,False,some commits
True,2016-08-28 16:57:33,very short,True,False,some commits
True,2016-08-28 23:21:39,medium,True,False,many commits
True,2016-08-28 23:55:36,lengthy,True,False,1 commit
True,2016-08-29 02:39:43,very short,False,False,1 commit
True,2016-08-29 19:44:39,very short,True,False,1 commit
True,2016-08-29 20:23:59,very short,True,False,some commits
True,2016-08-30 03:46:25,very short,True,False,1 commit
True,2016-08-30 03:46:57,lengthy,True,False,many commits
True,2016-08-30 20:17:29,very short,True,False,1 commit
True,2016-08-31 08:10:38,very short,True,False,1 commit
True,2016-09-03 03:44:18,lengthy,False,True,1 commit
True,2016-09-04 17:41:44,short,True,False,many commits
False,2016-09-04 20:58:55,lengthy,True,False,some commits
True,2016-09-05 02:21:58,lengthy,True,False,many commits
True,2016-09-05 03:09:06,very short,True,False,many commits
True,2016-09-05 14:33:14,lengthy,False,True,many commits
True,2016-09-05 14:40:42,lengthy,False,True,some commits
True,2016-09-05 14:51:26,lengthy,False,True,some commits
True,2016-09-05 15:20:29,medium,False,True,many commits
True,2016-09-05 15:24:05,medium,False,True,many commits
True,2016-09-05 15:25:35,lengthy,False,True,many commits
True,2016-09-05 15:26:18,medium,False,True,some commits
True,2016-09-05 15:27:58,lengthy,False,True,many commits
True,2016-09-05 15:28:08,medium,False,True,some commits
True,2016-09-05 15:29:56,lengthy,False,True,some commits
False,2016-09-05 16:08:03,lengthy,False,True,1 commit
True,2016-09-05 19:35:19,very short,True,False,some commits
True,2016-09-05 21:32:44,medium,True,False,some commits
True,2016-09-05 22:57:05,very short,True,False,1 commit
True,2016-09-06 11:32:49,short,False,False,some commits
True,2016-09-06 11:42:44,very short,False,True,1 commit
True,2016-09-06 16:42:36,short,True,False,some commits
True,2016-09-07 04:51:04,very short,True,False,1 commit
True,2016-09-07 13:43:55,short,True,False,1 commit
True,2016-09-07 15:53:55,very short,False,False,some commits
True,2016-09-07 17:27:06,very short,True,False,some commits
True,2016-09-08 08:54:35,very short,True,False,1 commit
True,2016-09-08 20:50:59,lengthy,True,False,some commits
True,2016-09-09 01:26:47,lengthy,True,False,some commits
True,2016-09-09 01:44:57,very short,True,False,1 commit
True,2016-09-09 02:12:12,very short,True,False,1 commit
False,2016-09-09 09:16:54,lengthy,True,False,some commits
True,2016-09-09 10:30:44,short,False,False,many commits
True,2016-09-09 17:19:23,very short,True,False,1 commit
True,2016-09-10 09:02:13,lengthy,False,False,many commits
True,2016-09-10 14:58:16,medium,False,False,some commits
True,2016-09-11 02:35:13,short,True,False,some commits
True,2016-09-12 10:57:13,very short,True,False,1 commit
True,2016-09-12 17:34:54,medium,True,False,some commits
True,2016-09-12 19:37:18,medium,True,False,many commits
True,2016-09-12 22:40:48,very short,True,False,1 commit
True,2016-09-13 09:03:04,medium,False,False,some commits
True,2016-09-13 13:58:28,short,True,False,some commits
True,2016-09-14 15:15:00,very short,False,False,some commits
True,2016-09-14 19:14:57,very short,False,False,1 commit
True,2016-09-14 19:49:30,short,False,False,some commits
True,2016-09-15 19:16:55,very short,True,False,some commits
True,2016-09-17 23:46:29,short,True,False,1 commit
True,2016-09-18 06:12:27,lengthy,True,False,1 commit
True,2016-09-18 13:55:34,very short,True,False,some commits
True,2016-09-18 14:24:51,very short,False,False,some commits
True,2016-09-18 23:42:11,very short,True,False,1 commit
True,2016-09-19 05:19:11,very short,True,False,1 commit
True,2016-09-19 05:50:47,very short,True,False,some commits
True,2016-09-20 01:41:54,very short,True,False,1 commit
True,2016-09-20 16:30:27,lengthy,True,False,some commits
True,2016-09-20 17:46:40,very short,True,False,1 commit
True,2016-09-21 02:51:34,medium,True,False,many commits
True,2016-09-21 19:09:53,very short,False,False,some commits
True,2016-09-21 19:25:29,very short,True,False,1 commit
True,2016-09-23 05:34:15,short,True,False,1 commit
True,2016-09-23 16:21:29,very short,True,False,1 commit
True,2016-09-23 21:13:09,medium,False,True,many commits
True,2016-09-24 23:27:05,very short,True,False,some commits
True,2016-09-25 02:56:50,very short,True,False,1 commit
True,2016-09-25 19:52:24,medium,True,False,many commits
True,2016-09-26 15:14:30,short,True,True,some commits
True,2016-09-27 11:35:37,short,True,False,some commits
True,2016-09-28 09:12:52,medium,True,False,many commits
True,2016-09-28 21:56:53,medium,True,False,some commits
True,2016-09-29 01:13:43,short,True,False,some commits
False,2016-09-29 02:58:17,lengthy,True,False,1 commit
True,2016-09-30 23:38:48,very short,True,False,1 commit
True,2016-10-01 00:07:40,lengthy,True,False,some commits
True,2016-10-03 19:56:39,lengthy,True,False,1 commit
True,2016-10-05 13:59:15,very short,False,True,1 commit
True,2016-10-05 16:09:58,very short,False,True,1 commit
True,2016-10-07 19:02:05,medium,True,False,some commits
True,2016-10-07 20:53:08,medium,True,False,many commits
True,2016-10-08 03:45:04,lengthy,True,False,many commits
True,2016-10-09 01:44:00,very short,True,False,1 commit
True,2016-10-09 06:21:42,medium,True,False,some commits
True,2016-10-09 08:43:44,very short,True,False,1 commit
True,2016-10-10 15:54:15,short,True,False,1 commit
True,2016-10-11 02:48:23,very short,True,False,1 commit
True,2016-10-11 04:54:44,medium,False,True,some commits
True,2016-10-11 06:32:11,medium,False,True,some commits
True,2016-10-11 18:48:31,very short,False,True,some commits
True,2016-10-11 20:57:02,very short,True,False,1 commit
True,2016-10-12 00:47:03,medium,True,False,some commits
True,2016-10-12 02:00:31,very short,True,False,1 commit
True,2016-10-12 02:09:36,very short,True,False,1 commit
True,2016-10-13 08:43:45,very short,True,False,1 commit
True,2016-10-13 19:31:09,short,True,False,some commits
True,2016-10-13 19:36:33,short,True,False,many commits
True,2016-10-15 05:59:31,very short,True,False,1 commit
True,2016-10-15 16:28:41,short,False,True,some commits
True,2016-10-15 23:06:28,very short,True,False,1 commit
True,2016-10-16 00:04:47,very short,True,False,1 commit
True,2016-10-16 01:27:50,short,True,False,some commits
True,2016-10-16 04:17:47,very short,True,False,many commits
True,2016-10-16 06:17:55,very short,True,False,1 commit
True,2016-10-16 15:45:24,short,True,False,1 commit
True,2016-10-16 18:50:55,very short,True,False,many commits
True,2016-10-16 23:24:59,very short,False,True,1 commit
True,2016-10-16 23:30:04,very short,True,False,1 commit
True,2016-10-16 23:51:43,very short,False,False,some commits
True,2016-10-17 01:10:44,medium,True,False,1 commit
True,2016-10-17 07:43:01,lengthy,False,False,many commits
True,2016-10-17 07:45:11,short,True,False,1 commit
True,2016-10-17 17:15:50,lengthy,False,True,many commits
True,2016-10-17 21:19:38,very short,True,False,some commits
True,2016-10-17 21:44:44,very short,True,False,1 commit
True,2016-10-17 21:54:28,very short,True,False,1 commit
True,2016-10-17 22:34:03,very short,False,True,some commits
True,2016-10-18 21:38:51,medium,True,False,1 commit
True,2016-10-19 15:11:45,very short,True,False,1 commit
True,2016-10-19 16:48:03,short,True,False,some commits
True,2016-10-19 18:29:56,very short,True,False,1 commit
True,2016-10-19 19:43:49,very short,True,False,1 commit
True,2016-10-20 07:56:12,medium,True,False,some commits
True,2016-10-21 00:14:13,very short,True,False,some commits
False,2016-10-21 01:25:01,very short,True,False,many commits
True,2016-10-21 03:31:05,short,True,False,some commits
True,2016-10-21 14:19:10,very short,True,False,1 commit
True,2016-10-21 16:57:57,very short,False,True,1 commit
True,2016-10-21 17:03:03,very short,True,False,many commits
True,2016-10-21 21:14:09,very short,True,False,1 commit
True,2016-10-21 21:57:22,lengthy,True,False,some commits
True,2016-10-21 22:12:31,medium,True,False,1 commit
True,2016-10-21 22:41:24,medium,True,False,some commits
True,2016-10-22 08:12:24,medium,True,False,some commits
True,2016-10-22 16:29:41,medium,True,False,1 commit
True,2016-10-23 23:02:08,medium,True,False,some commits
False,2016-10-24 00:44:01,lengthy,False,False,many commits
True,2016-10-24 01:57:40,medium,True,False,many commits
True,2016-10-24 03:24:52,medium,True,False,some commits
True,2016-10-24 14:42:02,short,True,False,1 commit
False,2016-10-25 05:43:30,lengthy,False,False,many commits
True,2016-10-25 12:09:15,very short,True,False,1 commit
True,2016-10-25 18:13:17,very short,True,False,1 commit
True,2016-10-25 18:36:48,lengthy,False,False,many commits
True,2016-10-26 16:54:00,very short,False,True,some commits
True,2016-10-28 09:16:08,medium,False,True,1 commit
True,2016-10-29 18:13:27,short,True,False,many commits
True,2016-10-29 19:10:37,short,False,True,many commits
True,2016-10-30 00:11:21,medium,True,False,many commits
True,2016-10-30 01:32:40,lengthy,True,False,many commits
True,2016-10-31 01:39:49,medium,True,False,some commits
True,2016-10-31 02:47:36,very short,False,True,some commits
False,2016-11-01 00:24:56,short,False,False,many commits
True,2016-11-01 04:21:10,very short,False,True,some commits
True,2016-11-01 18:28:00,medium,True,False,1 commit
True,2016-11-02 01:00:51,lengthy,True,False,1 commit
True,2016-11-02 20:18:28,short,True,False,some commits
True,2016-11-02 23:29:13,very short,False,False,1 commit
True,2016-11-02 23:35:46,very short,True,False,1 commit
True,2016-11-03 02:29:03,very short,True,False,some commits
True,2016-11-03 04:05:04,medium,False,False,some commits
True,2016-11-03 07:24:16,lengthy,True,False,some commits
True,2016-11-03 09:00:29,very short,True,False,1 commit
True,2016-11-03 21:26:48,lengthy,True,False,some commits
True,2016-11-03 23:27:07,short,False,True,some commits
True,2016-11-04 13:29:57,very short,False,True,some commits
True,2016-11-04 15:43:05,very short,False,True,1 commit
True,2016-11-04 20:25:49,very short,True,False,some commits
True,2016-11-04 22:22:30,medium,True,False,some commits
True,2016-11-05 03:29:49,short,True,False,1 commit
True,2016-11-05 07:53:42,very short,True,False,some commits
True,2016-11-05 22:51:55,short,True,False,1 commit
True,2016-11-06 00:21:13,medium,True,False,many commits
True,2016-11-07 05:00:30,very short,True,False,1 commit
True,2016-11-07 09:11:20,short,True,False,1 commit
True,2016-11-07 23:58:57,medium,True,False,many commits
True,2016-11-08 03:00:21,lengthy,False,False,many commits
True,2016-11-08 03:34:22,very short,True,False,1 commit
True,2016-11-08 05:44:57,very short,True,False,1 commit
True,2016-11-09 08:59:36,very short,True,False,1 commit
True,2016-11-10 14:38:41,lengthy,True,False,1 commit
True,2016-11-11 02:20:04,very short,True,False,some commits
True,2016-11-11 17:14:25,very short,False,False,1 commit
True,2016-11-11 20:48:12,very short,False,True,1 commit
False,2016-11-11 22:01:19,lengthy,True,False,1 commit
True,2016-11-11 22:17:05,medium,True,False,1 commit
True,2016-11-12 10:53:22,medium,False,False,many commits
True,2016-11-13 00:52:12,short,False,True,1 commit
True,2016-11-13 04:34:58,lengthy,True,False,some commits
True,2016-11-13 18:19:13,very short,True,False,1 commit
True,2016-11-14 01:58:23,short,True,False,1 commit
True,2016-11-14 02:36:41,short,True,False,1 commit
True,2016-11-14 02:51:39,very short,True,False,1 commit
True,2016-11-14 06:38:36,very short,True,False,some commits
False,2016-11-15 05:42:20,lengthy,False,False,many commits
True,2016-11-15 17:51:24,very short,True,False,1 commit
True,2016-11-16 10:12:49,medium,True,False,some commits
True,2016-11-16 20:29:08,very short,True,False,1 commit
True,2016-11-16 20:55:14,lengthy,True,False,1 commit
True,2016-11-16 21:09:02,very short,True,False,1 commit
True,2016-11-16 21:14:35,medium,True,False,1 commit
False,2016-11-16 22:11:01,medium,True,False,1 commit
True,2016-11-17 01:44:28,very short,True,False,1 commit
True,2016-11-17 03:37:45,very short,True,False,1 commit
True,2016-11-17 06:01:37,medium,True,False,1 commit
False,2016-11-17 06:12:32,short,True,False,many commits
True,2016-11-17 18:14:04,medium,True,False,many commits
True,2016-11-17 21:57:42,short,True,False,1 commit
True,2016-11-18 05:40:09,very short,True,False,some commits
True,2016-11-20 08:18:35,lengthy,True,False,some commits
True,2016-11-21 16:06:46,short,True,False,many commits
True,2016-11-21 18:35:06,very short,False,True,some commits
True,2016-11-21 18:54:52,very short,True,False,some commits
True,2016-11-22 03:28:52,short,True,False,1 commit
True,2016-11-22 05:50:39,medium,False,False,some commits
True,2016-11-22 16:21:33,short,True,False,some commits
True,2016-11-23 20:47:58,very short,True,False,1 commit
False,2016-11-24 01:35:17,lengthy,True,False,1 commit
True,2016-11-24 08:42:26,lengthy,True,False,many commits
True,2016-11-25 12:06:43,very short,False,True,1 commit
True,2016-11-25 21:27:59,short,True,False,many commits
True,2016-11-25 23:51:06,very short,True,False,1 commit
True,2016-11-26 02:00:42,short,True,False,many commits
True,2016-11-26 05:00:26,very short,True,False,some commits
True,2016-11-27 17:27:16,very short,True,False,some commits
True,2016-11-27 19:52:19,very short,True,False,1 commit
True,2016-11-28 07:18:19,very short,True,False,1 commit
True,2016-11-28 08:47:24,very short,False,True,some commits
True,2016-11-29 18:49:11,short,True,False,some commits
True,2016-11-29 19:03:36,short,True,False,1 commit
False,2016-11-29 20:36:21,lengthy,False,False,some commits
True,2016-11-30 00:09:22,very short,True,False,1 commit
True,2016-11-30 18:36:41,medium,True,False,some commits
True,2016-11-30 23:34:48,very short,True,False,some commits
True,2016-12-01 00:42:30,short,True,False,many commits
True,2016-12-01 05:26:13,short,True,False,some commits
True,2016-12-01 08:54:04,medium,True,True,some commits
True,2016-12-01 17:55:45,medium,True,False,many commits
True,2016-12-01 22:10:16,lengthy,True,False,many commits
True,2016-12-01 22:29:13,medium,True,False,1 commit
True,2016-12-01 23:04:49,medium,True,False,many commits
True,2016-12-01 23:15:01,short,True,False,1 commit
True,2016-12-02 03:53:17,lengthy,True,False,many commits
True,2016-12-02 11:44:47,short,True,False,some commits
True,2016-12-02 21:24:22,short,True,False,1 commit
True,2016-12-04 07:47:37,lengthy,True,False,many commits
True,2016-12-05 00:55:45,lengthy,True,False,1 commit
True,2016-12-05 03:46:05,very short,True,False,1 commit
True,2016-12-05 03:53:21,very short,True,False,1 commit
True,2016-12-05 03:57:15,lengthy,True,False,1 commit
True,2016-12-05 06:55:56,very short,True,False,some commits
True,2016-12-05 07:02:11,lengthy,True,False,1 commit
True,2016-12-05 23:21:24,lengthy,False,False,many commits
True,2016-12-05 23:57:58,very short,True,False,some commits
True,2016-12-06 14:55:33,short,True,True,some commits
True,2016-12-06 20:13:57,very short,False,True,1 commit
True,2016-12-07 18:13:35,very short,True,False,1 commit
False,2016-12-07 18:21:26,very short,False,True,1 commit
True,2016-12-07 20:29:08,lengthy,False,True,some commits
True,2016-12-08 00:42:23,short,True,False,some commits
True,2016-12-08 05:38:31,medium,True,False,many commits
True,2016-12-08 20:10:13,very short,True,False,1 commit
True,2016-12-09 01:54:16,short,True,False,1 commit
True,2016-12-09 08:16:49,medium,True,False,some commits
True,2016-12-10 21:41:26,medium,True,False,some commits
True,2016-12-11 01:35:15,very short,True,False,1 commit
True,2016-12-11 03:10:31,short,True,False,1 commit
True,2016-12-11 06:52:46,very short,True,False,1 commit
True,2016-12-11 08:36:19,medium,True,False,1 commit
True,2016-12-12 12:43:48,very short,False,False,1 commit
True,2016-12-12 18:12:23,lengthy,False,False,many commits
True,2016-12-14 07:27:06,lengthy,True,False,1 commit
False,2016-12-16 00:35:48,lengthy,True,False,some commits
True,2016-12-18 01:34:35,very short,True,False,some commits
True,2016-12-18 04:18:05,short,True,False,many commits
True,2016-12-18 21:36:22,lengthy,True,False,some commits
True,2016-12-19 21:18:39,lengthy,True,False,some commits
True,2016-12-19 23:50:26,lengthy,True,False,1 commit
True,2016-12-20 03:48:14,very short,True,True,some commits
True,2016-12-20 19:33:09,short,True,False,1 commit
True,2016-12-21 17:48:07,very short,True,False,1 commit
True,2016-12-21 17:55:11,short,True,False,some commits
True,2016-12-21 18:41:29,very short,True,False,1 commit
True,2016-12-22 17:08:01,very short,False,True,1 commit
True,2016-12-22 19:25:00,very short,False,False,1 commit
True,2016-12-22 23:07:17,very short,True,False,1 commit
True,2016-12-22 23:27:54,very short,True,False,1 commit
True,2016-12-23 03:58:54,very short,True,False,1 commit
True,2016-12-23 08:10:31,medium,False,True,some commits
True,2016-12-25 08:05:40,very short,True,False,some commits
True,2016-12-26 06:58:27,very short,True,False,1 commit
True,2016-12-26 23:27:08,short,True,False,1 commit
False,2016-12-27 11:26:16,very short,False,True,1 commit
True,2016-12-27 18:02:39,short,True,False,some commits
True,2016-12-27 23:01:10,medium,True,False,many commits
True,2016-12-27 23:26:27,very short,True,False,some commits
True,2016-12-29 00:30:23,very short,False,True,1 commit
True,2016-12-29 03:02:26,medium,True,False,many commits
True,2016-12-29 15:00:23,very short,False,False,1 commit
True,2016-12-29 15:04:33,medium,False,False,some commits
True,2016-12-29 15:08:34,very short,False,False,1 commit
True,2016-12-29 18:23:30,very short,True,False,1 commit
True,2016-12-29 20:07:46,very short,True,False,1 commit
False,2016-12-30 16:50:44,lengthy,False,True,1 commit
True,2016-12-31 14:25:54,very short,True,False,1 commit
True,2016-12-31 16:43:07,very short,True,False,1 commit
False,2016-12-31 18:09:00,lengthy,False,False,many commits
True,2017-01-01 16:02:23,short,True,False,some commits
True,2017-01-02 00:54:20,very short,True,False,1 commit
True,2017-01-02 17:29:38,short,True,False,1 commit
True,2017-01-02 18:49:07,medium,True,False,1 commit
True,2017-01-02 19:56:50,lengthy,True,False,some commits
True,2017-01-02 20:00:40,medium,False,True,some commits
True,2017-01-02 20:34:51,lengthy,True,False,1 commit
True,2017-01-03 05:37:07,medium,False,True,1 commit
True,2017-01-03 11:48:52,short,True,False,some commits
True,2017-01-04 00:29:26,lengthy,False,True,some commits
True,2017-01-04 12:20:55,very short,True,False,1 commit
True,2017-01-04 14:40:43,lengthy,True,False,1 commit
True,2017-01-04 14:47:32,medium,True,False,1 commit
True,2017-01-05 00:27:04,lengthy,True,False,some commits
True,2017-01-05 16:13:47,medium,True,False,1 commit
True,2017-01-05 18:24:00,lengthy,True,False,many commits
True,2017-01-05 22:30:20,short,True,False,1 commit
True,2017-01-06 03:09:41,lengthy,True,False,1 commit
True,2017-01-06 13:11:48,medium,True,False,1 commit
True,2017-01-06 23:11:01,very short,False,True,1 commit
True,2017-01-07 08:31:57,short,False,True,some commits
True,2017-01-07 17:26:58,short,True,False,some commits
True,2017-01-07 18:42:30,very short,True,False,1 commit
True,2017-01-08 20:47:38,medium,True,False,some commits
True,2017-01-08 21:37:10,very short,True,False,1 commit
True,2017-01-08 23:31:22,lengthy,True,False,1 commit
True,2017-01-09 01:25:27,very short,False,True,1 commit
True,2017-01-09 01:26:19,short,True,False,1 commit
True,2017-01-09 03:04:41,very short,True,False,1 commit
True,2017-01-09 04:28:54,lengthy,True,False,some commits
True,2017-01-09 07:54:33,short,True,False,some commits
True,2017-01-09 08:34:01,very short,True,False,1 commit
True,2017-01-09 15:45:54,medium,False,False,some commits
True,2017-01-10 05:32:01,medium,True,False,some commits
True,2017-01-10 05:44:41,medium,True,False,some commits
True,2017-01-10 07:15:55,short,False,False,1 commit
True,2017-01-10 08:24:14,short,False,False,1 commit
True,2017-01-10 09:32:42,short,False,True,1 commit
True,2017-01-10 16:21:18,lengthy,True,False,1 commit
True,2017-01-10 20:48:04,very short,True,False,1 commit
True,2017-01-10 22:27:40,very short,False,False,1 commit
True,2017-01-10 23:15:05,very short,True,False,1 commit
True,2017-01-11 00:40:58,very short,False,False,1 commit
True,2017-01-11 07:31:16,medium,True,False,some commits
True,2017-01-11 08:55:30,short,True,False,some commits
True,2017-01-12 03:46:45,short,True,False,some commits
True,2017-01-12 18:07:50,lengthy,True,False,some commits
True,2017-01-12 21:06:30,medium,True,False,some commits
True,2017-01-13 03:00:23,very short,True,False,1 commit
True,2017-01-13 05:59:55,medium,True,False,some commits
True,2017-01-13 07:27:37,medium,False,False,some commits
True,2017-01-13 22:07:04,short,True,False,1 commit
True,2017-01-13 23:27:16,short,True,False,1 commit
False,2017-01-14 06:21:29,short,True,False,1 commit
True,2017-01-14 06:35:40,short,True,False,1 commit
True,2017-01-14 06:45:52,short,True,False,1 commit
True,2017-01-14 19:40:33,short,True,False,1 commit
True,2017-01-14 20:20:40,short,True,False,1 commit
True,2017-01-14 20:37:42,medium,True,False,some commits
True,2017-01-14 21:47:09,very short,True,False,some commits
True,2017-01-15 02:26:17,very short,True,False,some commits
True,2017-01-15 05:59:02,very short,True,False,1 commit
True,2017-01-15 06:34:46,very short,True,False,1 commit
True,2017-01-15 09:30:19,very short,True,False,1 commit
True,2017-01-16 03:06:27,very short,True,False,some commits
True,2017-01-16 18:58:09,medium,True,False,1 commit
True,2017-01-16 19:51:47,lengthy,True,False,some commits
True,2017-01-16 20:38:03,very short,True,False,some commits
True,2017-01-16 21:42:26,very short,True,False,some commits
True,2017-01-16 23:41:08,very short,True,False,1 commit
True,2017-01-16 23:45:26,short,True,False,many commits
True,2017-01-17 00:28:11,lengthy,True,False,some commits
True,2017-01-17 00:30:55,medium,False,True,many commits
True,2017-01-17 00:46:40,very short,True,False,1 commit
True,2017-01-17 04:13:22,lengthy,False,True,many commits
True,2017-01-17 04:21:18,lengthy,True,False,many commits
True,2017-01-17 18:08:34,lengthy,True,False,some commits
True,2017-01-17 22:54:40,short,True,False,some commits
True,2017-01-18 01:08:18,very short,False,True,1 commit
True,2017-01-18 02:32:35,medium,True,False,many commits
True,2017-01-18 02:51:29,very short,True,False,1 commit
True,2017-01-18 09:02:01,very short,True,False,1 commit
True,2017-01-18 18:30:24,very short,True,False,1 commit
True,2017-01-19 08:10:34,lengthy,False,True,1 commit
True,2017-01-19 09:36:39,medium,True,False,some commits
True,2017-01-19 09:55:29,lengthy,True,False,some commits
True,2017-01-19 18:27:13,lengthy,False,True,some commits
True,2017-01-20 00:30:46,medium,True,False,1 commit
True,2017-01-20 02:36:25,very short,True,False,1 commit
True,2017-01-20 03:34:59,short,True,False,some commits
True,2017-01-20 03:47:49,short,True,False,many commits
True,2017-01-20 04:19:53,short,True,False,some commits
True,2017-01-20 05:03:32,short,True,False,some commits
True,2017-01-20 08:38:06,very short,True,False,many commits
True,2017-01-20 09:08:20,short,True,False,some commits
True,2017-01-20 09:42:31,very short,True,False,1 commit
True,2017-01-20 13:57:43,medium,True,False,1 commit
True,2017-01-20 19:23:43,short,True,False,1 commit
True,2017-01-20 19:31:48,short,True,False,some commits
True,2017-01-20 19:52:30,short,True,False,many commits
True,2017-01-20 20:37:19,short,True,False,some commits
True,2017-01-21 08:46:09,medium,True,False,1 commit
True,2017-01-21 19:52:33,short,True,False,some commits
True,2017-01-21 22:59:20,medium,True,False,many commits
True,2017-01-22 01:47:38,short,True,False,1 commit
True,2017-01-22 04:08:46,short,True,False,1 commit
True,2017-01-22 04:37:15,very short,True,False,some commits
True,2017-01-22 05:21:49,very short,True,False,some commits
True,2017-01-22 06:59:18,very short,True,False,some commits
True,2017-01-22 21:48:50,very short,True,False,1 commit
True,2017-01-23 00:21:43,lengthy,True,False,some commits
True,2017-01-23 01:32:31,short,True,False,some commits
True,2017-01-23 07:59:02,very short,False,False,1 commit
True,2017-01-23 09:34:48,lengthy,False,False,many commits
True,2017-01-23 21:19:42,very short,True,False,many commits
True,2017-01-23 22:25:40,lengthy,True,False,1 commit
True,2017-01-24 02:56:32,very short,True,False,1 commit
True,2017-01-24 08:43:37,medium,True,False,many commits
True,2017-01-24 13:55:27,medium,True,False,some commits
True,2017-01-24 17:48:35,very short,False,False,1 commit
True,2017-01-25 00:47:25,very short,True,False,1 commit
True,2017-01-25 11:32:12,very short,True,False,some commits
True,2017-01-25 16:45:54,lengthy,False,True,1 commit
True,2017-01-25 18:43:15,short,True,False,some commits
True,2017-01-25 23:37:00,very short,True,False,1 commit
True,2017-01-26 04:54:44,medium,True,False,many commits
True,2017-01-27 00:16:13,short,False,False,some commits
True,2017-01-27 12:33:52,very short,True,False,1 commit
True,2017-01-27 13:18:29,short,True,False,some commits
True,2017-01-27 22:06:24,medium,True,False,1 commit
True,2017-01-28 13:14:12,lengthy,True,False,many commits
True,2017-01-28 20:28:52,short,True,False,some commits
True,2017-01-28 20:55:00,very short,True,False,some commits
True,2017-01-28 21:36:23,medium,True,False,some commits
True,2017-01-28 21:38:04,medium,True,False,many commits
True,2017-01-29 20:27:17,very short,True,False,some commits
True,2017-01-29 22:21:14,very short,True,False,1 commit
True,2017-01-29 22:42:02,very short,True,False,1 commit
True,2017-01-29 23:39:38,medium,True,False,many commits
True,2017-01-30 05:00:59,very short,True,False,some commits
True,2017-01-30 05:09:48,very short,True,False,some commits
True,2017-01-30 10:33:07,lengthy,False,True,1 commit
True,2017-01-30 17:11:07,medium,True,False,1 commit
True,2017-01-30 21:08:44,lengthy,True,False,some commits
True,2017-01-30 22:15:32,very short,True,False,1 commit
True,2017-01-31 01:33:17,very short,True,False,1 commit
True,2017-01-31 07:23:51,very short,True,False,1 commit
True,2017-01-31 18:34:00,short,True,False,1 commit
True,2017-01-31 22:22:02,very short,True,False,1 commit
True,2017-01-31 22:42:33,short,True,False,1 commit
True,2017-01-31 23:00:39,short,True,False,1 commit
True,2017-01-31 23:06:56,medium,True,False,some commits
True,2017-01-31 23:08:12,very short,True,False,some commits
True,2017-02-01 05:08:27,medium,True,False,some commits
True,2017-02-01 14:33:07,lengthy,True,False,many commits
True,2017-02-02 00:37:48,very short,True,False,1 commit
True,2017-02-03 00:01:52,lengthy,True,False,many commits
True,2017-02-04 05:30:26,lengthy,True,False,many commits
True,2017-02-05 17:16:17,lengthy,False,True,some commits
True,2017-02-05 20:21:10,lengthy,True,False,1 commit
True,2017-02-05 22:26:42,very short,True,False,1 commit
True,2017-02-05 23:00:59,lengthy,True,False,many commits
True,2017-02-06 09:30:39,lengthy,True,False,some commits
True,2017-02-06 09:59:16,very short,True,False,1 commit
True,2017-02-06 22:34:34,lengthy,True,False,some commits
True,2017-02-07 00:09:16,lengthy,True,False,many commits
True,2017-02-07 03:25:31,short,True,False,1 commit
True,2017-02-07 15:59:31,lengthy,True,False,many commits
True,2017-02-07 21:59:31,short,False,True,1 commit
True,2017-02-07 23:55:27,medium,False,True,some commits
True,2017-02-08 13:27:15,lengthy,True,False,some commits
True,2017-02-09 22:13:33,short,True,False,1 commit
True,2017-02-10 00:57:32,lengthy,False,False,1 commit
True,2017-02-10 15:50:21,very short,False,False,1 commit
True,2017-02-11 20:07:55,medium,False,True,some commits
True,2017-02-12 12:22:05,lengthy,True,False,many commits
True,2017-02-12 14:47:35,lengthy,True,False,some commits
True,2017-02-13 02:20:24,very short,True,False,1 commit
True,2017-02-15 17:16:49,medium,True,False,some commits
False,2017-02-15 17:52:07,lengthy,False,True,many commits
False,2017-02-16 02:48:01,very short,False,True,some commits
True,2017-02-16 03:11:14,very short,False,False,1 commit
True,2017-02-16 06:28:59,very short,True,False,1 commit
True,2017-02-16 09:00:04,very short,False,True,1 commit
True,2017-02-17 16:30:58,short,False,True,some commits
True,2017-02-18 09:35:37,very short,True,False,1 commit
True,2017-02-18 10:42:23,very short,False,False,1 commit
True,2017-02-19 01:42:38,very short,True,False,1 commit
True,2017-02-19 21:06:06,very short,False,True,1 commit
True,2017-02-19 23:57:04,very short,True,False,1 commit
True,2017-02-20 19:34:57,very short,True,False,many commits
True,2017-02-21 05:10:45,short,True,False,1 commit
True,2017-02-21 07:58:31,lengthy,True,False,1 commit
True,2017-02-21 08:47:38,very short,True,False,1 commit
True,2017-02-21 09:07:24,short,True,False,1 commit
True,2017-02-22 02:14:39,very short,True,False,1 commit
True,2017-02-22 19:06:41,very short,True,False,1 commit
True,2017-02-23 05:15:11,very short,True,False,1 commit
True,2017-02-23 05:39:45,short,True,False,many commits
True,2017-02-23 21:38:35,short,False,True,1 commit
True,2017-02-24 15:38:45,very short,True,False,1 commit
True,2017-02-24 23:18:26,lengthy,True,False,1 commit
True,2017-02-25 21:13:28,very short,True,False,1 commit
True,2017-02-25 21:41:16,lengthy,True,False,1 commit
True,2017-02-25 22:13:50,very short,True,False,1 commit
True,2017-02-26 02:13:35,lengthy,False,True,many commits
True,2017-02-26 11:29:38,medium,False,False,some commits
True,2017-02-26 11:57:38,lengthy,False,False,1 commit
True,2017-02-26 13:17:19,lengthy,True,False,many commits
True,2017-02-26 14:29:12,lengthy,True,False,many commits
True,2017-02-26 19:12:21,medium,True,False,some commits
True,2017-02-27 07:22:54,very short,False,False,1 commit
True,2017-02-27 15:02:55,lengthy,True,False,some commits
True,2017-02-27 17:28:55,lengthy,True,False,some commits
True,2017-02-27 18:02:38,short,True,False,1 commit
True,2017-02-27 21:23:57,very short,False,False,1 commit
True,2017-02-28 14:25:12,very short,True,False,1 commit
True,2017-02-28 15:27:22,medium,True,False,1 commit
True,2017-02-28 17:20:20,medium,True,False,many commits
True,2017-03-01 05:40:56,medium,True,False,1 commit
True,2017-03-01 15:33:30,lengthy,False,True,many commits
True,2017-03-02 04:15:49,very short,False,True,some commits
True,2017-03-02 06:59:33,medium,True,False,some commits
False,2017-03-02 13:09:12,very short,True,False,some commits
True,2017-03-02 18:59:10,lengthy,True,False,1 commit
True,2017-03-03 11:47:58,medium,True,False,some commits
True,2017-03-03 14:43:54,lengthy,False,True,some commits
True,2017-03-05 00:30:19,medium,False,False,1 commit
True,2017-03-05 20:39:53,lengthy,False,True,some commits
False,2017-03-05 22:51:38,lengthy,False,True,1 commit
False,2017-03-06 09:15:29,lengthy,True,False,some commits
True,2017-03-06 15:52:53,lengthy,False,True,many commits
True,2017-03-07 02:02:54,lengthy,False,True,some commits
True,2017-03-07 04:11:26,short,True,False,some commits
True,2017-03-07 04:23:24,very short,True,False,some commits
True,2017-03-07 04:37:43,short,True,False,1 commit
True,2017-03-07 05:09:47,very short,True,False,some commits
True,2017-03-07 05:16:12,lengthy,False,True,some commits
True,2017-03-07 05:44:43,medium,False,True,many commits
True,2017-03-07 10:25:06,very short,False,True,1 commit
True,2017-03-07 12:41:34,very short,True,False,1 commit
True,2017-03-07 15:34:22,very short,False,False,some commits
True,2017-03-07 20:08:40,medium,True,False,1 commit
True,2017-03-07 20:36:48,very short,True,False,some commits
True,2017-03-07 20:53:17,medium,True,False,many commits
True,2017-03-08 05:24:08,very short,False,True,some commits
True,2017-03-08 06:34:49,very short,True,False,1 commit
True,2017-03-08 18:59:25,medium,True,False,many commits
True,2017-03-08 19:43:17,lengthy,True,False,many commits
True,2017-03-08 20:24:59,short,True,False,1 commit
True,2017-03-08 21:08:07,short,True,False,1 commit
True,2017-03-08 21:20:28,medium,False,True,some commits
True,2017-03-08 23:09:55,short,True,False,some commits
True,2017-03-09 05:06:16,medium,True,False,1 commit
True,2017-03-10 00:24:44,short,True,False,1 commit
True,2017-03-10 00:52:15,lengthy,True,False,many commits
True,2017-03-10 04:10:07,lengthy,True,False,1 commit
True,2017-03-10 11:27:29,lengthy,True,False,1 commit
False,2017-03-10 11:51:41,very short,True,False,1 commit
True,2017-03-10 12:16:14,lengthy,True,False,1 commit
True,2017-03-10 19:15:09,short,True,False,1 commit
True,2017-03-10 21:21:49,short,True,False,1 commit
True,2017-03-10 23:42:52,lengthy,True,False,many commits
False,2017-03-11 07:13:54,very short,True,False,1 commit
True,2017-03-11 07:46:14,short,True,False,1 commit
True,2017-03-11 09:06:45,very short,True,False,1 commit
True,2017-03-12 16:12:22,very short,False,True,1 commit
True,2017-03-12 21:17:02,very short,True,False,some commits
True,2017-03-12 21:26:38,very short,True,False,some commits
False,2017-03-13 03:03:44,very short,False,True,1 commit
True,2017-03-13 06:54:32,medium,True,False,1 commit
True,2017-03-13 20:33:07,medium,True,False,some commits
True,2017-03-13 21:14:22,medium,True,False,1 commit
False,2017-03-14 14:50:55,lengthy,False,True,many commits
True,2017-03-14 18:35:52,short,False,True,many commits
True,2017-03-14 20:56:20,very short,True,False,1 commit
True,2017-03-14 23:25:30,very short,True,False,1 commit
True,2017-03-15 11:43:33,very short,True,False,1 commit
False,2017-03-15 16:35:13,medium,False,True,many commits
True,2017-03-16 03:12:10,very short,True,False,1 commit
True,2017-03-16 04:40:22,lengthy,True,False,1 commit
True,2017-03-16 07:48:37,medium,True,False,1 commit
True,2017-03-16 18:09:58,very short,True,False,1 commit
True,2017-03-17 00:44:39,short,True,False,1 commit
False,2017-03-17 04:42:46,medium,False,False,many commits
True,2017-03-17 13:57:12,lengthy,True,False,1 commit
True,2017-03-17 17:49:27,lengthy,False,True,some commits
True,2017-03-17 18:55:43,lengthy,True,False,many commits
True,2017-03-18 00:18:02,lengthy,True,False,some commits
True,2017-03-18 00:25:05,very short,True,False,1 commit
True,2017-03-18 01:19:12,lengthy,False,True,many commits
True,2017-03-18 03:46:12,lengthy,False,False,many commits
True,2017-03-18 05:00:27,lengthy,False,False,many commits
True,2017-03-18 15:45:26,very short,False,True,1 commit
True,2017-03-18 20:35:15,short,True,False,1 commit
True,2017-03-18 22:06:22,medium,True,False,1 commit
True,2017-03-19 11:09:01,lengthy,True,False,some commits
True,2017-03-19 14:49:12,short,False,False,many commits
True,2017-03-19 15:07:32,lengthy,True,False,1 commit
True,2017-03-19 15:23:10,lengthy,False,False,many commits
True,2017-03-19 18:36:30,medium,True,False,many commits
True,2017-03-19 21:05:43,lengthy,True,False,some commits
True,2017-03-20 00:00:00,lengthy,True,False,many commits
True,2017-03-20 21:54:11,very short,True,False,1 commit
False,2017-03-21 18:05:25,short,False,True,many commits
False,2017-03-22 18:25:08,lengthy,False,True,some commits
True,2017-03-23 10:11:37,very short,True,False,some commits
True,2017-03-23 16:58:18,very short,False,False,1 commit
True,2017-03-24 02:59:13,very short,True,False,1 commit
True,2017-03-24 05:47:26,short,True,False,1 commit
True,2017-03-24 16:25:34,very short,True,False,some commits
True,2017-03-24 17:29:27,short,True,False,some commits
True,2017-03-24 18:35:21,medium,False,False,some commits
True,2017-03-24 19:16:33,lengthy,True,False,some commits
True,2017-03-25 10:20:14,lengthy,True,False,1 commit
True,2017-03-25 16:23:19,lengthy,True,False,some commits
True,2017-03-26 20:08:21,lengthy,True,False,many commits
True,2017-03-26 23:02:47,medium,True,False,1 commit
True,2017-03-28 00:01:18,medium,True,False,some commits
True,2017-03-28 08:50:29,lengthy,False,True,1 commit
True,2017-03-28 23:28:38,very short,True,False,some commits
True,2017-03-29 19:12:53,lengthy,True,False,1 commit
True,2017-03-30 02:29:17,lengthy,False,True,many commits
True,2017-03-30 13:08:20,lengthy,False,False,some commits
True,2017-03-30 14:18:35,lengthy,False,True,some commits
True,2017-04-06 06:23:43,very short,True,False,1 commit
True,2017-04-07 03:42:03,lengthy,True,False,many commits
True,2017-04-08 16:25:14,very short,True,False,some commits
True,2017-04-08 21:55:26,medium,True,False,1 commit
False,2017-04-09 04:13:23,lengthy,False,True,many commits
True,2017-04-09 07:35:37,medium,True,False,1 commit
True,2017-04-09 09:12:28,lengthy,True,False,1 commit
True,2017-04-09 19:15:11,short,True,False,1 commit
True,2017-04-09 19:42:27,very short,True,False,1 commit
True,2017-04-09 20:00:21,short,True,False,some commits
True,2017-04-09 23:59:39,medium,True,False,many commits
True,2017-04-10 03:15:15,short,True,False,many commits
True,2017-04-11 07:19:02,very short,True,False,some commits
True,2017-04-12 20:49:05,short,True,False,1 commit
True,2017-04-13 06:15:51,medium,True,False,some commits
True,2017-04-13 13:29:01,short,True,False,many commits
True,2017-04-13 21:05:40,very short,True,False,many commits
True,2017-04-13 21:27:29,very short,True,False,1 commit
True,2017-04-13 21:28:46,medium,False,True,1 commit
True,2017-04-13 22:27:36,lengthy,True,False,1 commit
True,2017-04-14 02:32:45,very short,True,False,1 commit
False,2017-04-14 03:17:38,medium,True,False,1 commit
True,2017-04-14 17:52:01,short,True,False,some commits
True,2017-04-14 18:05:08,medium,True,False,1 commit
True,2017-04-15 05:37:32,short,True,False,1 commit
True,2017-04-15 06:00:01,short,True,False,1 commit
True,2017-04-15 06:17:18,short,True,False,1 commit
True,2017-04-15 07:35:05,medium,True,False,1 commit
True,2017-04-15 07:45:06,short,True,False,1 commit
True,2017-04-15 19:06:55,short,False,True,many commits
True,2017-04-17 01:22:31,very short,True,False,1 commit
True,2017-04-17 19:36:53,very short,True,False,1 commit
False,2017-04-17 21:56:53,lengthy,True,False,1 commit
False,2017-04-18 21:09:15,lengthy,False,True,some commits
True,2017-04-19 15:29:07,very short,True,False,1 commit
True,2017-04-19 19:20:37,very short,True,False,1 commit
True,2017-04-20 00:44:32,lengthy,True,False,some commits
True,2017-04-20 00:46:07,medium,False,False,1 commit
True,2017-04-20 08:51:11,very short,False,False,1 commit
True,2017-04-21 00:13:43,very short,True,False,1 commit
True,2017-04-21 03:57:56,short,True,False,1 commit
True,2017-04-21 18:01:53,medium,True,False,many commits
True,2017-04-22 23:08:56,short,True,False,1 commit
False,2017-04-24 18:16:08,lengthy,False,True,many commits
True,2017-04-26 02:18:04,very short,True,False,1 commit
True,2017-04-26 02:45:30,medium,True,False,1 commit
True,2017-04-26 04:16:49,very short,True,False,1 commit
True,2017-04-26 12:06:42,short,False,True,many commits
True,2017-04-27 19:38:00,short,True,False,many commits
True,2017-04-28 02:56:31,short,True,False,many commits
True,2017-04-28 16:55:34,very short,True,False,1 commit
True,2017-04-28 18:38:35,very short,True,False,1 commit
True,2017-04-30 00:01:41,lengthy,False,False,some commits
True,2017-05-01 05:57:07,very short,True,False,some commits
True,2017-05-02 05:31:47,very short,True,False,1 commit
True,2017-05-04 03:51:11,short,True,False,some commits
True,2017-05-04 07:09:19,very short,True,False,some commits
True,2017-05-04 08:05:18,lengthy,True,False,many commits
True,2017-05-04 23:41:36,medium,True,False,1 commit
True,2017-05-05 00:53:57,lengthy,True,False,many commits
True,2017-05-05 03:14:03,lengthy,True,False,some commits
True,2017-05-05 04:11:30,short,True,False,some commits
True,2017-05-05 21:17:57,medium,True,False,some commits
True,2017-05-06 06:38:37,medium,True,False,many commits
True,2017-05-06 18:44:24,lengthy,True,False,some commits
True,2017-05-06 23:43:32,very short,True,False,1 commit
True,2017-05-06 23:47:06,short,True,False,1 commit
False,2017-05-07 07:36:16,lengthy,False,False,many commits
True,2017-05-07 19:51:36,very short,True,False,1 commit
True,2017-05-07 21:42:59,medium,True,False,some commits
True,2017-05-08 14:30:47,very short,False,True,1 commit
True,2017-05-08 17:46:53,short,True,False,some commits
True,2017-05-09 06:49:00,short,True,False,many commits
True,2017-05-09 21:02:41,lengthy,True,False,many commits
True,2017-05-10 22:12:34,medium,False,False,1 commit
True,2017-05-10 23:21:14,short,False,True,1 commit
True,2017-05-11 02:31:43,short,True,False,many commits
True,2017-05-11 05:45:13,short,True,False,1 commit
True,2017-05-11 09:16:41,short,False,True,some commits
True,2017-05-11 14:01:02,very short,True,False,1 commit
True,2017-05-12 14:45:57,lengthy,True,False,1 commit
True,2017-05-15 13:57:45,very short,False,True,1 commit
True,2017-05-16 01:24:00,lengthy,True,False,some commits
True,2017-05-16 05:04:20,lengthy,True,False,1 commit
True,2017-05-16 17:53:23,lengthy,True,False,some commits
True,2017-05-17 07:48:38,very short,True,False,1 commit
True,2017-05-18 02:03:47,lengthy,True,False,some commits
True,2017-05-19 10:21:44,medium,True,False,some commits
False,2017-05-19 13:14:53,short,True,False,some commits
False,2017-05-19 13:46:10,lengthy,True,False,1 commit
True,2017-05-20 04:27:59,short,True,False,1 commit
True,2017-05-20 11:14:06,very short,True,False,some commits
True,2017-05-21 14:07:32,medium,True,False,1 commit
True,2017-05-23 05:30:08,very short,True,False,some commits
True,2017-05-23 14:25:42,medium,False,True,1 commit
True,2017-05-23 19:08:53,short,True,False,1 commit
False,2017-05-25 20:12:37,lengthy,False,False,some commits
True,2017-05-26 06:28:27,very short,True,False,1 commit
True,2017-05-26 11:43:20,lengthy,True,False,1 commit
True,2017-05-26 17:24:00,medium,False,True,1 commit
True,2017-05-27 00:49:09,medium,True,False,1 commit
True,2017-05-27 04:12:13,very short,True,False,some commits
False,2017-05-27 09:47:50,very short,True,False,many commits
True,2017-05-27 13:08:27,lengthy,True,False,many commits
True,2017-05-27 22:18:44,short,True,False,1 commit
True,2017-05-28 10:06:29,short,True,False,many commits
True,2017-05-28 21:48:23,lengthy,True,False,some commits
True,2017-05-29 11:59:41,short,True,False,some commits
True,2017-05-29 18:08:03,short,True,False,some commits
True,2017-05-31 03:42:29,lengthy,True,False,some commits
True,2017-05-31 03:44:09,very short,True,False,1 commit
True,2017-05-31 18:14:07,very short,True,False,1 commit
True,2017-05-31 22:23:02,medium,True,False,1 commit
True,2017-06-01 04:05:14,short,True,False,1 commit
True,2017-06-02 14:57:26,medium,True,False,some commits
True,2017-06-02 21:13:30,medium,False,True,1 commit
True,2017-06-03 06:25:27,medium,True,False,some commits
True,2017-06-03 15:42:53,medium,False,True,1 commit
False,2017-06-03 16:59:53,lengthy,True,False,some commits
True,2017-06-03 20:30:23,medium,True,False,1 commit
True,2017-06-04 03:49:05,short,True,False,1 commit
True,2017-06-04 21:18:11,medium,True,False,1 commit
True,2017-06-04 23:49:55,medium,True,False,1 commit
True,2017-06-05 08:25:50,very short,True,False,1 commit
True,2017-06-06 08:01:37,lengthy,True,False,1 commit
False,2017-06-06 17:13:28,lengthy,False,True,1 commit
True,2017-06-07 00:20:28,short,True,False,1 commit
True,2017-06-07 09:03:07,very short,False,False,1 commit
True,2017-06-07 11:20:15,very short,True,False,1 commit
True,2017-06-07 11:43:16,very short,False,True,many commits
True,2017-06-07 14:47:07,short,True,False,some commits
True,2017-06-09 18:36:17,short,True,False,some commits
True,2017-06-09 22:40:06,short,True,False,some commits
True,2017-06-10 05:36:00,medium,True,False,1 commit
True,2017-06-10 16:58:23,lengthy,False,True,some commits
True,2017-06-12 03:32:48,very short,False,True,1 commit
True,2017-06-12 17:08:07,lengthy,True,False,some commits
True,2017-06-13 02:53:34,lengthy,True,False,some commits
True,2017-06-13 03:28:10,medium,True,False,some commits
True,2017-06-13 11:44:32,medium,False,False,1 commit
True,2017-06-14 06:34:14,medium,False,False,1 commit
True,2017-06-17 18:39:08,lengthy,True,False,some commits
True,2017-06-18 06:21:12,lengthy,True,False,some commits
True,2017-06-18 06:27:21,lengthy,True,False,1 commit
True,2017-06-18 15:19:58,lengthy,False,True,some commits
True,2017-06-18 19:45:07,lengthy,False,False,some commits
False,2017-06-19 20:02:36,very short,False,True,1 commit
True,2017-06-19 20:28:07,lengthy,False,False,some commits
True,2017-06-21 01:41:08,lengthy,False,True,some commits
True,2017-06-22 06:52:27,lengthy,True,False,many commits
True,2017-06-23 07:02:16,very short,False,False,1 commit
True,2017-06-26 01:23:30,very short,False,False,1 commit
True,2017-06-26 06:03:26,very short,True,False,1 commit
True,2017-06-26 10:33:34,short,False,True,some commits
False,2017-06-26 15:12:41,short,True,False,some commits
True,2017-06-27 13:10:22,very short,True,False,1 commit
True,2017-06-27 15:10:55,very short,False,True,1 commit
True,2017-06-27 15:18:37,very short,True,False,1 commit
True,2017-06-27 15:34:42,lengthy,True,False,some commits
True,2017-06-28 09:27:03,very short,False,False,1 commit
True,2017-06-29 15:13:14,very short,False,False,1 commit
True,2017-06-29 17:22:22,very short,True,False,1 commit
True,2017-06-30 00:38:41,very short,False,False,1 commit
True,2017-06-30 02:31:20,very short,True,False,1 commit
True,2017-06-30 10:48:52,very short,False,True,1 commit
True,2017-07-01 19:40:23,very short,True,False,1 commit
True,2017-07-03 01:41:57,very short,False,False,1 commit
True,2017-07-03 19:07:02,medium,True,False,some commits
True,2017-07-03 20:33:19,lengthy,True,False,many commits
True,2017-07-07 20:44:38,very short,True,False,some commits
True,2017-07-08 08:12:36,short,True,False,1 commit
True,2017-07-08 19:57:10,short,True,False,some commits
True,2017-07-09 01:56:43,short,True,False,1 commit
True,2017-07-09 03:54:06,short,False,True,some commits
True,2017-07-10 04:50:10,very short,True,False,1 commit
True,2017-07-10 09:57:02,lengthy,True,False,many commits
True,2017-07-10 09:59:17,medium,True,False,some commits
True,2017-07-10 23:44:08,medium,True,False,many commits
True,2017-07-11 17:43:08,very short,True,False,1 commit
True,2017-07-12 04:38:15,lengthy,True,False,some commits
True,2017-07-12 05:34:58,very short,True,False,1 commit
True,2017-07-12 11:09:14,lengthy,True,False,some commits
True,2017-07-14 07:43:42,lengthy,True,False,some commits
True,2017-07-14 19:24:38,short,True,False,1 commit
True,2017-07-14 22:40:44,medium,True,False,some commits
True,2017-07-15 16:12:53,very short,False,True,1 commit
True,2017-07-15 20:46:24,very short,False,True,some commits
True,2017-07-15 21:31:30,very short,False,True,many commits
True,2017-07-15 21:39:07,very short,False,True,1 commit
True,2017-07-15 22:07:07,very short,True,False,1 commit
True,2017-07-15 22:34:06,lengthy,False,True,many commits
True,2017-07-15 22:34:20,short,False,True,some commits
True,2017-07-16 05:15:45,medium,True,False,many commits
False,2017-07-16 15:22:33,lengthy,True,False,some commits
True,2017-07-16 18:27:57,lengthy,False,True,some commits
True,2017-07-16 18:56:23,short,False,False,many commits
True,2017-07-16 20:27:03,medium,True,False,many commits
True,2017-07-16 21:47:10,short,False,True,some commits
True,2017-07-18 04:19:18,very short,True,False,1 commit
True,2017-07-18 06:50:49,very short,True,False,1 commit
True,2017-07-19 01:09:49,very short,True,False,1 commit
True,2017-07-20 01:09:23,short,True,False,1 commit
True,2017-07-21 19:42:28,very short,False,False,1 commit
True,2017-07-22 08:15:50,very short,True,False,1 commit
True,2017-07-22 22:48:44,medium,True,False,some commits
True,2017-07-24 15:27:39,medium,True,False,many commits
True,2017-07-25 19:34:27,lengthy,True,False,1 commit
True,2017-07-25 20:16:39,very short,True,False,1 commit
True,2017-07-25 21:18:14,short,True,False,many commits
True,2017-07-25 21:33:48,lengthy,True,False,1 commit
True,2017-07-28 04:25:26,lengthy,True,False,1 commit
True,2017-07-28 05:41:09,lengthy,True,False,1 commit
True,2017-07-28 21:48:27,lengthy,True,False,some commits
True,2017-07-29 02:47:48,short,True,False,many commits
True,2017-07-29 05:12:40,lengthy,True,False,1 commit
True,2017-07-29 14:48:56,lengthy,True,False,1 commit
True,2017-07-30 03:55:03,medium,True,False,many commits
True,2017-07-30 07:28:22,very short,True,False,some commits
True,2017-07-30 09:27:14,short,True,False,some commits
True,2017-07-30 22:16:56,lengthy,True,False,many commits
True,2017-07-31 12:07:17,very short,True,False,1 commit
True,2017-07-31 18:52:17,very short,False,True,some commits
True,2017-07-31 18:58:52,medium,True,False,1 commit
True,2017-08-01 01:05:44,medium,True,False,1 commit
True,2017-08-01 18:49:11,medium,True,False,some commits
True,2017-08-01 21:00:17,very short,True,False,1 commit
True,2017-08-02 01:39:31,short,True,False,1 commit
True,2017-08-02 02:43:11,very short,True,False,1 commit
True,2017-08-02 15:53:19,very short,True,False,1 commit
True,2017-08-02 21:08:29,very short,True,False,some commits
True,2017-08-03 08:41:01,medium,False,True,many commits
True,2017-08-03 09:33:02,very short,True,False,1 commit
True,2017-08-04 11:47:36,medium,False,True,many commits
True,2017-08-04 20:30:19,short,True,False,1 commit
True,2017-08-05 07:33:45,very short,False,True,some commits
True,2017-08-05 22:41:26,short,True,False,some commits
True,2017-08-06 14:55:58,very short,True,False,some commits
True,2017-08-06 21:02:31,very short,True,False,1 commit
True,2017-08-07 04:08:15,very short,True,False,some commits
True,2017-08-07 04:33:36,medium,True,False,some commits
True,2017-08-07 07:56:31,short,True,False,1 commit
True,2017-08-07 15:01:54,very short,False,True,some commits
True,2017-08-07 21:50:20,very short,True,False,some commits
True,2017-08-09 16:39:21,lengthy,False,True,some commits
True,2017-08-09 18:50:24,very short,True,False,1 commit
True,2017-08-10 02:09:59,very short,True,False,1 commit
True,2017-08-10 09:58:35,very short,False,False,1 commit
True,2017-08-11 20:00:10,very short,True,False,1 commit
True,2017-08-12 21:11:56,lengthy,False,True,some commits
True,2017-08-13 03:17:00,medium,True,False,some commits
True,2017-08-13 04:08:12,short,True,False,1 commit
True,2017-08-14 00:44:29,lengthy,False,False,1 commit
True,2017-08-14 14:32:38,lengthy,False,True,some commits
True,2017-08-14 15:07:34,medium,True,False,1 commit
True,2017-08-14 15:09:32,short,True,False,1 commit
True,2017-08-15 11:30:26,very short,True,False,some commits
True,2017-08-15 11:37:08,medium,True,False,some commits
True,2017-08-15 21:27:43,very short,True,False,1 commit
True,2017-08-16 21:26:05,medium,True,False,some commits
True,2017-08-17 03:46:22,lengthy,True,False,some commits
True,2017-08-17 04:53:22,very short,True,False,1 commit
True,2017-08-17 22:02:42,medium,True,False,1 commit
True,2017-08-18 10:37:43,medium,True,False,1 commit
True,2017-08-18 20:08:58,short,False,False,1 commit
True,2017-08-19 19:03:13,short,True,False,some commits
True,2017-08-20 16:16:12,short,True,False,1 commit
True,2017-08-21 04:39:40,short,True,False,some commits
True,2017-08-21 10:12:40,very short,False,True,1 commit
True,2017-08-21 19:46:24,medium,True,False,some commits
True,2017-08-21 21:55:36,lengthy,True,False,many commits
True,2017-08-22 04:39:07,very short,True,False,many commits
True,2017-08-22 07:19:04,medium,True,False,1 commit
True,2017-08-22 09:24:02,very short,True,False,some commits
True,2017-08-22 19:18:22,lengthy,True,False,many commits
True,2017-08-22 22:55:02,short,False,True,1 commit
True,2017-08-23 00:40:07,lengthy,True,False,1 commit
True,2017-08-23 05:26:03,very short,False,True,1 commit
True,2017-08-23 14:44:28,lengthy,False,True,1 commit
True,2017-08-23 14:59:07,very short,True,False,1 commit
True,2017-08-23 19:49:18,lengthy,True,False,some commits
True,2017-08-23 21:01:25,lengthy,True,False,1 commit
True,2017-08-24 03:01:44,lengthy,True,False,1 commit
False,2017-08-24 04:56:32,lengthy,False,False,some commits
True,2017-08-24 05:07:46,very short,True,False,1 commit
True,2017-08-24 18:11:50,very short,True,False,1 commit
True,2017-08-25 14:26:18,very short,True,False,1 commit
True,2017-08-26 01:27:02,lengthy,True,False,some commits
True,2017-08-26 07:13:35,very short,True,False,1 commit
True,2017-08-26 07:22:41,very short,True,False,1 commit
True,2017-08-26 14:06:43,short,True,False,1 commit
True,2017-08-26 16:09:42,short,True,False,some commits
True,2017-08-26 16:36:06,very short,True,False,some commits
True,2017-08-26 19:38:51,short,True,False,1 commit
True,2017-08-27 02:37:00,very short,True,False,1 commit
True,2017-08-27 02:54:39,very short,True,False,1 commit
True,2017-08-27 23:13:36,medium,True,False,many commits
True,2017-08-28 19:37:42,lengthy,True,False,1 commit
True,2017-08-29 01:55:54,very short,True,False,1 commit
True,2017-08-29 20:33:47,lengthy,True,False,some commits
True,2017-08-30 00:29:06,very short,True,False,1 commit
True,2017-08-30 01:41:34,very short,True,False,1 commit
True,2017-08-30 01:51:24,short,True,False,some commits
True,2017-08-30 01:56:13,short,True,False,some commits
True,2017-08-30 04:04:56,short,True,False,1 commit
True,2017-08-30 07:01:22,short,True,False,some commits
True,2017-08-31 01:05:29,lengthy,True,False,1 commit
True,2017-08-31 02:50:29,very short,True,False,1 commit
True,2017-08-31 08:30:50,very short,True,False,1 commit
True,2017-08-31 17:11:06,lengthy,False,False,many commits
True,2017-09-01 02:44:00,very short,True,False,some commits
True,2017-09-01 13:03:40,very short,True,False,1 commit
True,2017-09-02 08:28:43,lengthy,True,False,1 commit
True,2017-09-02 13:53:20,lengthy,True,False,many commits
True,2017-09-05 16:13:16,lengthy,True,False,some commits
True,2017-09-07 00:39:43,lengthy,True,False,1 commit
True,2017-09-08 12:28:01,lengthy,False,True,some commits
False,2017-09-08 23:13:53,lengthy,False,False,some commits
True,2017-09-09 07:43:56,lengthy,True,False,1 commit
True,2017-09-09 08:28:01,lengthy,True,False,1 commit
True,2017-09-12 21:11:54,very short,False,True,1 commit
True,2017-09-14 19:18:05,medium,False,False,many commits
True,2017-09-14 23:45:19,short,True,False,1 commit
True,2017-09-15 00:58:58,very short,False,False,1 commit
True,2017-09-15 12:26:50,very short,False,True,1 commit
True,2017-09-16 11:43:06,medium,True,False,some commits
True,2017-09-17 07:37:26,short,True,False,1 commit
True,2017-09-17 15:22:52,very short,True,False,some commits
True,2017-09-18 19:51:10,medium,True,False,many commits
True,2017-09-19 19:23:14,medium,True,False,many commits
True,2017-09-22 02:11:48,very short,True,False,1 commit
True,2017-09-24 18:28:56,very short,True,False,some commits
True,2017-09-25 06:24:09,lengthy,False,True,1 commit
True,2017-09-25 14:11:08,lengthy,True,False,1 commit
True,2017-09-25 15:58:11,very short,True,False,1 commit
True,2017-09-25 19:52:29,very short,True,False,1 commit
False,2017-09-26 00:01:31,lengthy,True,False,some commits
True,2017-09-26 03:55:29,very short,True,False,1 commit
True,2017-09-26 09:10:37,short,True,False,1 commit
True,2017-09-26 19:51:43,very short,True,False,some commits
True,2017-09-26 19:55:06,very short,True,False,some commits
True,2017-09-26 22:32:18,lengthy,True,False,some commits
True,2017-09-27 05:11:33,very short,True,False,some commits
False,2017-09-27 11:44:30,lengthy,False,True,many commits
True,2017-09-27 14:53:38,lengthy,False,True,some commits
True,2017-09-27 16:50:08,very short,True,False,1 commit
True,2017-09-28 22:17:53,very short,False,True,1 commit
True,2017-09-30 09:28:22,lengthy,True,False,some commits
True,2017-09-30 14:52:02,lengthy,False,True,some commits
True,2017-10-01 07:46:49,lengthy,True,False,many commits
True,2017-10-01 23:02:16,very short,False,True,1 commit
True,2017-10-02 00:40:47,very short,True,False,many commits
True,2017-10-02 04:18:31,medium,True,False,many commits
True,2017-10-02 07:12:58,lengthy,True,False,some commits
True,2017-10-02 19:48:39,very short,True,False,1 commit
True,2017-10-02 21:58:03,medium,False,False,1 commit
True,2017-10-03 04:33:32,very short,True,False,some commits
True,2017-10-03 14:01:21,very short,False,True,1 commit
True,2017-10-03 18:11:30,lengthy,True,False,some commits
True,2017-10-04 01:37:56,short,True,False,1 commit
True,2017-10-04 07:10:29,very short,True,False,1 commit
True,2017-10-04 12:26:15,medium,False,False,many commits
False,2017-10-04 23:20:20,medium,True,False,1 commit
True,2017-10-05 08:36:15,medium,True,False,some commits
True,2017-10-05 18:23:54,very short,True,False,1 commit
True,2017-10-05 20:59:07,very short,True,False,1 commit
True,2017-10-06 06:31:51,short,True,False,many commits
True,2017-10-06 07:05:33,lengthy,True,False,some commits
True,2017-10-06 07:09:36,lengthy,True,False,some commits
True,2017-10-06 20:19:59,very short,True,False,some commits
True,2017-10-06 21:37:14,lengthy,True,False,some commits
True,2017-10-06 22:16:19,short,True,False,1 commit
True,2017-10-06 23:14:02,lengthy,True,False,1 commit
True,2017-10-07 06:32:40,very short,True,False,1 commit
True,2017-10-07 07:06:51,lengthy,True,False,many commits
False,2017-10-07 09:05:27,lengthy,True,False,1 commit
True,2017-10-07 21:14:47,very short,False,True,some commits
True,2017-10-07 22:57:31,lengthy,True,False,1 commit
True,2017-10-08 04:14:55,lengthy,True,False,1 commit
True,2017-10-08 05:52:39,lengthy,True,False,1 commit
True,2017-10-08 06:21:48,lengthy,True,False,many commits
True,2017-10-08 07:07:22,lengthy,True,False,1 commit
False,2017-10-08 07:10:45,lengthy,True,False,some commits
True,2017-10-08 17:53:25,short,False,True,some commits
True,2017-10-08 19:30:46,lengthy,True,False,1 commit
False,2017-10-08 22:05:46,lengthy,False,True,1 commit
True,2017-10-09 06:50:33,very short,True,False,1 commit
True,2017-10-09 14:26:14,very short,False,True,1 commit
True,2017-10-09 18:03:12,short,True,False,some commits
False,2017-10-09 22:33:54,lengthy,True,False,many commits
True,2017-10-10 10:28:42,very short,True,False,1 commit
True,2017-10-10 11:52:17,very short,False,True,1 commit
True,2017-10-10 12:30:31,short,False,False,some commits
True,2017-10-10 18:00:00,medium,True,False,some commits
True,2017-10-10 23:24:22,very short,True,False,1 commit
True,2017-10-11 01:19:22,lengthy,False,True,many commits
True,2017-10-11 03:52:08,lengthy,True,False,some commits
True,2017-10-11 08:55:36,lengthy,True,False,some commits
True,2017-10-11 12:37:29,short,True,False,some commits
True,2017-10-11 13:30:07,medium,True,False,1 commit
True,2017-10-11 13:54:36,very short,True,False,some commits
True,2017-10-11 21:54:04,very short,True,False,1 commit
True,2017-10-11 22:08:51,very short,False,True,1 commit
True,2017-10-12 11:47:06,medium,False,False,many commits
True,2017-10-12 14:42:45,lengthy,False,True,some commits
True,2017-10-12 17:14:39,very short,True,False,some commits
True,2017-10-12 20:10:44,short,True,False,some commits
True,2017-10-12 22:20:35,lengthy,True,False,1 commit
True,2017-10-13 03:44:31,very short,True,False,1 commit
True,2017-10-13 09:01:10,lengthy,True,False,1 commit
True,2017-10-13 14:43:59,short,True,False,1 commit
True,2017-10-13 18:54:58,very short,True,False,1 commit
True,2017-10-13 19:07:45,very short,True,False,1 commit
True,2017-10-13 19:17:00,medium,False,True,some commits
True,2017-10-14 19:59:16,very short,True,False,1 commit
True,2017-10-14 20:12:20,very short,True,False,1 commit
True,2017-10-15 17:06:17,very short,True,False,1 commit
True,2017-10-15 17:15:57,very short,True,False,1 commit
True,2017-10-15 17:17:37,very short,False,False,1 commit
True,2017-10-15 18:47:26,very short,False,True,1 commit
True,2017-10-15 21:09:32,very short,True,False,1 commit
True,2017-10-15 22:43:20,very short,True,False,1 commit
True,2017-10-15 23:26:46,lengthy,True,False,many commits
True,2017-10-16 01:44:51,very short,True,False,some commits
True,2017-10-16 04:10:24,medium,True,False,1 commit
True,2017-10-16 04:19:42,very short,True,False,1 commit
True,2017-10-16 05:05:11,medium,True,False,1 commit
True,2017-10-16 06:35:42,lengthy,True,False,some commits
True,2017-10-16 07:28:57,very short,True,False,1 commit
True,2017-10-16 07:32:36,very short,True,False,1 commit
True,2017-10-16 09:05:54,very short,False,False,1 commit
True,2017-10-16 17:02:10,short,False,True,1 commit
True,2017-10-16 17:49:59,very short,True,False,1 commit
True,2017-10-16 17:54:42,very short,True,False,1 commit
True,2017-10-16 18:23:17,very short,True,False,1 commit
True,2017-10-16 18:31:50,very short,True,False,1 commit
True,2017-10-16 18:49:29,very short,True,False,some commits
True,2017-10-16 19:11:54,medium,False,True,1 commit
True,2017-10-16 19:58:01,very short,True,False,1 commit
True,2017-10-16 20:19:40,short,True,False,1 commit
True,2017-10-16 20:44:48,lengthy,True,False,1 commit
True,2017-10-16 21:26:12,very short,True,False,1 commit
True,2017-10-17 00:04:15,very short,True,False,1 commit
True,2017-10-17 02:14:56,very short,True,False,1 commit
True,2017-10-17 07:39:53,lengthy,True,False,1 commit
True,2017-10-17 13:47:01,short,False,True,some commits
True,2017-10-17 17:10:08,short,False,False,some commits
True,2017-10-17 17:52:24,lengthy,True,False,some commits
True,2017-10-17 21:39:22,very short,True,False,1 commit
True,2017-10-18 01:15:26,short,True,False,some commits
True,2017-10-18 04:00:31,very short,True,False,1 commit
True,2017-10-18 06:50:31,medium,False,True,1 commit
True,2017-10-18 16:46:39,very short,False,True,many commits
True,2017-10-18 19:32:43,very short,True,False,1 commit
True,2017-10-19 00:14:22,lengthy,True,False,many commits
True,2017-10-19 00:40:30,very short,True,False,1 commit
True,2017-10-19 03:43:31,medium,True,False,many commits
True,2017-10-19 07:33:59,short,False,True,some commits
False,2017-10-19 10:47:22,lengthy,False,False,some commits
True,2017-10-19 19:36:54,lengthy,True,False,some commits
True,2017-10-19 21:46:35,very short,True,False,1 commit
True,2017-10-19 23:25:33,short,True,False,1 commit
True,2017-10-20 07:21:38,very short,True,False,1 commit
True,2017-10-20 07:37:21,very short,True,False,1 commit
True,2017-10-20 15:58:28,very short,True,False,1 commit
True,2017-10-20 20:46:07,very short,True,False,some commits
True,2017-10-20 22:48:52,medium,True,False,1 commit
True,2017-10-21 04:22:09,lengthy,True,False,some commits
True,2017-10-21 18:36:33,very short,True,False,1 commit
True,2017-10-21 18:51:45,short,True,False,some commits
True,2017-10-21 18:54:34,very short,True,False,1 commit
True,2017-10-21 22:08:04,lengthy,True,False,some commits
True,2017-10-22 00:59:46,lengthy,True,False,some commits
True,2017-10-22 05:35:34,lengthy,True,False,some commits
True,2017-10-22 06:19:44,medium,True,False,1 commit
True,2017-10-22 10:48:14,very short,True,False,1 commit
True,2017-10-22 11:46:24,very short,True,False,1 commit
True,2017-10-22 12:45:42,medium,True,False,some commits
False,2017-10-22 17:06:30,medium,True,False,1 commit
True,2017-10-22 17:21:58,medium,False,True,some commits
True,2017-10-22 19:49:32,very short,True,False,1 commit
True,2017-10-23 00:18:02,medium,True,False,some commits
True,2017-10-23 03:14:36,medium,True,False,some commits
True,2017-10-23 08:05:32,medium,True,False,1 commit
True,2017-10-23 13:41:22,very short,False,True,1 commit
True,2017-10-23 16:28:04,very short,True,False,some commits
True,2017-10-24 00:09:35,very short,True,False,some commits
True,2017-10-24 06:42:12,very short,True,False,1 commit
True,2017-10-24 12:06:53,very short,True,False,1 commit
True,2017-10-24 19:32:30,very short,False,False,some commits
True,2017-10-24 20:09:01,lengthy,True,False,1 commit
True,2017-10-24 23:34:43,very short,True,False,1 commit
True,2017-10-25 05:04:51,very short,True,False,1 commit
True,2017-10-25 07:47:04,lengthy,True,False,1 commit
True,2017-10-25 09:03:10,lengthy,True,False,1 commit
True,2017-10-25 17:53:59,very short,True,False,some commits
True,2017-10-26 12:52:42,very short,True,False,1 commit
True,2017-10-26 17:54:19,lengthy,True,False,1 commit
True,2017-10-26 19:41:25,very short,False,True,1 commit
True,2017-10-27 12:01:14,very short,True,False,some commits
True,2017-10-28 07:54:31,lengthy,True,False,some commits
True,2017-10-28 08:13:28,short,True,False,1 commit
True,2017-10-28 15:25:29,very short,True,False,1 commit
True,2017-10-28 16:34:21,very short,True,False,some commits
True,2017-10-29 16:08:29,short,True,False,1 commit
True,2017-10-29 17:36:18,short,True,False,1 commit
True,2017-10-29 17:36:23,very short,False,False,1 commit
True,2017-10-29 19:01:34,very short,True,False,1 commit
True,2017-10-29 20:04:35,lengthy,True,False,1 commit
True,2017-10-30 01:12:03,very short,True,False,1 commit
True,2017-10-30 07:06:03,very short,True,False,1 commit
True,2017-10-30 20:39:26,very short,True,False,1 commit
True,2017-10-31 05:58:40,very short,True,False,1 commit
True,2017-10-31 06:13:38,lengthy,True,False,1 commit
True,2017-10-31 14:01:16,very short,True,False,1 commit
True,2017-10-31 21:09:47,lengthy,False,True,many commits
True,2017-10-31 21:21:22,very short,True,False,1 commit
True,2017-11-01 03:05:43,very short,False,True,1 commit
True,2017-11-01 08:27:24,short,True,False,some commits
True,2017-11-01 13:57:58,lengthy,True,False,some commits
True,2017-11-01 17:34:57,lengthy,True,False,some commits
True,2017-11-01 21:34:09,medium,True,False,1 commit
True,2017-11-02 01:38:38,very short,True,False,1 commit
True,2017-11-02 03:33:29,medium,True,False,some commits
True,2017-11-02 14:38:03,very short,False,True,1 commit
True,2017-11-02 20:10:03,lengthy,True,False,many commits
True,2017-11-03 03:36:47,lengthy,True,False,1 commit
True,2017-11-03 05:15:36,very short,True,False,1 commit
True,2017-11-03 23:16:54,very short,True,False,1 commit
True,2017-11-04 00:50:34,medium,True,False,some commits
True,2017-11-04 02:38:55,short,True,False,1 commit
True,2017-11-04 07:17:45,very short,True,False,1 commit
True,2017-11-04 17:45:00,medium,True,False,1 commit
True,2017-11-04 18:18:11,very short,True,False,1 commit
False,2017-11-04 18:18:22,lengthy,False,True,1 commit
True,2017-11-04 18:38:44,very short,True,False,1 commit
True,2017-11-04 22:55:49,very short,True,False,1 commit
True,2017-11-04 22:58:32,very short,True,False,1 commit
True,2017-11-06 06:49:22,short,True,False,some commits
True,2017-11-06 06:58:01,medium,True,False,some commits
True,2017-11-06 19:54:46,very short,True,False,1 commit
True,2017-11-06 21:18:58,very short,True,False,1 commit
True,2017-11-06 23:05:47,lengthy,True,False,some commits
True,2017-11-07 07:10:49,very short,True,False,1 commit
True,2017-11-07 17:40:46,short,True,False,1 commit
True,2017-11-07 23:29:59,medium,True,False,1 commit
True,2017-11-08 12:33:50,very short,True,False,1 commit
True,2017-11-08 21:36:05,medium,True,False,1 commit
True,2017-11-09 00:00:13,short,True,False,some commits
True,2017-11-09 07:52:36,very short,True,False,1 commit
True,2017-11-09 13:44:23,very short,True,False,1 commit
True,2017-11-09 16:03:56,very short,False,True,1 commit
True,2017-11-10 20:35:31,short,True,False,some commits
True,2017-11-11 01:45:21,very short,True,False,1 commit
True,2017-11-11 10:50:58,lengthy,True,False,1 commit
True,2017-11-11 20:51:23,very short,False,True,1 commit
True,2017-11-12 04:54:57,very short,True,False,1 commit
True,2017-11-12 17:39:41,very short,True,False,some commits
False,2017-11-12 20:28:14,lengthy,True,False,1 commit
True,2017-11-12 22:21:11,very short,False,True,1 commit
True,2017-11-13 00:12:13,medium,False,False,1 commit
True,2017-11-13 16:52:53,very short,True,False,1 commit
True,2017-11-13 19:17:30,short,True,False,1 commit
True,2017-11-13 19:41:12,medium,True,False,1 commit
True,2017-11-13 19:50:17,medium,True,False,many commits
True,2017-11-14 00:12:51,short,False,False,1 commit
True,2017-11-14 08:37:45,short,True,False,1 commit
True,2017-11-14 16:15:11,lengthy,True,False,some commits
True,2017-11-14 20:35:04,lengthy,True,False,many commits
True,2017-11-15 02:20:38,lengthy,True,False,some commits
True,2017-11-15 16:47:05,short,True,False,1 commit
True,2017-11-16 02:02:27,very short,True,False,1 commit
True,2017-11-16 03:57:56,very short,True,False,1 commit
True,2017-11-16 06:28:21,lengthy,True,False,many commits
True,2017-11-16 07:02:37,medium,True,False,some commits
True,2017-11-16 17:22:39,lengthy,True,False,1 commit
True,2017-11-16 18:40:08,very short,True,False,1 commit
True,2017-11-16 23:47:46,lengthy,True,False,1 commit
True,2017-11-17 04:03:03,medium,True,False,1 commit
True,2017-11-17 07:18:31,very short,True,False,1 commit
True,2017-11-18 22:45:31,medium,True,False,many commits
True,2017-11-19 03:21:40,lengthy,True,False,some commits
True,2017-11-19 20:03:34,short,True,False,1 commit
True,2017-11-19 21:33:12,very short,True,False,some commits
False,2017-11-21 15:14:50,very short,False,False,1 commit
True,2017-11-21 20:06:52,lengthy,True,False,1 commit
True,2017-11-21 20:14:43,medium,True,False,1 commit
True,2017-11-21 22:55:32,short,True,False,1 commit
True,2017-11-22 06:00:23,lengthy,True,False,some commits
True,2017-11-22 20:44:28,medium,True,False,1 commit
True,2017-11-23 16:03:06,short,True,False,some commits
True,2017-11-24 03:04:36,lengthy,True,False,many commits
True,2017-11-24 05:10:09,very short,True,False,1 commit
True,2017-11-24 11:00:32,very short,False,True,1 commit
True,2017-11-24 22:18:30,very short,True,False,1 commit
True,2017-11-24 22:23:32,very short,True,False,1 commit
True,2017-11-25 01:38:19,medium,True,False,1 commit
True,2017-11-25 17:21:14,lengthy,True,False,some commits
True,2017-11-26 05:51:49,very short,False,True,1 commit
True,2017-11-26 06:37:41,short,True,False,1 commit
True,2017-11-26 06:47:29,very short,True,False,1 commit
True,2017-11-26 09:27:33,short,True,False,1 commit
True,2017-11-27 03:34:17,medium,True,False,1 commit
True,2017-11-27 07:54:55,lengthy,True,False,1 commit
True,2017-11-27 19:24:19,very short,True,False,1 commit
True,2017-11-27 22:17:24,lengthy,False,False,many commits
True,2017-11-28 21:48:37,very short,False,False,1 commit
True,2017-11-29 00:25:37,very short,True,False,1 commit
False,2017-11-29 10:29:26,lengthy,True,False,some commits
True,2017-11-29 10:47:09,short,True,False,many commits
True,2017-11-29 21:36:47,lengthy,True,False,1 commit
True,2017-11-30 11:25:00,short,True,False,some commits
True,2017-12-01 03:20:57,very short,False,True,1 commit
True,2017-12-01 12:58:37,very short,True,False,1 commit
True,2017-12-01 16:28:01,very short,False,True,some commits
True,2017-12-01 18:24:09,very short,True,False,1 commit
True,2017-12-01 19:21:35,very short,True,False,some commits
True,2017-12-01 20:52:24,very short,True,False,1 commit
True,2017-12-02 07:55:53,lengthy,True,False,1 commit
True,2017-12-02 21:44:11,very short,True,False,some commits
True,2017-12-03 03:16:32,very short,True,False,1 commit
True,2017-12-03 09:21:14,short,True,False,1 commit
True,2017-12-03 20:53:20,very short,True,False,1 commit
True,2017-12-04 08:10:33,very short,False,True,1 commit
True,2017-12-04 17:53:26,very short,False,True,many commits
True,2017-12-05 01:31:12,very short,False,False,1 commit
True,2017-12-05 01:33:39,very short,True,False,1 commit
True,2017-12-05 02:10:16,short,False,False,1 commit
False,2017-12-05 04:04:02,short,False,False,some commits
True,2017-12-05 07:23:07,medium,True,False,1 commit
True,2017-12-05 16:20:45,very short,True,False,1 commit
True,2017-12-05 16:29:59,lengthy,True,False,some commits
True,2017-12-05 22:07:43,lengthy,True,False,some commits
True,2017-12-06 00:42:31,very short,False,False,1 commit
True,2017-12-06 11:09:33,very short,True,False,some commits
True,2017-12-06 13:06:46,medium,True,False,some commits
False,2017-12-06 15:40:17,lengthy,False,False,1 commit
True,2017-12-06 18:28:20,medium,True,False,1 commit
True,2017-12-07 00:37:18,medium,True,False,1 commit
True,2017-12-07 05:55:17,lengthy,False,False,1 commit
True,2017-12-08 10:35:31,medium,True,False,1 commit
True,2017-12-08 18:04:44,short,True,False,1 commit
True,2017-12-08 18:42:23,lengthy,True,False,1 commit
True,2017-12-08 20:02:56,medium,True,False,1 commit
True,2017-12-09 20:16:11,short,True,False,1 commit
True,2017-12-10 17:01:26,short,True,False,1 commit
True,2017-12-10 17:40:52,short,True,False,1 commit
True,2017-12-11 15:58:08,lengthy,True,False,1 commit
True,2017-12-12 10:48:11,very short,False,True,1 commit
True,2017-12-12 20:54:19,very short,True,False,1 commit
True,2017-12-12 22:50:27,lengthy,True,False,1 commit
True,2017-12-12 23:25:11,short,True,False,some commits
True,2017-12-13 06:36:15,lengthy,True,False,many commits
True,2017-12-13 06:59:35,lengthy,True,False,1 commit
True,2017-12-13 08:01:42,lengthy,True,False,some commits
True,2017-12-13 22:15:39,medium,True,False,some commits
True,2017-12-13 22:48:12,very short,True,False,1 commit
True,2017-12-14 00:25:38,medium,True,False,1 commit
True,2017-12-14 00:52:48,medium,True,False,some commits
True,2017-12-14 07:40:27,lengthy,True,False,some commits
True,2017-12-14 16:22:29,very short,False,False,1 commit
True,2017-12-14 16:47:16,short,True,False,some commits
True,2017-12-14 22:25:21,lengthy,True,False,1 commit
False,2017-12-14 23:46:17,lengthy,False,False,1 commit
True,2017-12-15 00:53:40,very short,True,False,1 commit
True,2017-12-15 22:14:44,short,True,False,1 commit
True,2017-12-16 04:22:37,lengthy,True,False,1 commit
True,2017-12-16 04:40:03,medium,True,False,1 commit
True,2017-12-16 17:23:05,short,True,False,some commits
True,2017-12-16 17:43:01,medium,True,False,some commits
True,2017-12-16 19:22:48,short,True,False,some commits
True,2017-12-17 11:15:52,medium,False,True,1 commit
True,2017-12-17 12:32:58,medium,True,False,some commits
True,2017-12-17 23:49:15,lengthy,True,False,1 commit
True,2017-12-19 02:38:38,very short,True,False,some commits
True,2017-12-19 19:37:40,lengthy,True,False,some commits
False,2017-12-19 20:34:47,lengthy,False,False,some commits
True,2017-12-20 00:49:29,lengthy,True,False,some commits
False,2017-12-20 13:41:28,lengthy,False,True,1 commit
True,2017-12-21 00:34:42,short,True,False,1 commit
True,2017-12-21 14:07:33,lengthy,False,False,many commits
True,2017-12-22 06:52:45,very short,True,False,1 commit
True,2017-12-22 18:10:52,lengthy,False,True,many commits
True,2017-12-22 20:45:29,lengthy,True,False,some commits
True,2017-12-24 18:37:54,medium,True,False,1 commit
True,2017-12-24 23:16:45,lengthy,True,False,1 commit
True,2017-12-25 20:17:56,lengthy,True,False,1 commit
True,2017-12-26 02:48:03,medium,True,False,1 commit
True,2017-12-26 03:03:40,lengthy,True,False,some commits
True,2017-12-26 03:05:06,short,True,False,1 commit
True,2017-12-26 03:09:52,short,True,False,1 commit
True,2017-12-26 03:26:49,medium,True,False,1 commit
True,2017-12-26 03:50:15,short,True,False,1 commit
True,2017-12-26 03:57:16,medium,True,False,1 commit
True,2017-12-26 04:31:59,short,True,False,1 commit
True,2017-12-26 04:35:46,very short,True,False,1 commit
True,2017-12-26 04:59:36,very short,True,False,1 commit
True,2017-12-26 14:20:06,lengthy,True,False,1 commit
True,2017-12-26 14:28:08,very short,True,False,1 commit
True,2017-12-26 16:42:11,very short,True,False,1 commit
True,2017-12-26 21:13:56,short,True,False,some commits
True,2017-12-26 22:01:47,very short,True,False,1 commit
True,2017-12-26 22:53:01,very short,True,False,1 commit
True,2017-12-26 23:08:22,short,True,False,1 commit
True,2017-12-27 01:05:45,very short,True,False,some commits
True,2017-12-27 01:10:00,lengthy,True,False,1 commit
True,2017-12-27 01:28:28,very short,True,False,1 commit
True,2017-12-27 05:17:46,lengthy,False,True,many commits
True,2017-12-27 15:35:49,short,True,False,1 commit
True,2017-12-27 18:50:45,lengthy,True,False,1 commit
True,2017-12-27 18:53:32,very short,True,False,1 commit
True,2017-12-29 02:03:23,medium,True,False,some commits
True,2017-12-29 03:09:03,lengthy,True,False,some commits
True,2017-12-29 05:15:35,short,True,False,1 commit
True,2017-12-29 05:53:01,very short,True,False,1 commit
True,2017-12-29 06:18:12,medium,False,False,some commits
True,2017-12-29 19:32:45,short,True,False,1 commit
True,2017-12-30 00:26:19,lengthy,True,False,1 commit
True,2017-12-30 06:16:25,very short,True,False,1 commit
True,2017-12-31 13:59:06,very short,True,False,some commits
True,2017-12-31 14:01:25,lengthy,True,False,1 commit
True,2017-12-31 19:29:37,medium,True,False,many commits
True,2017-12-31 23:23:26,short,True,False,1 commit
True,2018-01-01 03:12:59,medium,True,False,1 commit
True,2018-01-03 10:13:31,medium,False,False,some commits
True,2018-01-03 20:35:26,short,True,False,some commits
True,2018-01-03 22:03:42,very short,True,False,1 commit
True,2018-01-04 00:57:47,lengthy,True,False,some commits
True,2018-01-04 04:05:54,very short,True,False,1 commit
True,2018-01-04 09:38:29,lengthy,True,False,1 commit
True,2018-01-04 12:03:38,short,True,False,1 commit
True,2018-01-04 21:19:47,short,True,False,1 commit
True,2018-01-05 09:59:33,lengthy,True,False,1 commit
True,2018-01-05 10:32:46,very short,True,False,1 commit
True,2018-01-05 13:18:45,very short,True,False,1 commit
True,2018-01-05 13:30:11,very short,True,False,some commits
True,2018-01-05 18:24:48,very short,True,False,1 commit
True,2018-01-06 04:05:19,very short,True,False,1 commit
True,2018-01-06 05:26:12,very short,True,False,some commits
True,2018-01-06 09:20:36,very short,True,False,some commits
True,2018-01-06 11:26:24,short,True,False,1 commit
True,2018-01-06 19:26:27,short,True,False,1 commit
True,2018-01-06 22:46:12,very short,True,False,1 commit
True,2018-01-07 03:12:32,short,True,False,1 commit
True,2018-01-07 04:59:41,medium,True,False,some commits
True,2018-01-07 20:26:48,short,True,False,1 commit
True,2018-01-07 20:41:00,short,True,False,1 commit
True,2018-01-07 21:34:21,short,False,False,1 commit
True,2018-01-08 01:47:21,very short,True,False,some commits
True,2018-01-08 07:05:51,very short,True,False,1 commit
True,2018-01-08 07:44:36,very short,True,False,1 commit
True,2018-01-08 08:41:09,medium,True,False,1 commit
True,2018-01-08 16:49:51,very short,True,False,1 commit
True,2018-01-09 13:38:14,lengthy,True,False,1 commit
True,2018-01-09 17:48:35,medium,True,False,some commits
True,2018-01-09 18:07:06,very short,True,False,1 commit
True,2018-01-09 22:44:42,lengthy,False,False,some commits
True,2018-01-10 01:05:10,lengthy,True,False,1 commit
True,2018-01-10 01:39:52,lengthy,True,False,some commits
True,2018-01-10 02:24:21,lengthy,True,False,1 commit
True,2018-01-10 02:42:32,lengthy,True,False,many commits
True,2018-01-10 03:07:54,very short,True,False,1 commit
True,2018-01-10 03:09:48,very short,True,False,1 commit
True,2018-01-10 03:17:44,lengthy,True,False,1 commit
True,2018-01-10 06:31:53,very short,True,False,many commits
True,2018-01-10 12:54:11,medium,True,False,some commits
True,2018-01-10 13:53:03,lengthy,False,True,1 commit
False,2018-01-10 21:09:25,very short,True,False,1 commit
True,2018-01-10 22:47:40,lengthy,True,False,1 commit
True,2018-01-11 02:44:23,lengthy,True,False,1 commit
True,2018-01-11 04:35:16,very short,True,False,1 commit
True,2018-01-11 06:00:25,lengthy,True,False,1 commit
True,2018-01-11 07:38:58,very short,True,False,1 commit
True,2018-01-11 07:55:49,medium,True,False,1 commit
True,2018-01-11 10:12:59,lengthy,False,True,some commits
True,2018-01-13 14:04:23,lengthy,False,True,many commits
True,2018-01-13 16:51:53,medium,True,False,1 commit
False,2018-01-13 23:09:49,lengthy,False,False,some commits
True,2018-01-14 00:13:20,lengthy,True,False,some commits
True,2018-01-14 02:58:37,short,True,False,some commits
True,2018-01-14 05:33:23,short,True,False,1 commit
True,2018-01-14 05:44:37,very short,True,False,1 commit
True,2018-01-15 03:15:04,medium,True,False,1 commit
True,2018-01-15 20:29:36,very short,True,False,1 commit
True,2018-01-16 00:01:03,very short,True,False,1 commit
True,2018-01-16 00:41:50,very short,True,False,1 commit
True,2018-01-16 08:16:23,lengthy,True,False,1 commit
True,2018-01-16 14:51:13,very short,True,False,1 commit
True,2018-01-16 19:25:51,short,True,False,some commits
True,2018-01-16 19:55:59,short,False,True,1 commit
True,2018-01-16 23:15:43,very short,True,False,some commits
True,2018-01-18 20:47:36,medium,False,False,some commits
True,2018-01-20 08:17:51,very short,False,False,1 commit
True,2018-01-21 13:36:56,lengthy,True,False,some commits
False,2018-01-21 16:03:03,lengthy,False,True,some commits
True,2018-01-21 19:00:53,lengthy,True,False,1 commit
True,2018-01-21 19:57:23,lengthy,True,False,some commits
True,2018-01-21 23:04:09,very short,True,False,1 commit
True,2018-01-21 23:25:56,medium,True,False,1 commit
True,2018-01-22 00:14:30,medium,True,False,1 commit
True,2018-01-22 00:17:14,very short,True,False,1 commit
True,2018-01-22 01:11:54,short,True,False,1 commit
True,2018-01-22 02:07:56,very short,True,False,1 commit
True,2018-01-22 18:27:50,very short,True,False,1 commit
True,2018-01-22 21:14:54,short,True,False,1 commit
True,2018-01-23 00:15:33,short,True,False,1 commit
True,2018-01-23 00:58:24,lengthy,True,False,some commits
True,2018-01-23 01:54:56,lengthy,True,False,1 commit
True,2018-01-23 03:18:43,lengthy,True,False,1 commit
True,2018-01-23 03:42:36,lengthy,True,False,1 commit
True,2018-01-23 06:32:32,medium,True,False,1 commit
True,2018-01-23 11:09:45,short,True,False,1 commit
True,2018-01-23 11:18:07,short,True,False,1 commit
True,2018-01-23 16:40:39,very short,False,False,1 commit
True,2018-01-23 22:05:19,lengthy,False,True,many commits
True,2018-01-23 23:04:48,very short,True,False,1 commit
True,2018-01-24 02:21:47,medium,True,False,1 commit
True,2018-01-24 09:05:15,short,True,False,1 commit
True,2018-01-24 12:01:29,very short,True,False,1 commit
True,2018-01-24 21:32:59,very short,True,False,1 commit
True,2018-01-24 21:50:59,lengthy,True,False,1 commit
True,2018-01-25 05:27:20,very short,True,False,many commits
True,2018-01-25 09:34:07,lengthy,False,True,many commits
True,2018-01-25 22:30:33,lengthy,True,False,1 commit
True,2018-01-26 01:16:43,very short,True,False,1 commit
True,2018-01-26 05:25:09,medium,True,False,1 commit
True,2018-01-26 06:07:28,very short,True,False,1 commit
True,2018-01-26 08:15:49,medium,True,False,1 commit
True,2018-01-26 08:28:02,very short,True,False,1 commit
True,2018-01-27 07:30:46,very short,True,False,1 commit
True,2018-01-27 08:03:03,short,True,False,1 commit
True,2018-01-27 20:03:23,very short,True,False,1 commit
True,2018-01-27 20:55:53,very short,True,False,1 commit
True,2018-01-27 23:28:56,short,True,False,some commits
True,2018-01-28 00:13:48,lengthy,True,False,1 commit
True,2018-01-28 08:37:35,short,True,False,1 commit
True,2018-01-28 20:49:54,lengthy,True,False,1 commit
True,2018-01-28 21:18:00,very short,False,False,some commits
True,2018-01-30 07:13:26,very short,True,False,some commits
True,2018-01-30 08:10:21,very short,True,False,1 commit
True,2018-01-30 18:50:30,very short,True,False,some commits
True,2018-01-30 20:13:07,lengthy,False,False,1 commit
True,2018-01-31 03:33:50,very short,True,False,1 commit
True,2018-01-31 05:00:42,very short,True,False,1 commit
True,2018-01-31 06:05:13,very short,True,False,1 commit
True,2018-01-31 16:12:27,lengthy,False,False,1 commit
True,2018-02-01 12:00:59,very short,True,False,1 commit
True,2018-02-01 16:41:55,very short,False,True,1 commit
True,2018-02-01 18:28:04,very short,False,False,some commits
True,2018-02-01 22:59:39,lengthy,True,False,1 commit
True,2018-02-01 23:52:34,medium,True,False,some commits
True,2018-02-02 05:23:38,very short,True,False,1 commit
True,2018-02-02 15:30:12,medium,True,False,some commits
True,2018-02-02 17:46:49,short,True,False,some commits
True,2018-02-03 15:58:56,lengthy,True,False,some commits
True,2018-02-04 19:12:11,medium,False,False,some commits
True,2018-02-05 01:44:11,very short,True,False,1 commit
True,2018-02-06 01:04:12,lengthy,True,False,many commits
True,2018-02-06 06:55:54,medium,True,False,some commits
True,2018-02-06 18:59:02,very short,True,False,1 commit
True,2018-02-07 14:55:41,short,True,True,1 commit
True,2018-02-07 15:25:00,short,True,False,some commits
True,2018-02-07 17:16:34,medium,True,False,some commits
True,2018-02-08 00:22:48,very short,True,False,1 commit
True,2018-02-08 06:17:32,very short,False,True,1 commit
True,2018-02-08 08:58:00,medium,True,False,1 commit
True,2018-02-08 16:55:52,short,True,False,1 commit
True,2018-02-08 18:18:37,lengthy,True,False,some commits
True,2018-02-08 23:42:58,very short,True,False,1 commit
True,2018-02-09 04:12:16,lengthy,True,False,many commits
False,2018-02-09 07:09:28,very short,True,False,1 commit
True,2018-02-09 12:10:55,very short,True,False,some commits
True,2018-02-09 17:02:53,short,True,False,1 commit
True,2018-02-10 16:23:31,lengthy,True,False,some commits
True,2018-02-10 17:18:50,very short,True,False,1 commit
False,2018-02-10 19:05:39,lengthy,True,False,some commits
True,2018-02-10 22:13:16,very short,True,False,some commits
True,2018-02-10 23:16:38,very short,True,False,some commits
True,2018-02-11 13:20:15,very short,False,False,1 commit
True,2018-02-11 16:02:41,very short,False,False,many commits
True,2018-02-11 19:27:31,very short,True,False,1 commit
True,2018-02-11 21:23:17,very short,False,False,1 commit
True,2018-02-11 22:04:33,short,True,False,1 commit
True,2018-02-12 03:42:12,short,True,False,many commits
True,2018-02-12 03:56:01,lengthy,True,False,many commits
True,2018-02-12 06:03:01,very short,True,False,some commits
True,2018-02-12 06:23:17,lengthy,True,False,1 commit
True,2018-02-12 07:05:00,medium,True,False,some commits
True,2018-02-12 07:30:18,short,True,False,some commits
True,2018-02-12 09:48:25,medium,True,False,some commits
True,2018-02-12 19:24:36,lengthy,True,False,1 commit
True,2018-02-12 19:26:08,medium,True,False,1 commit
True,2018-02-13 00:48:41,short,True,False,1 commit
True,2018-02-13 15:17:15,very short,True,False,1 commit
True,2018-02-13 16:19:49,very short,True,False,1 commit
True,2018-02-13 16:27:59,lengthy,True,False,1 commit
True,2018-02-13 18:08:02,very short,False,True,1 commit
True,2018-02-13 18:32:14,lengthy,True,False,many commits
True,2018-02-14 02:15:17,very short,True,False,1 commit
True,2018-02-14 02:57:43,short,True,False,1 commit
True,2018-02-14 09:29:18,short,True,False,some commits
True,2018-02-14 17:25:40,lengthy,True,False,some commits
True,2018-02-14 17:25:57,very short,True,False,1 commit
True,2018-02-14 17:33:04,very short,False,True,1 commit
True,2018-02-14 18:13:27,medium,False,True,1 commit
True,2018-02-14 20:09:05,very short,True,False,1 commit
True,2018-02-15 01:18:17,very short,False,False,1 commit
True,2018-02-15 02:03:45,very short,True,False,1 commit
True,2018-02-15 02:05:30,short,True,False,some commits
True,2018-02-15 02:08:20,medium,True,False,some commits
True,2018-02-15 03:56:34,short,True,False,1 commit
True,2018-02-15 09:54:09,lengthy,True,False,some commits
True,2018-02-15 13:27:45,short,False,True,1 commit
True,2018-02-15 16:42:31,short,False,False,some commits
True,2018-02-15 18:33:58,lengthy,True,False,1 commit
True,2018-02-15 22:39:41,medium,True,False,1 commit
True,2018-02-15 23:36:08,lengthy,True,False,some commits
True,2018-02-15 23:44:14,short,True,False,some commits
False,2018-02-16 02:36:42,lengthy,False,True,1 commit
False,2018-02-16 02:55:16,lengthy,False,True,many commits
True,2018-02-16 05:27:02,very short,True,False,1 commit
True,2018-02-16 10:06:14,very short,True,False,1 commit
True,2018-02-16 23:13:21,very short,True,False,1 commit
True,2018-02-17 01:49:56,lengthy,True,False,many commits
True,2018-02-17 04:34:13,lengthy,True,False,1 commit
True,2018-02-17 05:21:52,short,True,False,1 commit
True,2018-02-17 08:15:24,lengthy,True,False,1 commit
True,2018-02-17 08:38:00,lengthy,True,False,1 commit
True,2018-02-17 22:17:33,very short,False,True,1 commit
True,2018-02-17 22:55:46,short,True,False,1 commit
True,2018-02-18 09:10:24,lengthy,True,False,1 commit
True,2018-02-18 14:59:24,very short,True,False,some commits
True,2018-02-18 19:22:00,short,True,False,1 commit
True,2018-02-18 21:58:29,short,True,False,1 commit
True,2018-02-19 05:45:05,very short,True,False,1 commit
True,2018-02-19 08:31:03,very short,True,False,1 commit
True,2018-02-19 12:42:16,medium,False,False,many commits
True,2018-02-19 17:05:22,lengthy,True,False,1 commit
True,2018-02-19 17:43:41,very short,True,False,1 commit
True,2018-02-19 21:22:55,very short,True,False,1 commit
True,2018-02-19 21:39:10,very short,True,False,1 commit
True,2018-02-20 01:29:05,very short,True,False,1 commit
True,2018-02-20 02:12:02,lengthy,True,False,1 commit
True,2018-02-20 09:32:25,lengthy,True,False,1 commit
True,2018-02-20 15:26:37,medium,False,True,many commits
True,2018-02-20 19:52:20,very short,False,False,some commits
True,2018-02-20 23:35:33,very short,True,False,1 commit
True,2018-02-21 01:23:41,very short,True,False,1 commit
True,2018-02-21 03:47:16,medium,True,False,1 commit
True,2018-02-21 18:29:48,medium,True,False,1 commit
True,2018-02-21 22:42:47,lengthy,True,False,1 commit
True,2018-02-21 22:58:52,short,True,False,some commits
True,2018-02-22 06:48:00,lengthy,True,False,1 commit
True,2018-02-22 14:32:56,medium,True,False,many commits
True,2018-02-22 18:51:03,medium,False,True,many commits
True,2018-02-23 03:00:39,short,True,False,1 commit
True,2018-02-23 03:27:53,short,True,False,1 commit
False,2018-02-23 20:27:55,lengthy,False,True,many commits
True,2018-02-23 23:44:25,very short,True,False,1 commit
True,2018-02-24 00:08:36,very short,True,False,some commits
True,2018-02-24 02:51:45,short,False,False,some commits
True,2018-02-24 18:07:53,very short,False,True,some commits
True,2018-02-24 23:07:03,lengthy,True,False,1 commit
True,2018-02-24 23:24:24,very short,True,False,1 commit
True,2018-02-25 01:25:58,very short,True,False,some commits
True,2018-02-25 01:45:43,medium,True,False,some commits
True,2018-02-25 04:56:33,medium,True,False,1 commit
True,2018-02-25 16:08:12,very short,True,False,some commits
True,2018-02-25 17:43:29,medium,True,False,some commits
True,2018-02-26 00:39:21,medium,True,False,some commits
True,2018-02-26 00:55:36,short,True,False,1 commit
True,2018-02-26 04:54:32,very short,True,False,1 commit
True,2018-02-26 06:41:05,lengthy,True,False,1 commit
True,2018-02-26 08:50:41,medium,True,False,some commits
True,2018-02-26 09:11:02,lengthy,True,False,some commits
True,2018-02-26 21:33:38,medium,True,False,many commits
True,2018-02-27 02:19:53,very short,True,False,1 commit
True,2018-02-27 02:25:09,very short,True,False,1 commit
True,2018-02-27 17:36:35,medium,False,False,1 commit
True,2018-02-27 20:58:02,very short,True,False,1 commit
True,2018-02-27 22:03:24,short,False,True,many commits
True,2018-02-27 22:20:16,short,False,False,some commits
True,2018-02-28 00:58:40,very short,True,False,1 commit
True,2018-02-28 04:47:05,very short,True,False,1 commit
True,2018-02-28 17:07:20,short,True,False,some commits
True,2018-02-28 17:56:28,short,True,False,1 commit
True,2018-02-28 18:04:52,short,False,False,1 commit
True,2018-03-01 01:33:00,short,True,False,1 commit
True,2018-03-01 01:38:43,medium,True,False,1 commit
True,2018-03-01 17:34:26,short,True,False,1 commit
True,2018-03-01 21:47:15,very short,True,False,1 commit
True,2018-03-02 01:34:33,very short,True,False,1 commit
False,2018-03-02 15:42:21,short,True,False,some commits
True,2018-03-03 00:02:30,short,True,False,1 commit
True,2018-03-03 00:46:25,short,True,False,1 commit
True,2018-03-03 02:27:56,very short,True,False,1 commit
True,2018-03-03 05:36:37,short,True,False,1 commit
True,2018-03-03 09:48:32,very short,True,False,1 commit
True,2018-03-03 15:07:07,very short,True,False,1 commit
True,2018-03-03 17:53:57,lengthy,True,False,some commits
True,2018-03-03 22:06:56,very short,True,False,some commits
True,2018-03-04 00:33:59,short,True,False,1 commit
True,2018-03-04 09:33:46,very short,True,False,1 commit
True,2018-03-05 04:45:16,lengthy,True,False,1 commit
True,2018-03-05 04:51:46,very short,True,False,1 commit
True,2018-03-05 14:29:45,short,True,False,some commits
True,2018-03-05 17:17:02,lengthy,False,False,many commits
True,2018-03-05 18:37:52,lengthy,False,False,some commits
True,2018-03-05 19:44:03,medium,True,False,1 commit
True,2018-03-05 20:54:21,lengthy,True,False,1 commit
True,2018-03-05 21:02:10,short,True,False,1 commit
True,2018-03-05 21:17:00,lengthy,True,False,some commits
False,2018-03-05 22:50:01,very short,False,True,some commits
True,2018-03-06 05:01:14,lengthy,True,False,1 commit
True,2018-03-06 05:44:17,short,True,False,1 commit
True,2018-03-06 10:13:22,very short,True,False,1 commit
True,2018-03-06 20:28:36,very short,True,False,1 commit
True,2018-03-07 01:01:26,very short,True,False,1 commit
True,2018-03-07 12:24:53,medium,False,True,many commits
True,2018-03-07 19:36:05,lengthy,True,False,1 commit
True,2018-03-07 20:36:46,very short,True,False,1 commit
True,2018-03-08 02:45:33,medium,False,True,many commits
True,2018-03-08 03:43:28,medium,True,False,1 commit
True,2018-03-08 04:47:08,lengthy,True,False,some commits
False,2018-03-08 13:55:32,medium,False,True,1 commit
True,2018-03-08 18:27:02,very short,True,False,1 commit
True,2018-03-08 20:31:41,medium,True,False,1 commit
True,2018-03-08 20:39:36,medium,True,False,1 commit
True,2018-03-08 20:51:14,medium,True,False,1 commit
True,2018-03-08 21:55:52,medium,True,False,1 commit
True,2018-03-08 23:32:26,very short,False,True,many commits
True,2018-03-09 01:54:11,very short,False,True,some commits
True,2018-03-09 05:23:32,very short,False,True,1 commit
True,2018-03-09 08:09:09,very short,True,False,1 commit
True,2018-03-09 15:06:13,medium,True,False,some commits
True,2018-03-09 15:51:53,short,True,False,1 commit
True,2018-03-09 22:51:16,lengthy,False,True,many commits
False,2018-03-10 22:54:46,short,False,True,1 commit
True,2018-03-11 17:36:11,short,False,False,some commits
True,2018-03-11 18:55:12,very short,True,False,1 commit
True,2018-03-12 00:15:00,very short,True,False,1 commit
True,2018-03-12 03:30:13,short,False,True,some commits
True,2018-03-13 02:24:45,short,False,True,1 commit
True,2018-03-13 16:40:49,very short,True,False,some commits
True,2018-03-13 17:23:21,very short,True,False,some commits
True,2018-03-13 18:33:34,short,False,True,1 commit
True,2018-03-13 18:59:52,short,True,False,1 commit
True,2018-03-14 01:47:33,very short,True,False,some commits
True,2018-03-14 02:01:59,lengthy,True,False,some commits
True,2018-03-14 06:55:33,medium,True,False,some commits
True,2018-03-14 10:38:09,lengthy,False,False,many commits
True,2018-03-14 11:14:39,short,False,True,some commits
True,2018-03-14 19:22:21,short,True,False,some commits
True,2018-03-15 02:39:51,lengthy,False,True,1 commit
True,2018-03-15 10:08:19,very short,True,False,1 commit
False,2018-03-15 17:27:59,lengthy,False,True,many commits
True,2018-03-15 17:41:51,medium,False,True,some commits
True,2018-03-15 19:22:16,lengthy,True,False,some commits
True,2018-03-15 19:22:53,short,True,False,some commits
True,2018-03-15 22:05:07,medium,True,False,some commits
False,2018-03-15 22:13:09,very short,False,True,many commits
True,2018-03-16 00:40:47,very short,True,False,some commits
True,2018-03-16 01:11:12,very short,True,False,1 commit
True,2018-03-16 01:21:45,very short,True,False,1 commit
False,2018-03-16 05:42:52,lengthy,False,True,some commits
True,2018-03-16 07:35:00,medium,False,True,some commits
True,2018-03-16 19:40:00,very short,True,False,1 commit
True,2018-03-16 23:45:54,very short,True,False,1 commit
True,2018-03-17 08:51:19,very short,True,False,1 commit
True,2018-03-17 08:58:32,short,True,False,1 commit
False,2018-03-17 14:02:14,lengthy,False,False,many commits
True,2018-03-17 23:18:12,short,True,False,1 commit
True,2018-03-17 23:35:53,short,True,False,some commits
True,2018-03-18 00:10:45,short,True,False,1 commit
True,2018-03-18 04:07:12,very short,True,False,1 commit
True,2018-03-18 14:41:44,very short,True,False,1 commit
True,2018-03-18 17:47:40,very short,True,False,1 commit
True,2018-03-18 18:20:29,medium,True,False,1 commit
True,2018-03-18 20:20:11,very short,True,False,1 commit
True,2018-03-19 00:22:23,short,True,False,1 commit
True,2018-03-19 03:47:10,very short,True,False,some commits
True,2018-03-19 09:00:01,very short,True,False,1 commit
True,2018-03-19 09:28:08,very short,True,False,1 commit
True,2018-03-19 17:27:57,lengthy,True,False,1 commit
True,2018-03-20 07:19:06,short,True,False,1 commit
True,2018-03-20 07:20:26,short,True,False,1 commit
True,2018-03-20 20:45:47,very short,True,False,some commits
True,2018-03-21 03:20:59,lengthy,True,False,many commits
True,2018-03-21 06:40:59,very short,True,False,1 commit
True,2018-03-21 15:49:57,very short,True,False,1 commit
True,2018-03-21 17:03:02,lengthy,True,False,1 commit
True,2018-03-21 23:53:59,very short,True,False,1 commit
True,2018-03-22 00:28:56,short,True,False,1 commit
False,2018-03-22 03:07:55,very short,False,True,1 commit
True,2018-03-22 17:25:07,medium,True,False,some commits
True,2018-03-22 20:00:14,medium,True,False,1 commit
True,2018-03-23 01:08:44,very short,True,False,1 commit
True,2018-03-23 05:24:01,very short,True,False,1 commit
True,2018-03-23 07:37:45,medium,True,False,1 commit
True,2018-03-23 07:43:29,lengthy,True,False,some commits
True,2018-03-25 03:58:08,very short,True,False,1 commit
True,2018-03-25 17:06:52,very short,False,True,some commits
True,2018-03-26 23:46:35,very short,True,False,1 commit
True,2018-03-27 00:19:57,lengthy,True,False,1 commit
True,2018-03-27 16:16:19,very short,False,False,1 commit
True,2018-03-27 17:41:50,very short,False,False,1 commit
True,2018-03-27 19:23:25,very short,True,False,1 commit
True,2018-03-27 22:59:30,medium,True,False,1 commit
True,2018-03-27 23:17:51,lengthy,True,False,1 commit
True,2018-03-27 23:18:03,very short,True,False,1 commit
True,2018-03-27 23:21:33,very short,True,False,1 commit
True,2018-03-27 23:43:17,very short,True,False,1 commit
True,2018-03-28 00:09:25,very short,True,False,1 commit
True,2018-03-28 00:29:37,short,True,False,1 commit
True,2018-03-28 01:27:59,very short,True,False,1 commit
True,2018-03-28 01:54:40,short,True,False,1 commit
True,2018-03-28 04:17:20,very short,True,False,1 commit
True,2018-03-28 07:38:16,lengthy,True,False,1 commit
True,2018-03-28 18:00:15,lengthy,True,False,some commits
True,2018-03-28 21:17:48,very short,False,True,1 commit
True,2018-03-28 21:44:54,very short,True,False,1 commit
True,2018-03-29 04:03:54,short,False,False,many commits
True,2018-03-29 04:05:16,medium,True,False,some commits
True,2018-03-30 04:04:48,very short,True,False,1 commit
True,2018-03-30 21:57:32,short,True,False,1 commit
True,2018-03-31 02:29:35,lengthy,True,False,many commits
True,2018-03-31 05:36:47,very short,True,False,1 commit
True,2018-03-31 18:39:49,very short,False,True,1 commit
True,2018-04-01 00:33:52,lengthy,True,False,1 commit
True,2018-04-01 02:20:31,lengthy,True,False,1 commit
True,2018-04-01 04:48:01,very short,True,False,1 commit
True,2018-04-01 07:02:01,lengthy,True,False,1 commit
True,2018-04-01 18:09:46,very short,True,False,some commits
False,2018-04-02 05:28:03,lengthy,True,False,some commits
True,2018-04-02 10:56:56,short,True,False,1 commit
True,2018-04-02 12:47:46,very short,False,False,some commits
False,2018-04-02 20:35:15,short,False,False,some commits
True,2018-04-03 04:15:24,lengthy,True,False,some commits
True,2018-04-03 15:57:23,lengthy,True,False,some commits
True,2018-04-03 18:49:03,very short,True,False,1 commit
True,2018-04-03 22:21:05,short,False,False,some commits
True,2018-04-04 05:40:53,lengthy,True,False,1 commit
True,2018-04-04 06:12:04,very short,True,False,1 commit
True,2018-04-04 23:30:55,very short,True,False,1 commit
True,2018-04-05 12:43:04,very short,True,False,1 commit
True,2018-04-06 00:52:40,lengthy,False,True,many commits
True,2018-04-06 01:20:13,lengthy,True,False,1 commit
True,2018-04-06 05:48:23,very short,True,False,1 commit
True,2018-04-06 13:12:54,very short,True,False,1 commit
True,2018-04-06 23:47:19,very short,True,False,1 commit
True,2018-04-07 23:02:57,lengthy,True,False,some commits
True,2018-04-08 00:18:23,lengthy,True,False,1 commit
True,2018-04-08 01:07:01,very short,True,False,1 commit
True,2018-04-08 04:18:37,very short,True,False,some commits
True,2018-04-08 10:05:58,very short,True,False,1 commit
True,2018-04-08 11:22:23,very short,True,False,1 commit
True,2018-04-08 16:36:29,very short,True,False,1 commit
True,2018-04-08 18:18:39,lengthy,True,False,1 commit
True,2018-04-08 20:30:12,very short,True,False,some commits
True,2018-04-08 22:24:17,very short,True,False,1 commit
False,2018-04-09 00:58:47,lengthy,True,False,some commits
True,2018-04-09 20:41:23,short,False,True,some commits
True,2018-04-10 12:11:42,short,True,False,1 commit
True,2018-04-10 16:24:59,very short,True,False,1 commit
True,2018-04-10 19:45:19,short,True,False,1 commit
True,2018-04-11 01:38:12,very short,True,False,1 commit
True,2018-04-11 05:11:20,lengthy,True,False,1 commit
False,2018-04-11 14:35:29,lengthy,False,False,1 commit
True,2018-04-11 20:52:33,very short,True,False,1 commit
True,2018-04-12 05:15:42,very short,False,True,1 commit
True,2018-04-12 16:10:12,lengthy,True,False,1 commit
True,2018-04-13 03:32:33,very short,True,False,1 commit
True,2018-04-13 09:27:29,very short,False,True,1 commit
True,2018-04-13 09:35:00,medium,True,False,some commits
True,2018-04-13 16:50:30,lengthy,True,False,some commits
True,2018-04-15 06:22:10,very short,True,False,1 commit
True,2018-04-16 04:50:00,very short,True,False,1 commit
True,2018-04-16 05:37:35,lengthy,True,False,some commits
True,2018-04-16 11:01:53,very short,False,True,some commits
True,2018-04-16 16:54:37,lengthy,True,False,1 commit
True,2018-04-16 18:48:07,very short,True,True,1 commit
True,2018-04-16 21:01:54,lengthy,True,False,1 commit
True,2018-04-17 01:04:01,short,True,False,1 commit
True,2018-04-17 01:52:42,very short,True,False,1 commit
True,2018-04-17 03:29:24,very short,True,False,1 commit
True,2018-04-17 04:34:47,very short,True,False,1 commit
True,2018-04-17 11:40:03,very short,True,False,some commits
True,2018-04-18 04:28:55,very short,True,False,1 commit
True,2018-04-18 04:44:06,very short,True,False,1 commit
True,2018-04-18 07:26:22,very short,True,False,1 commit
True,2018-04-18 08:18:34,very short,True,False,1 commit
True,2018-04-18 16:17:52,lengthy,True,False,1 commit
True,2018-04-18 18:09:27,very short,True,False,1 commit
True,2018-04-18 21:51:45,lengthy,True,False,many commits
True,2018-04-18 22:05:16,very short,True,False,1 commit
True,2018-04-18 22:35:52,very short,True,False,1 commit
True,2018-04-19 02:32:54,medium,True,False,1 commit
True,2018-04-20 11:36:25,short,True,False,some commits
True,2018-04-20 15:58:36,medium,True,False,1 commit
True,2018-04-21 04:15:17,short,True,False,1 commit
True,2018-04-21 06:56:29,very short,True,False,1 commit
True,2018-04-21 21:09:38,very short,True,False,1 commit
True,2018-04-21 21:45:14,very short,True,False,1 commit
True,2018-04-23 00:44:15,medium,True,False,1 commit
True,2018-04-23 01:02:22,very short,True,False,1 commit
True,2018-04-23 02:38:01,very short,True,False,1 commit
True,2018-04-23 11:27:23,very short,True,False,1 commit
True,2018-04-24 20:10:37,medium,True,False,1 commit
True,2018-04-25 14:46:22,lengthy,True,False,1 commit
True,2018-04-25 23:29:41,medium,True,False,1 commit
True,2018-04-26 15:51:34,short,True,False,1 commit
True,2018-04-27 15:57:59,lengthy,True,False,some commits
True,2018-04-27 16:00:04,lengthy,True,False,some commits
True,2018-04-29 04:41:43,medium,True,False,some commits
True,2018-04-29 05:17:52,very short,True,False,1 commit
True,2018-04-29 07:00:21,very short,False,True,1 commit
True,2018-04-29 23:37:47,short,True,False,1 commit
True,2018-04-30 00:48:03,short,True,False,1 commit
True,2018-04-30 00:56:20,short,True,False,1 commit
True,2018-04-30 21:30:12,very short,True,False,1 commit
True,2018-05-01 00:40:28,very short,False,True,1 commit
True,2018-05-02 12:01:40,very short,True,False,1 commit
True,2018-05-02 14:36:17,lengthy,True,False,many commits
False,2018-05-02 15:33:49,very short,False,False,some commits
True,2018-05-02 15:44:59,very short,True,False,1 commit
True,2018-05-04 06:22:35,lengthy,False,False,some commits
True,2018-05-04 06:33:07,very short,False,False,1 commit
True,2018-05-04 11:58:57,very short,True,False,1 commit
True,2018-05-04 12:17:36,short,True,False,1 commit
True,2018-05-04 23:39:19,medium,True,False,1 commit
False,2018-05-05 02:28:50,medium,True,False,1 commit
True,2018-05-05 19:34:05,medium,True,False,some commits
True,2018-05-05 23:22:53,very short,True,False,1 commit
True,2018-05-06 00:51:47,very short,True,False,1 commit
True,2018-05-06 08:28:39,very short,True,False,1 commit
True,2018-05-06 12:45:42,short,True,False,1 commit
True,2018-05-07 15:20:54,very short,False,True,1 commit
True,2018-05-07 17:20:54,very short,True,False,1 commit
True,2018-05-07 18:14:14,very short,True,False,1 commit
True,2018-05-07 21:01:32,very short,True,False,1 commit
True,2018-05-07 21:41:04,very short,True,False,some commits
True,2018-05-07 22:56:08,short,True,False,1 commit
True,2018-05-07 23:56:36,short,True,False,1 commit
True,2018-05-08 02:04:54,short,True,False,some commits
False,2018-05-08 04:06:34,very short,True,False,1 commit
True,2018-05-08 08:17:26,very short,True,False,1 commit
True,2018-05-09 05:58:24,medium,True,False,1 commit
True,2018-05-09 06:15:32,very short,True,False,1 commit
True,2018-05-09 06:32:19,medium,True,False,some commits
True,2018-05-09 06:39:33,medium,True,False,1 commit
True,2018-05-09 08:31:36,very short,True,False,1 commit
True,2018-05-09 16:35:57,short,True,False,1 commit
True,2018-05-09 17:00:43,lengthy,True,False,some commits
True,2018-05-09 17:05:59,very short,True,False,1 commit
True,2018-05-09 22:18:29,very short,True,False,1 commit
True,2018-05-09 23:10:32,lengthy,True,False,1 commit
False,2018-05-10 00:30:47,medium,True,False,1 commit
True,2018-05-10 04:22:48,lengthy,True,False,1 commit
True,2018-05-10 06:53:36,very short,True,False,1 commit
False,2018-05-10 07:36:47,lengthy,False,False,some commits
True,2018-05-10 12:51:11,very short,True,False,1 commit
True,2018-05-10 14:36:07,lengthy,True,False,some commits
True,2018-05-10 14:49:44,lengthy,True,False,some commits
True,2018-05-10 17:24:28,lengthy,False,True,some commits
True,2018-05-11 03:12:47,medium,True,False,1 commit
True,2018-05-11 07:03:43,very short,True,False,1 commit
True,2018-05-11 22:40:05,lengthy,True,False,1 commit
True,2018-05-12 09:09:43,short,True,False,1 commit
False,2018-05-12 19:55:00,very short,False,False,1 commit
True,2018-05-13 04:41:04,short,True,False,1 commit
True,2018-05-13 23:24:04,lengthy,True,False,1 commit
True,2018-05-13 23:24:40,lengthy,True,False,1 commit
True,2018-05-15 01:40:36,lengthy,True,False,many commits
True,2018-05-15 01:48:16,lengthy,True,False,1 commit
True,2018-05-15 02:36:49,lengthy,True,False,1 commit
True,2018-05-15 02:48:23,short,True,False,1 commit
True,2018-05-15 03:43:14,very short,True,False,1 commit
True,2018-05-15 08:42:47,medium,True,False,some commits
True,2018-05-15 09:17:15,lengthy,True,False,1 commit
True,2018-05-15 21:41:59,very short,True,False,1 commit
True,2018-05-16 05:47:25,very short,False,True,1 commit
True,2018-05-17 16:02:00,very short,True,False,1 commit
False,2018-05-17 16:17:13,medium,True,False,some commits
True,2018-05-17 20:45:42,very short,True,False,1 commit
True,2018-05-17 22:02:53,medium,False,False,1 commit
True,2018-05-17 23:16:05,lengthy,True,False,1 commit
True,2018-05-18 14:48:15,medium,True,False,some commits
True,2018-05-18 14:56:24,medium,True,False,some commits
True,2018-05-18 18:00:00,short,True,False,1 commit
False,2018-05-18 19:51:27,very short,False,True,1 commit
True,2018-05-19 21:45:44,medium,True,False,1 commit
True,2018-05-20 20:37:42,very short,True,False,1 commit
True,2018-05-21 06:59:44,short,True,False,1 commit
True,2018-05-21 19:31:56,very short,True,False,some commits
True,2018-05-22 19:50:00,very short,False,True,1 commit
True,2018-05-22 21:11:17,lengthy,True,False,some commits
True,2018-05-23 05:36:20,lengthy,True,False,some commits
True,2018-05-23 12:51:22,lengthy,True,False,some commits
True,2018-05-23 19:05:48,short,True,False,1 commit
True,2018-05-24 00:08:09,lengthy,True,False,1 commit
True,2018-05-24 02:37:31,short,True,False,1 commit
True,2018-05-24 03:20:05,very short,True,False,1 commit
True,2018-05-24 04:44:19,short,True,False,1 commit
True,2018-05-24 07:07:43,very short,True,False,1 commit
True,2018-05-24 20:17:02,very short,True,False,1 commit
True,2018-05-25 05:39:22,very short,True,False,1 commit
True,2018-05-25 09:13:58,very short,False,True,1 commit
True,2018-05-26 01:13:28,short,True,False,1 commit
True,2018-05-26 13:13:00,short,True,False,1 commit
True,2018-05-26 13:27:12,short,True,False,1 commit
True,2018-05-26 18:59:12,short,True,False,1 commit
True,2018-05-26 19:34:31,short,True,False,1 commit
True,2018-05-27 08:36:22,short,True,False,1 commit
True,2018-05-28 10:20:06,very short,True,False,1 commit
True,2018-05-28 22:12:52,very short,True,False,1 commit
True,2018-05-28 22:35:03,very short,True,False,1 commit
True,2018-05-29 00:27:26,medium,True,False,1 commit
True,2018-05-29 09:28:35,very short,True,False,1 commit
True,2018-05-29 10:33:23,very short,True,False,1 commit
True,2018-05-29 10:43:05,very short,True,False,1 commit
True,2018-05-30 08:08:19,very short,True,False,1 commit
True,2018-05-30 13:58:29,very short,True,False,some commits
True,2018-05-30 20:40:01,very short,True,False,1 commit
True,2018-05-30 23:00:43,very short,True,False,1 commit
True,2018-05-31 02:56:11,very short,True,False,1 commit
True,2018-05-31 07:56:04,very short,True,False,1 commit
True,2018-05-31 10:45:40,short,True,False,1 commit
True,2018-05-31 13:42:59,short,True,False,1 commit
True,2018-05-31 17:04:18,medium,True,False,1 commit
True,2018-05-31 17:16:37,lengthy,False,True,some commits
True,2018-06-01 14:17:08,lengthy,True,False,many commits
True,2018-06-01 15:51:56,medium,True,False,some commits
True,2018-06-01 16:05:20,medium,True,False,1 commit
True,2018-06-01 23:09:22,medium,True,False,1 commit
True,2018-06-02 10:15:20,lengthy,True,False,1 commit
True,2018-06-02 17:29:28,lengthy,False,True,some commits
True,2018-06-05 16:32:07,lengthy,False,False,1 commit
True,2018-06-05 22:01:02,lengthy,True,False,some commits
True,2018-06-05 22:14:06,medium,True,False,1 commit
True,2018-06-05 22:45:05,lengthy,True,False,many commits
True,2018-06-06 09:08:52,lengthy,True,False,1 commit
True,2018-06-06 19:13:52,short,True,False,1 commit
True,2018-06-07 06:08:33,medium,True,False,1 commit
True,2018-06-07 12:42:30,lengthy,True,False,1 commit
True,2018-06-07 12:54:24,very short,True,False,1 commit
True,2018-06-07 17:17:50,lengthy,True,False,1 commit
True,2018-06-07 17:20:16,lengthy,True,False,some commits
True,2018-06-07 22:56:39,short,True,False,some commits
True,2018-06-08 18:06:52,very short,False,True,1 commit
True,2018-06-08 20:14:43,lengthy,True,False,1 commit
True,2018-06-08 20:24:23,short,True,False,1 commit
True,2018-06-09 02:39:52,very short,True,False,some commits
True,2018-06-09 17:00:07,lengthy,True,False,1 commit
True,2018-06-10 08:02:04,very short,True,False,1 commit
True,2018-06-10 09:07:48,lengthy,True,False,1 commit
True,2018-06-10 10:19:24,short,True,False,1 commit
True,2018-06-10 15:38:25,very short,True,False,1 commit
True,2018-06-10 18:47:41,short,True,False,many commits
True,2018-06-10 23:23:12,lengthy,True,False,1 commit
True,2018-06-11 17:38:43,short,True,False,some commits
False,2018-06-11 21:26:11,very short,True,False,1 commit
True,2018-06-12 10:56:05,medium,True,False,1 commit
True,2018-06-12 17:55:26,medium,True,False,1 commit
True,2018-06-12 19:44:38,very short,True,False,some commits
True,2018-06-12 22:13:36,very short,True,False,1 commit
True,2018-06-13 00:18:30,short,True,False,1 commit
True,2018-06-14 19:03:15,very short,True,False,some commits
True,2018-06-14 20:32:09,lengthy,True,False,some commits
True,2018-06-15 19:10:31,medium,True,False,1 commit
True,2018-06-15 19:44:53,lengthy,True,False,1 commit
True,2018-06-15 21:52:15,medium,True,False,1 commit
True,2018-06-16 14:48:06,short,True,False,1 commit
True,2018-06-16 17:21:48,medium,True,False,1 commit
True,2018-06-16 19:51:50,very short,True,False,1 commit
True,2018-06-17 17:49:01,lengthy,True,False,1 commit
True,2018-06-18 07:28:53,medium,True,False,1 commit
True,2018-06-18 17:57:35,lengthy,False,True,some commits
True,2018-06-18 20:10:01,very short,True,False,1 commit
True,2018-06-18 22:56:37,very short,False,True,1 commit
True,2018-06-19 13:42:25,lengthy,True,False,1 commit
True,2018-06-20 09:01:48,short,True,False,1 commit
True,2018-06-20 12:23:34,very short,True,False,1 commit
True,2018-06-20 23:27:44,very short,True,False,1 commit
True,2018-06-21 05:15:34,very short,False,True,1 commit
True,2018-06-22 00:53:45,very short,True,False,1 commit
True,2018-06-22 03:04:34,lengthy,True,False,many commits
True,2018-06-22 03:25:43,very short,True,False,1 commit
True,2018-06-22 07:11:05,very short,True,False,1 commit
True,2018-06-22 07:28:57,very short,True,False,1 commit
True,2018-06-22 12:55:26,very short,True,False,some commits
True,2018-06-22 17:30:54,very short,False,True,1 commit
True,2018-06-23 16:42:39,medium,True,False,1 commit
True,2018-06-23 23:09:38,short,True,False,1 commit
True,2018-06-23 23:40:32,lengthy,True,False,1 commit
True,2018-06-24 01:01:39,medium,True,False,1 commit
True,2018-06-24 10:21:11,lengthy,True,False,some commits
True,2018-06-24 17:21:22,lengthy,True,False,1 commit
True,2018-06-24 20:39:57,medium,True,False,some commits
True,2018-06-24 22:05:22,very short,True,False,1 commit
True,2018-06-25 03:58:12,lengthy,True,False,1 commit
True,2018-06-25 11:17:13,very short,True,False,1 commit
True,2018-06-25 11:34:18,lengthy,True,False,1 commit
True,2018-06-26 09:25:39,medium,True,False,some commits
True,2018-06-26 12:42:28,very short,True,False,1 commit
True,2018-06-26 16:52:19,very short,True,False,1 commit
True,2018-06-26 23:40:11,short,False,True,some commits
True,2018-06-27 13:03:24,short,True,False,1 commit
True,2018-06-27 13:21:31,medium,True,False,1 commit
True,2018-06-27 14:12:16,very short,False,False,1 commit
True,2018-06-27 14:22:51,short,True,False,1 commit
True,2018-06-28 04:57:50,very short,True,False,1 commit
True,2018-06-28 05:00:26,very short,True,False,some commits
True,2018-06-28 12:15:58,very short,True,False,1 commit
True,2018-06-28 15:51:05,very short,False,True,some commits
True,2018-06-28 18:23:07,short,False,True,many commits
True,2018-06-28 20:40:21,very short,False,True,1 commit
True,2018-06-29 10:56:45,very short,True,False,1 commit
True,2018-06-29 13:57:32,very short,True,False,some commits
True,2018-06-29 17:42:40,very short,True,False,some commits
True,2018-06-29 18:00:30,very short,True,False,1 commit
True,2018-06-30 13:50:23,very short,True,False,1 commit
True,2018-07-01 07:34:21,medium,True,False,1 commit
True,2018-07-01 12:57:22,very short,True,False,1 commit
True,2018-07-01 22:43:31,short,True,False,1 commit
True,2018-07-02 00:49:21,short,True,False,1 commit
True,2018-07-02 01:11:32,short,True,False,1 commit
True,2018-07-02 17:09:41,lengthy,False,False,many commits
True,2018-07-02 22:31:35,very short,False,True,1 commit
True,2018-07-03 02:26:04,short,True,False,1 commit
True,2018-07-03 11:42:30,lengthy,False,False,many commits
True,2018-07-03 11:53:39,very short,False,True,some commits
True,2018-07-03 20:28:14,medium,True,False,1 commit
True,2018-07-03 21:03:44,short,True,False,1 commit
True,2018-07-03 23:05:21,very short,True,False,1 commit
True,2018-07-03 23:12:52,very short,True,False,1 commit
True,2018-07-03 23:13:59,very short,True,False,1 commit
True,2018-07-04 08:06:44,very short,True,False,1 commit
True,2018-07-04 14:28:57,very short,True,False,1 commit
True,2018-07-04 16:15:02,very short,True,False,1 commit
True,2018-07-04 19:38:07,very short,True,False,1 commit
True,2018-07-05 11:04:41,very short,True,False,1 commit
True,2018-07-05 18:55:43,short,True,False,1 commit
True,2018-07-05 21:52:13,very short,True,False,1 commit
True,2018-07-06 03:08:13,short,False,False,1 commit
True,2018-07-06 06:44:41,very short,True,False,1 commit
True,2018-07-06 15:05:00,short,True,False,1 commit
True,2018-07-06 21:39:59,short,True,False,1 commit
True,2018-07-06 22:01:54,lengthy,True,False,some commits
True,2018-07-06 23:36:36,very short,True,False,1 commit
True,2018-07-07 09:52:45,very short,True,False,1 commit
True,2018-07-07 21:48:53,lengthy,True,False,some commits
True,2018-07-08 16:16:45,very short,True,False,many commits
True,2018-07-08 20:52:37,lengthy,True,False,many commits
True,2018-07-08 23:45:59,very short,True,False,some commits
True,2018-07-09 04:35:59,very short,True,False,1 commit
True,2018-07-09 09:38:07,very short,True,False,1 commit
True,2018-07-09 15:04:37,very short,True,False,1 commit
True,2018-07-09 15:12:21,very short,True,False,1 commit
True,2018-07-09 16:59:53,very short,True,False,some commits
True,2018-07-09 19:53:02,very short,True,False,1 commit
True,2018-07-10 01:12:22,very short,True,False,some commits
True,2018-07-10 02:01:35,very short,True,False,1 commit
True,2018-07-10 02:04:49,very short,True,False,some commits
True,2018-07-10 06:51:08,very short,True,False,some commits
True,2018-07-10 15:41:11,very short,True,False,1 commit
True,2018-07-10 18:28:18,short,True,False,some commits
True,2018-07-10 21:29:32,very short,True,False,1 commit
True,2018-07-10 22:06:33,very short,True,False,1 commit
True,2018-07-11 00:58:26,short,True,False,1 commit
True,2018-07-11 04:18:49,medium,True,False,1 commit
True,2018-07-11 13:41:33,short,True,False,some commits
True,2018-07-11 15:57:14,short,True,False,some commits
True,2018-07-11 16:55:05,very short,True,False,1 commit
True,2018-07-11 18:10:40,very short,False,True,1 commit
True,2018-07-11 19:46:49,very short,False,True,1 commit
True,2018-07-11 22:51:34,short,True,False,1 commit
True,2018-07-12 08:17:06,very short,True,False,1 commit
True,2018-07-12 09:02:37,very short,True,False,1 commit
True,2018-07-12 14:25:51,very short,False,False,1 commit
True,2018-07-12 20:15:51,lengthy,True,False,some commits
True,2018-07-13 02:11:10,very short,True,False,1 commit
True,2018-07-13 05:16:51,very short,True,False,some commits
True,2018-07-13 21:02:20,very short,False,False,1 commit
True,2018-07-14 21:08:05,lengthy,False,True,some commits
True,2018-07-14 22:51:50,very short,False,False,some commits
True,2018-07-15 01:36:42,very short,False,False,1 commit
True,2018-07-15 06:54:20,very short,True,False,some commits
False,2018-07-15 08:04:06,lengthy,False,True,some commits
True,2018-07-15 15:50:30,very short,False,False,1 commit
True,2018-07-15 17:01:08,lengthy,True,False,1 commit
True,2018-07-15 18:06:50,short,False,True,some commits
True,2018-07-15 18:06:52,lengthy,True,False,1 commit
True,2018-07-15 23:06:21,very short,True,False,some commits
True,2018-07-16 08:35:16,very short,True,False,1 commit
True,2018-07-16 14:48:46,very short,True,False,1 commit
True,2018-07-17 00:42:34,very short,True,False,1 commit
True,2018-07-17 07:51:24,short,False,True,1 commit
True,2018-07-17 10:02:16,very short,True,False,some commits
True,2018-07-17 10:19:54,very short,True,False,1 commit
True,2018-07-17 15:34:54,very short,True,False,1 commit
True,2018-07-17 21:05:16,lengthy,True,False,1 commit
True,2018-07-17 21:30:52,very short,True,False,some commits
True,2018-07-17 22:26:53,very short,True,False,1 commit
True,2018-07-18 01:50:41,very short,False,False,1 commit
True,2018-07-18 09:16:03,very short,True,False,1 commit
True,2018-07-18 11:25:01,lengthy,True,False,1 commit
True,2018-07-18 11:35:18,lengthy,True,False,1 commit
True,2018-07-18 11:51:12,very short,True,False,1 commit
True,2018-07-18 13:22:06,lengthy,True,False,1 commit
True,2018-07-18 14:27:02,very short,True,False,1 commit
True,2018-07-18 15:20:36,very short,True,False,1 commit
True,2018-07-18 17:10:33,very short,False,False,1 commit
True,2018-07-18 17:48:43,lengthy,True,False,1 commit
True,2018-07-18 19:45:51,very short,True,False,1 commit
True,2018-07-18 19:49:44,very short,True,False,1 commit
True,2018-07-18 20:44:50,very short,True,False,1 commit
True,2018-07-19 02:29:59,medium,True,False,some commits
True,2018-07-19 09:31:18,medium,True,False,1 commit
True,2018-07-19 16:57:53,very short,True,False,1 commit
True,2018-07-19 22:09:48,very short,False,False,1 commit
False,2018-07-20 08:43:28,lengthy,True,False,1 commit
True,2018-07-20 09:18:08,very short,True,False,1 commit
True,2018-07-20 10:32:39,very short,True,False,1 commit
True,2018-07-20 12:21:27,very short,True,False,1 commit
True,2018-07-20 22:03:52,very short,True,False,1 commit
True,2018-07-21 13:42:39,very short,True,False,1 commit
True,2018-07-21 13:45:19,lengthy,True,False,1 commit
True,2018-07-21 13:55:48,very short,True,False,1 commit
True,2018-07-21 15:37:52,medium,True,False,1 commit
True,2018-07-21 16:46:57,medium,True,False,1 commit
True,2018-07-21 23:03:57,very short,True,False,1 commit
True,2018-07-21 23:34:15,very short,True,False,1 commit
False,2018-07-22 00:41:55,lengthy,True,False,1 commit
True,2018-07-22 09:32:36,short,False,True,some commits
True,2018-07-22 13:15:51,lengthy,True,False,1 commit
True,2018-07-22 13:35:07,lengthy,True,False,some commits
True,2018-07-22 15:35:04,very short,True,False,1 commit
True,2018-07-22 22:07:14,lengthy,True,False,1 commit
False,2018-07-23 06:23:26,very short,False,False,1 commit
True,2018-07-23 06:28:43,very short,True,False,1 commit
True,2018-07-23 15:59:24,very short,True,False,1 commit
True,2018-07-23 16:53:43,very short,True,False,1 commit
True,2018-07-23 17:48:39,short,True,False,some commits
True,2018-07-23 17:54:23,medium,True,False,1 commit
True,2018-07-23 20:06:54,very short,False,False,some commits
True,2018-07-23 22:59:00,short,True,False,1 commit
True,2018-07-24 00:56:06,lengthy,True,False,1 commit
False,2018-07-24 09:38:20,very short,True,False,some commits
True,2018-07-24 17:53:16,short,True,False,1 commit
True,2018-07-24 18:17:49,very short,True,False,1 commit
False,2018-07-24 18:26:05,lengthy,True,False,some commits
True,2018-07-25 06:18:39,short,False,True,many commits
True,2018-07-25 14:22:59,very short,False,True,1 commit
True,2018-07-25 20:09:56,lengthy,True,False,1 commit
True,2018-07-25 22:37:23,very short,True,False,1 commit
True,2018-07-25 23:46:22,very short,True,False,1 commit
True,2018-07-26 13:29:03,lengthy,True,False,1 commit
True,2018-07-27 22:13:01,lengthy,True,False,1 commit
True,2018-07-28 00:20:24,medium,True,False,1 commit
True,2018-07-28 01:16:27,very short,True,False,1 commit
True,2018-07-28 01:25:13,medium,True,False,1 commit
True,2018-07-28 05:43:04,lengthy,False,True,many commits
False,2018-07-28 16:03:19,very short,False,True,1 commit
False,2018-07-29 01:01:55,lengthy,False,False,some commits
False,2018-07-30 00:43:22,medium,False,False,1 commit
True,2018-07-30 05:06:05,lengthy,False,False,some commits
True,2018-07-30 12:42:55,medium,True,False,1 commit
True,2018-07-30 14:15:56,medium,True,False,some commits
True,2018-08-02 17:57:55,lengthy,True,False,some commits
True,2018-08-02 20:58:09,short,False,True,some commits
True,2018-08-04 16:26:12,very short,True,False,some commits
True,2018-08-05 03:01:41,short,True,False,many commits
False,2018-08-06 18:07:26,lengthy,True,False,1 commit
True,2018-08-07 03:04:01,short,True,False,many commits
True,2018-08-07 03:09:51,very short,True,False,1 commit
True,2018-08-07 10:15:37,very short,True,False,1 commit
True,2018-08-07 18:17:16,short,True,False,1 commit
True,2018-08-08 16:54:23,very short,True,False,some commits
True,2018-08-08 19:39:03,very short,True,False,1 commit
True,2018-08-09 07:37:19,short,True,False,1 commit
True,2018-08-09 09:20:01,very short,True,False,1 commit
True,2018-08-09 09:54:53,very short,True,False,1 commit
True,2018-08-09 13:10:59,short,True,False,1 commit
True,2018-08-09 15:14:33,very short,False,False,1 commit
True,2018-08-09 19:57:46,very short,False,False,1 commit
True,2018-08-10 23:04:17,short,False,False,1 commit
True,2018-08-11 16:21:31,very short,True,False,1 commit
True,2018-08-12 15:27:24,short,True,False,1 commit
True,2018-08-13 05:45:50,medium,True,False,1 commit
False,2018-08-13 08:16:35,lengthy,False,True,some commits
True,2018-08-13 14:27:10,medium,True,False,some commits
True,2018-08-13 18:55:09,lengthy,True,False,1 commit
True,2018-08-15 11:05:14,very short,True,False,1 commit
False,2018-08-15 11:10:19,lengthy,True,False,1 commit
True,2018-08-15 19:33:33,lengthy,True,False,some commits
True,2018-08-16 06:57:30,short,True,False,1 commit
True,2018-08-16 16:33:10,very short,False,True,1 commit
True,2018-08-16 16:59:51,very short,False,True,1 commit
True,2018-08-16 17:58:22,very short,False,False,1 commit
True,2018-08-16 20:51:09,very short,True,False,1 commit
True,2018-08-16 22:03:05,very short,True,False,1 commit
True,2018-08-16 22:18:54,very short,True,False,1 commit
True,2018-08-16 23:23:50,very short,False,False,1 commit
True,2018-08-17 07:00:26,short,True,False,1 commit
True,2018-08-17 09:50:52,very short,True,False,1 commit
True,2018-08-17 12:09:59,very short,True,False,1 commit
True,2018-08-17 14:37:40,short,False,False,1 commit
True,2018-08-17 18:42:32,short,True,False,some commits
False,2018-08-18 19:16:16,short,False,False,1 commit
True,2018-08-18 19:53:40,short,True,False,1 commit
True,2018-08-18 19:58:12,very short,False,False,1 commit
True,2018-08-18 21:59:16,very short,False,False,1 commit
True,2018-08-18 23:02:12,very short,True,False,1 commit
True,2018-08-19 18:34:13,very short,True,False,1 commit
True,2018-08-19 18:59:05,very short,False,False,1 commit
True,2018-08-19 19:06:48,very short,False,False,1 commit
True,2018-08-19 19:24:52,lengthy,True,False,1 commit
True,2018-08-19 22:28:16,very short,True,False,some commits
True,2018-08-20 03:07:15,lengthy,False,True,1 commit
True,2018-08-20 07:11:49,medium,True,False,many commits
True,2018-08-20 08:18:51,short,True,False,1 commit
True,2018-08-20 17:31:29,very short,False,True,1 commit
True,2018-08-21 16:13:54,very short,False,False,1 commit
True,2018-08-21 19:35:33,medium,True,False,many commits
True,2018-08-21 20:10:38,very short,True,False,1 commit
True,2018-08-21 20:29:26,very short,True,False,1 commit
True,2018-08-21 21:33:05,very short,True,False,1 commit
True,2018-08-22 02:51:02,very short,False,False,1 commit
True,2018-08-22 16:56:21,very short,True,False,1 commit
True,2018-08-22 23:21:30,lengthy,True,False,1 commit
True,2018-08-22 23:40:26,very short,False,False,1 commit
True,2018-08-22 23:41:26,very short,False,False,1 commit
True,2018-08-23 00:43:13,very short,True,False,1 commit
True,2018-08-23 02:42:24,very short,False,False,1 commit
True,2018-08-23 12:52:01,medium,False,True,1 commit
True,2018-08-23 18:24:56,lengthy,True,False,some commits
True,2018-08-23 20:24:02,short,True,False,1 commit
True,2018-08-23 20:36:28,short,True,False,1 commit
True,2018-08-23 20:58:02,short,True,False,1 commit
True,2018-08-23 21:39:46,short,True,False,1 commit
True,2018-08-24 09:21:15,lengthy,True,False,1 commit
True,2018-08-24 15:59:06,lengthy,True,False,1 commit
True,2018-08-25 08:36:20,short,True,False,1 commit
True,2018-08-25 14:32:18,short,True,False,1 commit
True,2018-08-26 09:04:54,very short,True,False,1 commit
True,2018-08-26 10:31:49,very short,True,False,1 commit
True,2018-08-26 14:02:23,very short,True,False,1 commit
True,2018-08-26 14:08:37,very short,True,False,1 commit
True,2018-08-26 14:30:08,short,True,False,1 commit
True,2018-08-26 16:30:23,very short,False,False,1 commit
False,2018-08-27 08:18:37,medium,False,False,some commits
True,2018-08-27 15:36:37,very short,True,False,1 commit
True,2018-08-27 16:58:04,very short,True,False,1 commit
True,2018-08-27 19:13:17,very short,False,False,1 commit
True,2018-08-27 20:22:03,very short,True,False,1 commit
True,2018-08-27 20:24:53,very short,False,False,1 commit
True,2018-08-28 00:56:10,very short,False,False,1 commit
True,2018-08-28 10:04:14,very short,True,False,1 commit
True,2018-08-28 14:32:53,medium,True,False,1 commit
True,2018-08-28 15:48:30,very short,True,False,1 commit
True,2018-08-28 16:55:55,very short,True,False,1 commit
True,2018-08-28 17:12:49,very short,True,False,1 commit
True,2018-08-28 17:16:08,very short,True,False,1 commit
True,2018-08-28 17:56:45,lengthy,True,False,1 commit
True,2018-08-28 18:22:35,very short,True,False,1 commit
True,2018-08-28 18:41:50,lengthy,True,False,1 commit
True,2018-08-28 18:42:20,very short,True,False,1 commit
True,2018-08-28 20:58:19,very short,False,False,1 commit
True,2018-08-28 22:17:37,very short,False,False,1 commit
True,2018-08-29 01:01:00,very short,True,False,1 commit
True,2018-08-29 03:51:42,medium,True,False,1 commit
True,2018-08-29 04:02:14,medium,True,False,1 commit
True,2018-08-29 06:06:24,very short,True,False,1 commit
True,2018-08-29 16:59:49,lengthy,True,False,1 commit
True,2018-08-29 20:05:24,short,True,False,1 commit
True,2018-08-29 22:15:16,very short,False,False,1 commit
True,2018-08-29 22:15:54,short,False,False,1 commit
True,2018-08-29 23:45:50,very short,True,False,1 commit
True,2018-08-30 01:04:14,short,True,False,1 commit
True,2018-08-30 03:35:45,very short,True,False,1 commit
True,2018-08-30 03:43:09,very short,True,False,1 commit
True,2018-08-30 13:33:38,lengthy,True,False,1 commit
True,2018-08-30 13:44:27,lengthy,True,False,1 commit
True,2018-08-31 18:58:12,very short,False,True,1 commit
True,2018-08-31 19:15:14,short,True,False,1 commit
True,2018-08-31 19:42:39,very short,False,False,1 commit
True,2018-08-31 19:43:08,very short,False,False,1 commit
True,2018-08-31 21:49:24,very short,True,False,1 commit
True,2018-09-01 21:26:18,very short,False,True,1 commit
True,2018-09-01 21:57:40,lengthy,True,False,1 commit
True,2018-09-01 22:08:53,very short,True,False,1 commit
True,2018-09-02 00:06:35,short,True,False,1 commit
True,2018-09-02 01:03:43,lengthy,True,False,1 commit
True,2018-09-02 08:29:36,very short,True,False,1 commit
True,2018-09-02 08:48:58,very short,True,False,1 commit
True,2018-09-02 09:55:42,very short,True,False,1 commit
True,2018-09-02 11:22:25,very short,True,False,1 commit
True,2018-09-02 18:42:24,very short,False,True,1 commit
True,2018-09-02 20:30:56,very short,False,False,1 commit
True,2018-09-02 22:01:05,lengthy,False,False,1 commit
True,2018-09-04 19:34:56,medium,True,False,1 commit
True,2018-09-05 03:18:58,very short,False,True,1 commit
True,2018-09-05 05:39:28,very short,False,False,1 commit
True,2018-09-05 07:55:46,very short,True,False,1 commit
True,2018-09-05 08:44:03,very short,False,False,1 commit
True,2018-09-05 10:03:48,very short,True,False,1 commit
True,2018-09-05 10:14:56,very short,True,False,1 commit
True,2018-09-05 13:10:57,very short,True,False,1 commit
True,2018-09-05 14:23:46,short,True,False,some commits
True,2018-09-05 19:57:42,very short,False,False,1 commit
True,2018-09-05 21:52:44,short,False,False,1 commit
True,2018-09-06 01:10:40,lengthy,False,False,some commits
True,2018-09-06 04:04:42,medium,True,False,some commits
True,2018-09-06 06:13:02,short,True,False,some commits
True,2018-09-06 06:27:32,very short,True,False,1 commit
True,2018-09-06 06:40:58,short,True,False,some commits
True,2018-09-06 09:08:04,medium,True,False,1 commit
True,2018-09-06 09:25:21,short,True,False,1 commit
True,2018-09-06 15:07:01,very short,True,False,1 commit
True,2018-09-06 15:14:27,short,False,True,some commits
True,2018-09-06 15:49:19,short,False,True,some commits
True,2018-09-06 16:55:39,very short,True,False,1 commit
True,2018-09-06 19:08:40,very short,True,False,1 commit
True,2018-09-06 21:32:09,very short,False,False,1 commit
True,2018-09-06 21:49:42,very short,True,False,1 commit
True,2018-09-06 21:55:07,very short,True,False,1 commit
True,2018-09-06 22:35:16,very short,True,False,1 commit
True,2018-09-07 01:39:02,medium,True,False,some commits
True,2018-09-07 09:01:23,very short,True,False,some commits
True,2018-09-07 10:01:55,very short,True,False,1 commit
True,2018-09-07 14:26:06,very short,True,False,some commits
True,2018-09-07 14:47:37,very short,True,False,1 commit
True,2018-09-07 17:17:00,lengthy,False,False,some commits
True,2018-09-07 18:43:12,very short,False,False,1 commit
True,2018-09-07 18:49:43,very short,False,False,1 commit
True,2018-09-07 22:23:45,very short,True,False,1 commit
True,2018-09-07 23:28:34,very short,True,False,some commits
True,2018-09-08 13:06:27,short,True,False,some commits
True,2018-09-08 13:28:05,medium,True,False,1 commit
True,2018-09-08 23:49:03,very short,True,False,1 commit
True,2018-09-10 16:42:20,very short,True,False,some commits
True,2018-09-10 16:51:23,very short,False,False,1 commit
True,2018-09-10 17:28:37,very short,False,False,1 commit
True,2018-09-10 19:32:58,very short,False,False,1 commit
True,2018-09-10 19:33:41,very short,False,False,1 commit
True,2018-09-10 20:19:24,short,True,False,1 commit
True,2018-09-10 23:59:29,medium,True,False,some commits
True,2018-09-11 08:52:29,very short,True,False,1 commit
True,2018-09-11 11:28:47,very short,False,False,1 commit
True,2018-09-11 11:41:58,medium,True,False,1 commit
True,2018-09-11 13:43:08,very short,True,False,some commits
True,2018-09-11 19:03:23,very short,False,False,1 commit
True,2018-09-11 19:37:41,very short,True,False,1 commit
True,2018-09-11 20:55:29,short,True,False,1 commit
True,2018-09-11 23:22:42,medium,True,False,some commits
True,2018-09-12 02:08:36,very short,False,False,1 commit
True,2018-09-12 02:08:44,very short,False,False,1 commit
True,2018-09-13 19:44:18,very short,True,False,1 commit
True,2018-09-13 21:44:31,very short,False,False,1 commit
True,2018-09-13 23:23:26,very short,True,False,1 commit
True,2018-09-14 05:42:46,very short,False,False,1 commit
False,2018-09-14 11:58:12,lengthy,False,True,some commits
True,2018-09-14 13:02:32,very short,True,False,some commits
True,2018-09-14 19:16:17,very short,True,False,1 commit
True,2018-09-15 11:24:55,very short,True,False,some commits
True,2018-09-15 11:28:09,short,False,False,1 commit
True,2018-09-15 11:28:16,very short,False,False,1 commit
True,2018-09-15 14:20:59,very short,True,False,1 commit
True,2018-09-15 20:49:56,very short,True,False,1 commit
True,2018-09-15 21:05:36,very short,True,False,some commits
True,2018-09-15 22:32:38,very short,False,False,1 commit
True,2018-09-16 15:43:17,very short,False,False,1 commit
True,2018-09-16 22:06:23,lengthy,True,False,some commits
True,2018-09-17 00:22:06,medium,True,False,many commits
True,2018-09-17 14:45:31,lengthy,True,False,1 commit
True,2018-09-17 15:46:10,very short,True,False,1 commit
True,2018-09-17 16:11:58,very short,False,False,1 commit
True,2018-09-17 16:36:16,short,True,False,1 commit
True,2018-09-18 03:30:21,very short,True,False,1 commit
True,2018-09-18 03:32:36,very short,True,False,1 commit
True,2018-09-18 08:46:02,lengthy,True,False,some commits
True,2018-09-18 09:21:51,lengthy,True,False,1 commit
True,2018-09-18 10:21:24,medium,True,False,some commits
True,2018-09-18 13:48:03,very short,True,False,1 commit
True,2018-09-18 15:48:41,very short,False,False,1 commit
True,2018-09-18 16:49:51,very short,True,False,1 commit
True,2018-09-18 20:25:08,very short,True,False,1 commit
True,2018-09-18 20:48:00,very short,True,False,1 commit
True,2018-09-18 20:52:01,lengthy,True,False,1 commit
True,2018-09-18 21:27:20,lengthy,True,False,some commits
True,2018-09-19 08:07:41,medium,True,False,some commits
True,2018-09-19 09:13:45,short,True,False,1 commit
True,2018-09-19 09:33:17,lengthy,True,False,many commits
True,2018-09-19 10:24:36,very short,False,True,1 commit
True,2018-09-19 11:49:49,very short,False,False,1 commit
True,2018-09-19 13:22:18,lengthy,True,False,1 commit
True,2018-09-19 13:56:14,very short,False,False,1 commit
True,2018-09-19 15:01:56,medium,True,False,1 commit
True,2018-09-20 02:40:00,very short,True,False,1 commit
True,2018-09-20 10:58:14,lengthy,False,False,1 commit
True,2018-09-20 12:13:19,very short,False,False,some commits
True,2018-09-20 12:45:01,very short,True,False,1 commit
True,2018-09-20 14:26:45,very short,False,False,1 commit
True,2018-09-20 15:20:36,very short,False,False,1 commit
True,2018-09-20 18:10:58,short,True,False,1 commit
True,2018-09-20 19:24:01,very short,False,True,1 commit
True,2018-09-20 21:07:44,very short,True,False,1 commit
True,2018-09-20 22:55:42,very short,True,False,1 commit
True,2018-09-20 23:34:01,very short,True,False,1 commit
True,2018-09-21 07:16:21,very short,False,False,1 commit
True,2018-09-21 07:17:43,very short,False,False,1 commit
True,2018-09-21 07:20:34,very short,False,False,1 commit
True,2018-09-21 07:29:17,very short,True,False,1 commit
True,2018-09-21 12:00:07,short,True,False,some commits
True,2018-09-21 12:58:24,very short,True,False,1 commit
True,2018-09-21 16:25:20,very short,False,False,1 commit
True,2018-09-21 17:04:09,very short,True,False,some commits
True,2018-09-21 18:42:09,very short,False,False,1 commit
True,2018-09-21 19:23:38,very short,False,False,1 commit
True,2018-09-21 19:23:47,very short,False,False,1 commit
True,2018-09-21 20:10:06,short,True,False,1 commit
True,2018-09-22 02:47:49,short,True,False,1 commit
True,2018-09-22 08:41:33,very short,True,False,1 commit
True,2018-09-22 09:13:03,very short,True,False,1 commit
True,2018-09-22 13:35:23,medium,True,False,1 commit
True,2018-09-22 15:46:36,very short,True,False,1 commit
True,2018-09-22 18:12:56,medium,True,False,1 commit
True,2018-09-22 18:33:52,lengthy,True,False,1 commit
True,2018-09-22 19:59:42,lengthy,True,False,1 commit
True,2018-09-22 21:32:52,lengthy,True,False,1 commit
True,2018-09-22 22:02:54,short,True,False,1 commit
True,2018-09-23 02:18:30,short,False,True,many commits
True,2018-09-23 02:18:43,very short,False,False,1 commit
True,2018-09-23 02:24:09,very short,False,False,1 commit
True,2018-09-23 09:28:42,very short,True,False,1 commit
True,2018-09-23 13:04:27,very short,True,False,1 commit
True,2018-09-23 13:39:54,short,True,False,1 commit
True,2018-09-23 13:46:49,very short,False,False,1 commit
True,2018-09-23 13:53:15,very short,True,False,1 commit
True,2018-09-23 14:07:04,lengthy,True,False,1 commit
True,2018-09-23 15:17:29,very short,False,False,1 commit
True,2018-09-23 15:18:48,very short,False,False,1 commit
True,2018-09-23 15:18:56,very short,False,False,1 commit
True,2018-09-23 15:36:44,very short,True,False,1 commit
True,2018-09-23 15:41:24,very short,True,False,1 commit
True,2018-09-23 18:53:06,very short,False,True,1 commit
True,2018-09-23 20:43:37,very short,True,False,1 commit
True,2018-09-23 23:17:07,lengthy,True,False,1 commit
True,2018-09-24 00:30:20,very short,False,False,1 commit
True,2018-09-24 00:30:29,very short,False,False,1 commit
True,2018-09-24 09:17:38,medium,True,False,1 commit
True,2018-09-24 09:23:11,lengthy,True,False,many commits
True,2018-09-24 09:25:43,lengthy,True,False,1 commit
True,2018-09-24 09:36:30,medium,True,False,1 commit
True,2018-09-24 11:26:17,very short,False,False,1 commit
False,2018-09-24 13:01:18,lengthy,False,True,1 commit
True,2018-09-24 15:34:29,very short,False,False,1 commit
True,2018-09-24 15:34:40,very short,False,False,1 commit
False,2018-09-24 16:19:50,lengthy,True,False,1 commit
True,2018-09-24 18:43:50,short,True,False,1 commit
True,2018-09-24 19:51:36,very short,True,False,1 commit
True,2018-09-24 20:58:28,very short,True,False,1 commit
True,2018-09-25 00:22:30,medium,True,False,1 commit
True,2018-09-25 00:49:37,very short,True,False,1 commit
True,2018-09-25 02:15:02,lengthy,True,False,some commits
True,2018-09-25 04:47:02,short,False,False,many commits
True,2018-09-25 04:57:06,short,False,False,many commits
True,2018-09-25 08:29:31,very short,True,False,1 commit
True,2018-09-25 08:54:54,very short,False,False,1 commit
True,2018-09-25 08:55:02,very short,False,False,1 commit
True,2018-09-25 10:46:44,very short,False,False,1 commit
True,2018-09-25 11:21:44,medium,False,True,some commits
True,2018-09-25 15:55:28,very short,False,False,1 commit
True,2018-09-25 17:03:18,short,True,False,1 commit
True,2018-09-25 18:03:10,very short,False,False,1 commit
True,2018-09-25 18:03:18,very short,False,False,1 commit
True,2018-09-25 18:04:04,lengthy,True,False,some commits
True,2018-09-25 18:07:57,very short,True,False,1 commit
True,2018-09-25 19:02:44,very short,False,False,1 commit
True,2018-09-25 19:02:53,very short,False,False,1 commit
True,2018-09-25 20:03:48,lengthy,True,False,some commits
True,2018-09-25 21:57:50,very short,False,False,1 commit
True,2018-09-26 01:27:30,very short,False,False,1 commit
True,2018-09-26 01:27:38,very short,False,False,1 commit
True,2018-09-26 06:16:12,very short,True,False,1 commit
True,2018-09-26 07:57:32,lengthy,True,False,some commits
True,2018-09-26 09:40:05,very short,True,False,1 commit
True,2018-09-26 11:50:55,very short,False,False,1 commit
True,2018-09-26 12:07:04,short,True,False,1 commit
True,2018-09-26 12:56:24,very short,True,False,1 commit
True,2018-09-26 19:22:41,very short,False,False,1 commit
True,2018-09-26 19:44:37,lengthy,True,False,some commits
True,2018-09-27 01:00:20,very short,True,False,1 commit
True,2018-09-27 03:25:42,very short,False,False,1 commit
True,2018-09-27 04:24:22,short,True,False,1 commit
True,2018-09-27 11:43:17,very short,False,False,1 commit
True,2018-09-27 14:33:01,very short,True,False,1 commit
True,2018-09-27 16:34:12,very short,True,False,1 commit
True,2018-09-27 20:02:16,very short,True,False,1 commit
True,2018-09-27 20:39:34,very short,True,False,1 commit
True,2018-09-27 22:43:43,very short,False,False,1 commit
True,2018-09-27 23:49:47,short,True,False,many commits
True,2018-09-28 07:57:12,lengthy,True,False,1 commit
True,2018-09-28 09:52:47,very short,True,False,1 commit
True,2018-09-28 11:50:01,very short,False,False,1 commit
True,2018-09-28 13:31:14,short,False,False,1 commit
True,2018-09-28 13:53:16,very short,True,False,some commits
True,2018-09-28 18:51:45,very short,False,True,1 commit
True,2018-09-28 19:00:54,very short,False,False,1 commit
True,2018-09-28 19:01:08,very short,False,False,1 commit
True,2018-09-28 21:18:34,very short,False,False,1 commit
True,2018-09-28 21:35:35,very short,False,False,1 commit
True,2018-09-28 21:35:43,very short,False,False,1 commit
True,2018-09-29 06:32:47,very short,True,False,1 commit
True,2018-09-29 08:51:09,very short,False,False,1 commit
True,2018-09-29 09:00:08,very short,False,False,1 commit
True,2018-09-29 09:06:12,very short,False,False,1 commit
True,2018-09-29 09:32:31,very short,True,False,1 commit
True,2018-09-29 20:22:07,very short,False,False,1 commit
True,2018-09-29 20:49:03,very short,False,False,1 commit
True,2018-09-29 20:49:12,very short,False,False,1 commit
True,2018-09-30 01:58:17,very short,True,False,1 commit
True,2018-09-30 02:35:11,very short,True,False,1 commit
True,2018-09-30 10:10:02,very short,False,False,1 commit
True,2018-09-30 10:10:11,very short,False,False,1 commit
True,2018-09-30 12:14:04,very short,True,False,1 commit
True,2018-09-30 12:59:09,short,True,False,some commits
True,2018-09-30 21:40:19,short,True,False,1 commit
False,2018-10-01 17:27:04,lengthy,False,False,1 commit
True,2018-10-01 18:33:01,medium,True,False,1 commit
True,2018-10-01 22:14:58,lengthy,True,False,some commits
True,2018-10-02 09:34:23,very short,True,False,1 commit
True,2018-10-02 12:00:46,medium,True,False,1 commit
True,2018-10-02 15:42:28,very short,True,False,1 commit
True,2018-10-02 16:34:20,very short,True,False,1 commit
True,2018-10-02 21:15:15,very short,False,False,1 commit
False,2018-10-03 07:54:37,very short,False,True,1 commit
True,2018-10-03 08:17:48,very short,False,False,1 commit
True,2018-10-03 08:41:30,lengthy,True,False,many commits
True,2018-10-03 09:02:39,lengthy,True,False,many commits
True,2018-10-03 09:16:12,very short,False,False,1 commit
True,2018-10-03 09:16:20,very short,False,False,1 commit
True,2018-10-03 09:57:38,very short,True,False,1 commit
True,2018-10-03 10:14:34,very short,True,False,1 commit
True,2018-10-03 11:03:06,very short,True,False,1 commit
True,2018-10-03 16:48:10,short,True,False,1 commit
True,2018-10-03 21:01:30,very short,False,False,1 commit
True,2018-10-03 23:21:11,very short,True,False,1 commit
True,2018-10-03 23:42:12,short,True,False,1 commit
True,2018-10-04 03:04:34,lengthy,True,False,1 commit
True,2018-10-04 03:20:55,very short,False,False,1 commit
True,2018-10-04 12:38:46,very short,False,False,1 commit
True,2018-10-04 18:24:25,very short,False,False,1 commit
True,2018-10-04 18:24:34,short,False,False,1 commit
True,2018-10-05 12:42:09,very short,True,False,1 commit
True,2018-10-05 15:25:29,very short,False,False,1 commit
True,2018-10-05 18:09:10,very short,False,False,1 commit
True,2018-10-05 18:09:20,very short,False,False,1 commit
True,2018-10-05 20:57:15,very short,True,False,1 commit
True,2018-10-06 04:11:04,lengthy,True,False,1 commit
True,2018-10-06 15:01:43,medium,False,False,1 commit
True,2018-10-06 19:55:06,lengthy,True,False,many commits
True,2018-10-06 20:58:47,very short,True,False,some commits
True,2018-10-06 22:39:16,very short,False,False,1 commit
True,2018-10-07 16:54:09,very short,True,False,1 commit
True,2018-10-07 17:12:23,medium,True,False,some commits
True,2018-10-07 17:24:08,very short,True,False,1 commit
True,2018-10-07 18:35:50,very short,False,True,1 commit
True,2018-10-07 18:39:59,very short,True,False,1 commit
True,2018-10-08 08:22:02,lengthy,True,False,1 commit
True,2018-10-08 09:29:14,very short,True,False,1 commit
True,2018-10-08 11:43:58,lengthy,True,False,1 commit
True,2018-10-08 18:20:31,short,True,False,1 commit
True,2018-10-08 19:29:31,lengthy,True,False,1 commit
True,2018-10-08 22:23:01,very short,True,False,1 commit
True,2018-10-09 05:05:49,lengthy,True,False,many commits
True,2018-10-09 12:30:11,very short,True,False,1 commit
True,2018-10-09 15:05:10,lengthy,True,False,some commits
True,2018-10-09 15:18:26,very short,True,False,1 commit
True,2018-10-09 15:47:49,medium,True,False,some commits
True,2018-10-09 17:29:37,short,True,False,1 commit
True,2018-10-09 17:38:27,very short,False,False,1 commit
True,2018-10-09 17:38:37,very short,False,False,1 commit
True,2018-10-09 19:02:21,very short,True,False,1 commit
True,2018-10-09 20:50:02,very short,True,False,some commits
True,2018-10-09 21:20:53,very short,False,False,1 commit
True,2018-10-10 01:45:30,lengthy,True,False,some commits
True,2018-10-10 06:23:59,very short,False,False,1 commit
True,2018-10-10 09:44:34,lengthy,True,False,1 commit
True,2018-10-10 12:04:56,very short,True,False,1 commit
True,2018-10-10 13:22:59,very short,False,False,1 commit
True,2018-10-10 13:23:10,very short,False,False,1 commit
True,2018-10-10 15:04:37,very short,True,False,1 commit
True,2018-10-10 16:57:01,short,False,False,some commits
True,2018-10-10 21:16:34,lengthy,True,False,1 commit
True,2018-10-10 21:45:46,very short,True,False,1 commit
True,2018-10-10 22:46:11,very short,True,False,1 commit
True,2018-10-10 23:52:38,very short,False,False,1 commit
True,2018-10-11 02:21:25,very short,False,True,1 commit
True,2018-10-11 07:41:54,medium,True,False,1 commit
True,2018-10-11 11:10:21,very short,False,True,1 commit
True,2018-10-11 12:34:15,very short,False,False,1 commit
True,2018-10-11 12:34:26,very short,False,False,1 commit
True,2018-10-11 15:02:10,short,True,False,1 commit
True,2018-10-12 01:29:27,very short,False,True,1 commit
True,2018-10-12 05:17:09,very short,False,False,1 commit
True,2018-10-12 05:17:17,very short,False,False,1 commit
True,2018-10-12 09:33:29,short,True,False,1 commit
True,2018-10-12 09:45:30,medium,False,True,many commits
True,2018-10-12 14:34:12,short,True,False,some commits
True,2018-10-12 18:13:02,very short,True,False,some commits
True,2018-10-12 19:09:14,very short,False,False,1 commit
True,2018-10-12 19:09:22,very short,False,False,1 commit
True,2018-10-12 21:57:55,very short,False,False,1 commit
True,2018-10-12 22:18:41,very short,True,False,1 commit
False,2018-10-13 08:13:33,very short,False,True,1 commit
True,2018-10-13 11:13:53,very short,True,False,1 commit
True,2018-10-13 13:25:25,very short,False,False,1 commit
True,2018-10-13 17:04:12,very short,False,False,1 commit
True,2018-10-13 17:04:21,very short,False,False,1 commit
True,2018-10-13 17:18:44,medium,True,False,1 commit
True,2018-10-13 23:58:49,very short,False,False,1 commit
True,2018-10-14 11:04:48,short,True,False,1 commit
True,2018-10-14 16:42:06,lengthy,True,False,1 commit
True,2018-10-14 19:39:46,very short,False,False,1 commit
True,2018-10-15 05:58:56,very short,False,False,1 commit
True,2018-10-15 05:59:04,very short,False,False,1 commit
True,2018-10-15 19:06:29,very short,False,False,1 commit
True,2018-10-16 20:36:34,lengthy,True,False,some commits
True,2018-10-16 21:39:40,lengthy,True,False,many commits
True,2018-10-17 00:16:18,very short,False,False,1 commit
True,2018-10-17 00:16:28,very short,False,False,1 commit
True,2018-10-17 05:57:49,lengthy,True,False,1 commit
True,2018-10-17 08:51:54,very short,False,False,1 commit
True,2018-10-17 09:49:26,very short,True,False,1 commit
True,2018-10-17 10:08:18,very short,True,False,1 commit
True,2018-10-17 10:46:05,medium,False,True,1 commit
True,2018-10-17 23:34:16,lengthy,True,False,some commits
True,2018-10-18 17:39:06,very short,True,False,1 commit
True,2018-10-18 19:17:04,short,False,False,1 commit
True,2018-10-18 19:17:13,very short,False,False,1 commit
True,2018-10-18 20:36:31,lengthy,True,False,1 commit
True,2018-10-18 20:45:48,medium,True,False,1 commit
False,2018-10-19 04:00:32,lengthy,True,False,many commits
True,2018-10-19 13:13:20,lengthy,True,False,1 commit
True,2018-10-19 15:17:07,very short,True,False,1 commit
True,2018-10-19 17:00:15,medium,True,False,1 commit
True,2018-10-19 18:22:32,short,True,False,1 commit
True,2018-10-19 23:14:28,short,True,False,some commits
True,2018-10-20 05:06:27,very short,True,False,1 commit
True,2018-10-20 09:45:38,very short,True,False,1 commit
True,2018-10-20 17:21:58,very short,False,False,1 commit
False,2018-10-21 08:12:19,lengthy,True,False,1 commit
True,2018-10-21 13:41:02,short,True,False,1 commit
False,2018-10-21 18:05:12,lengthy,False,True,some commits
True,2018-10-21 22:45:42,medium,True,False,many commits
False,2018-10-22 03:32:43,lengthy,True,False,1 commit
True,2018-10-22 19:37:41,very short,False,False,1 commit
True,2018-10-22 19:49:12,short,False,False,1 commit
True,2018-10-22 20:54:18,short,False,False,1 commit
True,2018-10-23 04:12:18,lengthy,True,False,1 commit
True,2018-10-23 12:28:51,lengthy,True,False,1 commit
True,2018-10-23 13:08:33,very short,False,False,some commits
True,2018-10-23 13:23:13,very short,True,False,1 commit
True,2018-10-23 19:00:10,very short,True,False,some commits
True,2018-10-23 22:57:09,very short,False,False,1 commit
True,2018-10-24 00:09:44,very short,True,False,1 commit
True,2018-10-24 01:04:37,very short,True,False,1 commit
True,2018-10-24 02:23:59,medium,True,False,some commits
True,2018-10-24 14:32:21,very short,False,False,1 commit
True,2018-10-24 17:05:09,very short,False,False,1 commit
True,2018-10-24 17:05:19,very short,False,False,1 commit
True,2018-10-24 18:33:19,very short,False,False,1 commit
True,2018-10-25 02:06:09,very short,False,False,1 commit
True,2018-10-25 10:29:52,short,True,False,1 commit
True,2018-10-25 12:00:25,very short,True,False,1 commit
True,2018-10-25 13:02:32,very short,False,True,some commits
True,2018-10-25 13:39:01,very short,True,False,1 commit
True,2018-10-25 16:26:03,very short,False,False,1 commit
True,2018-10-26 01:14:33,lengthy,False,False,some commits
True,2018-10-26 05:18:16,short,True,False,some commits
True,2018-10-26 09:27:54,lengthy,True,False,some commits
True,2018-10-26 11:03:53,very short,False,False,1 commit
True,2018-10-26 11:04:02,very short,False,False,1 commit
True,2018-10-26 12:24:02,lengthy,True,False,1 commit
True,2018-10-26 13:36:18,short,True,False,1 commit
True,2018-10-26 15:27:57,lengthy,True,False,1 commit
True,2018-10-26 22:28:27,short,False,False,1 commit
True,2018-10-26 22:32:23,very short,False,False,1 commit
True,2018-10-27 17:11:50,short,True,False,some commits
True,2018-10-27 20:19:16,short,True,False,1 commit
True,2018-10-28 19:00:24,very short,True,False,1 commit
True,2018-10-28 19:09:38,very short,True,False,1 commit
True,2018-10-29 16:40:22,very short,False,False,1 commit
True,2018-10-29 19:16:43,very short,False,False,1 commit
True,2018-10-29 19:36:19,very short,False,False,1 commit
True,2018-10-29 20:01:04,medium,True,False,1 commit
False,2018-10-29 20:46:59,short,True,False,1 commit
True,2018-10-30 00:40:41,medium,False,False,many commits
True,2018-10-30 11:21:50,lengthy,False,True,many commits
True,2018-10-30 17:48:33,short,True,False,1 commit
True,2018-10-30 20:28:22,lengthy,True,False,some commits
True,2018-10-31 05:07:25,very short,False,False,1 commit
True,2018-10-31 17:36:11,very short,True,False,1 commit
True,2018-10-31 18:33:18,very short,True,False,1 commit
True,2018-10-31 18:50:15,short,True,False,some commits
True,2018-10-31 19:21:54,very short,True,False,1 commit
True,2018-10-31 23:28:27,very short,False,False,1 commit
True,2018-10-31 23:33:57,very short,False,False,1 commit
True,2018-11-01 02:17:32,very short,True,False,some commits
True,2018-11-01 09:52:25,medium,True,False,some commits
True,2018-11-01 09:56:08,very short,False,False,1 commit
True,2018-11-01 09:56:20,short,False,False,1 commit
True,2018-11-01 11:58:53,very short,True,False,1 commit
True,2018-11-01 18:24:06,short,True,False,1 commit
True,2018-11-01 18:27:40,very short,True,False,1 commit
True,2018-11-01 18:48:59,very short,True,False,1 commit
True,2018-11-01 19:16:33,short,True,False,1 commit
True,2018-11-01 21:17:19,medium,True,False,1 commit
True,2018-11-01 22:15:22,very short,True,False,1 commit
True,2018-11-02 09:25:24,very short,False,False,1 commit
True,2018-11-02 15:10:11,very short,False,False,1 commit
True,2018-11-02 15:10:21,very short,False,False,1 commit
True,2018-11-02 17:50:12,short,True,False,1 commit
True,2018-11-02 18:36:55,lengthy,True,False,some commits
True,2018-11-02 19:11:52,short,True,False,1 commit
False,2018-11-02 19:12:28,very short,True,False,1 commit
True,2018-11-02 19:15:44,very short,True,False,1 commit
True,2018-11-02 21:12:09,very short,True,False,1 commit
True,2018-11-02 21:42:59,very short,True,False,1 commit
False,2018-11-02 22:56:18,very short,True,False,1 commit
True,2018-11-02 23:50:54,very short,False,False,1 commit
True,2018-11-03 15:38:02,very short,False,False,1 commit
True,2018-11-03 17:18:49,very short,True,False,1 commit
True,2018-11-03 20:28:20,short,True,False,1 commit
True,2018-11-04 03:27:20,very short,True,False,1 commit
True,2018-11-04 03:51:00,very short,False,False,1 commit
True,2018-11-04 04:25:59,very short,False,False,1 commit
True,2018-11-04 10:06:23,very short,False,False,1 commit
True,2018-11-04 15:28:55,very short,True,False,1 commit
True,2018-11-04 17:41:18,short,True,False,1 commit
True,2018-11-04 17:53:40,very short,True,False,1 commit
True,2018-11-04 18:33:18,lengthy,True,False,1 commit
True,2018-11-04 18:53:54,very short,True,False,1 commit
True,2018-11-04 19:16:44,very short,False,False,1 commit
True,2018-11-04 19:16:52,very short,False,False,1 commit
True,2018-11-05 12:27:52,very short,True,False,1 commit
True,2018-11-05 14:41:05,very short,True,False,1 commit
True,2018-11-05 16:15:54,lengthy,True,False,1 commit
True,2018-11-05 16:23:06,very short,True,False,1 commit
True,2018-11-05 17:37:32,very short,False,False,1 commit
True,2018-11-05 17:55:15,very short,False,False,1 commit
True,2018-11-05 20:04:27,medium,True,False,1 commit
True,2018-11-05 20:18:19,very short,False,False,1 commit
True,2018-11-05 20:22:15,very short,False,False,1 commit
True,2018-11-06 11:26:09,lengthy,True,False,1 commit
True,2018-11-06 13:53:09,lengthy,True,False,1 commit
True,2018-11-06 18:22:30,medium,True,False,some commits
True,2018-11-07 08:27:34,lengthy,True,False,1 commit
True,2018-11-07 10:21:16,medium,True,False,some commits
True,2018-11-07 17:39:48,short,True,False,1 commit
True,2018-11-08 00:52:07,medium,True,False,1 commit
True,2018-11-08 02:51:26,very short,False,False,some commits
True,2018-11-08 10:37:47,lengthy,True,False,1 commit
True,2018-11-08 14:11:59,lengthy,False,True,1 commit
True,2018-11-08 15:25:36,very short,False,True,1 commit
True,2018-11-08 17:00:43,very short,True,False,1 commit
True,2018-11-08 20:12:55,very short,False,False,1 commit
True,2018-11-08 20:13:06,very short,False,False,1 commit
True,2018-11-08 20:24:59,lengthy,True,False,1 commit
True,2018-11-08 22:16:33,lengthy,True,False,some commits
True,2018-11-08 22:23:06,very short,True,False,1 commit
True,2018-11-08 22:25:56,very short,False,False,1 commit
True,2018-11-09 20:07:33,very short,True,False,1 commit
True,2018-11-09 21:21:01,very short,False,False,1 commit
False,2018-11-09 21:21:11,very short,False,False,1 commit
True,2018-11-10 09:32:57,short,True,False,1 commit
True,2018-11-11 17:26:07,very short,False,False,1 commit
True,2018-11-12 00:06:59,lengthy,True,False,some commits
True,2018-11-12 15:11:46,medium,True,False,1 commit
True,2018-11-12 15:42:29,very short,True,False,1 commit
True,2018-11-12 16:29:17,very short,True,False,1 commit
True,2018-11-12 21:59:43,medium,True,False,1 commit
True,2018-11-12 22:08:32,lengthy,True,False,1 commit
True,2018-11-14 09:43:03,medium,True,False,1 commit
True,2018-11-14 20:46:10,very short,True,False,1 commit
True,2018-11-15 04:07:38,lengthy,False,False,1 commit
True,2018-11-15 04:07:47,lengthy,False,False,1 commit
True,2018-11-15 20:11:51,lengthy,True,False,1 commit
True,2018-11-16 22:47:57,very short,True,False,1 commit
True,2018-11-17 13:34:18,medium,True,False,1 commit
True,2018-11-17 13:52:51,short,True,False,1 commit
True,2018-11-18 11:19:02,medium,True,False,1 commit
True,2018-11-18 11:31:05,very short,True,False,1 commit
True,2018-11-18 12:25:02,medium,True,False,1 commit
True,2018-11-18 20:54:00,lengthy,True,False,1 commit
True,2018-11-18 21:40:52,lengthy,True,False,1 commit
True,2018-11-19 13:19:04,short,True,False,some commits
True,2018-11-19 17:35:36,medium,False,False,1 commit
True,2018-11-19 18:01:58,lengthy,False,False,many commits
True,2018-11-19 18:36:16,medium,False,True,some commits
True,2018-11-19 22:37:36,medium,True,False,1 commit
True,2018-11-19 23:34:18,medium,True,False,1 commit
True,2018-11-20 00:31:56,medium,True,False,1 commit
True,2018-11-20 00:52:14,medium,True,False,1 commit
True,2018-11-20 01:02:26,medium,True,False,1 commit
True,2018-11-20 06:10:09,very short,True,False,some commits
True,2018-11-20 09:59:16,very short,False,True,1 commit
True,2018-11-20 10:42:18,very short,True,False,1 commit
True,2018-11-20 15:28:16,very short,True,False,1 commit
True,2018-11-20 15:50:34,medium,True,False,1 commit
True,2018-11-20 21:00:12,medium,False,False,1 commit
True,2018-11-20 21:55:00,medium,True,False,1 commit
True,2018-11-21 02:15:48,lengthy,True,False,many commits
True,2018-11-21 10:29:26,medium,True,False,1 commit
True,2018-11-21 13:49:50,lengthy,True,False,1 commit
True,2018-11-22 16:45:40,medium,True,False,1 commit
True,2018-11-22 18:54:13,short,True,False,1 commit
True,2018-11-22 19:14:54,very short,True,False,1 commit
True,2018-11-22 21:58:16,lengthy,True,False,1 commit
True,2018-11-23 10:04:58,very short,True,False,1 commit
True,2018-11-23 11:23:09,short,False,False,1 commit
True,2018-11-23 13:07:12,very short,True,False,1 commit
True,2018-11-24 14:16:28,very short,False,True,1 commit
True,2018-11-24 15:49:59,medium,True,False,1 commit
True,2018-11-24 16:08:06,very short,True,False,1 commit
True,2018-11-24 16:13:23,lengthy,True,False,1 commit
True,2018-11-24 20:56:04,lengthy,True,False,1 commit
True,2018-11-24 21:53:41,medium,True,False,1 commit
True,2018-11-24 22:24:08,short,True,False,1 commit
True,2018-11-25 08:32:03,short,True,False,many commits
True,2018-11-25 18:17:58,medium,True,False,1 commit
True,2018-11-25 21:44:22,very short,True,False,1 commit
True,2018-11-26 01:05:39,short,True,False,1 commit
True,2018-11-26 09:12:18,very short,True,False,1 commit
True,2018-11-26 11:18:26,very short,True,False,1 commit
True,2018-11-26 16:25:02,very short,False,True,1 commit
True,2018-11-26 23:46:25,very short,False,False,1 commit
False,2018-11-27 01:01:17,medium,False,False,1 commit
True,2018-11-27 01:01:26,very short,False,False,1 commit
True,2018-11-27 13:14:22,very short,True,False,1 commit
True,2018-11-27 13:28:11,very short,True,False,1 commit
True,2018-11-27 14:36:28,lengthy,True,False,1 commit
True,2018-11-27 21:33:06,medium,True,False,1 commit
True,2018-11-27 23:31:25,lengthy,True,False,many commits
True,2018-11-28 21:46:38,lengthy,True,False,1 commit
True,2018-11-28 23:13:28,lengthy,True,False,1 commit
True,2018-11-29 00:10:31,short,True,False,1 commit
True,2018-11-29 19:25:34,short,False,True,1 commit
True,2018-11-30 08:18:08,lengthy,True,False,some commits
True,2018-11-30 16:53:34,very short,False,False,1 commit
True,2018-12-01 14:03:34,medium,True,False,1 commit
True,2018-12-02 09:26:49,medium,True,False,1 commit
True,2018-12-02 10:05:52,very short,False,True,1 commit
False,2018-12-02 10:38:31,short,False,True,1 commit
True,2018-12-02 17:40:32,very short,False,False,1 commit
True,2018-12-02 23:45:37,medium,True,False,1 commit
True,2018-12-03 16:03:39,medium,True,False,some commits
True,2018-12-03 16:49:51,lengthy,True,False,some commits
True,2018-12-04 20:02:51,medium,True,False,1 commit
True,2018-12-04 23:34:10,very short,True,False,1 commit
True,2018-12-05 01:24:39,very short,True,False,1 commit
True,2018-12-05 11:09:12,lengthy,True,False,1 commit
True,2018-12-05 16:27:53,very short,True,False,1 commit
True,2018-12-05 16:35:16,very short,True,False,1 commit
True,2018-12-05 23:08:07,very short,True,False,1 commit
True,2018-12-06 01:43:19,medium,True,False,1 commit
True,2018-12-06 08:22:19,very short,True,False,some commits
True,2018-12-06 10:57:35,lengthy,True,False,some commits
True,2018-12-06 19:35:26,very short,True,False,1 commit
True,2018-12-06 19:42:12,medium,True,True,1 commit
True,2018-12-07 10:30:13,very short,True,False,1 commit
True,2018-12-08 19:10:32,lengthy,True,False,1 commit
True,2018-12-08 23:29:15,lengthy,True,False,1 commit
True,2018-12-09 13:17:05,lengthy,True,False,1 commit
True,2018-12-09 16:02:18,medium,True,False,1 commit
True,2018-12-09 16:22:50,very short,True,False,1 commit
True,2018-12-09 18:31:44,lengthy,False,True,many commits
True,2018-12-09 19:32:46,medium,True,False,1 commit
True,2018-12-09 20:05:29,very short,True,False,1 commit
True,2018-12-09 20:34:12,lengthy,True,False,1 commit
True,2018-12-10 00:58:36,very short,False,False,1 commit
True,2018-12-10 01:59:32,very short,False,False,1 commit
True,2018-12-10 01:59:42,very short,False,False,1 commit
True,2018-12-10 08:01:11,lengthy,True,False,1 commit
True,2018-12-10 08:20:59,lengthy,True,False,1 commit
True,2018-12-10 09:31:10,very short,True,False,1 commit
True,2018-12-10 21:06:18,very short,False,False,1 commit
True,2018-12-10 22:42:57,very short,True,False,1 commit
True,2018-12-10 22:59:25,very short,True,False,1 commit
True,2018-12-11 10:06:07,very short,True,False,1 commit
True,2018-12-13 00:17:05,lengthy,False,True,many commits
True,2018-12-13 20:14:34,very short,True,False,1 commit
True,2018-12-14 10:08:36,medium,True,False,1 commit
True,2018-12-14 14:45:08,short,True,False,1 commit
True,2018-12-14 23:18:29,medium,False,True,some commits
True,2018-12-15 20:19:25,lengthy,True,False,1 commit
True,2018-12-16 17:56:09,short,True,False,some commits
True,2018-12-16 18:00:55,lengthy,True,False,1 commit
True,2018-12-16 18:16:35,very short,True,False,1 commit
True,2018-12-16 22:09:52,very short,True,False,1 commit
True,2018-12-17 14:00:44,medium,True,False,1 commit
True,2018-12-17 15:54:45,very short,True,False,1 commit
True,2018-12-17 19:52:55,very short,True,False,1 commit
True,2018-12-17 20:05:20,very short,True,False,1 commit
True,2018-12-17 21:02:28,very short,False,False,1 commit
True,2018-12-18 08:59:40,medium,True,True,1 commit
True,2018-12-18 13:08:58,lengthy,True,False,some commits
True,2018-12-19 10:19:24,lengthy,True,False,1 commit
True,2018-12-20 04:41:11,very short,True,False,1 commit
True,2018-12-20 06:01:06,lengthy,True,False,many commits
True,2018-12-20 08:26:50,lengthy,False,True,1 commit
True,2018-12-20 11:36:37,medium,False,True,some commits
True,2018-12-20 15:40:21,lengthy,True,False,many commits
True,2018-12-21 02:53:02,very short,False,True,1 commit
True,2018-12-22 02:21:16,very short,False,False,1 commit
False,2018-12-22 02:21:22,very short,False,False,1 commit
True,2018-12-22 17:19:09,short,True,False,some commits
True,2018-12-23 11:38:47,medium,True,False,1 commit
True,2018-12-25 15:36:10,lengthy,True,False,1 commit
True,2018-12-25 15:43:30,very short,True,False,1 commit
True,2018-12-25 17:19:49,very short,True,False,1 commit
True,2018-12-25 18:28:16,medium,True,False,1 commit
True,2018-12-25 21:31:24,very short,False,True,1 commit
True,2018-12-26 15:18:02,very short,False,False,1 commit
True,2018-12-27 17:57:48,lengthy,True,False,1 commit
True,2018-12-28 17:38:40,very short,True,False,1 commit
True,2018-12-28 20:00:59,medium,True,False,1 commit
True,2018-12-29 12:08:29,very short,True,False,1 commit
True,2018-12-29 14:40:04,lengthy,True,False,1 commit
True,2018-12-29 17:51:58,medium,True,False,many commits
True,2018-12-29 18:11:38,lengthy,True,False,many commits
True,2018-12-29 21:08:33,very short,True,False,1 commit
True,2018-12-30 22:20:31,lengthy,True,False,1 commit
True,2018-12-31 05:03:04,lengthy,True,False,1 commit
True,2018-12-31 18:23:29,medium,True,False,1 commit
True,2019-01-01 22:06:23,short,True,False,1 commit
True,2019-01-01 22:29:49,medium,True,False,1 commit
True,2019-01-02 03:50:50,medium,True,False,many commits
True,2019-01-02 14:58:44,short,True,False,some commits
True,2019-01-02 15:30:00,very short,True,False,1 commit
True,2019-01-02 16:01:40,very short,True,False,1 commit
True,2019-01-02 16:02:56,very short,False,False,1 commit
True,2019-01-02 16:03:08,very short,False,False,1 commit
False,2019-01-02 17:25:38,very short,True,False,1 commit
True,2019-01-02 17:41:56,very short,False,False,1 commit
True,2019-01-02 17:42:07,very short,False,False,1 commit
True,2019-01-03 09:50:40,very short,True,False,1 commit
True,2019-01-03 13:27:20,lengthy,True,False,1 commit
True,2019-01-03 13:53:30,very short,True,False,1 commit
True,2019-01-03 16:33:30,very short,True,False,1 commit
True,2019-01-03 19:30:44,short,True,False,1 commit
True,2019-01-03 21:28:04,lengthy,True,False,1 commit
True,2019-01-03 21:32:18,very short,True,False,1 commit
True,2019-01-04 10:08:23,very short,True,False,1 commit
True,2019-01-04 17:35:16,short,True,False,1 commit
True,2019-01-04 18:02:59,very short,True,False,1 commit
True,2019-01-04 20:42:43,very short,True,False,1 commit
True,2019-01-04 21:28:42,lengthy,True,False,1 commit
True,2019-01-04 21:46:49,lengthy,True,False,1 commit
True,2019-01-05 15:27:11,medium,True,False,1 commit
True,2019-01-05 16:10:41,medium,True,False,some commits
True,2019-01-05 18:28:57,very short,True,False,1 commit
True,2019-01-05 22:44:41,lengthy,True,False,1 commit
True,2019-01-06 02:37:59,very short,True,False,1 commit
True,2019-01-06 09:23:02,medium,True,False,1 commit
True,2019-01-06 10:23:52,lengthy,True,False,1 commit
True,2019-01-06 13:31:52,very short,True,False,1 commit
True,2019-01-06 19:34:39,very short,True,False,1 commit
True,2019-01-06 20:20:36,lengthy,True,False,some commits
True,2019-01-06 23:17:06,lengthy,True,False,1 commit
True,2019-01-07 01:36:07,lengthy,True,False,1 commit
True,2019-01-07 04:52:50,medium,True,False,some commits
True,2019-01-07 09:47:06,medium,True,False,1 commit
True,2019-01-07 21:25:18,lengthy,True,False,some commits
True,2019-01-09 01:47:27,very short,True,False,1 commit
True,2019-01-09 01:57:46,short,True,False,1 commit
True,2019-01-09 17:39:29,very short,True,False,1 commit
True,2019-01-09 19:11:00,very short,False,False,some commits
True,2019-01-10 00:19:07,very short,True,False,1 commit
True,2019-01-10 00:21:29,very short,True,False,1 commit
True,2019-01-10 15:52:00,very short,True,False,1 commit
True,2019-01-10 16:26:40,short,True,False,1 commit
True,2019-01-10 16:50:53,very short,True,False,1 commit
True,2019-01-10 17:40:29,very short,True,False,1 commit
True,2019-01-10 19:03:57,very short,True,False,1 commit
True,2019-01-10 19:11:26,medium,True,False,1 commit
True,2019-01-10 19:21:52,very short,False,False,1 commit
True,2019-01-11 10:12:07,very short,True,False,1 commit
True,2019-01-11 11:50:21,medium,False,False,1 commit
True,2019-01-11 11:50:33,medium,False,False,1 commit
True,2019-01-11 14:39:34,short,True,False,1 commit
True,2019-01-11 18:49:17,medium,False,False,1 commit
True,2019-01-12 14:24:44,very short,False,True,some commits
True,2019-01-12 15:54:04,medium,True,False,1 commit
True,2019-01-12 16:38:07,very short,False,True,1 commit
False,2019-01-12 19:59:15,short,False,False,1 commit
True,2019-01-12 20:09:14,lengthy,True,False,1 commit
True,2019-01-12 21:40:32,short,True,False,1 commit
True,2019-01-13 11:32:00,very short,True,False,1 commit
True,2019-01-13 12:17:27,very short,False,False,1 commit
True,2019-01-13 14:15:24,lengthy,True,False,1 commit
True,2019-01-14 00:34:16,very short,False,False,1 commit
True,2019-01-14 03:55:11,medium,False,False,1 commit
True,2019-01-14 07:03:07,medium,True,False,1 commit
True,2019-01-14 07:31:38,very short,True,False,1 commit
True,2019-01-14 10:03:11,very short,True,False,1 commit
True,2019-01-14 11:16:17,lengthy,True,False,1 commit
True,2019-01-14 14:41:31,medium,True,True,many commits
True,2019-01-15 00:46:45,medium,True,False,some commits
True,2019-01-15 14:42:15,very short,True,False,1 commit
True,2019-01-15 16:01:25,short,True,False,1 commit
True,2019-01-15 21:36:11,very short,True,False,1 commit
True,2019-01-16 12:40:24,short,True,False,1 commit
True,2019-01-16 13:44:21,very short,True,False,1 commit
True,2019-01-16 13:55:44,very short,True,False,1 commit
True,2019-01-16 14:07:16,very short,True,False,1 commit
True,2019-01-17 05:50:59,very short,True,False,1 commit
True,2019-01-17 12:33:20,very short,True,False,1 commit
False,2019-01-17 14:40:50,very short,False,False,1 commit
True,2019-01-17 17:24:41,very short,True,False,1 commit
True,2019-01-17 20:39:08,lengthy,True,False,1 commit
True,2019-01-17 21:15:46,very short,True,False,1 commit
True,2019-01-17 21:28:57,very short,True,False,1 commit
True,2019-01-17 22:04:56,very short,False,True,some commits
True,2019-01-17 22:28:47,short,True,False,1 commit
True,2019-01-17 22:45:26,very short,True,False,1 commit
True,2019-01-18 03:03:55,short,False,False,1 commit
True,2019-01-18 04:48:12,short,True,False,some commits
True,2019-01-18 10:03:50,short,True,False,1 commit
True,2019-01-18 10:17:25,medium,True,False,some commits
True,2019-01-18 13:10:50,very short,True,False,1 commit
True,2019-01-18 23:38:07,short,False,False,1 commit
True,2019-01-19 01:21:25,medium,True,False,1 commit
True,2019-01-19 15:18:19,very short,True,False,1 commit
True,2019-01-19 18:03:55,very short,True,False,1 commit
True,2019-01-19 18:10:37,very short,True,False,1 commit
True,2019-01-19 19:09:53,medium,True,False,1 commit
True,2019-01-19 19:31:42,very short,False,False,1 commit
True,2019-01-19 19:31:50,lengthy,False,False,1 commit
True,2019-01-19 19:39:50,short,True,False,1 commit
True,2019-01-19 19:53:33,short,True,False,1 commit
True,2019-01-20 00:59:45,lengthy,True,False,some commits
True,2019-01-20 06:09:35,lengthy,True,False,1 commit
True,2019-01-20 10:14:52,short,True,False,1 commit
True,2019-01-20 18:40:26,very short,True,False,some commits
True,2019-01-20 20:21:20,very short,False,False,1 commit
True,2019-01-20 21:20:43,very short,False,False,1 commit
True,2019-01-20 21:20:51,short,False,False,1 commit
True,2019-01-20 21:35:40,very short,True,False,1 commit
True,2019-01-20 21:36:11,very short,True,False,1 commit
True,2019-01-20 21:44:10,very short,True,False,1 commit
True,2019-01-20 22:55:28,very short,True,False,1 commit
True,2019-01-21 13:20:14,very short,True,False,1 commit
True,2019-01-21 19:29:09,very short,True,False,1 commit
True,2019-01-21 20:29:27,very short,True,False,1 commit
True,2019-01-22 11:24:12,very short,True,False,1 commit
True,2019-01-22 16:47:16,lengthy,True,False,1 commit
True,2019-01-22 20:20:22,medium,True,False,1 commit
True,2019-01-22 23:57:30,very short,False,True,some commits
True,2019-01-23 11:25:35,short,False,True,some commits
True,2019-01-23 13:25:37,lengthy,True,False,1 commit
True,2019-01-23 21:46:15,very short,True,False,1 commit
True,2019-01-24 06:26:12,very short,True,False,some commits
True,2019-01-24 10:51:45,very short,False,False,1 commit
True,2019-01-24 10:51:53,medium,False,False,1 commit
True,2019-01-24 11:10:06,lengthy,True,False,1 commit
True,2019-01-24 19:20:12,very short,True,False,1 commit
True,2019-01-25 01:58:25,very short,True,False,1 commit
True,2019-01-25 19:09:33,medium,True,False,1 commit
True,2019-01-25 20:44:14,very short,True,False,1 commit
True,2019-01-25 21:17:56,very short,True,False,1 commit
True,2019-01-25 21:31:46,medium,True,False,some commits
True,2019-01-25 23:28:46,very short,False,False,1 commit
True,2019-01-25 23:28:56,very short,False,False,1 commit
True,2019-01-26 21:47:47,very short,True,False,1 commit
True,2019-01-26 22:44:25,very short,True,False,1 commit
True,2019-01-27 11:05:12,very short,True,False,1 commit
True,2019-01-27 11:27:51,very short,True,False,1 commit
True,2019-01-27 16:50:07,very short,True,False,1 commit
True,2019-01-27 19:03:11,very short,True,False,1 commit
True,2019-01-27 19:21:36,very short,True,False,1 commit
True,2019-01-27 22:55:37,lengthy,True,False,1 commit
True,2019-01-28 00:54:57,very short,True,False,1 commit
True,2019-01-28 20:19:40,very short,True,False,1 commit
True,2019-01-28 20:28:50,medium,True,False,1 commit
True,2019-01-28 22:19:50,very short,True,False,1 commit
True,2019-01-29 00:03:10,very short,True,False,1 commit
True,2019-01-29 00:43:50,very short,True,False,1 commit
True,2019-01-29 11:04:03,lengthy,True,False,many commits
True,2019-01-29 12:40:28,very short,True,False,1 commit
True,2019-01-29 13:43:28,very short,False,False,1 commit
True,2019-01-29 13:43:37,medium,False,False,1 commit
True,2019-01-29 21:29:22,very short,True,False,1 commit
True,2019-01-29 21:38:24,very short,True,False,1 commit
True,2019-01-29 21:57:55,very short,True,False,1 commit
True,2019-01-30 00:37:10,lengthy,True,False,1 commit
True,2019-01-30 00:49:21,short,True,False,1 commit
True,2019-01-30 16:08:22,lengthy,True,False,1 commit
True,2019-01-30 20:38:45,very short,True,False,1 commit
True,2019-01-31 00:06:13,short,True,False,1 commit
True,2019-01-31 00:43:57,very short,True,False,1 commit
True,2019-01-31 00:58:48,short,True,False,some commits
True,2019-01-31 03:48:09,short,True,False,1 commit
True,2019-01-31 18:06:07,very short,True,False,1 commit
True,2019-01-31 18:24:18,short,True,False,1 commit
True,2019-01-31 19:15:23,very short,True,False,1 commit
True,2019-01-31 21:08:07,very short,True,False,1 commit
True,2019-02-01 04:35:28,very short,False,False,1 commit
True,2019-02-01 04:35:36,very short,False,False,1 commit
True,2019-02-01 06:57:42,very short,True,False,1 commit
True,2019-02-02 07:15:17,very short,False,False,1 commit
True,2019-02-02 13:55:58,very short,True,False,1 commit
True,2019-02-02 20:03:42,short,False,False,1 commit
True,2019-02-03 04:30:05,short,True,False,1 commit
True,2019-02-03 21:55:42,medium,True,False,1 commit
True,2019-02-03 23:39:08,very short,True,False,1 commit
True,2019-02-03 23:53:07,lengthy,True,False,1 commit
False,2019-02-04 16:24:58,short,True,False,1 commit
True,2019-02-04 20:13:39,very short,True,False,1 commit
True,2019-02-05 13:13:58,very short,True,False,1 commit
True,2019-02-05 16:27:04,very short,True,False,some commits
True,2019-02-05 18:54:45,very short,False,False,1 commit
True,2019-02-05 19:09:10,very short,True,False,1 commit
True,2019-02-05 19:59:10,medium,True,False,1 commit
True,2019-02-05 20:04:32,very short,False,False,1 commit
True,2019-02-05 20:04:41,very short,False,False,1 commit
True,2019-02-05 22:34:20,very short,True,False,1 commit
True,2019-02-05 23:33:12,very short,True,False,1 commit
True,2019-02-06 16:40:50,lengthy,True,False,1 commit
True,2019-02-06 17:24:04,very short,True,False,1 commit
True,2019-02-06 22:16:18,very short,True,False,1 commit
True,2019-02-07 19:18:10,very short,True,False,1 commit
True,2019-02-07 21:41:53,very short,True,False,1 commit
True,2019-02-07 22:30:59,very short,True,False,1 commit
True,2019-02-07 23:07:41,medium,True,False,1 commit
True,2019-02-07 23:39:51,medium,True,False,1 commit
True,2019-02-07 23:49:50,very short,True,False,1 commit
True,2019-02-08 00:27:24,very short,True,False,1 commit
True,2019-02-08 10:08:09,very short,True,False,1 commit
True,2019-02-08 14:46:58,very short,True,False,some commits
True,2019-02-08 18:31:13,very short,True,False,1 commit
True,2019-02-09 19:42:28,lengthy,True,False,1 commit
True,2019-02-09 20:04:49,medium,True,False,1 commit
True,2019-02-09 20:42:18,very short,True,False,1 commit
True,2019-02-10 02:20:12,medium,True,False,some commits
True,2019-02-10 17:22:22,medium,True,False,1 commit
False,2019-02-10 19:16:33,short,True,False,1 commit
True,2019-02-10 22:50:25,very short,True,False,some commits
True,2019-02-11 00:03:27,very short,True,False,1 commit
True,2019-02-11 08:41:47,very short,True,False,1 commit
True,2019-02-11 13:21:51,very short,True,False,1 commit
True,2019-02-11 13:56:35,very short,True,False,1 commit
True,2019-02-11 14:19:25,medium,True,False,1 commit
True,2019-02-11 14:23:29,very short,True,False,1 commit
True,2019-02-11 21:29:17,lengthy,True,False,1 commit
True,2019-02-12 00:53:01,very short,False,False,some commits
True,2019-02-12 00:53:09,very short,False,False,1 commit
True,2019-02-12 03:19:28,short,True,False,some commits
True,2019-02-12 03:27:19,very short,True,False,many commits
True,2019-02-12 04:31:11,medium,True,False,many commits
True,2019-02-12 10:03:32,medium,True,False,1 commit
True,2019-02-12 18:22:10,short,True,False,1 commit
True,2019-02-13 04:04:46,medium,True,False,some commits
True,2019-02-13 10:18:28,medium,True,False,1 commit
False,2019-02-13 16:12:21,lengthy,False,True,1 commit
True,2019-02-14 03:13:35,very short,True,False,1 commit
True,2019-02-14 15:10:16,very short,True,False,1 commit
True,2019-02-14 19:05:27,very short,True,False,1 commit
True,2019-02-14 21:02:47,very short,False,False,1 commit
True,2019-02-15 16:51:04,short,True,False,1 commit
True,2019-02-15 22:06:30,very short,True,False,1 commit
True,2019-02-15 23:27:42,short,True,False,1 commit
True,2019-02-16 05:54:33,short,True,False,many commits
True,2019-02-16 19:55:43,medium,True,False,1 commit
True,2019-02-16 20:23:40,medium,True,False,some commits
True,2019-02-17 02:00:16,very short,True,False,1 commit
True,2019-02-17 18:17:31,very short,False,False,1 commit
True,2019-02-17 20:46:54,very short,True,False,1 commit
True,2019-02-18 10:42:52,medium,True,False,1 commit
True,2019-02-18 19:13:29,very short,False,False,1 commit
True,2019-02-18 19:42:11,very short,False,False,1 commit
True,2019-02-18 19:50:07,very short,True,False,1 commit
True,2019-02-18 23:48:50,medium,True,False,some commits
True,2019-02-19 10:46:33,short,True,False,1 commit
True,2019-02-19 11:01:56,short,True,False,1 commit
True,2019-02-19 16:44:36,very short,True,False,1 commit
True,2019-02-19 23:12:42,very short,False,False,1 commit
True,2019-02-19 23:12:51,very short,False,False,1 commit
True,2019-02-20 00:44:41,short,True,False,1 commit
True,2019-02-20 16:04:39,short,True,False,1 commit
True,2019-02-20 16:21:42,very short,True,False,1 commit
True,2019-02-20 21:48:36,very short,False,True,1 commit
True,2019-02-21 03:20:58,lengthy,True,False,many commits
True,2019-02-22 13:26:03,short,False,True,some commits
True,2019-02-23 03:58:31,short,True,False,many commits
True,2019-02-23 08:31:08,very short,False,False,1 commit
True,2019-02-23 10:24:26,very short,False,False,1 commit
True,2019-02-23 16:56:52,very short,False,False,1 commit
True,2019-02-23 17:09:28,very short,False,False,1 commit
True,2019-02-23 18:22:12,very short,False,False,1 commit
True,2019-02-23 18:23:48,very short,False,False,1 commit
True,2019-02-23 18:25:57,very short,False,False,1 commit
True,2019-02-23 18:31:38,very short,False,False,1 commit
True,2019-02-23 19:58:00,very short,False,False,1 commit
True,2019-02-23 20:46:14,very short,False,False,1 commit
True,2019-02-23 20:53:23,very short,False,False,1 commit
True,2019-02-24 05:22:40,lengthy,True,False,many commits
True,2019-02-24 07:58:10,very short,False,False,1 commit
True,2019-02-24 19:27:27,very short,False,False,1 commit
True,2019-02-24 19:45:34,very short,False,False,1 commit
True,2019-02-25 11:03:56,very short,True,False,1 commit
True,2019-02-25 12:14:00,very short,False,False,1 commit
True,2019-02-25 13:05:54,very short,True,False,1 commit
True,2019-02-25 13:52:56,very short,False,False,1 commit
True,2019-02-25 13:57:57,very short,True,False,1 commit
True,2019-02-25 20:10:31,very short,False,False,1 commit
True,2019-02-25 20:33:12,very short,False,False,1 commit
True,2019-02-26 09:48:16,short,True,False,1 commit
True,2019-02-26 09:50:45,very short,True,False,1 commit
True,2019-02-26 11:03:43,very short,False,False,1 commit
True,2019-02-26 12:55:12,medium,True,False,1 commit
True,2019-02-26 13:18:06,very short,True,False,1 commit
True,2019-02-27 00:24:03,very short,True,False,some commits
True,2019-02-27 02:00:35,very short,True,False,1 commit
True,2019-02-27 03:01:53,very short,False,False,1 commit
True,2019-02-27 03:06:57,very short,False,False,1 commit
False,2019-02-27 04:08:48,medium,True,False,1 commit
True,2019-02-27 12:35:44,very short,False,False,1 commit
True,2019-02-27 12:52:58,very short,True,False,1 commit
True,2019-02-27 17:01:37,very short,True,False,1 commit
True,2019-02-27 22:52:10,very short,False,False,1 commit
True,2019-02-27 23:51:22,very short,False,False,1 commit
True,2019-02-27 23:58:29,very short,False,False,1 commit
True,2019-02-28 13:18:22,very short,True,False,1 commit
True,2019-02-28 13:57:30,lengthy,True,False,1 commit
True,2019-02-28 16:02:22,very short,False,False,1 commit
True,2019-02-28 16:16:48,very short,False,True,some commits
True,2019-02-28 16:48:15,very short,False,False,1 commit
True,2019-02-28 17:56:52,very short,True,False,1 commit
True,2019-02-28 20:38:44,very short,True,False,1 commit
True,2019-02-28 22:44:08,short,True,False,1 commit
True,2019-02-28 22:58:45,short,False,True,some commits
True,2019-03-01 02:48:12,very short,False,False,1 commit
True,2019-03-01 11:12:59,short,True,False,1 commit
True,2019-03-01 11:35:50,very short,False,False,1 commit
True,2019-03-01 11:47:27,very short,False,False,1 commit
True,2019-03-01 12:01:50,very short,False,False,1 commit
True,2019-03-01 12:39:49,very short,True,False,1 commit
True,2019-03-01 14:39:52,very short,False,False,1 commit
True,2019-03-02 01:04:18,very short,True,False,1 commit
True,2019-03-02 16:13:10,lengthy,False,True,some commits
True,2019-03-02 16:15:36,very short,False,False,1 commit
True,2019-03-02 17:49:20,very short,False,False,1 commit
True,2019-03-02 22:40:45,lengthy,False,True,many commits
True,2019-03-02 22:54:16,very short,False,False,1 commit
True,2019-03-03 00:38:40,very short,False,False,1 commit
True,2019-03-03 03:35:47,short,True,False,some commits
True,2019-03-03 06:37:30,very short,False,False,1 commit
True,2019-03-03 20:15:24,very short,False,False,1 commit
True,2019-03-03 21:23:49,very short,True,False,1 commit
True,2019-03-03 21:31:29,very short,False,False,1 commit
True,2019-03-03 22:45:19,very short,True,False,1 commit
True,2019-03-04 13:55:19,very short,False,False,1 commit
True,2019-03-04 13:55:33,very short,False,False,1 commit
True,2019-03-04 20:55:31,very short,False,False,1 commit
True,2019-03-04 22:29:15,very short,True,False,1 commit
True,2019-03-05 00:03:53,short,True,False,1 commit
True,2019-03-05 10:34:39,lengthy,True,False,1 commit
True,2019-03-05 16:06:09,very short,False,False,1 commit
True,2019-03-05 17:54:44,lengthy,True,False,1 commit
True,2019-03-05 22:25:40,very short,False,False,1 commit
True,2019-03-06 11:06:51,very short,False,False,1 commit
True,2019-03-06 16:02:11,short,True,False,some commits
True,2019-03-06 16:53:14,very short,True,False,1 commit
True,2019-03-06 17:57:26,very short,False,False,1 commit
True,2019-03-06 22:00:55,very short,True,False,some commits
True,2019-03-06 22:25:54,very short,True,False,1 commit
True,2019-03-07 00:29:53,medium,True,False,1 commit
True,2019-03-07 05:27:29,medium,True,False,1 commit
True,2019-03-07 22:22:04,very short,True,False,1 commit
True,2019-03-07 22:22:28,very short,True,False,1 commit
True,2019-03-07 22:28:04,very short,True,False,1 commit
True,2019-03-08 06:27:52,very short,False,False,1 commit
True,2019-03-08 06:29:44,very short,False,False,1 commit
True,2019-03-08 06:30:00,very short,False,False,1 commit
True,2019-03-08 06:32:02,very short,False,False,1 commit
True,2019-03-08 10:08:09,very short,True,False,1 commit
True,2019-03-08 10:25:50,very short,True,False,1 commit
True,2019-03-08 10:35:03,very short,True,False,some commits
True,2019-03-08 10:39:04,very short,False,False,1 commit
True,2019-03-08 19:08:22,very short,False,False,1 commit
True,2019-03-08 19:10:20,very short,False,False,1 commit
True,2019-03-08 19:13:50,very short,False,False,1 commit
True,2019-03-08 20:02:12,short,True,False,some commits
True,2019-03-10 18:07:05,very short,False,False,1 commit
True,2019-03-10 19:40:01,very short,False,True,1 commit
True,2019-03-10 20:41:58,very short,False,False,1 commit
True,2019-03-10 21:55:58,very short,True,False,1 commit
True,2019-03-11 15:37:57,short,False,True,1 commit
True,2019-03-11 19:53:05,very short,False,False,1 commit
True,2019-03-11 20:20:14,very short,False,False,1 commit
True,2019-03-12 01:49:56,short,True,False,some commits
True,2019-03-12 20:56:21,very short,False,False,1 commit
True,2019-03-13 13:38:45,very short,False,False,1 commit
True,2019-03-13 14:37:42,lengthy,True,False,1 commit
True,2019-03-13 20:45:58,very short,False,False,1 commit
True,2019-03-13 20:54:53,very short,False,False,1 commit
True,2019-03-14 10:49:31,very short,True,False,1 commit
True,2019-03-14 12:42:12,very short,False,False,1 commit
True,2019-03-14 12:45:08,lengthy,True,False,1 commit
True,2019-03-17 20:26:18,very short,True,False,1 commit
True,2019-03-18 04:35:55,very short,False,False,1 commit
True,2019-03-18 06:42:49,lengthy,True,False,some commits
True,2019-03-18 17:05:35,very short,False,False,1 commit
True,2019-03-18 17:34:17,lengthy,True,False,1 commit
True,2019-03-18 19:46:36,very short,False,False,1 commit
True,2019-03-18 20:00:48,very short,False,False,1 commit
True,2019-03-18 20:02:49,very short,False,False,1 commit
True,2019-03-18 22:36:06,lengthy,True,False,1 commit
True,2019-03-19 01:49:45,very short,True,False,1 commit
True,2019-03-19 01:57:42,very short,True,False,1 commit
True,2019-03-19 09:32:26,lengthy,True,False,1 commit
True,2019-03-19 09:42:58,medium,True,False,1 commit
True,2019-03-19 19:36:27,medium,True,False,1 commit
True,2019-03-20 13:51:26,medium,True,False,1 commit
True,2019-03-22 10:52:51,short,True,False,some commits
True,2019-03-22 15:54:05,short,True,False,1 commit
False,2019-03-22 17:50:10,lengthy,False,True,1 commit
True,2019-03-22 18:37:07,lengthy,True,False,some commits
True,2019-03-23 11:02:26,short,True,False,1 commit
True,2019-03-23 13:56:45,very short,True,False,1 commit
True,2019-03-24 06:47:52,very short,False,False,1 commit
True,2019-03-24 06:48:00,very short,False,False,1 commit
True,2019-03-24 15:30:38,very short,False,False,1 commit
True,2019-03-24 16:38:40,very short,True,False,1 commit
True,2019-03-24 21:32:44,very short,False,False,1 commit
True,2019-03-24 21:46:28,very short,False,False,1 commit
True,2019-03-25 09:41:39,very short,True,False,1 commit
True,2019-03-25 10:05:24,very short,True,False,1 commit
True,2019-03-25 23:25:02,very short,False,False,1 commit
True,2019-03-25 23:27:44,very short,True,False,1 commit
True,2019-03-25 23:39:42,medium,True,False,1 commit
True,2019-03-26 00:03:10,medium,True,False,1 commit
True,2019-03-26 01:07:52,very short,False,False,1 commit
True,2019-03-26 09:18:05,medium,True,False,some commits
True,2019-03-27 02:09:37,very short,False,True,some commits
True,2019-03-27 05:11:19,medium,False,True,many commits
True,2019-03-28 07:13:18,very short,True,False,1 commit
True,2019-03-28 13:40:13,very short,False,False,1 commit
True,2019-03-28 14:07:44,medium,True,False,1 commit
True,2019-03-28 22:50:14,very short,True,False,1 commit
True,2019-03-29 04:35:32,very short,False,False,1 commit
True,2019-03-29 06:41:23,very short,False,False,1 commit
True,2019-03-29 10:40:37,very short,False,False,1 commit
True,2019-03-29 10:43:54,very short,False,False,1 commit
True,2019-03-29 10:50:16,very short,False,False,1 commit
True,2019-03-29 10:51:33,very short,False,False,1 commit
True,2019-03-29 11:42:21,short,True,False,1 commit
True,2019-03-29 13:16:23,very short,True,False,1 commit
True,2019-03-29 17:06:34,lengthy,False,False,many commits
True,2019-03-30 08:58:14,very short,False,False,1 commit
True,2019-03-30 09:13:55,very short,True,False,1 commit
True,2019-03-30 09:22:00,very short,False,False,1 commit
True,2019-03-30 12:34:31,very short,False,False,1 commit
True,2019-03-30 21:56:03,short,True,False,1 commit
True,2019-03-31 03:31:18,very short,False,False,1 commit
True,2019-03-31 04:49:55,very short,True,False,1 commit
True,2019-03-31 10:18:28,short,True,False,1 commit
True,2019-03-31 10:32:34,very short,True,False,1 commit
True,2019-03-31 11:13:30,very short,True,False,1 commit
True,2019-03-31 18:04:19,very short,False,False,1 commit
True,2019-03-31 21:26:00,very short,True,False,1 commit
True,2019-03-31 22:40:26,very short,False,False,1 commit
True,2019-04-01 06:57:42,short,True,False,1 commit
True,2019-04-01 12:11:50,very short,False,False,1 commit
True,2019-04-01 13:09:10,very short,True,False,1 commit
True,2019-04-01 14:29:09,very short,False,False,1 commit
True,2019-04-01 16:45:50,very short,False,False,1 commit
True,2019-04-01 20:21:02,very short,True,False,1 commit
True,2019-04-01 21:52:01,very short,True,False,1 commit
True,2019-04-01 22:00:56,medium,True,False,1 commit
True,2019-04-01 23:00:10,very short,True,False,1 commit
True,2019-04-02 08:31:09,very short,False,False,1 commit
True,2019-04-02 09:11:16,very short,False,False,1 commit
True,2019-04-02 09:12:50,very short,False,False,1 commit
True,2019-04-02 13:10:20,very short,False,False,1 commit
True,2019-04-02 13:17:17,very short,False,False,1 commit
True,2019-04-02 16:27:10,very short,True,False,1 commit
True,2019-04-02 16:57:16,medium,False,False,1 commit
True,2019-04-02 19:56:48,very short,False,False,1 commit
True,2019-04-02 20:25:22,medium,True,False,1 commit
True,2019-04-02 21:21:07,lengthy,True,False,1 commit
True,2019-04-02 21:59:41,lengthy,True,False,1 commit
True,2019-04-02 22:21:38,medium,True,False,1 commit
True,2019-04-02 23:19:45,lengthy,True,False,many commits
True,2019-04-03 06:40:32,short,True,False,1 commit
True,2019-04-03 10:57:24,very short,True,False,1 commit
True,2019-04-03 11:08:13,short,True,False,1 commit
True,2019-04-03 14:40:55,lengthy,True,False,1 commit
True,2019-04-03 14:50:46,short,True,False,1 commit
True,2019-04-03 14:51:01,very short,True,False,1 commit
True,2019-04-03 15:11:28,very short,False,False,1 commit
True,2019-04-03 15:56:20,lengthy,True,False,many commits
True,2019-04-03 18:30:29,very short,False,False,1 commit
True,2019-04-03 23:26:29,very short,True,False,1 commit
True,2019-04-03 23:41:01,very short,True,False,1 commit
True,2019-04-03 23:50:55,very short,True,False,1 commit
True,2019-04-04 12:53:52,lengthy,True,False,1 commit
True,2019-04-04 13:26:16,very short,True,False,1 commit
True,2019-04-04 13:42:24,lengthy,True,False,1 commit
True,2019-04-04 14:01:56,lengthy,True,False,1 commit
True,2019-04-04 15:58:26,very short,False,False,1 commit
True,2019-04-04 19:54:38,very short,False,False,1 commit
True,2019-04-04 22:23:10,lengthy,True,False,1 commit
True,2019-04-04 22:29:39,very short,True,False,1 commit
True,2019-04-05 02:41:22,very short,False,False,1 commit
True,2019-04-05 09:12:29,medium,True,False,1 commit
True,2019-04-05 09:36:09,very short,True,False,1 commit
True,2019-04-06 08:33:59,very short,False,False,1 commit
True,2019-04-06 09:25:50,medium,True,False,1 commit
True,2019-04-06 11:17:55,very short,True,False,1 commit
True,2019-04-06 11:36:54,very short,False,True,1 commit
True,2019-04-06 12:35:55,medium,True,False,1 commit
True,2019-04-06 14:31:36,very short,False,False,1 commit
True,2019-04-07 21:22:08,lengthy,True,False,1 commit
True,2019-04-09 02:29:24,medium,True,False,many commits
True,2019-04-09 22:03:49,very short,True,False,1 commit
True,2019-04-09 23:26:28,medium,True,False,1 commit
True,2019-04-10 00:27:41,medium,True,False,1 commit
True,2019-04-10 04:45:47,very short,False,False,1 commit
True,2019-04-10 04:46:27,very short,False,False,1 commit
True,2019-04-10 05:10:48,very short,True,False,1 commit
True,2019-04-10 07:05:38,very short,True,False,1 commit
True,2019-04-10 16:26:12,very short,True,False,1 commit
True,2019-04-11 06:31:28,very short,True,False,1 commit
True,2019-04-11 09:35:04,short,True,False,1 commit
True,2019-04-11 09:45:27,medium,True,False,1 commit
True,2019-04-11 13:16:48,lengthy,True,False,1 commit
True,2019-04-11 17:06:18,lengthy,True,False,1 commit
True,2019-04-12 09:32:37,short,True,False,1 commit
True,2019-04-12 10:15:11,medium,True,False,1 commit
True,2019-04-12 12:47:35,medium,True,False,some commits
True,2019-04-12 15:05:54,short,True,False,some commits
True,2019-04-12 17:04:39,short,False,False,some commits
True,2019-04-12 18:18:06,short,True,False,1 commit
True,2019-04-13 13:59:30,very short,True,False,1 commit
True,2019-04-13 14:20:28,medium,True,False,1 commit
True,2019-04-13 14:36:45,very short,False,False,1 commit
True,2019-04-13 17:29:21,very short,False,False,1 commit
True,2019-04-13 17:51:36,short,False,True,some commits
True,2019-04-13 20:24:05,short,False,False,some commits
True,2019-04-14 08:48:41,very short,False,False,1 commit
True,2019-04-14 13:55:02,very short,True,False,1 commit
True,2019-04-14 14:04:57,very short,True,False,1 commit
True,2019-04-14 17:59:46,very short,False,False,1 commit
True,2019-04-14 18:42:31,very short,False,False,1 commit
True,2019-04-14 18:45:58,very short,False,False,1 commit
True,2019-04-14 20:13:50,very short,True,False,1 commit
True,2019-04-14 23:44:41,lengthy,True,False,many commits
True,2019-04-15 07:03:15,very short,False,False,1 commit
True,2019-04-15 07:03:38,very short,False,False,1 commit
True,2019-04-15 10:47:04,very short,True,False,1 commit
True,2019-04-15 12:34:29,very short,False,False,1 commit
True,2019-04-15 13:09:54,very short,False,False,1 commit
True,2019-04-16 06:03:40,very short,False,False,1 commit
True,2019-04-17 12:06:09,lengthy,True,False,1 commit
True,2019-04-17 17:18:41,very short,True,False,1 commit
True,2019-04-18 10:09:26,lengthy,True,False,1 commit
True,2019-04-18 10:20:51,very short,True,False,1 commit
True,2019-04-18 10:55:40,short,True,False,some commits
True,2019-04-18 11:21:30,short,True,False,1 commit
True,2019-04-18 21:48:53,medium,True,False,1 commit
True,2019-04-18 22:31:26,short,True,False,1 commit
True,2019-04-19 04:20:46,very short,False,False,1 commit
True,2019-04-20 04:23:42,short,True,False,some commits
True,2019-04-20 21:11:14,very short,True,False,1 commit
True,2019-04-21 10:34:30,very short,False,False,1 commit
True,2019-04-21 11:59:52,short,True,False,1 commit
True,2019-04-21 14:28:46,very short,False,False,1 commit
True,2019-04-22 11:05:29,short,False,False,1 commit
True,2019-04-22 11:40:14,lengthy,True,False,1 commit
True,2019-04-22 13:43:26,very short,True,False,1 commit
True,2019-04-22 14:27:51,very short,False,False,1 commit
True,2019-04-22 15:06:54,very short,False,False,1 commit
True,2019-04-23 05:43:08,very short,True,False,1 commit
True,2019-04-23 09:28:51,very short,True,False,1 commit
True,2019-04-23 09:41:52,very short,True,False,1 commit
True,2019-04-23 10:07:19,very short,False,False,1 commit
True,2019-04-23 11:23:10,lengthy,True,False,1 commit
True,2019-04-23 12:27:34,lengthy,True,False,1 commit
True,2019-04-23 12:48:27,very short,False,False,1 commit
True,2019-04-23 12:55:29,lengthy,True,False,1 commit
True,2019-04-23 13:09:20,medium,True,False,1 commit
True,2019-04-23 13:26:47,short,True,False,1 commit
True,2019-04-23 16:11:58,short,True,False,some commits
True,2019-04-23 20:47:36,short,True,False,1 commit
True,2019-04-24 10:02:52,very short,True,False,1 commit
True,2019-04-24 10:42:48,very short,False,False,1 commit
True,2019-04-24 16:32:44,medium,True,False,some commits
True,2019-04-25 00:07:00,very short,False,False,some commits
True,2019-04-25 05:49:10,very short,False,False,1 commit
True,2019-04-25 09:25:47,very short,True,False,1 commit
True,2019-04-25 09:49:56,lengthy,True,False,1 commit
True,2019-04-25 11:00:55,very short,False,False,1 commit
True,2019-04-25 11:01:08,very short,False,False,1 commit
True,2019-04-25 12:43:02,very short,True,False,1 commit
True,2019-04-25 13:54:25,lengthy,True,False,many commits
True,2019-04-25 20:12:48,very short,True,False,1 commit
True,2019-04-25 20:29:56,short,True,False,some commits
True,2019-04-26 09:41:55,lengthy,True,False,1 commit
True,2019-04-26 11:31:13,very short,True,False,1 commit
True,2019-04-26 11:54:58,very short,True,False,1 commit
True,2019-04-26 12:11:08,very short,False,False,1 commit
True,2019-04-26 12:46:05,very short,False,False,1 commit
True,2019-04-26 13:34:48,very short,False,True,some commits
True,2019-04-26 14:37:32,medium,True,False,1 commit
True,2019-04-26 14:50:12,short,True,False,1 commit
True,2019-04-26 17:41:34,medium,True,False,1 commit
True,2019-04-26 17:50:48,medium,True,False,1 commit
True,2019-04-26 18:23:58,short,True,False,1 commit
True,2019-04-26 19:10:46,very short,False,False,1 commit
True,2019-04-27 11:46:10,very short,True,False,1 commit
True,2019-04-27 12:49:37,short,True,False,1 commit
True,2019-04-27 12:56:51,very short,False,False,1 commit
True,2019-04-27 20:18:04,very short,False,False,1 commit
True,2019-04-27 20:32:39,very short,False,False,1 commit
True,2019-04-27 20:35:19,very short,False,False,1 commit
True,2019-04-28 16:48:33,lengthy,True,False,1 commit
True,2019-04-28 19:08:18,very short,True,False,1 commit
True,2019-04-28 23:38:09,very short,True,False,1 commit
True,2019-04-29 08:23:26,very short,False,False,1 commit
True,2019-04-29 08:53:00,medium,True,False,some commits
True,2019-04-29 09:37:18,very short,True,False,1 commit
True,2019-04-29 10:03:17,very short,True,False,1 commit
True,2019-04-29 10:26:26,very short,True,False,1 commit
True,2019-04-29 10:51:37,very short,False,False,1 commit
True,2019-04-29 14:23:14,lengthy,True,False,1 commit
True,2019-04-29 14:29:53,very short,True,False,1 commit
True,2019-04-29 14:36:38,lengthy,True,False,1 commit
True,2019-04-29 15:10:00,short,True,False,1 commit
True,2019-04-29 17:24:13,very short,True,False,1 commit
True,2019-04-29 17:36:58,very short,True,False,1 commit
True,2019-04-29 17:43:55,very short,True,False,1 commit
True,2019-04-29 17:49:26,very short,True,False,1 commit
True,2019-04-29 18:42:46,very short,False,False,1 commit
True,2019-04-29 19:07:48,very short,False,False,1 commit
True,2019-04-29 19:13:22,very short,False,False,1 commit
True,2019-04-29 19:15:48,very short,False,False,1 commit
True,2019-04-29 19:59:06,very short,False,False,1 commit
True,2019-04-29 21:02:22,very short,False,False,1 commit
True,2019-04-29 21:31:58,lengthy,True,False,1 commit
True,2019-04-30 07:56:13,very short,False,False,1 commit
True,2019-04-30 08:27:29,very short,True,False,1 commit
True,2019-04-30 09:40:11,lengthy,True,False,1 commit
True,2019-04-30 10:13:06,very short,False,False,1 commit
True,2019-04-30 10:50:59,very short,False,False,1 commit
True,2019-04-30 13:09:13,lengthy,True,False,1 commit
True,2019-04-30 20:25:32,lengthy,True,False,many commits
True,2019-05-01 10:01:47,short,True,False,1 commit
True,2019-05-01 11:07:49,medium,True,False,1 commit
True,2019-05-01 11:33:49,very short,True,False,1 commit
True,2019-05-01 11:46:35,very short,True,False,1 commit
True,2019-05-01 13:19:58,very short,True,False,1 commit
True,2019-05-01 21:44:44,short,False,True,some commits
True,2019-05-01 22:00:58,lengthy,True,False,some commits
True,2019-05-02 09:50:32,short,True,False,1 commit
True,2019-05-03 01:46:48,very short,False,False,some commits
True,2019-05-03 10:47:12,very short,True,False,1 commit
True,2019-05-03 23:20:29,very short,False,False,1 commit
True,2019-05-04 09:15:43,very short,True,False,1 commit
True,2019-05-04 12:11:30,lengthy,True,False,1 commit
True,2019-05-04 15:55:56,very short,False,False,1 commit
True,2019-05-04 15:59:34,very short,False,False,1 commit
True,2019-05-04 16:07:02,very short,False,False,1 commit
True,2019-05-04 22:08:56,short,True,False,1 commit
True,2019-05-04 22:52:36,very short,True,False,1 commit
True,2019-05-05 14:42:44,short,True,False,1 commit
True,2019-05-05 18:50:07,medium,True,False,1 commit
True,2019-05-05 18:58:52,very short,True,False,1 commit
True,2019-05-06 03:35:31,lengthy,True,False,1 commit
True,2019-05-06 07:25:15,very short,True,False,1 commit
True,2019-05-06 19:55:21,lengthy,True,False,1 commit
True,2019-05-07 08:42:06,very short,True,False,1 commit
True,2019-05-07 09:43:29,very short,True,False,1 commit
True,2019-05-07 15:12:45,very short,True,False,1 commit
True,2019-05-07 15:51:08,short,True,False,1 commit
True,2019-05-07 19:44:45,very short,False,False,1 commit
True,2019-05-07 21:55:54,very short,False,False,1 commit
True,2019-05-07 22:14:56,lengthy,True,False,1 commit
True,2019-05-08 16:06:47,lengthy,True,False,1 commit
True,2019-05-08 21:44:34,very short,True,False,1 commit
True,2019-05-10 22:10:58,medium,True,False,1 commit
True,2019-05-11 15:14:54,very short,False,False,1 commit
True,2019-05-14 04:02:54,very short,True,False,some commits
True,2019-05-14 08:45:39,very short,True,False,1 commit
True,2019-05-14 09:10:47,very short,False,False,1 commit
True,2019-05-14 10:44:02,lengthy,True,False,1 commit
True,2019-05-14 12:36:14,very short,True,False,1 commit
True,2019-05-14 16:27:22,very short,False,False,1 commit
True,2019-05-14 16:32:33,very short,False,False,1 commit
True,2019-05-15 10:34:13,very short,True,False,some commits
True,2019-05-16 16:59:28,very short,True,False,1 commit
True,2019-05-16 17:51:11,very short,False,False,1 commit
True,2019-05-16 18:41:41,very short,False,False,1 commit
True,2019-05-16 21:25:21,very short,False,False,1 commit
True,2019-05-17 11:14:19,very short,False,False,1 commit
True,2019-05-17 20:28:25,medium,True,False,1 commit
True,2019-05-18 02:23:52,very short,False,False,1 commit
True,2019-05-18 09:25:26,very short,True,False,1 commit
True,2019-05-18 13:56:38,very short,True,False,1 commit
True,2019-05-18 14:19:23,very short,True,False,1 commit
True,2019-05-18 14:42:59,medium,True,False,1 commit
True,2019-05-18 14:47:48,medium,True,False,1 commit
True,2019-05-18 15:25:51,very short,True,False,1 commit
True,2019-05-18 15:28:16,very short,False,False,1 commit
True,2019-05-18 15:57:11,very short,True,False,1 commit
True,2019-05-18 16:16:06,very short,False,False,1 commit
True,2019-05-18 16:16:25,very short,False,False,1 commit
True,2019-05-18 16:20:55,very short,False,False,1 commit
True,2019-05-18 18:56:34,medium,True,False,1 commit
True,2019-05-19 00:04:35,short,True,True,1 commit
True,2019-05-19 09:56:14,short,True,False,1 commit
True,2019-05-19 11:42:51,very short,True,False,some commits
True,2019-05-19 11:59:11,very short,True,False,many commits
True,2019-05-19 16:51:53,medium,True,False,1 commit
True,2019-05-19 18:35:26,very short,False,False,1 commit
True,2019-05-19 19:36:09,very short,True,False,1 commit
True,2019-05-19 22:15:37,very short,False,False,1 commit
True,2019-05-20 13:04:43,very short,True,False,1 commit
True,2019-05-20 13:19:13,short,True,False,1 commit
True,2019-05-20 19:44:04,very short,True,False,1 commit
True,2019-05-20 21:32:15,short,True,False,1 commit
True,2019-05-20 22:44:18,very short,True,False,1 commit
True,2019-05-20 22:50:32,very short,False,False,1 commit
True,2019-05-21 00:24:02,very short,False,False,1 commit
True,2019-05-21 01:53:43,very short,False,False,1 commit
True,2019-05-21 01:53:52,very short,False,False,1 commit
True,2019-05-21 07:59:53,very short,True,False,1 commit
True,2019-05-21 11:04:18,medium,True,False,some commits
True,2019-05-21 12:47:53,very short,False,False,1 commit
True,2019-05-21 18:29:36,very short,False,False,1 commit
True,2019-05-21 19:59:19,short,True,False,some commits
True,2019-05-23 17:45:40,very short,False,False,1 commit
True,2019-05-24 05:20:19,very short,False,True,1 commit
True,2019-05-24 15:59:41,medium,False,True,many commits
True,2019-05-24 19:44:12,very short,True,False,some commits
True,2019-05-24 23:00:22,medium,False,True,some commits
True,2019-05-24 23:08:08,very short,True,False,1 commit
True,2019-05-25 00:28:45,very short,True,False,1 commit
True,2019-05-25 06:24:57,very short,False,False,1 commit
True,2019-05-25 18:32:11,very short,False,False,1 commit
True,2019-05-25 19:26:21,very short,False,False,1 commit
True,2019-05-25 19:32:22,very short,False,False,1 commit
True,2019-05-25 21:52:38,short,True,False,1 commit
True,2019-05-26 12:15:47,very short,True,False,1 commit
True,2019-05-26 13:11:09,short,True,False,1 commit
True,2019-05-26 18:08:16,very short,True,False,1 commit
True,2019-05-26 19:04:00,very short,False,False,1 commit
True,2019-05-26 19:04:09,very short,False,False,1 commit
True,2019-05-26 20:19:16,very short,True,False,1 commit
True,2019-05-26 20:43:25,very short,True,False,1 commit
True,2019-05-27 09:52:05,very short,False,False,1 commit
True,2019-05-27 13:50:01,very short,False,False,1 commit
True,2019-05-27 15:31:09,medium,True,False,some commits
True,2019-05-27 15:51:26,very short,True,False,1 commit
True,2019-05-27 21:04:51,very short,True,False,1 commit
True,2019-05-28 05:19:51,very short,True,False,1 commit
True,2019-05-28 10:33:51,short,True,False,1 commit
True,2019-05-28 21:11:24,very short,False,True,1 commit
True,2019-05-28 23:26:25,short,True,False,1 commit
True,2019-05-29 12:23:58,very short,True,False,1 commit
True,2019-05-29 16:48:05,very short,True,False,1 commit
True,2019-05-29 16:57:41,very short,True,False,1 commit
True,2019-05-30 00:05:58,very short,True,False,1 commit
True,2019-05-30 02:55:18,very short,False,True,1 commit
True,2019-05-30 11:51:55,very short,False,False,1 commit
True,2019-05-30 11:56:36,very short,True,False,1 commit
True,2019-05-30 13:22:42,very short,True,False,1 commit
True,2019-05-30 15:52:52,very short,False,False,1 commit
True,2019-05-30 16:02:52,very short,False,False,1 commit
True,2019-05-30 18:57:34,very short,False,True,1 commit
True,2019-05-30 20:19:08,very short,False,False,1 commit
True,2019-05-31 02:16:41,very short,True,False,1 commit
True,2019-05-31 08:14:59,very short,True,False,1 commit
True,2019-05-31 08:20:30,very short,True,False,1 commit
True,2019-05-31 11:19:16,very short,False,False,1 commit
True,2019-06-01 03:17:54,very short,True,True,1 commit
True,2019-06-01 07:36:25,very short,True,False,1 commit
True,2019-06-01 07:36:32,very short,True,False,1 commit
True,2019-06-01 13:02:03,very short,True,False,1 commit
True,2019-06-01 19:03:00,very short,True,False,1 commit
True,2019-06-02 08:48:09,medium,True,False,many commits
True,2019-06-02 18:09:58,very short,True,False,1 commit
True,2019-06-02 18:10:09,very short,True,False,1 commit
True,2019-06-02 19:24:03,medium,True,False,1 commit
True,2019-06-02 19:39:58,very short,True,False,some commits
True,2019-06-02 19:47:58,lengthy,True,False,1 commit
True,2019-06-02 19:51:01,very short,True,False,1 commit
True,2019-06-02 19:53:18,very short,True,False,1 commit
True,2019-06-02 20:12:22,lengthy,True,False,1 commit
True,2019-06-02 20:28:24,very short,True,False,some commits
True,2019-06-03 03:09:39,very short,True,False,1 commit
True,2019-06-03 03:31:54,medium,True,False,some commits
True,2019-06-03 05:14:47,very short,True,False,1 commit
True,2019-06-03 20:51:07,very short,True,False,1 commit
True,2019-06-03 20:51:49,medium,True,False,some commits
True,2019-06-03 20:59:29,very short,True,False,1 commit
True,2019-06-04 00:43:35,very short,True,False,1 commit
True,2019-06-04 07:28:57,very short,True,True,1 commit
True,2019-06-04 09:15:30,very short,True,False,1 commit
True,2019-06-04 15:14:34,very short,True,False,1 commit
True,2019-06-04 17:02:38,lengthy,True,False,1 commit
True,2019-06-04 17:50:12,medium,True,False,1 commit
True,2019-06-04 18:33:38,very short,True,False,1 commit
True,2019-06-04 20:12:17,lengthy,True,False,some commits
True,2019-06-04 21:18:20,very short,True,False,1 commit
True,2019-06-04 22:57:47,short,True,False,1 commit
True,2019-06-04 23:14:30,very short,True,False,1 commit
True,2019-06-04 23:52:56,medium,True,False,1 commit
True,2019-06-05 00:14:12,very short,True,False,1 commit
True,2019-06-05 10:03:32,medium,True,False,1 commit
False,2019-06-05 11:59:41,lengthy,True,False,1 commit
True,2019-06-05 13:44:32,lengthy,True,False,some commits
True,2019-06-06 09:24:49,short,True,False,1 commit
True,2019-06-06 09:30:12,very short,True,False,1 commit
True,2019-06-06 09:42:48,very short,True,False,1 commit
True,2019-06-06 13:52:05,very short,True,False,1 commit
True,2019-06-06 14:00:41,very short,False,False,1 commit
True,2019-06-06 15:21:26,short,True,False,1 commit
True,2019-06-06 20:02:01,short,True,False,1 commit
True,2019-06-06 20:52:21,very short,True,False,1 commit
True,2019-06-06 21:40:02,short,True,False,1 commit
True,2019-06-06 22:15:33,lengthy,True,False,some commits
True,2019-06-06 22:30:42,very short,True,True,1 commit
True,2019-06-06 23:22:58,very short,True,False,1 commit
True,2019-06-07 01:17:18,very short,True,False,1 commit
True,2019-06-07 01:24:25,very short,True,False,some commits
True,2019-06-07 02:01:34,very short,True,False,1 commit
True,2019-06-07 02:04:52,very short,True,False,1 commit
True,2019-06-07 02:38:45,lengthy,True,False,many commits
True,2019-06-07 09:02:14,short,True,False,1 commit
True,2019-06-07 10:20:42,very short,True,False,1 commit
True,2019-06-07 10:27:12,very short,True,False,1 commit
True,2019-06-07 12:15:36,very short,True,False,1 commit
True,2019-06-07 12:37:57,short,True,False,1 commit
True,2019-06-07 17:12:13,lengthy,True,False,some commits
True,2019-06-08 09:38:17,very short,True,False,1 commit
True,2019-06-08 10:41:13,very short,True,False,1 commit
True,2019-06-08 11:02:05,very short,True,False,1 commit
True,2019-06-08 12:11:37,lengthy,True,False,1 commit
True,2019-06-08 12:40:32,very short,True,False,1 commit
True,2019-06-08 12:53:00,medium,True,False,1 commit
True,2019-06-08 15:05:24,very short,True,False,1 commit
True,2019-06-08 18:49:27,medium,True,False,1 commit
True,2019-06-08 20:15:11,short,True,False,1 commit
True,2019-06-08 20:42:30,lengthy,True,False,1 commit
True,2019-06-08 20:42:40,very short,True,False,1 commit
True,2019-06-08 21:06:56,very short,True,False,1 commit
True,2019-06-08 21:20:49,very short,True,False,1 commit
True,2019-06-08 21:49:08,short,True,False,1 commit
True,2019-06-08 22:05:02,lengthy,True,False,some commits
True,2019-06-09 02:07:07,lengthy,False,True,many commits
True,2019-06-09 10:38:02,short,True,False,1 commit
True,2019-06-09 17:35:09,lengthy,True,False,1 commit
True,2019-06-09 21:01:29,lengthy,False,True,many commits
True,2019-06-09 21:49:34,very short,True,False,1 commit
True,2019-06-10 03:47:56,very short,True,False,1 commit
True,2019-06-10 12:33:12,very short,True,False,1 commit
True,2019-06-10 14:39:10,lengthy,True,False,1 commit
True,2019-06-10 17:00:16,lengthy,True,False,1 commit
True,2019-06-10 19:08:39,very short,True,False,1 commit
True,2019-06-11 09:24:39,very short,True,False,1 commit
False,2019-06-11 14:30:42,lengthy,True,False,many commits
False,2019-06-11 16:33:16,lengthy,True,False,many commits
True,2019-06-11 19:53:47,medium,True,False,1 commit
True,2019-06-12 09:40:17,short,True,False,1 commit
True,2019-06-13 07:57:43,very short,True,False,1 commit
True,2019-06-13 13:57:03,very short,True,False,1 commit
True,2019-06-13 15:00:18,very short,True,False,1 commit
True,2019-06-13 16:38:33,very short,True,False,1 commit
True,2019-06-13 16:43:01,very short,True,False,1 commit
False,2019-06-13 16:51:47,lengthy,True,False,1 commit
True,2019-06-13 22:39:08,very short,True,False,1 commit
True,2019-06-13 23:29:36,lengthy,True,False,1 commit
True,2019-06-14 00:04:04,medium,True,False,1 commit
True,2019-06-15 15:05:58,very short,True,False,1 commit
True,2019-06-15 15:17:03,very short,True,False,1 commit
False,2019-06-16 17:54:15,lengthy,True,False,1 commit
True,2019-06-16 19:58:29,very short,True,False,1 commit
True,2019-06-18 06:08:55,lengthy,True,False,1 commit
True,2019-06-18 07:42:04,very short,True,False,1 commit
True,2019-06-18 09:56:42,very short,True,False,1 commit
True,2019-06-18 12:11:37,very short,True,False,1 commit
True,2019-06-18 12:58:12,lengthy,True,False,1 commit
True,2019-06-18 13:50:30,very short,True,False,1 commit
True,2019-06-18 15:15:39,very short,True,False,1 commit
True,2019-06-18 22:47:40,medium,True,False,1 commit
True,2019-06-19 04:08:57,very short,True,False,1 commit
True,2019-06-19 08:25:56,lengthy,True,False,1 commit
True,2019-06-19 08:44:05,lengthy,True,False,1 commit
True,2019-06-19 14:40:45,medium,True,False,1 commit
True,2019-06-20 09:30:46,lengthy,True,False,1 commit
True,2019-06-20 09:44:06,lengthy,False,True,some commits
True,2019-06-20 10:07:36,short,True,False,1 commit
True,2019-06-20 11:50:23,medium,False,False,1 commit
True,2019-06-20 13:16:02,short,True,False,1 commit
True,2019-06-20 15:16:28,short,True,False,many commits
True,2019-06-20 18:08:41,short,True,False,1 commit
True,2019-06-20 18:28:19,lengthy,True,False,1 commit
True,2019-06-20 18:46:11,lengthy,True,False,1 commit
True,2019-06-20 21:01:27,very short,True,False,1 commit
False,2019-06-20 21:07:36,lengthy,True,False,1 commit
True,2019-06-21 12:50:28,medium,True,False,1 commit
True,2019-06-23 07:28:27,very short,True,False,1 commit
True,2019-06-23 17:14:40,very short,True,False,1 commit
True,2019-06-23 17:14:47,very short,True,False,1 commit
True,2019-06-24 08:57:00,medium,True,False,1 commit
True,2019-06-24 09:02:53,very short,True,False,1 commit
True,2019-06-24 11:38:22,lengthy,True,False,1 commit
True,2019-06-24 23:34:53,lengthy,True,False,1 commit
True,2019-06-25 02:42:08,very short,True,False,1 commit
True,2019-06-25 06:45:19,very short,True,False,1 commit
True,2019-06-25 06:52:19,very short,True,False,1 commit
True,2019-06-25 07:00:35,very short,True,False,1 commit
True,2019-06-25 08:26:42,medium,True,False,1 commit
True,2019-06-25 08:30:56,very short,True,False,1 commit
True,2019-06-25 11:34:57,short,True,False,1 commit
True,2019-06-25 13:41:24,very short,True,False,1 commit
True,2019-06-25 13:42:09,very short,True,False,1 commit
True,2019-06-25 14:01:17,short,True,False,1 commit
True,2019-06-25 14:03:27,lengthy,True,False,1 commit
True,2019-06-25 14:33:51,medium,True,False,1 commit
True,2019-06-25 16:00:04,lengthy,True,False,1 commit
True,2019-06-25 16:52:31,very short,True,False,1 commit
True,2019-06-25 16:56:33,very short,True,False,1 commit
True,2019-06-25 17:27:45,lengthy,True,False,some commits
True,2019-06-25 23:22:11,medium,True,False,1 commit
True,2019-06-25 23:58:56,lengthy,True,False,1 commit
True,2019-06-26 08:28:27,medium,True,False,1 commit
True,2019-06-26 14:37:02,medium,True,False,some commits
True,2019-06-26 15:14:31,medium,True,False,1 commit
True,2019-06-27 04:22:12,short,True,False,some commits
True,2019-06-27 11:04:09,lengthy,True,False,1 commit
True,2019-06-28 08:04:49,very short,True,False,1 commit
False,2019-06-28 13:43:33,medium,True,False,1 commit
True,2019-06-28 16:48:28,lengthy,True,False,1 commit
True,2019-06-28 22:47:33,very short,True,False,1 commit
True,2019-06-29 10:47:01,very short,True,False,1 commit
True,2019-06-29 18:19:01,medium,True,False,1 commit
True,2019-06-29 19:18:57,short,True,False,1 commit
True,2019-06-29 19:47:48,lengthy,True,False,1 commit
True,2019-06-30 00:31:41,very short,True,False,1 commit
True,2019-06-30 10:21:39,very short,True,False,1 commit
True,2019-06-30 12:43:04,lengthy,True,False,1 commit
True,2019-06-30 13:21:47,lengthy,True,False,1 commit
True,2019-06-30 14:12:44,short,True,False,1 commit
True,2019-07-01 04:21:58,very short,False,True,1 commit
True,2019-07-01 04:33:42,very short,False,False,some commits
True,2019-07-01 05:43:53,short,True,False,1 commit
True,2019-07-02 01:36:53,very short,False,False,1 commit
True,2019-07-02 03:09:10,very short,False,False,some commits
True,2019-07-02 07:29:47,very short,True,False,1 commit
True,2019-07-02 12:26:33,very short,True,False,1 commit
True,2019-07-02 22:26:42,very short,True,False,1 commit
True,2019-07-02 22:42:01,very short,True,False,1 commit
True,2019-07-02 23:15:59,short,True,False,1 commit
True,2019-07-02 23:24:53,very short,True,False,1 commit
False,2019-07-03 10:37:01,short,False,True,some commits
True,2019-07-03 13:55:44,short,True,False,1 commit
True,2019-07-03 22:33:52,lengthy,True,False,1 commit
True,2019-07-03 23:00:23,lengthy,True,False,1 commit
True,2019-07-04 08:38:18,very short,False,False,1 commit
True,2019-07-04 09:12:12,very short,True,False,1 commit
True,2019-07-04 14:30:29,lengthy,True,False,1 commit
True,2019-07-04 18:55:19,lengthy,True,False,1 commit
True,2019-07-04 18:58:54,lengthy,True,False,many commits
True,2019-07-04 20:29:17,very short,True,False,1 commit
True,2019-07-04 21:49:56,very short,True,False,1 commit
True,2019-07-05 03:51:36,very short,False,False,1 commit
True,2019-07-05 15:15:04,very short,True,False,1 commit
True,2019-07-05 16:57:27,lengthy,True,False,1 commit
True,2019-07-05 17:05:04,lengthy,True,False,1 commit
True,2019-07-06 13:33:08,very short,False,False,some commits
True,2019-07-06 14:09:45,lengthy,True,False,1 commit
True,2019-07-06 21:32:10,very short,True,False,1 commit
True,2019-07-06 21:43:06,lengthy,False,True,many commits
True,2019-07-07 10:02:46,very short,True,False,1 commit
True,2019-07-07 11:49:29,very short,False,False,some commits
True,2019-07-07 12:52:26,very short,True,False,1 commit
True,2019-07-07 13:04:38,very short,True,False,1 commit
True,2019-07-07 13:04:45,very short,True,False,1 commit
True,2019-07-07 15:00:39,lengthy,True,False,some commits
True,2019-07-07 23:11:17,medium,True,True,1 commit
True,2019-07-08 01:02:02,medium,True,False,1 commit
True,2019-07-08 01:04:54,lengthy,True,False,1 commit
True,2019-07-08 09:36:47,very short,False,False,1 commit
True,2019-07-08 10:05:50,medium,True,False,1 commit
True,2019-07-09 09:11:57,lengthy,True,False,1 commit
True,2019-07-09 09:21:56,very short,True,False,1 commit
True,2019-07-09 16:50:34,medium,True,False,1 commit
True,2019-07-09 17:03:33,medium,True,False,1 commit
True,2019-07-09 17:59:25,medium,True,False,1 commit
True,2019-07-09 23:43:10,medium,True,False,1 commit
True,2019-07-10 00:08:44,medium,True,False,1 commit
True,2019-07-10 00:11:06,very short,True,False,1 commit
True,2019-07-10 02:57:50,very short,True,False,1 commit
True,2019-07-10 02:57:57,very short,True,False,1 commit
True,2019-07-10 09:59:02,very short,True,False,1 commit
True,2019-07-10 14:13:25,lengthy,False,False,1 commit
True,2019-07-11 11:02:28,very short,True,True,1 commit
True,2019-07-11 13:35:35,short,True,True,some commits
True,2019-07-12 09:01:02,medium,True,False,1 commit
True,2019-07-12 09:17:57,medium,True,False,1 commit
True,2019-07-12 09:57:19,lengthy,True,False,1 commit
True,2019-07-12 17:34:26,very short,True,False,1 commit
True,2019-07-12 17:55:06,lengthy,True,False,1 commit
True,2019-07-12 18:45:09,medium,True,False,1 commit
True,2019-07-13 02:23:13,medium,True,True,1 commit
True,2019-07-13 16:38:00,very short,False,True,some commits
True,2019-07-13 17:17:15,short,False,True,1 commit
True,2019-07-13 19:11:39,very short,True,False,1 commit
True,2019-07-13 19:21:20,very short,True,False,some commits
False,2019-07-13 19:58:04,short,True,False,some commits
True,2019-07-13 21:13:30,very short,True,False,1 commit
True,2019-07-13 21:29:45,short,True,True,1 commit
True,2019-07-13 21:35:44,short,True,False,1 commit
True,2019-07-13 21:38:30,very short,True,False,1 commit
True,2019-07-13 22:55:00,lengthy,True,False,many commits
True,2019-07-14 01:37:25,very short,True,False,1 commit
True,2019-07-14 01:37:33,very short,True,False,1 commit
True,2019-07-14 01:43:32,very short,True,False,1 commit
True,2019-07-14 01:43:39,very short,True,False,1 commit
True,2019-07-14 10:02:34,lengthy,True,False,1 commit
True,2019-07-14 14:38:13,very short,True,False,some commits
True,2019-07-14 16:24:02,medium,True,False,some commits
True,2019-07-14 16:28:18,very short,True,False,1 commit
True,2019-07-14 16:28:27,very short,True,False,1 commit
True,2019-07-14 16:59:14,very short,True,False,1 commit
True,2019-07-14 17:17:07,very short,True,False,1 commit
True,2019-07-15 08:39:23,very short,True,False,1 commit
True,2019-07-15 08:40:55,very short,True,False,1 commit
True,2019-07-15 09:03:17,short,True,False,1 commit
True,2019-07-15 09:36:58,short,True,False,1 commit
True,2019-07-15 09:55:54,very short,True,False,1 commit
True,2019-07-15 10:05:47,lengthy,False,False,1 commit
True,2019-07-15 12:58:14,very short,True,False,1 commit
True,2019-07-15 13:55:58,short,True,False,some commits
True,2019-07-15 14:46:23,very short,True,True,1 commit
True,2019-07-15 14:55:56,very short,True,False,some commits
True,2019-07-15 16:27:04,very short,True,False,1 commit
True,2019-07-15 17:54:23,very short,True,False,1 commit
True,2019-07-15 22:39:29,very short,True,False,1 commit
True,2019-07-16 03:42:36,lengthy,True,False,1 commit
True,2019-07-16 07:32:11,very short,True,False,1 commit
True,2019-07-16 07:42:57,very short,True,False,1 commit
True,2019-07-16 14:57:34,very short,True,False,1 commit
True,2019-07-16 16:51:39,very short,True,False,1 commit
True,2019-07-16 17:05:59,very short,True,False,1 commit
True,2019-07-16 18:54:25,very short,True,False,1 commit
True,2019-07-16 23:01:04,short,True,False,1 commit
True,2019-07-17 00:14:02,very short,True,False,1 commit
True,2019-07-17 05:54:25,very short,True,False,1 commit
True,2019-07-17 06:40:11,very short,True,False,1 commit
False,2019-07-17 06:40:20,lengthy,True,False,1 commit
True,2019-07-17 06:40:28,very short,True,False,1 commit
True,2019-07-17 06:40:36,very short,True,False,1 commit
True,2019-07-17 06:40:50,very short,True,False,1 commit
True,2019-07-17 06:41:01,very short,True,False,1 commit
True,2019-07-17 06:41:09,very short,True,False,1 commit
True,2019-07-17 06:41:25,very short,True,False,1 commit
True,2019-07-17 06:41:33,very short,True,False,1 commit
True,2019-07-17 06:41:42,very short,True,False,1 commit
True,2019-07-17 06:41:54,very short,True,False,1 commit
True,2019-07-17 06:42:01,very short,True,False,1 commit
True,2019-07-17 06:42:09,very short,True,False,1 commit
True,2019-07-17 06:42:17,very short,True,False,1 commit
True,2019-07-17 06:43:11,very short,True,False,some commits
True,2019-07-17 06:59:19,very short,True,False,1 commit
True,2019-07-17 13:03:30,medium,True,False,1 commit
True,2019-07-17 14:56:34,lengthy,True,False,many commits
True,2019-07-17 17:23:44,lengthy,True,False,1 commit
True,2019-07-17 17:53:01,very short,True,False,some commits
True,2019-07-17 20:22:00,very short,True,False,1 commit
True,2019-07-17 23:52:38,very short,True,False,1 commit
True,2019-07-18 00:31:40,very short,True,False,1 commit
True,2019-07-18 00:31:47,very short,True,False,1 commit
True,2019-07-18 00:51:48,very short,True,False,1 commit
True,2019-07-18 06:49:58,lengthy,True,False,some commits
True,2019-07-18 10:22:32,lengthy,True,True,some commits
True,2019-07-18 10:27:42,very short,True,False,1 commit
True,2019-07-18 16:26:24,medium,True,False,some commits
True,2019-07-18 17:46:04,lengthy,True,False,1 commit
True,2019-07-18 18:12:47,very short,True,False,1 commit
False,2019-07-18 18:52:41,lengthy,True,False,many commits
True,2019-07-18 19:32:01,very short,True,False,1 commit
True,2019-07-19 14:41:29,very short,False,False,1 commit
True,2019-07-20 15:26:04,lengthy,True,False,1 commit
True,2019-07-21 16:37:48,lengthy,True,False,1 commit
True,2019-07-21 16:37:58,very short,True,False,1 commit
True,2019-07-21 20:06:43,very short,True,False,some commits
True,2019-07-22 19:51:21,lengthy,True,False,1 commit
True,2019-07-22 20:43:18,very short,True,False,some commits
True,2019-07-23 07:13:19,lengthy,True,False,1 commit
True,2019-07-23 08:02:04,very short,True,False,1 commit
True,2019-07-23 14:46:12,lengthy,True,False,some commits
True,2019-07-23 15:12:21,short,True,False,some commits
True,2019-07-24 10:04:03,very short,True,False,1 commit
True,2019-07-24 10:19:16,lengthy,True,False,some commits
True,2019-07-24 12:57:43,medium,True,False,some commits
True,2019-07-24 13:44:03,very short,False,True,1 commit
True,2019-07-24 22:36:28,lengthy,False,True,1 commit
True,2019-07-25 10:33:03,short,True,False,some commits
True,2019-07-25 13:22:16,lengthy,True,False,1 commit
True,2019-07-25 14:44:10,lengthy,False,False,many commits
True,2019-07-25 23:24:41,very short,True,False,1 commit
True,2019-07-26 02:38:29,very short,True,False,some commits
True,2019-07-26 06:42:32,lengthy,True,False,some commits
True,2019-07-26 13:37:54,very short,True,False,1 commit
True,2019-07-26 17:29:45,very short,True,False,1 commit
True,2019-07-26 17:55:30,lengthy,False,True,1 commit
True,2019-07-27 15:49:59,short,False,False,1 commit
True,2019-07-28 11:32:22,short,False,False,1 commit
True,2019-07-28 12:58:49,short,True,False,1 commit
True,2019-07-28 13:10:48,lengthy,True,False,1 commit
True,2019-07-28 16:49:52,short,False,False,1 commit
True,2019-07-28 17:38:29,medium,True,False,1 commit
True,2019-07-28 17:38:38,very short,True,False,1 commit
True,2019-07-29 15:20:13,lengthy,True,False,1 commit
True,2019-07-29 18:41:01,medium,False,True,1 commit
True,2019-07-29 21:29:19,lengthy,True,False,some commits
True,2019-07-30 01:10:45,lengthy,True,False,1 commit
True,2019-07-30 03:25:38,lengthy,True,False,some commits
False,2019-07-30 07:33:37,lengthy,False,False,1 commit
True,2019-07-30 07:55:17,very short,False,False,1 commit
True,2019-07-30 08:30:28,medium,True,False,1 commit
True,2019-07-30 09:24:21,very short,True,False,1 commit
True,2019-07-30 09:35:59,medium,True,False,1 commit
True,2019-07-30 09:38:29,very short,True,False,1 commit
True,2019-07-30 09:43:14,medium,True,False,1 commit
True,2019-07-30 14:44:33,lengthy,True,False,some commits
False,2019-07-30 18:28:06,lengthy,True,False,1 commit
True,2019-07-30 21:11:01,lengthy,True,False,some commits
True,2019-07-30 21:32:01,short,True,False,1 commit
True,2019-07-30 23:15:50,very short,True,False,1 commit
True,2019-07-30 23:30:41,very short,True,False,1 commit
True,2019-07-30 23:42:33,short,True,False,some commits
True,2019-07-31 04:54:52,very short,True,False,1 commit
True,2019-07-31 04:56:18,very short,True,False,1 commit
True,2019-07-31 04:56:26,very short,True,False,1 commit
True,2019-07-31 04:58:11,short,True,False,1 commit
True,2019-07-31 09:39:55,lengthy,True,False,many commits
True,2019-07-31 13:06:41,lengthy,True,False,1 commit
True,2019-07-31 13:44:40,medium,True,False,1 commit
True,2019-07-31 15:18:38,short,True,False,1 commit
True,2019-07-31 17:58:20,medium,True,False,1 commit
True,2019-07-31 18:57:33,very short,True,False,1 commit
True,2019-07-31 21:43:54,lengthy,True,False,1 commit
True,2019-07-31 23:29:02,lengthy,True,False,1 commit
True,2019-08-01 08:51:40,very short,True,False,1 commit
True,2019-08-01 08:51:48,very short,True,False,1 commit
True,2019-08-01 09:34:08,medium,True,False,1 commit
True,2019-08-01 16:22:21,lengthy,False,True,some commits
True,2019-08-01 17:08:21,medium,True,False,1 commit
True,2019-08-01 21:03:05,lengthy,True,False,some commits
True,2019-08-01 21:40:02,medium,True,False,1 commit
True,2019-08-01 23:05:26,medium,True,False,1 commit
True,2019-08-01 23:56:28,medium,True,False,1 commit
True,2019-08-02 07:36:37,medium,True,False,some commits
True,2019-08-02 14:32:31,very short,True,True,1 commit
True,2019-08-02 19:39:09,very short,True,False,1 commit
True,2019-08-02 23:05:54,medium,True,False,1 commit
True,2019-08-03 16:34:59,very short,False,False,1 commit
True,2019-08-04 00:11:38,very short,True,False,1 commit
True,2019-08-04 00:11:48,very short,True,False,1 commit
True,2019-08-04 11:50:37,very short,True,False,1 commit
True,2019-08-04 12:35:53,very short,True,False,1 commit
True,2019-08-04 12:36:03,very short,True,False,1 commit
True,2019-08-04 22:41:46,short,True,False,1 commit
True,2019-08-05 03:53:51,medium,True,False,many commits
True,2019-08-05 12:36:13,very short,True,False,1 commit
True,2019-08-05 19:29:36,very short,True,False,1 commit
True,2019-08-05 22:37:58,short,True,False,1 commit
True,2019-08-06 04:57:06,medium,True,False,some commits
True,2019-08-06 08:45:26,short,True,False,some commits
True,2019-08-06 08:58:33,medium,True,False,1 commit
True,2019-08-06 19:43:28,short,True,False,1 commit
True,2019-08-06 20:36:18,lengthy,True,False,1 commit
True,2019-08-06 21:24:34,lengthy,True,False,1 commit
True,2019-08-07 12:22:55,very short,True,False,1 commit
False,2019-08-07 12:51:06,very short,False,True,some commits
True,2019-08-07 13:11:38,very short,True,False,1 commit
True,2019-08-08 00:17:07,short,True,False,1 commit
True,2019-08-08 04:05:18,short,True,False,some commits
True,2019-08-08 04:57:57,lengthy,True,False,1 commit
True,2019-08-08 09:15:51,short,True,False,1 commit
False,2019-08-08 13:52:16,lengthy,False,True,many commits
True,2019-08-08 16:04:29,very short,True,True,1 commit
True,2019-08-08 19:40:25,very short,True,False,1 commit
False,2019-08-08 22:12:26,medium,True,False,1 commit
True,2019-08-09 13:13:28,very short,True,False,1 commit
True,2019-08-09 13:13:38,very short,True,False,1 commit
False,2019-08-09 21:21:32,lengthy,False,False,many commits
True,2019-08-09 22:15:36,very short,True,False,1 commit
True,2019-08-10 08:19:24,very short,True,False,1 commit
True,2019-08-10 14:14:43,lengthy,True,False,1 commit
True,2019-08-10 14:52:10,very short,True,False,1 commit
True,2019-08-11 09:10:42,lengthy,True,False,1 commit
True,2019-08-11 09:37:07,short,False,True,1 commit
True,2019-08-11 10:00:38,lengthy,True,False,1 commit
True,2019-08-11 17:33:45,very short,True,False,1 commit
True,2019-08-11 19:13:43,very short,True,False,1 commit
True,2019-08-12 08:07:38,lengthy,True,False,1 commit
True,2019-08-12 13:33:27,very short,True,False,1 commit
True,2019-08-12 16:34:28,short,True,False,1 commit
True,2019-08-12 16:43:59,lengthy,True,False,some commits
True,2019-08-12 20:11:48,very short,True,False,1 commit
True,2019-08-12 23:24:31,very short,True,False,some commits
True,2019-08-13 00:25:21,lengthy,True,False,some commits
True,2019-08-13 13:50:18,very short,True,False,1 commit
True,2019-08-13 16:43:03,very short,True,False,1 commit
True,2019-08-13 21:02:48,very short,True,False,1 commit
True,2019-08-14 05:52:44,very short,True,False,1 commit
True,2019-08-15 01:38:51,very short,True,False,1 commit
True,2019-08-15 06:31:16,very short,True,False,many commits
True,2019-08-15 08:03:19,medium,True,False,1 commit
True,2019-08-15 17:09:49,medium,True,True,1 commit
True,2019-08-16 10:19:30,very short,True,False,some commits
True,2019-08-16 10:38:30,medium,True,False,1 commit
True,2019-08-16 10:47:17,very short,True,False,1 commit
True,2019-08-17 01:14:31,short,True,False,1 commit
True,2019-08-17 09:01:25,short,True,False,1 commit
True,2019-08-17 11:42:27,short,True,False,1 commit
True,2019-08-17 16:16:43,medium,True,False,some commits
True,2019-08-17 23:48:48,short,True,False,1 commit
True,2019-08-18 16:54:13,very short,True,False,1 commit
True,2019-08-18 22:58:55,very short,True,False,1 commit
True,2019-08-19 13:28:15,medium,True,False,1 commit
True,2019-08-19 20:58:57,medium,True,False,1 commit
True,2019-08-19 21:08:51,medium,True,False,some commits
True,2019-08-20 09:12:57,very short,True,False,1 commit
True,2019-08-20 11:53:59,lengthy,True,True,many commits
True,2019-08-20 20:29:38,short,True,False,1 commit
True,2019-08-21 14:50:25,short,True,False,1 commit
True,2019-08-22 10:13:51,short,True,False,some commits
True,2019-08-22 12:02:50,medium,False,True,many commits
True,2019-08-22 13:07:24,very short,True,False,1 commit
True,2019-08-22 21:31:24,lengthy,True,False,some commits
True,2019-08-22 22:37:49,very short,True,False,1 commit
True,2019-08-23 11:59:27,very short,True,False,1 commit
True,2019-08-23 12:36:29,short,True,False,1 commit
True,2019-08-23 12:44:09,lengthy,True,False,1 commit
True,2019-08-23 13:25:48,short,True,False,1 commit
True,2019-08-23 13:26:06,short,True,False,1 commit
True,2019-08-23 15:14:56,very short,True,False,1 commit
True,2019-08-23 16:16:03,short,True,False,some commits
True,2019-08-23 16:41:36,very short,True,False,1 commit
True,2019-08-23 16:41:46,very short,True,False,1 commit
True,2019-08-25 10:06:14,very short,True,False,1 commit
True,2019-08-25 17:28:57,very short,True,False,1 commit
True,2019-08-25 18:33:33,very short,True,False,1 commit
True,2019-08-25 19:10:03,short,True,False,1 commit
True,2019-08-25 22:13:52,short,True,False,1 commit
True,2019-08-25 22:20:48,very short,True,False,1 commit
True,2019-08-25 22:20:56,very short,True,False,1 commit
True,2019-08-26 12:58:27,lengthy,True,False,some commits
True,2019-08-26 13:43:08,very short,True,False,1 commit
True,2019-08-26 13:43:17,very short,True,False,1 commit
True,2019-08-26 19:12:20,very short,True,False,1 commit
True,2019-08-26 22:49:26,very short,True,False,1 commit
True,2019-08-27 01:03:39,very short,True,False,1 commit
True,2019-08-27 01:03:47,very short,True,False,1 commit
True,2019-08-27 03:23:34,short,True,False,some commits
True,2019-08-27 09:03:02,very short,True,False,some commits
False,2019-08-27 09:58:49,medium,True,False,1 commit
True,2019-08-27 10:17:44,very short,True,False,1 commit
True,2019-08-27 12:28:07,very short,True,False,1 commit
True,2019-08-28 06:02:43,lengthy,True,True,many commits
True,2019-08-28 10:09:47,medium,True,False,1 commit
True,2019-08-28 14:00:45,short,True,True,some commits
True,2019-08-29 08:20:01,very short,True,False,1 commit
True,2019-08-30 11:46:10,lengthy,True,False,1 commit
True,2019-08-30 12:46:59,very short,True,False,1 commit
True,2019-08-31 13:57:09,medium,True,False,many commits
True,2019-08-31 18:15:27,very short,True,True,1 commit
True,2019-08-31 23:33:14,short,True,False,some commits
True,2019-09-01 17:16:08,medium,True,False,1 commit
True,2019-09-01 19:23:51,short,True,False,1 commit
True,2019-09-02 10:07:47,very short,True,False,1 commit
True,2019-09-02 10:11:37,very short,True,False,1 commit
True,2019-09-03 10:33:51,medium,True,False,1 commit
True,2019-09-03 17:09:07,very short,True,False,some commits
True,2019-09-03 19:18:59,lengthy,True,False,1 commit
True,2019-09-04 13:33:09,very short,True,False,1 commit
True,2019-09-04 14:36:09,very short,True,False,1 commit
True,2019-09-04 15:43:08,very short,True,False,1 commit
True,2019-09-04 16:40:19,very short,True,False,1 commit
True,2019-09-04 17:48:54,very short,True,False,1 commit
True,2019-09-04 17:59:18,very short,True,False,1 commit
True,2019-09-05 00:55:47,very short,True,False,1 commit
True,2019-09-05 00:59:51,very short,True,False,1 commit
True,2019-09-05 01:06:42,medium,True,False,some commits
True,2019-09-05 13:35:08,short,True,False,1 commit
True,2019-09-05 14:58:39,very short,True,False,some commits
True,2019-09-05 17:27:17,short,True,False,some commits
True,2019-09-05 20:02:25,very short,True,False,1 commit
True,2019-09-05 23:43:21,very short,True,False,1 commit
True,2019-09-06 01:54:59,lengthy,True,False,many commits
True,2019-09-06 08:14:25,lengthy,True,False,1 commit
True,2019-09-06 08:14:34,lengthy,True,False,1 commit
True,2019-09-06 08:39:38,very short,True,False,1 commit
True,2019-09-06 14:08:05,very short,True,False,1 commit
True,2019-09-06 20:42:33,very short,True,False,1 commit
True,2019-09-06 23:49:27,very short,True,False,1 commit
True,2019-09-07 10:11:36,very short,True,False,1 commit
True,2019-09-07 10:48:57,lengthy,True,False,1 commit
True,2019-09-07 11:04:59,lengthy,True,False,1 commit
True,2019-09-07 12:02:13,lengthy,True,False,1 commit
True,2019-09-07 17:07:36,lengthy,True,False,1 commit
True,2019-09-07 18:51:53,very short,True,False,1 commit
True,2019-09-07 19:59:02,very short,True,False,1 commit
True,2019-09-07 21:35:52,very short,True,False,1 commit
True,2019-09-07 21:36:01,very short,True,False,1 commit
True,2019-09-07 22:13:31,very short,True,False,1 commit
True,2019-09-08 11:41:53,lengthy,True,False,1 commit
True,2019-09-08 12:23:54,short,True,False,1 commit
True,2019-09-08 15:34:45,very short,True,False,some commits
True,2019-09-08 15:58:44,medium,True,False,1 commit
True,2019-09-08 21:54:26,short,True,False,1 commit
True,2019-09-08 22:16:48,short,True,False,1 commit
True,2019-09-08 23:11:09,very short,True,False,1 commit
True,2019-09-08 23:40:11,short,True,False,1 commit
True,2019-09-09 05:03:39,lengthy,True,False,1 commit
True,2019-09-09 08:19:43,very short,True,False,1 commit
True,2019-09-09 10:04:42,very short,True,False,1 commit
True,2019-09-09 11:45:35,medium,True,False,1 commit
True,2019-09-09 13:15:28,very short,True,False,1 commit
True,2019-09-09 20:38:45,short,True,False,1 commit
True,2019-09-10 13:29:34,very short,True,False,1 commit
True,2019-09-10 17:05:35,short,True,False,some commits
True,2019-09-10 20:04:10,very short,True,False,1 commit
True,2019-09-11 08:53:36,very short,True,False,1 commit
True,2019-09-11 20:18:50,short,True,False,1 commit
True,2019-09-11 20:25:26,medium,True,False,1 commit
True,2019-09-12 00:22:50,medium,True,False,1 commit
True,2019-09-12 08:58:41,lengthy,True,False,1 commit
True,2019-09-12 18:16:55,lengthy,True,False,some commits
True,2019-09-12 20:54:24,very short,True,False,1 commit
True,2019-09-13 12:16:31,lengthy,True,False,1 commit
True,2019-09-13 22:52:10,short,True,False,1 commit
False,2019-09-14 05:15:26,lengthy,False,False,some commits
True,2019-09-14 19:39:48,very short,True,False,1 commit
True,2019-09-15 00:53:49,very short,False,True,some commits
True,2019-09-15 12:58:38,very short,True,False,1 commit
True,2019-09-15 13:19:31,very short,True,False,1 commit
True,2019-09-15 14:14:16,lengthy,True,False,some commits
True,2019-09-15 17:46:54,short,True,False,1 commit
True,2019-09-16 16:06:52,very short,True,False,1 commit
True,2019-09-16 18:42:23,lengthy,True,False,some commits
True,2019-09-16 20:29:33,lengthy,False,True,some commits
True,2019-09-16 21:45:36,very short,True,False,1 commit
True,2019-09-16 22:16:54,very short,True,False,1 commit
True,2019-09-17 04:38:32,very short,True,False,1 commit
True,2019-09-17 15:37:44,lengthy,True,False,1 commit
True,2019-09-17 16:13:43,very short,True,False,1 commit
True,2019-09-17 17:11:03,medium,True,False,1 commit
True,2019-09-18 03:35:04,very short,False,True,1 commit
True,2019-09-18 10:45:03,lengthy,True,False,1 commit
True,2019-09-18 11:02:57,very short,True,False,1 commit
True,2019-09-18 13:38:46,short,True,False,some commits
True,2019-09-18 13:44:17,short,True,False,1 commit
True,2019-09-18 14:08:42,lengthy,True,False,1 commit
True,2019-09-18 14:52:10,medium,True,False,1 commit
True,2019-09-18 15:01:36,very short,True,False,1 commit
True,2019-09-18 19:59:11,very short,True,False,1 commit
True,2019-09-18 21:46:59,short,True,False,1 commit
True,2019-09-18 22:10:04,very short,True,False,1 commit
True,2019-09-18 22:10:11,medium,True,False,1 commit
True,2019-09-19 00:10:47,medium,True,False,1 commit
True,2019-09-19 01:19:23,medium,True,False,1 commit
True,2019-09-19 10:16:08,lengthy,True,False,1 commit
False,2019-09-19 12:16:56,lengthy,False,True,1 commit
True,2019-09-19 15:58:30,very short,True,True,1 commit
True,2019-09-19 17:19:30,very short,True,False,1 commit
True,2019-09-19 19:54:04,very short,True,False,1 commit
True,2019-09-19 20:20:37,very short,True,False,1 commit
True,2019-09-20 08:14:20,very short,True,False,1 commit
True,2019-09-20 15:56:41,very short,True,False,1 commit
True,2019-09-21 06:42:26,very short,True,False,1 commit
True,2019-09-21 06:43:43,very short,True,False,1 commit
True,2019-09-21 09:27:46,lengthy,True,False,1 commit
True,2019-09-21 09:41:35,medium,True,False,1 commit
True,2019-09-21 15:15:24,very short,True,False,1 commit
True,2019-09-21 20:26:29,very short,True,False,1 commit
True,2019-09-21 20:26:39,very short,True,False,1 commit
True,2019-09-21 21:27:36,medium,True,False,1 commit
True,2019-09-22 11:26:10,very short,True,False,1 commit
True,2019-09-22 19:13:11,very short,True,False,1 commit
False,2019-09-23 08:51:59,lengthy,True,False,some commits
True,2019-09-23 14:13:21,lengthy,True,False,some commits
False,2019-09-24 00:02:34,lengthy,True,False,1 commit
True,2019-09-24 19:49:47,short,True,False,some commits
True,2019-09-25 16:02:17,very short,True,False,1 commit
True,2019-09-25 23:45:19,short,True,False,1 commit
True,2019-09-29 17:11:19,medium,False,True,1 commit
True,2019-09-29 19:14:20,lengthy,True,False,some commits
True,2019-09-29 23:44:06,short,True,False,1 commit
True,2019-09-30 00:03:29,lengthy,True,False,1 commit
True,2019-09-30 14:15:54,short,True,False,1 commit
True,2019-10-01 18:14:43,very short,True,False,1 commit
True,2019-10-01 21:07:35,short,True,False,many commits
True,2019-10-02 20:07:29,very short,True,False,1 commit
True,2019-10-02 21:17:19,very short,True,False,1 commit
True,2019-10-02 21:29:22,very short,True,False,1 commit
True,2019-10-03 05:06:24,very short,True,False,1 commit
True,2019-10-03 07:16:16,very short,True,False,1 commit
True,2019-10-03 09:30:48,medium,True,False,1 commit
True,2019-10-03 14:24:51,lengthy,True,False,1 commit
True,2019-10-03 14:31:16,very short,True,False,1 commit
True,2019-10-03 14:45:44,very short,True,False,1 commit
True,2019-10-03 19:48:47,lengthy,True,False,1 commit
True,2019-10-03 20:58:59,lengthy,True,False,1 commit
True,2019-10-03 21:39:47,lengthy,True,False,1 commit
True,2019-10-03 22:06:23,lengthy,True,False,1 commit
True,2019-10-04 09:41:22,very short,True,False,1 commit
True,2019-10-04 09:46:10,lengthy,True,False,some commits
True,2019-10-04 10:06:20,medium,True,False,1 commit
True,2019-10-04 12:12:37,lengthy,True,False,1 commit
False,2019-10-04 23:38:00,lengthy,False,True,1 commit
True,2019-10-06 17:18:00,very short,True,False,1 commit
True,2019-10-06 18:55:30,very short,True,False,1 commit
True,2019-10-07 02:56:23,lengthy,True,False,some commits
True,2019-10-07 12:27:49,very short,True,False,1 commit
True,2019-10-07 13:44:18,medium,True,False,1 commit
True,2019-10-07 15:43:15,medium,False,True,1 commit
True,2019-10-08 17:58:28,lengthy,True,False,1 commit
True,2019-10-08 18:05:41,lengthy,True,False,1 commit
True,2019-10-08 18:15:45,medium,True,False,1 commit
True,2019-10-10 05:18:03,very short,True,True,1 commit
True,2019-10-11 11:58:20,short,True,False,1 commit
True,2019-10-11 15:22:33,very short,True,False,1 commit
True,2019-10-11 15:33:47,very short,True,False,1 commit
True,2019-10-13 17:05:43,very short,True,True,1 commit
True,2019-10-13 22:06:47,very short,True,False,1 commit
True,2019-10-14 10:44:20,medium,True,False,some commits
True,2019-10-14 23:57:32,very short,True,False,1 commit
True,2019-10-15 21:00:11,very short,True,False,1 commit
True,2019-10-16 05:46:36,very short,True,False,1 commit
True,2019-10-16 05:46:44,very short,True,False,1 commit
True,2019-10-16 05:46:52,medium,True,False,1 commit
True,2019-10-16 14:49:29,lengthy,False,True,some commits
True,2019-10-16 17:15:17,very short,True,False,some commits
True,2019-10-16 21:11:43,lengthy,True,False,1 commit
True,2019-10-17 00:59:10,very short,True,False,1 commit
False,2019-10-17 06:31:27,lengthy,False,False,some commits
True,2019-10-17 13:19:07,short,True,False,some commits
True,2019-10-17 13:28:09,lengthy,True,False,some commits
False,2019-10-18 05:37:47,lengthy,False,True,some commits
True,2019-10-18 07:22:04,lengthy,True,False,1 commit
True,2019-10-18 15:55:12,very short,True,False,some commits
True,2019-10-18 16:31:23,lengthy,True,False,some commits
False,2019-10-18 20:21:25,lengthy,True,False,1 commit
True,2019-10-18 20:21:34,very short,True,False,1 commit
True,2019-10-18 20:21:45,very short,True,False,1 commit
True,2019-10-18 20:21:53,very short,True,False,1 commit
True,2019-10-18 20:22:02,short,True,False,1 commit
True,2019-10-19 10:06:26,very short,True,False,1 commit
True,2019-10-19 17:23:07,short,True,False,some commits
True,2019-10-19 23:50:27,very short,True,False,some commits
True,2019-10-20 03:48:12,medium,True,False,some commits
True,2019-10-20 18:13:45,medium,True,False,1 commit
True,2019-10-20 18:25:18,very short,True,False,1 commit
True,2019-10-20 21:34:50,short,True,False,1 commit
True,2019-10-20 22:51:37,very short,True,False,1 commit
True,2019-10-20 22:51:45,short,True,False,1 commit
True,2019-10-20 22:52:11,very short,True,False,1 commit
True,2019-10-21 04:13:40,lengthy,False,True,1 commit
True,2019-10-21 15:40:28,very short,True,False,1 commit
True,2019-10-21 17:05:32,lengthy,True,False,1 commit
True,2019-10-21 17:11:21,lengthy,True,False,1 commit
True,2019-10-21 17:18:49,very short,True,False,1 commit
True,2019-10-21 18:44:15,very short,True,False,1 commit
True,2019-10-21 19:18:34,lengthy,True,False,some commits
True,2019-10-21 19:32:20,very short,True,False,1 commit
True,2019-10-21 19:40:14,short,True,False,1 commit
True,2019-10-21 21:34:53,very short,True,False,1 commit
True,2019-10-21 21:35:01,very short,True,False,1 commit
True,2019-10-21 21:38:08,very short,True,False,1 commit
True,2019-10-22 07:43:36,very short,True,False,1 commit
True,2019-10-22 10:09:40,medium,True,False,1 commit
True,2019-10-22 12:37:56,very short,True,False,1 commit
True,2019-10-22 13:13:23,lengthy,True,True,some commits
True,2019-10-22 14:09:08,lengthy,True,False,1 commit
True,2019-10-22 17:07:31,very short,True,False,some commits
True,2019-10-22 21:10:04,very short,True,False,1 commit
True,2019-10-22 21:26:48,very short,True,False,1 commit
True,2019-10-22 22:02:48,very short,True,False,1 commit
True,2019-10-22 22:14:13,very short,True,False,1 commit
True,2019-10-22 23:01:35,very short,True,True,some commits
True,2019-10-22 23:28:06,very short,True,False,1 commit
True,2019-10-23 02:35:17,very short,True,False,1 commit
True,2019-10-23 03:56:58,short,True,False,some commits
True,2019-10-23 04:18:39,very short,True,False,1 commit
True,2019-10-23 15:21:53,very short,True,False,1 commit
True,2019-10-23 15:22:05,very short,True,False,1 commit
True,2019-10-23 20:13:04,short,True,False,1 commit
True,2019-10-23 20:28:13,short,True,False,1 commit
True,2019-10-23 21:15:22,short,True,False,1 commit
True,2019-10-24 12:55:41,very short,True,False,1 commit
True,2019-10-24 19:57:37,lengthy,True,False,some commits
True,2019-10-24 20:27:19,short,True,False,1 commit
True,2019-10-24 20:54:35,very short,True,False,1 commit
True,2019-10-24 23:00:41,lengthy,True,False,1 commit
True,2019-10-25 01:08:03,very short,True,False,1 commit
True,2019-10-25 01:08:12,very short,True,False,1 commit
True,2019-10-25 01:08:21,very short,True,False,1 commit
True,2019-10-25 03:43:36,very short,True,False,1 commit
True,2019-10-25 04:24:35,medium,True,False,many commits
True,2019-10-25 04:40:56,lengthy,False,True,some commits
True,2019-10-25 15:31:27,lengthy,True,False,1 commit
True,2019-10-25 16:07:07,short,True,False,some commits
True,2019-10-25 18:59:07,very short,True,False,1 commit
True,2019-10-25 21:38:11,very short,True,False,1 commit
True,2019-10-25 22:33:57,very short,True,False,1 commit
True,2019-10-25 22:56:46,short,True,False,some commits
True,2019-10-25 23:05:39,very short,True,False,1 commit
True,2019-10-25 23:06:37,very short,True,False,1 commit
True,2019-10-26 11:36:34,very short,True,False,1 commit
True,2019-10-26 11:45:56,short,True,False,1 commit
True,2019-10-26 15:57:01,very short,True,False,1 commit
True,2019-10-26 16:13:04,lengthy,True,False,many commits
True,2019-10-26 19:32:24,short,True,False,1 commit
True,2019-10-26 23:23:50,very short,True,False,1 commit
True,2019-10-27 13:01:32,very short,True,False,1 commit
True,2019-10-27 13:20:02,short,True,False,1 commit
True,2019-10-27 15:12:59,very short,False,True,some commits
True,2019-10-27 15:50:17,very short,True,False,1 commit
True,2019-10-27 16:13:01,very short,True,False,1 commit
True,2019-10-27 17:21:24,very short,True,False,1 commit
True,2019-10-27 19:50:59,very short,True,False,1 commit
True,2019-10-27 20:02:38,very short,True,False,1 commit
True,2019-10-27 20:03:53,very short,True,False,1 commit
True,2019-10-27 21:18:38,short,True,False,1 commit
True,2019-10-28 00:54:43,short,True,False,1 commit
True,2019-10-28 02:25:17,very short,True,False,1 commit
True,2019-10-28 02:25:27,very short,True,False,1 commit
True,2019-10-28 02:25:36,very short,True,False,1 commit
True,2019-10-28 13:05:57,very short,True,False,1 commit
True,2019-10-28 13:06:06,very short,True,False,1 commit
True,2019-10-28 13:06:16,very short,True,False,1 commit
True,2019-10-28 13:14:37,very short,True,False,1 commit
True,2019-10-28 14:16:53,very short,True,False,1 commit
True,2019-10-28 19:49:10,very short,True,False,1 commit
True,2019-10-28 20:49:50,very short,True,False,1 commit
True,2019-10-28 20:53:37,very short,True,False,1 commit
True,2019-10-28 21:13:21,very short,True,False,1 commit
True,2019-10-28 21:13:31,very short,True,False,1 commit
True,2019-10-28 21:13:40,very short,True,False,1 commit
True,2019-10-28 21:24:08,very short,True,False,1 commit
True,2019-10-28 22:10:51,very short,True,False,1 commit
True,2019-10-28 22:11:14,medium,True,False,1 commit
True,2019-10-28 22:23:00,short,True,False,1 commit
True,2019-10-29 06:22:10,very short,True,False,1 commit
True,2019-10-29 13:58:48,very short,True,False,1 commit
True,2019-10-29 20:06:13,medium,True,False,1 commit
True,2019-10-29 20:27:45,very short,True,False,1 commit
True,2019-10-29 21:11:26,very short,True,False,some commits
True,2019-10-29 22:02:03,very short,True,False,1 commit
True,2019-10-31 01:21:36,very short,True,False,1 commit
True,2019-10-31 02:11:06,very short,True,False,1 commit
True,2019-10-31 16:39:16,very short,True,True,1 commit
True,2019-11-01 04:02:42,very short,True,False,1 commit
True,2019-11-01 04:30:31,very short,True,False,1 commit
True,2019-11-01 08:52:29,very short,True,False,1 commit
True,2019-11-01 19:49:24,very short,True,False,1 commit
True,2019-11-02 11:12:22,very short,True,True,1 commit
True,2019-11-02 11:33:40,very short,True,True,1 commit
True,2019-11-02 12:21:58,lengthy,False,True,some commits
True,2019-11-02 12:35:46,lengthy,True,False,many commits
True,2019-11-02 14:23:03,very short,True,False,1 commit
False,2019-11-02 16:51:12,lengthy,False,False,some commits
False,2019-11-02 18:20:50,lengthy,True,False,1 commit
True,2019-11-04 16:35:43,lengthy,True,False,some commits
True,2019-11-04 18:36:14,lengthy,True,False,many commits
True,2019-11-05 21:10:36,lengthy,True,False,1 commit
True,2019-11-05 21:40:06,lengthy,True,False,1 commit
True,2019-11-05 22:56:29,medium,True,False,1 commit
False,2019-11-06 16:24:32,lengthy,False,True,1 commit
True,2019-11-06 17:30:01,very short,True,False,1 commit
False,2019-11-06 19:44:27,lengthy,False,True,many commits
True,2019-11-06 20:12:55,lengthy,False,True,many commits
True,2019-11-06 21:56:02,very short,True,False,1 commit
True,2019-11-07 08:50:28,very short,True,False,1 commit
True,2019-11-07 14:28:17,lengthy,True,False,1 commit
True,2019-11-07 16:56:56,short,False,False,some commits
True,2019-11-07 17:55:47,very short,True,False,1 commit
True,2019-11-07 18:20:38,very short,True,False,1 commit
True,2019-11-07 20:02:42,very short,True,False,1 commit
True,2019-11-07 21:50:49,very short,True,False,1 commit
True,2019-11-08 01:32:20,short,True,False,1 commit
True,2019-11-08 10:31:23,short,True,False,1 commit
True,2019-11-09 12:38:04,very short,True,False,1 commit
True,2019-11-09 14:04:26,very short,True,False,1 commit
True,2019-11-09 16:54:25,lengthy,True,False,1 commit
True,2019-11-09 17:17:44,short,True,False,1 commit
True,2019-11-09 17:17:57,very short,True,False,1 commit
True,2019-11-09 17:19:31,lengthy,True,False,1 commit
True,2019-11-09 17:45:03,short,True,False,1 commit
True,2019-11-09 17:51:45,short,True,False,1 commit
True,2019-11-09 20:19:35,very short,True,False,1 commit
False,2019-11-09 21:40:13,lengthy,True,False,1 commit
True,2019-11-09 22:48:51,very short,False,True,some commits
True,2019-11-10 10:31:35,very short,True,False,some commits
True,2019-11-10 11:32:09,very short,True,False,1 commit
True,2019-11-10 12:00:00,very short,True,False,1 commit
True,2019-11-10 12:02:40,very short,True,False,1 commit
True,2019-11-10 15:32:14,very short,True,False,1 commit
True,2019-11-10 16:04:20,lengthy,True,False,1 commit
True,2019-11-10 17:22:42,very short,True,False,1 commit
True,2019-11-10 17:22:51,very short,True,False,1 commit
True,2019-11-10 17:22:59,very short,True,False,1 commit
True,2019-11-10 18:36:41,lengthy,True,False,1 commit
False,2019-11-10 21:01:58,lengthy,True,False,1 commit
True,2019-11-10 21:02:07,very short,True,False,1 commit
True,2019-11-10 21:02:15,lengthy,True,False,1 commit
True,2019-11-10 21:02:24,very short,True,False,1 commit
True,2019-11-10 21:02:32,very short,True,False,1 commit
True,2019-11-10 21:44:05,very short,True,False,1 commit
True,2019-11-10 21:44:13,very short,True,False,1 commit
True,2019-11-10 21:44:21,very short,True,False,1 commit
True,2019-11-10 22:50:38,lengthy,True,False,1 commit
True,2019-11-11 09:01:52,very short,True,False,1 commit
True,2019-11-11 09:05:33,lengthy,True,False,1 commit
True,2019-11-11 21:01:42,lengthy,True,False,1 commit
True,2019-11-12 02:05:39,short,True,False,some commits
True,2019-11-12 11:39:01,lengthy,True,False,1 commit
True,2019-11-12 13:57:54,lengthy,True,False,1 commit
True,2019-11-12 16:52:49,very short,True,False,1 commit
True,2019-11-12 20:14:28,medium,True,False,1 commit
True,2019-11-12 21:40:57,lengthy,True,False,1 commit
True,2019-11-12 22:00:08,lengthy,True,False,1 commit
True,2019-11-12 22:50:32,lengthy,True,False,some commits
True,2019-11-13 00:16:51,medium,True,False,1 commit
True,2019-11-13 06:23:44,medium,True,False,1 commit
True,2019-11-13 12:36:18,short,True,False,some commits
True,2019-11-13 17:46:31,very short,True,True,1 commit
True,2019-11-13 20:52:07,medium,True,False,1 commit
True,2019-11-14 13:15:42,very short,True,False,1 commit
True,2019-11-14 14:31:18,lengthy,True,False,some commits
True,2019-11-14 14:33:44,medium,True,False,1 commit
True,2019-11-15 00:07:13,short,True,False,1 commit
True,2019-11-15 10:15:26,very short,True,False,1 commit
True,2019-11-15 10:32:07,very short,True,False,1 commit
True,2019-11-15 22:25:19,very short,True,False,1 commit
True,2019-11-16 14:42:58,short,True,True,some commits
True,2019-11-17 00:46:07,very short,True,False,1 commit
True,2019-11-17 17:35:27,short,True,False,1 commit
True,2019-11-17 20:48:59,very short,True,False,1 commit
True,2019-11-18 22:13:43,very short,True,False,1 commit
True,2019-11-18 23:21:24,very short,True,False,1 commit
True,2019-11-18 23:35:09,lengthy,True,False,1 commit
True,2019-11-19 00:11:25,very short,True,False,1 commit
True,2019-11-19 01:37:48,very short,True,False,1 commit
True,2019-11-19 04:27:25,very short,True,False,1 commit
True,2019-11-19 04:27:33,very short,True,False,1 commit
True,2019-11-19 04:27:41,very short,True,False,1 commit
True,2019-11-19 06:56:11,lengthy,True,False,some commits
True,2019-11-19 19:05:51,short,True,False,1 commit
True,2019-11-20 10:34:40,lengthy,True,False,1 commit
True,2019-11-20 14:58:10,short,True,False,1 commit
True,2019-11-20 21:00:29,very short,True,False,1 commit
True,2019-11-21 00:00:03,very short,True,False,1 commit
True,2019-11-21 06:31:40,very short,False,True,1 commit
True,2019-11-21 20:19:53,very short,True,False,1 commit
True,2019-11-21 20:26:11,very short,True,False,1 commit
True,2019-11-21 20:26:20,very short,True,False,1 commit
True,2019-11-22 10:06:54,lengthy,True,False,some commits
True,2019-11-22 10:32:28,medium,True,False,1 commit
True,2019-11-22 10:50:11,very short,True,False,1 commit
True,2019-11-22 18:13:08,very short,True,False,1 commit
True,2019-11-22 18:23:32,very short,True,False,1 commit
True,2019-11-22 18:26:32,very short,True,False,1 commit
True,2019-11-22 18:26:42,very short,True,False,1 commit
True,2019-11-22 18:26:52,very short,True,False,1 commit
True,2019-11-22 22:06:38,very short,True,False,1 commit
True,2019-11-22 22:06:49,very short,True,False,1 commit
True,2019-11-22 22:06:58,very short,True,False,1 commit
True,2019-11-22 22:12:48,very short,True,False,1 commit
True,2019-11-22 22:12:58,very short,True,False,1 commit
True,2019-11-22 22:13:08,very short,True,False,1 commit
True,2019-11-23 00:56:52,lengthy,True,False,1 commit
True,2019-11-23 19:07:39,short,True,False,1 commit
True,2019-11-24 09:09:41,medium,True,False,1 commit
True,2019-11-24 12:49:56,short,True,False,1 commit
False,2019-11-25 12:02:20,lengthy,False,True,some commits
True,2019-11-25 21:44:10,very short,True,False,1 commit
True,2019-11-26 00:28:32,very short,True,False,1 commit
True,2019-11-26 10:47:55,very short,True,False,1 commit
True,2019-11-26 10:56:58,lengthy,True,False,1 commit
True,2019-11-26 20:57:32,lengthy,True,False,1 commit
True,2019-11-27 02:58:28,very short,True,False,some commits
True,2019-11-28 00:20:14,medium,True,False,some commits
False,2019-11-28 06:47:52,lengthy,True,False,1 commit
True,2019-11-28 10:20:21,very short,True,False,1 commit
True,2019-11-28 10:47:12,short,True,False,1 commit
True,2019-11-28 18:28:52,medium,True,False,1 commit
True,2019-11-29 13:44:53,short,True,False,1 commit
True,2019-11-30 01:57:32,very short,True,True,1 commit
True,2019-11-30 07:15:42,very short,True,False,1 commit
True,2019-11-30 10:58:53,short,True,False,1 commit
False,2019-11-30 18:50:00,lengthy,False,True,some commits
True,2019-11-30 19:01:32,lengthy,True,False,1 commit
True,2019-11-30 23:27:08,medium,False,False,1 commit
True,2019-12-01 16:52:43,very short,True,False,1 commit
True,2019-12-01 18:03:19,very short,True,False,1 commit
True,2019-12-02 00:27:24,short,True,False,1 commit
True,2019-12-02 07:17:29,very short,True,False,1 commit
True,2019-12-02 12:20:50,very short,True,False,1 commit
True,2019-12-02 14:45:07,very short,True,True,some commits
True,2019-12-02 17:52:36,very short,True,False,1 commit
True,2019-12-03 05:06:37,very short,True,False,1 commit
True,2019-12-03 05:11:31,very short,True,False,1 commit
True,2019-12-03 18:52:09,medium,True,False,1 commit
True,2019-12-03 22:12:49,medium,True,False,1 commit
True,2019-12-03 23:05:05,lengthy,False,True,some commits
True,2019-12-03 23:14:13,medium,True,False,1 commit
True,2019-12-04 00:02:36,lengthy,True,False,1 commit
True,2019-12-04 00:06:21,very short,True,False,1 commit
True,2019-12-04 10:45:42,very short,True,False,1 commit
True,2019-12-04 10:52:26,very short,True,False,1 commit
True,2019-12-04 23:49:58,very short,True,False,1 commit
True,2019-12-05 14:08:30,lengthy,True,False,1 commit
True,2019-12-05 14:45:45,very short,True,False,1 commit
True,2019-12-05 15:14:41,very short,True,False,1 commit
True,2019-12-05 22:13:23,very short,True,False,some commits
True,2019-12-06 03:41:44,very short,True,False,1 commit
True,2019-12-06 06:01:46,very short,True,False,1 commit
True,2019-12-06 09:48:48,lengthy,True,False,1 commit
True,2019-12-06 16:23:13,lengthy,True,False,1 commit
True,2019-12-06 17:49:44,very short,True,False,1 commit
True,2019-12-07 01:23:20,short,True,False,1 commit
True,2019-12-07 11:49:49,very short,True,False,1 commit
True,2019-12-07 12:38:11,very short,True,False,1 commit
True,2019-12-07 13:58:06,very short,True,False,1 commit
True,2019-12-07 14:08:34,lengthy,True,False,1 commit
True,2019-12-07 14:43:33,medium,True,False,1 commit
True,2019-12-07 16:21:37,short,True,False,1 commit
True,2019-12-07 16:43:28,short,True,False,1 commit
True,2019-12-07 17:52:49,short,True,False,1 commit
True,2019-12-07 18:46:26,lengthy,False,True,many commits
True,2019-12-07 20:19:36,very short,True,False,1 commit
True,2019-12-07 20:52:07,very short,True,False,1 commit
True,2019-12-08 00:07:25,very short,True,False,1 commit
True,2019-12-08 00:10:16,very short,True,False,1 commit
True,2019-12-08 02:57:58,very short,True,False,1 commit
True,2019-12-08 07:23:27,very short,True,False,1 commit
True,2019-12-08 10:30:06,very short,True,False,1 commit
True,2019-12-08 11:13:52,very short,True,False,1 commit
True,2019-12-08 15:20:56,very short,True,False,1 commit
True,2019-12-08 15:26:43,very short,True,False,1 commit
True,2019-12-08 15:33:39,medium,True,False,1 commit
True,2019-12-08 16:58:47,very short,True,False,1 commit
True,2019-12-08 18:55:24,very short,True,False,1 commit
True,2019-12-08 18:55:59,very short,True,False,1 commit
True,2019-12-09 00:16:52,medium,True,False,1 commit
True,2019-12-09 09:17:04,very short,True,False,1 commit
True,2019-12-09 09:48:34,lengthy,True,False,1 commit
True,2019-12-09 10:05:04,very short,True,False,1 commit
True,2019-12-09 12:57:16,very short,True,False,1 commit
True,2019-12-09 19:51:26,lengthy,True,False,1 commit
True,2019-12-09 20:32:18,very short,True,False,1 commit
True,2019-12-09 21:04:01,medium,True,False,1 commit
True,2019-12-10 00:35:29,lengthy,True,False,1 commit
True,2019-12-10 00:43:55,medium,True,False,1 commit
True,2019-12-10 06:36:48,lengthy,True,False,1 commit
True,2019-12-10 10:21:30,medium,True,False,1 commit
True,2019-12-10 14:44:16,short,True,False,1 commit
True,2019-12-10 17:12:18,very short,True,False,1 commit
True,2019-12-10 20:37:49,very short,True,False,1 commit
True,2019-12-10 21:27:20,very short,True,False,1 commit
True,2019-12-11 00:07:11,very short,True,False,1 commit
True,2019-12-11 00:29:49,very short,True,False,1 commit
True,2019-12-11 13:51:15,lengthy,True,False,1 commit
False,2019-12-11 17:12:20,lengthy,False,True,1 commit
False,2019-12-11 17:21:34,lengthy,True,False,1 commit
True,2019-12-11 22:35:19,medium,False,True,many commits
True,2019-12-12 05:11:50,very short,True,False,1 commit
True,2019-12-12 18:18:21,very short,True,False,1 commit
True,2019-12-12 22:56:46,very short,True,False,1 commit
True,2019-12-12 23:37:58,medium,False,False,1 commit
True,2019-12-13 00:05:56,very short,True,False,1 commit
True,2019-12-13 10:40:40,short,True,False,1 commit
True,2019-12-13 11:26:50,very short,True,False,1 commit
True,2019-12-13 14:34:52,lengthy,True,False,1 commit
True,2019-12-13 20:41:43,lengthy,True,False,1 commit
True,2019-12-14 04:42:08,very short,True,True,some commits
True,2019-12-14 11:58:39,medium,True,False,1 commit
True,2019-12-15 11:55:24,short,True,False,1 commit
True,2019-12-15 12:25:02,lengthy,True,False,1 commit
True,2019-12-15 14:26:24,lengthy,True,False,1 commit
True,2019-12-15 17:56:56,very short,True,False,1 commit
True,2019-12-15 18:39:59,lengthy,True,False,1 commit
True,2019-12-15 23:40:18,very short,True,False,1 commit
True,2019-12-16 00:23:37,very short,True,False,1 commit
True,2019-12-16 12:39:12,short,True,False,1 commit
True,2019-12-16 13:57:29,short,True,False,1 commit
True,2019-12-16 14:55:07,lengthy,True,False,1 commit
True,2019-12-16 19:54:35,very short,True,False,1 commit
True,2019-12-17 00:00:06,very short,True,False,1 commit
True,2019-12-17 00:00:18,very short,True,False,1 commit
True,2019-12-17 09:37:12,very short,True,False,1 commit
True,2019-12-17 13:37:13,very short,True,False,1 commit
True,2019-12-17 13:37:23,very short,True,False,1 commit
True,2019-12-17 13:37:32,very short,True,False,1 commit
True,2019-12-17 16:27:41,medium,True,False,1 commit
True,2019-12-17 17:17:21,very short,True,False,1 commit
True,2019-12-17 17:54:48,very short,True,False,1 commit
True,2019-12-17 18:22:15,very short,True,False,1 commit
True,2019-12-17 18:27:12,very short,True,False,some commits
True,2019-12-17 23:22:52,short,True,False,1 commit
True,2019-12-18 03:05:30,short,True,False,1 commit
True,2019-12-18 03:53:21,short,True,False,some commits
True,2019-12-19 00:28:14,lengthy,False,False,1 commit
True,2019-12-19 10:23:11,lengthy,True,False,1 commit
True,2019-12-19 17:14:08,lengthy,True,False,1 commit
True,2019-12-19 19:01:52,very short,True,False,1 commit
True,2019-12-19 22:43:09,lengthy,True,False,1 commit
True,2019-12-20 00:32:01,very short,True,False,1 commit
True,2019-12-20 03:50:47,very short,True,False,1 commit
True,2019-12-20 08:12:54,very short,True,False,1 commit
True,2019-12-20 15:16:52,short,True,False,1 commit
True,2019-12-20 15:44:52,lengthy,True,False,1 commit
True,2019-12-20 16:37:02,medium,True,False,1 commit
True,2019-12-20 17:05:27,medium,True,False,1 commit
True,2019-12-20 17:15:11,very short,True,False,1 commit
True,2019-12-20 17:32:43,short,True,False,some commits
True,2019-12-21 11:30:34,medium,True,False,1 commit
False,2019-12-21 11:34:15,very short,True,False,1 commit
True,2019-12-21 12:29:49,short,True,False,1 commit
True,2019-12-21 12:30:58,lengthy,True,False,1 commit
True,2019-12-21 15:37:16,medium,True,False,1 commit
True,2019-12-21 16:44:52,medium,True,False,1 commit
True,2019-12-22 13:09:04,short,True,False,1 commit
True,2019-12-22 13:39:01,lengthy,True,False,1 commit
True,2019-12-22 14:02:55,lengthy,True,False,some commits
True,2019-12-22 14:50:21,short,True,False,some commits
True,2019-12-22 14:52:03,medium,True,False,1 commit
True,2019-12-22 17:52:18,lengthy,True,True,some commits
True,2019-12-22 18:12:28,short,True,False,1 commit
True,2019-12-22 22:19:23,medium,True,False,1 commit
True,2019-12-23 17:52:36,short,True,False,1 commit
True,2019-12-23 19:54:12,very short,True,False,1 commit
True,2019-12-23 20:10:21,short,True,False,1 commit
True,2019-12-23 22:47:27,medium,True,False,1 commit
True,2019-12-23 22:47:45,short,True,False,1 commit
True,2019-12-24 08:50:38,very short,True,False,some commits
True,2019-12-24 21:32:41,very short,True,False,1 commit
True,2019-12-25 02:18:59,very short,True,False,1 commit
True,2019-12-25 02:19:07,very short,True,False,1 commit
True,2019-12-25 02:19:48,very short,True,False,1 commit
True,2019-12-25 02:19:57,very short,True,False,1 commit
True,2019-12-25 20:51:21,lengthy,True,False,1 commit
True,2019-12-25 21:12:18,lengthy,True,False,1 commit
True,2019-12-26 05:56:41,lengthy,True,False,1 commit
True,2019-12-26 22:34:39,short,True,False,1 commit
True,2019-12-29 19:34:21,very short,True,False,1 commit
True,2019-12-29 20:04:05,very short,True,False,1 commit
True,2019-12-29 20:04:14,very short,True,False,1 commit
True,2019-12-29 20:32:00,very short,True,False,1 commit
True,2019-12-29 20:56:29,very short,True,False,1 commit
True,2019-12-29 21:34:33,very short,True,False,1 commit
True,2019-12-29 22:03:24,short,True,False,some commits
True,2019-12-29 23:16:06,very short,True,False,1 commit
True,2019-12-29 23:20:03,lengthy,True,False,1 commit
True,2019-12-30 12:08:36,very short,True,False,1 commit
True,2019-12-30 12:08:47,very short,True,False,1 commit
True,2019-12-30 12:08:56,very short,True,False,1 commit
True,2019-12-30 13:10:51,short,True,False,1 commit
True,2019-12-30 13:59:02,short,True,False,1 commit
True,2019-12-30 17:45:51,lengthy,True,False,1 commit
True,2019-12-30 21:13:41,very short,True,False,1 commit
True,2019-12-30 21:47:56,medium,True,False,1 commit
True,2019-12-30 22:38:08,medium,True,False,1 commit
True,2019-12-31 10:53:43,medium,True,False,1 commit
True,2019-12-31 11:41:42,very short,True,False,1 commit
True,2019-12-31 11:42:07,very short,True,False,1 commit
True,2019-12-31 15:17:43,very short,True,False,1 commit
True,2019-12-31 21:50:00,very short,True,False,1 commit
True,2019-12-31 21:50:19,lengthy,True,False,1 commit
True,2019-12-31 21:50:35,short,True,False,1 commit
True,2019-12-31 21:50:50,very short,True,False,1 commit
True,2019-12-31 21:51:01,short,True,False,1 commit
True,2020-01-01 17:26:39,lengthy,True,False,1 commit
True,2020-01-01 19:12:29,medium,True,False,1 commit
False,2020-01-01 22:38:28,lengthy,True,False,1 commit
True,2020-01-02 12:28:33,short,True,False,1 commit
True,2020-01-02 15:01:50,very short,True,False,1 commit
True,2020-01-02 19:18:26,medium,True,False,1 commit
True,2020-01-02 20:48:37,very short,True,False,1 commit
True,2020-01-03 10:44:52,very short,True,False,1 commit
True,2020-01-03 11:19:35,short,True,False,some commits
True,2020-01-03 11:32:33,very short,True,False,1 commit
True,2020-01-03 12:05:05,very short,True,False,1 commit
True,2020-01-03 15:34:13,short,True,False,1 commit
True,2020-01-03 15:36:16,very short,True,False,1 commit
True,2020-01-03 19:23:49,very short,True,False,1 commit
True,2020-01-04 01:33:57,very short,True,False,1 commit
True,2020-01-04 09:55:36,very short,True,False,1 commit
True,2020-01-04 14:30:27,lengthy,True,False,many commits
True,2020-01-04 15:03:48,very short,True,False,1 commit
True,2020-01-04 15:12:14,lengthy,True,False,some commits
True,2020-01-04 15:23:47,short,True,False,some commits
True,2020-01-04 17:00:31,short,True,False,1 commit
True,2020-01-04 17:09:42,short,True,False,1 commit
True,2020-01-04 17:15:31,lengthy,True,False,1 commit
True,2020-01-04 17:44:09,lengthy,True,False,1 commit
True,2020-01-04 18:16:23,short,True,False,1 commit
True,2020-01-04 22:20:13,short,True,False,1 commit
True,2020-01-04 23:02:27,medium,True,False,1 commit
True,2020-01-05 10:13:14,short,True,False,1 commit
True,2020-01-05 10:19:25,short,True,False,1 commit
True,2020-01-05 10:39:27,lengthy,True,False,1 commit
True,2020-01-05 10:50:13,lengthy,True,False,1 commit
True,2020-01-05 12:34:22,short,True,False,1 commit
False,2020-01-05 14:43:52,lengthy,False,True,1 commit
True,2020-01-05 20:54:38,very short,True,False,1 commit
True,2020-01-05 21:28:14,very short,True,False,1 commit
True,2020-01-06 01:09:53,lengthy,True,False,1 commit
True,2020-01-06 02:50:50,very short,True,False,1 commit
True,2020-01-06 10:59:01,short,True,False,1 commit
True,2020-01-06 11:01:12,medium,True,False,1 commit
True,2020-01-06 14:03:13,very short,True,False,1 commit
True,2020-01-06 16:52:15,very short,True,False,1 commit
True,2020-01-06 19:21:18,very short,True,False,1 commit
True,2020-01-06 22:16:29,very short,True,False,1 commit
True,2020-01-06 22:23:03,short,True,False,1 commit
True,2020-01-07 09:24:29,very short,True,False,1 commit
True,2020-01-07 09:24:38,very short,True,False,1 commit
True,2020-01-07 09:52:53,very short,True,False,1 commit
True,2020-01-07 13:34:30,very short,True,False,1 commit
True,2020-01-07 14:15:34,lengthy,True,False,many commits
True,2020-01-07 15:04:34,very short,True,False,1 commit
True,2020-01-07 15:23:12,short,True,True,many commits
True,2020-01-07 15:36:58,very short,True,False,1 commit
True,2020-01-07 19:37:27,short,True,False,1 commit
True,2020-01-07 20:07:55,very short,True,False,1 commit
True,2020-01-07 20:08:04,very short,True,False,1 commit
True,2020-01-07 20:24:42,very short,True,False,1 commit
True,2020-01-07 21:21:32,very short,True,False,1 commit
True,2020-01-07 22:11:11,very short,True,False,some commits
True,2020-01-07 22:50:31,very short,True,False,1 commit
True,2020-01-07 22:52:56,short,True,False,1 commit
True,2020-01-08 00:58:56,short,True,False,1 commit
True,2020-01-08 09:46:07,very short,True,False,1 commit
True,2020-01-08 11:03:13,very short,True,False,1 commit
True,2020-01-08 13:54:29,very short,True,False,1 commit
True,2020-01-08 15:47:16,very short,True,False,1 commit
True,2020-01-08 16:04:51,short,True,False,1 commit
True,2020-01-08 21:23:49,very short,True,False,1 commit
True,2020-01-08 22:14:59,very short,True,False,1 commit
True,2020-01-08 22:15:09,very short,True,False,1 commit
True,2020-01-09 00:59:12,very short,True,False,1 commit
True,2020-01-09 10:15:18,short,True,False,1 commit
True,2020-01-09 13:53:52,lengthy,True,False,many commits
True,2020-01-09 16:14:44,medium,True,False,1 commit
True,2020-01-09 16:46:27,very short,True,False,1 commit
False,2020-01-09 18:38:47,lengthy,False,False,some commits
True,2020-01-09 21:38:46,lengthy,True,False,1 commit
True,2020-01-10 16:02:32,lengthy,False,True,many commits
True,2020-01-11 10:35:25,medium,True,False,1 commit
True,2020-01-11 10:37:36,short,True,False,1 commit
True,2020-01-11 12:26:33,very short,True,False,1 commit
True,2020-01-11 12:34:57,very short,True,False,1 commit
True,2020-01-12 05:55:51,short,True,False,1 commit
True,2020-01-12 12:16:25,lengthy,True,False,some commits
True,2020-01-12 13:18:35,lengthy,True,False,1 commit
True,2020-01-12 13:37:05,short,True,False,1 commit
True,2020-01-12 15:36:39,very short,True,False,1 commit
True,2020-01-12 15:47:31,very short,True,False,1 commit
True,2020-01-12 21:06:38,very short,True,False,1 commit
True,2020-01-13 00:07:42,very short,True,False,1 commit
True,2020-01-13 06:41:39,lengthy,True,False,1 commit
True,2020-01-13 07:28:20,very short,True,False,1 commit
True,2020-01-13 09:40:53,very short,True,False,1 commit
True,2020-01-13 16:42:21,lengthy,True,False,some commits
True,2020-01-13 18:07:13,lengthy,True,False,1 commit
True,2020-01-13 18:12:47,short,True,False,1 commit
True,2020-01-13 18:32:35,lengthy,True,False,1 commit
True,2020-01-13 20:57:46,very short,True,False,1 commit
True,2020-01-13 22:39:34,very short,True,False,1 commit
True,2020-01-13 23:16:42,lengthy,True,False,1 commit
True,2020-01-13 23:32:34,short,True,False,1 commit
True,2020-01-13 23:39:40,very short,True,False,1 commit
True,2020-01-13 23:42:21,very short,True,False,1 commit
True,2020-01-14 00:57:53,very short,True,False,1 commit
True,2020-01-14 06:10:28,short,False,True,many commits
True,2020-01-14 11:00:20,short,True,False,1 commit
True,2020-01-14 13:43:23,lengthy,True,False,1 commit
True,2020-01-14 14:31:08,lengthy,True,False,some commits
True,2020-01-14 16:07:27,very short,True,False,1 commit
True,2020-01-14 17:59:51,very short,False,True,some commits
True,2020-01-14 23:04:55,very short,True,False,1 commit
True,2020-01-14 23:10:11,lengthy,True,False,1 commit
True,2020-01-14 23:12:41,lengthy,True,False,1 commit
True,2020-01-14 23:53:07,short,True,False,1 commit
True,2020-01-15 09:40:10,lengthy,True,False,1 commit
True,2020-01-15 12:59:59,very short,True,False,1 commit
True,2020-01-15 20:13:38,very short,True,False,1 commit
True,2020-01-15 21:39:12,very short,False,True,1 commit
True,2020-01-15 23:57:29,very short,True,False,1 commit
True,2020-01-15 23:57:37,very short,True,False,1 commit
True,2020-01-16 13:10:46,very short,True,False,1 commit
True,2020-01-16 14:10:40,very short,True,False,1 commit
True,2020-01-16 22:48:09,short,True,False,1 commit
True,2020-01-17 09:49:01,lengthy,True,False,1 commit
True,2020-01-17 10:21:13,lengthy,True,False,some commits
True,2020-01-17 13:19:58,short,True,False,1 commit
True,2020-01-18 00:36:34,medium,True,False,many commits
True,2020-01-18 19:00:04,very short,True,False,1 commit
True,2020-01-18 19:00:57,medium,True,False,1 commit
True,2020-01-18 19:29:30,very short,True,False,1 commit
True,2020-01-18 19:40:13,short,True,False,1 commit
True,2020-01-18 23:26:54,lengthy,True,False,1 commit
True,2020-01-19 05:01:28,very short,True,False,1 commit
True,2020-01-19 05:15:27,medium,True,False,some commits
True,2020-01-19 12:31:19,very short,True,False,1 commit
True,2020-01-19 18:10:05,medium,True,False,1 commit
True,2020-01-20 16:25:29,very short,True,False,1 commit
True,2020-01-20 19:03:28,short,True,False,1 commit
True,2020-01-20 20:15:51,very short,True,False,1 commit
True,2020-01-20 20:56:44,very short,True,False,1 commit
True,2020-01-20 21:12:25,very short,True,False,1 commit
True,2020-01-21 00:31:17,very short,True,False,1 commit
True,2020-01-21 00:42:07,very short,True,False,1 commit
False,2020-01-21 10:41:06,short,True,False,1 commit
True,2020-01-21 13:46:30,lengthy,True,False,1 commit
True,2020-01-21 17:23:41,short,True,False,1 commit
True,2020-01-21 17:33:39,short,True,False,1 commit
True,2020-01-21 18:31:33,short,True,False,1 commit
True,2020-01-21 19:00:34,lengthy,True,False,1 commit
False,2020-01-21 19:42:16,lengthy,True,False,many commits
True,2020-01-21 20:39:42,very short,True,False,1 commit
True,2020-01-21 22:10:10,very short,True,False,1 commit
True,2020-01-22 00:17:31,very short,True,False,1 commit
True,2020-01-22 13:30:03,very short,True,False,1 commit
True,2020-01-22 16:01:38,lengthy,True,False,1 commit
True,2020-01-22 23:40:00,very short,True,False,1 commit
True,2020-01-23 00:22:34,medium,True,False,1 commit
True,2020-01-23 09:32:17,very short,True,False,1 commit
True,2020-01-23 15:36:17,medium,True,False,some commits
True,2020-01-23 15:42:24,very short,True,False,1 commit
True,2020-01-23 15:51:34,short,True,False,1 commit
True,2020-01-23 17:23:09,very short,True,False,1 commit
True,2020-01-23 17:23:21,very short,True,False,1 commit
True,2020-01-23 17:39:04,very short,True,False,1 commit
True,2020-01-23 17:43:49,short,True,False,1 commit
True,2020-01-23 18:05:32,short,True,False,1 commit
True,2020-01-23 19:49:04,short,True,True,some commits
True,2020-01-23 22:29:11,very short,True,False,1 commit
True,2020-01-24 08:28:55,very short,True,False,1 commit
True,2020-01-24 08:39:08,very short,True,False,1 commit
False,2020-01-24 16:20:14,lengthy,False,True,1 commit
True,2020-01-24 19:17:04,very short,True,False,1 commit
True,2020-01-25 05:23:25,very short,True,False,1 commit
True,2020-01-25 05:23:34,very short,True,False,1 commit
True,2020-01-25 05:36:41,short,True,False,1 commit
True,2020-01-25 12:11:58,very short,True,False,1 commit
True,2020-01-25 14:20:32,very short,True,False,1 commit
True,2020-01-25 15:38:24,medium,True,False,1 commit
True,2020-01-25 16:28:37,medium,True,False,1 commit
True,2020-01-25 16:37:28,lengthy,True,False,1 commit
True,2020-01-26 02:00:21,short,True,False,some commits
True,2020-01-26 10:00:30,short,True,False,1 commit
True,2020-01-26 10:08:19,very short,True,False,1 commit
True,2020-01-26 11:36:36,very short,True,False,1 commit
True,2020-01-26 11:43:35,very short,True,False,1 commit
True,2020-01-26 11:52:41,very short,True,False,1 commit
True,2020-01-26 17:49:03,lengthy,True,False,1 commit
True,2020-01-26 19:36:48,lengthy,True,False,1 commit
True,2020-01-26 21:40:52,lengthy,True,False,1 commit
True,2020-01-27 09:26:30,lengthy,True,False,1 commit
True,2020-01-27 10:43:02,very short,True,False,1 commit
False,2020-01-27 14:30:06,lengthy,False,True,some commits
True,2020-01-27 15:24:35,short,True,False,1 commit
True,2020-01-27 18:42:19,very short,True,False,1 commit
True,2020-01-27 18:42:30,very short,True,False,1 commit
True,2020-01-27 19:52:19,short,True,False,some commits
True,2020-01-27 20:07:11,very short,True,False,1 commit
True,2020-01-27 20:07:23,very short,True,False,1 commit
True,2020-01-27 22:23:46,short,True,False,1 commit
True,2020-01-27 22:58:51,lengthy,True,False,1 commit
True,2020-01-27 23:03:47,medium,True,False,some commits
True,2020-01-28 16:48:45,very short,True,True,1 commit
True,2020-01-28 16:55:11,very short,True,False,1 commit
True,2020-01-28 16:55:22,very short,True,False,1 commit
True,2020-01-28 21:24:28,very short,True,False,1 commit
True,2020-01-28 21:49:52,very short,True,False,1 commit
True,2020-01-28 23:22:10,very short,True,False,1 commit
True,2020-01-28 23:52:40,very short,True,False,1 commit
True,2020-01-28 23:52:59,very short,True,False,1 commit
True,2020-01-29 03:13:05,very short,True,False,1 commit
True,2020-01-29 03:28:00,lengthy,True,False,1 commit
True,2020-01-29 11:12:46,very short,True,False,1 commit
True,2020-01-29 13:17:56,lengthy,True,False,some commits
True,2020-01-30 10:34:34,short,True,False,1 commit
True,2020-01-30 10:57:33,lengthy,True,False,1 commit
True,2020-01-30 13:55:44,short,False,True,1 commit
True,2020-01-31 02:39:31,very short,True,False,1 commit
True,2020-01-31 02:53:30,very short,True,True,some commits
True,2020-01-31 05:05:36,very short,True,False,1 commit
True,2020-01-31 05:05:48,very short,True,False,1 commit
True,2020-01-31 05:06:00,very short,True,False,1 commit
True,2020-02-01 13:01:11,very short,True,False,1 commit
False,2020-02-02 20:40:38,lengthy,True,False,many commits
True,2020-02-03 03:27:16,medium,True,False,1 commit
True,2020-02-03 09:30:30,lengthy,True,False,1 commit
True,2020-02-03 09:55:40,very short,True,False,1 commit
True,2020-02-03 11:45:42,medium,False,True,many commits
True,2020-02-03 15:37:08,very short,True,False,1 commit
True,2020-02-03 16:41:07,very short,True,False,1 commit
True,2020-02-03 19:46:22,short,True,False,1 commit
True,2020-02-03 20:44:19,medium,True,False,1 commit
True,2020-02-04 05:41:21,lengthy,True,False,some commits
True,2020-02-04 18:52:05,very short,True,False,1 commit
True,2020-02-04 21:22:52,very short,True,False,1 commit
False,2020-02-04 23:14:31,lengthy,True,False,1 commit
True,2020-02-05 10:31:39,very short,True,True,1 commit
True,2020-02-05 11:33:43,short,True,False,1 commit
True,2020-02-05 15:51:27,medium,True,False,1 commit
True,2020-02-05 18:49:59,lengthy,True,False,1 commit
True,2020-02-06 09:22:46,very short,True,False,1 commit
True,2020-02-06 19:02:49,very short,True,False,1 commit
True,2020-02-06 19:28:28,very short,True,False,1 commit
True,2020-02-06 22:31:32,very short,True,False,1 commit
True,2020-02-06 22:34:46,very short,True,False,1 commit
True,2020-02-06 22:42:07,medium,True,False,1 commit
True,2020-02-06 23:17:21,medium,True,False,1 commit
True,2020-02-07 13:11:08,very short,True,False,1 commit
True,2020-02-07 15:49:48,very short,True,False,1 commit
True,2020-02-07 16:00:24,very short,True,False,1 commit
True,2020-02-08 19:00:32,very short,True,False,1 commit
True,2020-02-08 22:20:16,short,True,False,1 commit
True,2020-02-08 22:22:54,short,True,False,1 commit
True,2020-02-08 22:29:25,very short,True,False,1 commit
True,2020-02-08 22:31:02,short,True,False,1 commit
True,2020-02-09 00:10:25,short,True,False,1 commit
True,2020-02-09 10:31:56,very short,True,False,1 commit
True,2020-02-09 17:14:44,very short,True,False,1 commit
True,2020-02-09 21:22:29,very short,True,False,1 commit
True,2020-02-10 06:30:54,very short,True,False,1 commit
True,2020-02-10 08:47:56,lengthy,True,False,1 commit
True,2020-02-10 13:15:01,very short,True,False,1 commit
True,2020-02-10 13:18:12,very short,True,False,1 commit
True,2020-02-10 20:34:33,very short,True,False,1 commit
True,2020-02-10 21:34:07,short,False,True,some commits
True,2020-02-11 00:24:04,very short,True,False,1 commit
True,2020-02-11 16:26:06,very short,True,False,many commits
True,2020-02-11 17:49:19,lengthy,True,False,some commits
True,2020-02-11 21:25:17,very short,True,False,1 commit
True,2020-02-11 21:35:50,short,True,False,1 commit
True,2020-02-11 23:51:48,lengthy,True,False,some commits
True,2020-02-12 10:10:20,very short,True,False,1 commit
True,2020-02-12 21:41:13,very short,True,False,1 commit
True,2020-02-12 22:03:02,medium,True,False,some commits
True,2020-02-12 23:13:04,medium,True,False,1 commit
True,2020-02-13 00:04:04,very short,True,False,1 commit
True,2020-02-13 00:24:30,lengthy,True,False,1 commit
True,2020-02-13 00:42:32,very short,True,False,1 commit
True,2020-02-13 08:59:33,medium,True,False,1 commit
True,2020-02-13 09:01:02,very short,True,False,1 commit
True,2020-02-13 09:12:03,very short,True,False,some commits
True,2020-02-13 09:29:06,lengthy,True,False,1 commit
True,2020-02-13 10:45:21,very short,True,False,1 commit
True,2020-02-13 10:47:30,very short,True,False,1 commit
True,2020-02-13 17:13:23,very short,True,False,1 commit
True,2020-02-13 18:20:01,short,True,False,1 commit
True,2020-02-13 19:03:39,very short,True,False,1 commit
True,2020-02-14 00:24:12,lengthy,True,False,1 commit
True,2020-02-14 02:11:47,very short,True,True,many commits
True,2020-02-14 07:30:52,very short,True,False,1 commit
True,2020-02-14 10:21:13,short,True,False,1 commit
True,2020-02-14 11:01:32,short,True,False,1 commit
True,2020-02-14 13:34:34,lengthy,True,False,1 commit
True,2020-02-14 15:37:10,very short,True,False,1 commit
True,2020-02-14 19:06:27,lengthy,False,True,some commits
True,2020-02-14 23:38:33,very short,True,False,1 commit
True,2020-02-14 23:41:08,very short,True,False,1 commit
True,2020-02-15 00:22:18,very short,True,False,many commits
True,2020-02-15 09:47:20,very short,True,False,1 commit
True,2020-02-15 10:10:28,very short,True,False,1 commit
True,2020-02-15 14:15:33,very short,True,False,1 commit
True,2020-02-15 17:14:20,very short,True,False,1 commit
True,2020-02-15 17:23:03,very short,True,False,1 commit
True,2020-02-15 18:40:49,short,True,False,1 commit
True,2020-02-15 18:48:12,very short,True,False,1 commit
True,2020-02-15 22:25:08,very short,True,False,1 commit
True,2020-02-16 00:26:29,short,True,False,1 commit
True,2020-02-16 02:37:18,very short,True,False,1 commit
True,2020-02-16 13:31:42,lengthy,True,False,1 commit
True,2020-02-16 13:46:50,very short,True,False,1 commit
True,2020-02-16 14:27:47,short,True,False,some commits
True,2020-02-16 14:49:32,lengthy,True,False,1 commit
True,2020-02-16 17:07:13,very short,True,False,1 commit
True,2020-02-16 17:56:37,very short,True,False,1 commit
True,2020-02-16 18:50:37,very short,True,False,1 commit
True,2020-02-16 18:53:55,lengthy,True,False,1 commit
True,2020-02-16 19:39:43,short,True,False,1 commit
True,2020-02-16 19:41:29,medium,True,False,many commits
True,2020-02-16 19:51:21,lengthy,True,False,1 commit
True,2020-02-16 22:21:48,short,True,False,1 commit
True,2020-02-16 23:47:04,medium,True,False,some commits
True,2020-02-16 23:57:37,very short,True,False,1 commit
True,2020-02-17 00:10:40,very short,True,False,1 commit
False,2020-02-17 04:14:17,very short,False,True,1 commit
True,2020-02-17 07:17:07,short,True,False,1 commit
True,2020-02-17 17:49:11,short,True,False,1 commit
True,2020-02-18 05:53:36,medium,True,True,some commits
True,2020-02-18 17:29:20,lengthy,True,False,some commits
True,2020-02-18 21:38:59,very short,True,False,some commits
True,2020-02-19 10:08:16,lengthy,True,False,1 commit
True,2020-02-19 19:11:58,very short,True,False,1 commit
True,2020-02-20 13:08:29,very short,True,False,1 commit
True,2020-02-20 22:25:12,lengthy,True,False,1 commit
True,2020-02-21 17:59:05,medium,False,False,some commits
False,2020-02-24 05:19:55,lengthy,True,False,some commits
True,2020-02-25 05:47:00,lengthy,True,False,some commits
True,2020-02-25 21:32:34,short,True,False,1 commit
True,2020-02-26 14:30:53,short,True,False,1 commit
True,2020-02-26 14:54:14,lengthy,True,False,1 commit
True,2020-02-26 18:11:56,short,True,False,1 commit
True,2020-02-26 18:26:48,short,True,False,1 commit
True,2020-02-27 11:37:48,lengthy,True,False,1 commit
True,2020-02-27 14:13:15,short,True,False,1 commit
True,2020-02-27 17:32:00,short,True,False,1 commit
True,2020-02-27 17:36:25,short,True,False,1 commit
True,2020-02-28 10:47:30,lengthy,True,False,some commits
True,2020-02-28 12:59:10,short,True,False,some commits
True,2020-02-28 18:29:24,very short,True,False,1 commit
True,2020-02-28 19:59:39,lengthy,True,False,1 commit
True,2020-02-28 20:02:57,very short,True,False,1 commit
True,2020-02-28 22:07:53,lengthy,True,False,1 commit
True,2020-02-28 22:35:48,lengthy,True,False,1 commit
True,2020-02-28 23:02:26,short,True,False,some commits
True,2020-02-29 08:40:46,short,True,False,1 commit
True,2020-02-29 15:31:39,short,True,True,1 commit
True,2020-03-01 04:13:05,very short,True,False,1 commit
True,2020-03-01 09:52:09,very short,True,False,1 commit
True,2020-03-01 10:00:40,very short,True,False,1 commit
True,2020-03-01 10:57:45,very short,True,False,some commits
True,2020-03-01 12:01:00,very short,True,False,1 commit
True,2020-03-01 14:18:34,very short,True,False,1 commit
True,2020-03-01 15:06:23,lengthy,True,False,some commits
True,2020-03-01 16:19:13,lengthy,True,False,1 commit
True,2020-03-01 17:47:51,medium,True,False,1 commit
True,2020-03-01 20:04:57,very short,True,False,1 commit
True,2020-03-01 21:08:51,very short,True,False,1 commit
True,2020-03-02 01:35:11,very short,True,False,1 commit
True,2020-03-02 05:16:17,short,True,False,some commits
True,2020-03-02 11:32:47,very short,True,False,1 commit
True,2020-03-02 23:19:57,medium,True,False,1 commit
True,2020-03-02 23:21:18,very short,True,False,1 commit
True,2020-03-03 00:13:23,very short,True,False,1 commit
True,2020-03-03 03:39:17,lengthy,True,False,some commits
True,2020-03-03 10:40:22,medium,True,False,1 commit
False,2020-03-03 12:56:04,lengthy,False,True,many commits
True,2020-03-03 13:18:30,very short,True,False,1 commit
True,2020-03-03 17:04:01,lengthy,True,False,1 commit
True,2020-03-03 17:11:23,very short,True,False,1 commit
True,2020-03-03 17:48:55,very short,True,False,1 commit
True,2020-03-03 20:00:07,very short,False,True,1 commit
True,2020-03-03 20:19:45,medium,True,True,many commits
True,2020-03-03 21:22:45,very short,True,False,1 commit
True,2020-03-04 09:36:27,very short,True,False,1 commit
True,2020-03-04 17:16:07,short,True,False,1 commit
True,2020-03-04 17:28:11,very short,True,False,1 commit
True,2020-03-04 21:48:23,very short,True,False,1 commit
True,2020-03-05 03:38:03,very short,True,False,1 commit
True,2020-03-05 06:20:37,short,True,False,some commits
True,2020-03-05 08:08:13,short,True,False,some commits
True,2020-03-05 09:48:12,very short,True,True,1 commit
True,2020-03-05 11:37:17,very short,True,False,1 commit
True,2020-03-05 11:46:58,medium,False,True,1 commit
True,2020-03-05 13:20:28,very short,True,False,1 commit
True,2020-03-05 16:15:41,medium,True,False,1 commit
True,2020-03-05 16:18:08,very short,True,False,1 commit
True,2020-03-05 16:34:24,very short,True,False,1 commit
True,2020-03-05 17:09:49,very short,True,False,1 commit
True,2020-03-05 17:30:48,medium,True,False,1 commit
False,2020-03-05 20:57:45,lengthy,False,False,some commits
True,2020-03-05 22:09:45,lengthy,False,False,1 commit
True,2020-03-05 23:13:40,very short,True,False,1 commit
True,2020-03-05 23:39:44,very short,True,False,1 commit
True,2020-03-05 23:53:20,medium,True,False,1 commit
True,2020-03-06 03:22:13,lengthy,True,False,some commits
True,2020-03-06 05:46:11,short,False,True,1 commit
True,2020-03-06 10:07:02,short,True,False,1 commit
True,2020-03-06 13:23:05,very short,True,False,1 commit
True,2020-03-06 13:35:37,short,True,False,1 commit
False,2020-03-06 13:39:38,lengthy,False,False,some commits
False,2020-03-07 04:04:22,very short,False,True,1 commit
True,2020-03-07 06:03:15,very short,True,False,1 commit
True,2020-03-07 18:08:35,short,True,False,1 commit
True,2020-03-08 04:07:07,short,True,False,some commits
True,2020-03-08 06:14:46,very short,True,False,some commits
True,2020-03-08 09:42:41,medium,True,True,some commits
True,2020-03-10 00:27:31,lengthy,True,False,1 commit
False,2020-03-10 00:38:44,lengthy,False,True,many commits
True,2020-03-10 03:53:01,lengthy,True,False,many commits
True,2020-03-10 18:55:41,lengthy,True,False,some commits
True,2020-03-10 21:05:19,medium,True,False,some commits
True,2020-03-11 01:22:24,lengthy,False,True,many commits
True,2020-03-11 02:30:20,short,True,False,1 commit
True,2020-03-11 04:35:09,lengthy,False,False,1 commit
False,2020-03-11 16:26:21,short,True,False,some commits
True,2020-03-11 18:21:10,short,True,False,1 commit
True,2020-03-11 20:03:41,short,True,False,1 commit
True,2020-03-12 00:25:28,short,True,False,1 commit
True,2020-03-12 04:53:09,short,True,False,1 commit
True,2020-03-12 09:35:16,very short,True,False,1 commit
True,2020-03-12 10:22:38,very short,True,False,1 commit
True,2020-03-12 11:10:17,short,True,False,1 commit
True,2020-03-12 11:20:45,short,True,False,some commits
True,2020-03-12 13:09:31,short,True,False,1 commit
True,2020-03-12 15:55:58,very short,True,False,1 commit
True,2020-03-12 16:26:46,very short,True,False,1 commit
True,2020-03-12 23:42:24,very short,True,False,1 commit
True,2020-03-12 23:55:01,very short,True,False,1 commit
True,2020-03-13 08:35:05,short,True,False,some commits
True,2020-03-13 19:45:40,very short,True,False,1 commit
True,2020-03-13 20:02:20,very short,True,False,1 commit
False,2020-03-13 20:47:52,lengthy,False,True,many commits
True,2020-03-13 22:00:05,very short,True,False,1 commit
True,2020-03-13 22:04:13,very short,True,False,1 commit
True,2020-03-14 00:35:47,very short,True,False,1 commit
True,2020-03-14 00:40:38,very short,True,False,1 commit
True,2020-03-14 00:58:15,very short,True,False,1 commit
True,2020-03-14 01:50:31,very short,True,False,1 commit
True,2020-03-14 06:13:01,lengthy,True,False,some commits
True,2020-03-14 08:28:23,short,True,False,some commits
True,2020-03-14 17:24:09,medium,True,False,1 commit
False,2020-03-14 18:27:12,lengthy,True,False,1 commit
True,2020-03-14 19:21:54,lengthy,True,False,1 commit
True,2020-03-14 19:37:47,very short,True,False,1 commit
True,2020-03-14 21:51:08,lengthy,True,False,1 commit
True,2020-03-15 16:31:31,medium,True,False,1 commit
True,2020-03-15 16:39:44,short,True,False,some commits
True,2020-03-15 16:59:53,very short,True,False,1 commit
True,2020-03-15 20:07:44,short,True,False,1 commit
True,2020-03-16 11:02:35,short,True,False,1 commit
True,2020-03-16 12:27:16,very short,True,False,1 commit
False,2020-03-16 15:56:10,lengthy,True,False,many commits
True,2020-03-16 15:58:09,very short,True,False,1 commit
True,2020-03-16 15:58:18,very short,True,False,1 commit
True,2020-03-16 17:33:31,very short,True,False,1 commit
False,2020-03-16 20:38:29,lengthy,True,False,some commits
True,2020-03-16 22:12:06,very short,True,False,1 commit
True,2020-03-16 23:42:51,lengthy,True,False,1 commit
True,2020-03-17 00:20:21,very short,True,False,1 commit
True,2020-03-17 04:37:22,very short,True,False,1 commit
True,2020-03-17 14:08:38,very short,True,False,1 commit
True,2020-03-17 18:48:19,very short,True,False,1 commit
True,2020-03-17 19:33:11,very short,True,False,1 commit
True,2020-03-17 19:43:55,very short,True,False,1 commit
True,2020-03-17 20:23:43,very short,True,False,1 commit
True,2020-03-17 23:03:58,lengthy,True,False,1 commit
True,2020-03-18 00:21:27,very short,True,False,many commits
True,2020-03-18 09:19:06,very short,True,False,1 commit
True,2020-03-18 11:27:45,lengthy,True,False,1 commit
True,2020-03-18 11:53:11,very short,True,False,1 commit
True,2020-03-18 19:25:17,very short,True,False,some commits
True,2020-03-18 19:37:51,lengthy,True,False,1 commit
True,2020-03-18 20:15:39,very short,True,False,1 commit
True,2020-03-18 20:44:06,very short,True,False,1 commit
True,2020-03-18 21:24:55,very short,True,False,1 commit
True,2020-03-19 00:51:22,very short,True,False,some commits
True,2020-03-19 04:20:03,medium,True,False,some commits
True,2020-03-19 11:25:56,lengthy,True,False,1 commit
True,2020-03-19 11:51:34,lengthy,True,False,1 commit
True,2020-03-19 15:57:12,very short,True,False,1 commit
False,2020-03-19 16:27:47,lengthy,True,False,1 commit
True,2020-03-19 16:36:45,very short,True,False,1 commit
True,2020-03-19 16:51:40,medium,True,False,1 commit
True,2020-03-19 16:53:18,very short,True,False,1 commit
True,2020-03-19 17:17:29,very short,True,False,1 commit
True,2020-03-19 17:19:34,lengthy,True,False,1 commit
True,2020-03-19 17:48:18,very short,True,False,1 commit
True,2020-03-19 19:11:44,very short,True,False,1 commit
True,2020-03-19 19:40:38,medium,True,False,1 commit
True,2020-03-19 19:59:45,lengthy,False,True,some commits
True,2020-03-19 22:47:35,very short,True,False,some commits
True,2020-03-20 06:01:32,short,True,False,some commits
True,2020-03-20 08:21:40,very short,True,False,1 commit
True,2020-03-20 08:43:45,very short,True,False,1 commit
True,2020-03-20 14:35:08,very short,True,False,1 commit
True,2020-03-20 21:52:38,very short,True,False,many commits
True,2020-03-21 16:11:16,medium,True,False,some commits
True,2020-03-21 16:24:44,lengthy,True,False,1 commit
True,2020-03-21 18:29:47,very short,True,False,1 commit
True,2020-03-21 22:37:22,very short,True,False,1 commit
True,2020-03-21 23:55:30,very short,True,False,some commits
True,2020-03-22 01:19:49,very short,True,False,1 commit
True,2020-03-22 09:00:00,short,True,False,1 commit
True,2020-03-22 09:46:13,short,True,False,1 commit
True,2020-03-22 16:02:29,medium,True,False,1 commit
True,2020-03-22 16:28:28,very short,True,False,1 commit
True,2020-03-22 18:35:42,short,True,False,1 commit
True,2020-03-22 21:23:48,medium,True,False,1 commit
True,2020-03-23 14:55:35,very short,True,False,1 commit
True,2020-03-23 15:35:12,very short,True,False,1 commit
True,2020-03-23 18:31:09,very short,True,False,1 commit
True,2020-03-23 18:43:27,very short,True,False,1 commit
True,2020-03-23 19:46:05,very short,True,True,some commits
False,2020-03-23 19:54:55,lengthy,True,False,many commits
True,2020-03-23 20:19:38,very short,True,False,1 commit
True,2020-03-24 09:35:04,short,True,False,1 commit
True,2020-03-24 20:03:41,short,True,False,1 commit
True,2020-03-24 20:44:38,very short,True,False,1 commit
True,2020-03-24 23:12:33,very short,True,False,1 commit
True,2020-03-24 23:41:30,very short,True,False,1 commit
True,2020-03-25 08:31:47,very short,True,False,1 commit
True,2020-03-25 14:22:52,very short,True,False,1 commit
True,2020-03-25 15:12:29,lengthy,True,False,some commits
True,2020-03-25 15:27:17,short,True,False,1 commit
True,2020-03-25 17:32:05,short,False,True,1 commit
True,2020-03-25 21:51:22,very short,True,False,1 commit
True,2020-03-25 22:11:45,lengthy,True,False,1 commit
True,2020-03-26 11:32:38,lengthy,True,False,1 commit
True,2020-03-26 13:48:36,short,True,False,1 commit
True,2020-03-26 15:05:22,very short,True,False,1 commit
True,2020-03-26 16:19:29,very short,True,False,1 commit
False,2020-03-26 17:53:52,lengthy,True,False,1 commit
True,2020-03-26 19:29:16,short,True,False,1 commit
True,2020-03-27 02:26:01,very short,True,False,1 commit
True,2020-03-27 06:37:45,very short,True,False,1 commit
True,2020-03-27 10:42:53,lengthy,True,False,many commits
True,2020-03-27 11:10:51,very short,True,False,1 commit
True,2020-03-27 14:27:15,lengthy,True,False,1 commit
True,2020-03-27 17:44:46,short,False,True,some commits
True,2020-03-27 20:31:16,very short,True,False,1 commit
True,2020-03-27 21:06:39,short,True,False,some commits
True,2020-03-27 22:55:14,medium,True,False,some commits
True,2020-03-28 11:12:46,short,True,False,1 commit
True,2020-03-28 18:55:08,short,True,False,1 commit
True,2020-03-28 23:47:59,medium,False,True,many commits
True,2020-03-28 23:57:53,lengthy,False,False,many commits
True,2020-03-29 00:22:02,very short,True,False,1 commit
True,2020-03-29 02:19:46,very short,True,False,1 commit
True,2020-03-29 20:07:18,very short,True,False,1 commit
True,2020-03-30 01:40:35,lengthy,False,True,1 commit
True,2020-03-30 03:48:57,very short,True,False,1 commit
True,2020-03-30 11:11:36,very short,True,False,1 commit
True,2020-03-30 11:16:56,very short,True,False,1 commit
True,2020-03-30 11:46:00,lengthy,True,False,1 commit
True,2020-03-30 13:06:52,very short,True,False,1 commit
True,2020-03-30 15:57:32,lengthy,True,False,1 commit
True,2020-03-30 17:59:14,very short,True,False,1 commit
True,2020-03-30 18:06:26,very short,True,False,1 commit
True,2020-03-30 18:20:03,very short,True,False,1 commit
True,2020-03-30 22:20:58,very short,True,False,1 commit
True,2020-03-30 23:14:42,very short,True,False,1 commit
False,2020-03-31 00:45:16,medium,True,False,1 commit
True,2020-03-31 01:31:06,medium,True,False,some commits
True,2020-03-31 04:16:03,very short,True,False,1 commit
True,2020-03-31 06:52:50,very short,True,False,1 commit
True,2020-03-31 07:00:14,lengthy,False,True,1 commit
True,2020-03-31 13:25:30,very short,True,False,1 commit
True,2020-03-31 13:27:59,very short,True,False,1 commit
True,2020-03-31 18:51:39,lengthy,False,True,many commits
True,2020-03-31 20:23:17,very short,True,False,1 commit
True,2020-03-31 20:43:01,medium,True,False,1 commit
True,2020-03-31 20:52:59,very short,True,False,1 commit
True,2020-03-31 21:03:12,very short,True,False,1 commit
True,2020-03-31 22:09:41,lengthy,True,False,1 commit
True,2020-04-01 03:03:58,lengthy,True,False,some commits
True,2020-04-01 07:33:23,lengthy,True,False,many commits
False,2020-04-01 12:34:18,very short,True,False,1 commit
True,2020-04-01 18:27:53,medium,True,True,some commits
False,2020-04-01 20:09:42,lengthy,False,True,many commits
True,2020-04-01 20:55:16,very short,True,True,1 commit
True,2020-04-01 22:35:59,very short,True,False,1 commit
True,2020-04-01 22:47:50,very short,True,False,1 commit
True,2020-04-02 02:18:27,lengthy,True,False,some commits
True,2020-04-02 09:00:05,lengthy,True,False,many commits
True,2020-04-02 18:50:48,very short,True,False,1 commit
True,2020-04-02 19:57:47,very short,True,False,some commits
True,2020-04-02 21:21:37,very short,True,False,1 commit
True,2020-04-02 23:56:57,short,True,False,1 commit
False,2020-04-03 02:50:53,lengthy,False,True,some commits
True,2020-04-03 21:18:04,short,True,True,some commits
True,2020-04-03 22:22:51,very short,True,False,1 commit
True,2020-04-03 22:42:50,medium,True,False,many commits
True,2020-04-03 23:36:24,lengthy,True,False,1 commit
True,2020-04-04 00:25:28,medium,True,False,1 commit
True,2020-04-04 08:23:10,very short,True,False,1 commit
True,2020-04-04 08:33:13,medium,True,False,some commits
True,2020-04-04 09:02:11,lengthy,True,False,1 commit
True,2020-04-04 11:47:44,medium,True,False,many commits
True,2020-04-04 12:14:52,very short,True,False,1 commit
True,2020-04-04 19:38:28,lengthy,True,False,some commits
True,2020-04-04 20:37:16,lengthy,True,False,1 commit
False,2020-04-05 00:16:33,lengthy,False,True,1 commit
True,2020-04-05 12:05:06,very short,True,False,some commits
True,2020-04-05 12:18:33,very short,True,False,1 commit
True,2020-04-05 22:27:09,lengthy,True,False,1 commit
False,2020-04-06 09:36:31,short,True,False,some commits
True,2020-04-06 11:23:33,very short,True,False,1 commit
True,2020-04-06 12:56:37,very short,True,False,1 commit
True,2020-04-06 15:04:39,very short,True,False,some commits
True,2020-04-06 15:17:03,very short,True,False,1 commit
True,2020-04-06 23:47:23,very short,True,False,1 commit
True,2020-04-07 07:26:52,very short,True,False,1 commit
False,2020-04-07 11:42:34,lengthy,True,False,some commits
True,2020-04-07 14:16:10,very short,True,False,1 commit
True,2020-04-07 14:28:36,very short,True,False,1 commit
True,2020-04-07 14:49:33,very short,True,False,1 commit
True,2020-04-07 21:44:16,lengthy,False,True,many commits
True,2020-04-08 04:33:43,lengthy,False,True,some commits
True,2020-04-08 06:37:49,very short,True,False,1 commit
True,2020-04-08 10:35:33,short,True,False,1 commit
True,2020-04-08 11:55:22,very short,True,False,some commits
True,2020-04-08 16:42:08,medium,True,False,1 commit
True,2020-04-08 16:52:40,very short,True,False,1 commit
False,2020-04-08 18:54:02,lengthy,False,True,some commits
True,2020-04-08 19:29:40,very short,True,False,some commits
True,2020-04-08 21:40:16,very short,True,False,some commits
True,2020-04-08 21:46:44,very short,True,False,1 commit
True,2020-04-09 05:40:11,lengthy,True,False,many commits
True,2020-04-09 09:12:14,very short,True,False,1 commit
True,2020-04-09 13:58:21,very short,False,True,some commits
True,2020-04-09 15:30:56,short,True,False,1 commit
True,2020-04-09 17:38:00,lengthy,False,True,some commits
True,2020-04-09 23:34:19,lengthy,True,False,many commits
True,2020-04-10 04:39:23,medium,True,False,some commits
True,2020-04-10 04:50:34,medium,True,False,1 commit
True,2020-04-10 09:33:40,very short,True,False,1 commit
True,2020-04-10 11:25:54,lengthy,True,False,some commits
True,2020-04-10 15:30:30,medium,True,False,some commits
False,2020-04-11 09:56:25,lengthy,False,True,1 commit
True,2020-04-11 12:07:04,short,True,False,1 commit
True,2020-04-11 14:24:55,medium,True,False,1 commit
True,2020-04-12 13:18:19,lengthy,True,False,some commits
True,2020-04-12 16:09:42,short,True,False,1 commit
True,2020-04-12 18:47:12,very short,True,False,1 commit
True,2020-04-12 23:25:33,lengthy,True,False,1 commit
True,2020-04-13 00:42:19,very short,True,False,1 commit
True,2020-04-13 16:27:18,short,True,False,1 commit
True,2020-04-13 18:04:50,very short,True,False,1 commit
True,2020-04-13 18:50:07,very short,True,False,1 commit
True,2020-04-13 20:11:29,very short,True,False,1 commit
True,2020-04-13 20:33:31,very short,True,False,1 commit
True,2020-04-13 20:46:47,very short,True,False,1 commit
True,2020-04-13 22:55:54,very short,True,False,1 commit
True,2020-04-14 00:29:42,short,True,False,some commits
True,2020-04-14 00:56:08,very short,True,False,some commits
True,2020-04-14 03:38:47,very short,True,False,some commits
True,2020-04-14 03:56:41,very short,True,False,1 commit
True,2020-04-14 04:36:29,very short,True,False,1 commit
True,2020-04-14 08:32:27,very short,True,False,1 commit
True,2020-04-14 09:06:32,very short,True,False,1 commit
True,2020-04-14 18:13:46,lengthy,True,False,some commits
False,2020-04-14 19:19:57,lengthy,True,False,some commits
True,2020-04-15 03:13:15,very short,True,False,1 commit
True,2020-04-15 04:25:52,medium,True,False,1 commit
True,2020-04-15 07:54:25,short,True,False,some commits
True,2020-04-15 08:43:53,very short,True,False,some commits
True,2020-04-15 10:25:15,very short,True,False,1 commit
True,2020-04-15 13:45:08,very short,True,False,1 commit
True,2020-04-15 15:16:50,lengthy,True,False,some commits
True,2020-04-16 07:23:21,short,True,False,some commits
True,2020-04-16 14:08:16,lengthy,True,False,1 commit
True,2020-04-16 18:31:52,lengthy,False,True,some commits
True,2020-04-16 21:31:49,short,True,False,1 commit
True,2020-04-17 00:12:08,very short,True,False,some commits
True,2020-04-17 03:07:59,very short,True,False,1 commit
True,2020-04-17 08:07:57,lengthy,True,False,some commits
True,2020-04-17 10:16:26,very short,True,False,1 commit
True,2020-04-17 10:45:24,very short,True,False,1 commit
True,2020-04-17 11:03:43,very short,True,False,1 commit
False,2020-04-17 14:45:18,lengthy,True,False,some commits
True,2020-04-17 16:53:55,lengthy,True,False,1 commit
True,2020-04-17 17:23:28,lengthy,True,False,1 commit
True,2020-04-17 19:04:47,very short,True,False,1 commit
True,2020-04-17 20:14:22,very short,True,False,1 commit
False,2020-04-17 20:51:36,lengthy,False,True,1 commit
True,2020-04-17 22:39:30,lengthy,True,False,1 commit
True,2020-04-18 01:19:42,lengthy,True,False,some commits
True,2020-04-18 03:10:48,very short,True,False,1 commit
True,2020-04-18 12:22:25,medium,True,False,1 commit
True,2020-04-18 12:33:24,very short,True,False,1 commit
True,2020-04-18 12:37:48,very short,True,False,1 commit
True,2020-04-18 18:03:47,very short,True,False,1 commit
True,2020-04-19 10:11:17,medium,True,False,1 commit
True,2020-04-19 12:04:40,very short,True,False,1 commit
True,2020-04-19 13:35:07,short,True,False,1 commit
True,2020-04-19 15:44:27,very short,True,False,1 commit
True,2020-04-19 22:08:55,short,True,False,1 commit
True,2020-04-20 22:15:23,lengthy,True,False,1 commit
True,2020-04-21 16:22:31,very short,True,False,1 commit
True,2020-04-21 20:38:33,short,True,False,1 commit
True,2020-04-21 22:45:57,short,True,False,1 commit
True,2020-04-22 00:43:02,medium,True,False,some commits
True,2020-04-22 08:27:53,short,True,False,1 commit
True,2020-04-22 10:00:34,very short,True,False,1 commit
True,2020-04-22 10:16:47,medium,True,False,1 commit
True,2020-04-22 12:37:18,very short,True,False,1 commit
True,2020-04-22 13:18:50,medium,True,False,1 commit
True,2020-04-22 15:57:40,very short,True,False,1 commit
True,2020-04-22 17:59:12,very short,True,False,some commits
True,2020-04-22 20:47:33,medium,True,False,1 commit
True,2020-04-22 22:13:50,lengthy,True,False,1 commit
True,2020-04-23 05:21:19,lengthy,True,False,some commits
True,2020-04-23 05:26:44,medium,True,False,1 commit
True,2020-04-23 09:05:58,short,True,False,1 commit
True,2020-04-23 14:52:21,lengthy,True,False,1 commit
True,2020-04-23 20:25:41,short,True,False,1 commit
True,2020-04-23 20:54:30,very short,True,False,1 commit
False,2020-04-23 21:41:08,lengthy,False,True,many commits
True,2020-04-24 05:06:24,lengthy,True,False,many commits
True,2020-04-24 08:34:46,medium,True,False,1 commit
True,2020-04-24 10:12:02,medium,True,False,some commits
True,2020-04-24 12:50:11,lengthy,True,False,many commits
True,2020-04-24 23:56:47,short,True,False,many commits
True,2020-04-25 03:34:02,very short,True,False,1 commit
True,2020-04-25 05:00:47,medium,True,False,some commits
True,2020-04-25 11:58:33,medium,True,False,1 commit
False,2020-04-27 17:06:00,lengthy,True,False,1 commit
True,2020-04-27 17:43:05,very short,True,False,1 commit
True,2020-04-27 23:10:37,very short,False,True,1 commit
True,2020-04-28 03:40:04,very short,True,False,1 commit
True,2020-04-28 10:51:14,very short,True,False,1 commit
True,2020-04-28 11:17:12,medium,True,False,1 commit
True,2020-04-28 19:29:09,very short,True,False,some commits
True,2020-04-28 19:31:23,very short,True,False,1 commit
True,2020-04-29 14:00:10,very short,True,True,1 commit
True,2020-04-29 17:58:35,very short,True,False,1 commit
True,2020-04-29 18:58:16,very short,True,True,1 commit
True,2020-04-29 19:24:48,short,True,True,1 commit
True,2020-04-29 22:41:36,very short,True,False,1 commit
True,2020-04-29 22:42:41,lengthy,True,False,1 commit
True,2020-04-29 23:23:30,lengthy,True,False,many commits
True,2020-04-30 00:48:24,medium,True,False,some commits
True,2020-04-30 01:14:48,very short,True,False,1 commit
True,2020-04-30 03:39:13,lengthy,True,True,some commits
False,2020-04-30 03:56:04,lengthy,True,False,some commits
True,2020-04-30 05:17:55,very short,True,False,1 commit
True,2020-04-30 08:07:38,very short,True,False,1 commit
True,2020-04-30 14:30:38,lengthy,True,False,1 commit
True,2020-04-30 14:50:31,very short,True,False,1 commit
True,2020-04-30 18:34:06,very short,True,False,1 commit
True,2020-04-30 22:01:44,very short,True,False,many commits
True,2020-04-30 22:38:32,medium,True,False,some commits
True,2020-05-01 05:06:56,lengthy,True,False,many commits
True,2020-05-01 09:24:49,lengthy,True,False,1 commit
True,2020-05-01 10:16:43,very short,True,False,1 commit
True,2020-05-01 10:25:58,very short,True,False,1 commit
True,2020-05-01 18:08:55,very short,True,False,1 commit
True,2020-05-01 20:43:35,very short,True,False,1 commit
True,2020-05-01 21:09:00,very short,True,False,1 commit
True,2020-05-02 03:34:48,very short,True,False,1 commit
True,2020-05-02 04:08:24,very short,True,False,1 commit
True,2020-05-02 05:48:49,short,True,False,1 commit
True,2020-05-02 16:21:37,very short,True,False,1 commit
True,2020-05-02 23:33:10,very short,True,False,1 commit
True,2020-05-03 01:07:13,short,True,False,1 commit
True,2020-05-03 03:25:00,very short,True,False,1 commit
False,2020-05-03 17:41:14,lengthy,False,True,1 commit
True,2020-05-04 00:22:43,very short,True,True,1 commit
False,2020-05-04 19:48:08,lengthy,False,True,some commits
True,2020-05-04 20:35:55,lengthy,True,False,1 commit
True,2020-05-04 22:34:41,very short,True,False,1 commit
True,2020-05-05 05:37:43,very short,True,False,1 commit
True,2020-05-05 17:14:57,very short,True,False,1 commit
True,2020-05-05 17:23:20,very short,True,False,1 commit
True,2020-05-06 06:29:52,lengthy,True,False,some commits
True,2020-05-06 11:12:16,lengthy,True,True,many commits
True,2020-05-06 23:58:49,lengthy,True,False,1 commit
True,2020-05-07 05:05:25,lengthy,True,False,some commits
True,2020-05-07 10:24:02,lengthy,True,False,1 commit
True,2020-05-07 11:05:30,medium,True,False,1 commit
True,2020-05-07 15:54:54,very short,True,False,1 commit
True,2020-05-07 17:25:44,short,False,True,many commits
True,2020-05-08 03:28:11,lengthy,True,False,some commits
True,2020-05-08 03:43:45,short,True,False,1 commit
True,2020-05-08 09:30:24,very short,True,False,1 commit
True,2020-05-08 10:30:08,medium,True,False,1 commit
True,2020-05-08 15:52:24,medium,True,False,1 commit
True,2020-05-08 18:42:11,very short,True,False,1 commit
True,2020-05-08 19:05:59,very short,True,False,1 commit
True,2020-05-08 22:31:54,very short,True,False,some commits
True,2020-05-09 03:06:10,lengthy,False,False,many commits
True,2020-05-09 11:48:57,short,True,False,1 commit
True,2020-05-10 01:00:44,short,True,False,1 commit
True,2020-05-10 17:40:38,short,True,False,1 commit
True,2020-05-11 10:34:16,very short,True,False,1 commit
True,2020-05-11 22:12:50,short,True,False,some commits
True,2020-05-12 03:04:08,very short,True,True,1 commit
True,2020-05-12 04:10:07,very short,True,False,1 commit
True,2020-05-12 19:57:44,lengthy,True,False,1 commit
True,2020-05-12 20:38:29,very short,True,False,1 commit
True,2020-05-12 23:34:39,medium,True,False,many commits
True,2020-05-13 10:10:40,very short,True,False,1 commit
True,2020-05-13 10:52:40,short,True,False,1 commit
True,2020-05-13 11:15:43,very short,True,False,1 commit
True,2020-05-13 13:38:50,lengthy,True,False,1 commit
True,2020-05-13 17:48:07,very short,True,False,1 commit
True,2020-05-13 18:05:20,very short,True,False,1 commit
True,2020-05-13 19:08:47,short,True,False,some commits
False,2020-05-13 19:43:35,lengthy,False,True,1 commit
True,2020-05-13 19:55:26,short,True,False,1 commit
True,2020-05-13 20:51:56,medium,True,False,1 commit
True,2020-05-13 22:21:26,very short,True,False,1 commit
True,2020-05-14 00:22:24,lengthy,True,False,1 commit
True,2020-05-14 15:20:40,very short,True,False,1 commit
True,2020-05-14 18:26:55,very short,True,False,1 commit
True,2020-05-14 19:25:05,very short,False,True,1 commit
True,2020-05-14 21:32:59,lengthy,True,False,1 commit
True,2020-05-15 17:01:56,very short,True,False,1 commit
True,2020-05-15 21:36:52,very short,True,False,1 commit
False,2020-05-15 23:36:29,lengthy,False,True,some commits
True,2020-05-17 19:15:07,very short,True,False,some commits
False,2020-05-17 19:56:09,lengthy,True,False,1 commit
True,2020-05-17 22:12:14,very short,True,False,1 commit
True,2020-05-18 06:25:02,very short,True,False,1 commit
False,2020-05-18 14:32:40,lengthy,False,True,1 commit
True,2020-05-18 14:46:45,short,True,False,1 commit
True,2020-05-18 15:25:01,short,True,False,1 commit
False,2020-05-18 19:07:23,lengthy,True,False,1 commit
True,2020-05-18 22:24:16,lengthy,True,False,1 commit
True,2020-05-19 17:13:33,very short,True,False,1 commit
True,2020-05-19 23:48:52,lengthy,True,False,1 commit
True,2020-05-20 04:58:12,very short,True,False,1 commit
True,2020-05-20 07:04:34,very short,True,False,many commits
True,2020-05-20 12:30:31,lengthy,True,False,1 commit
True,2020-05-20 12:52:52,short,True,False,1 commit
True,2020-05-20 13:08:34,medium,True,False,1 commit
True,2020-05-20 14:41:32,short,True,False,some commits
True,2020-05-20 17:44:20,very short,True,False,1 commit
True,2020-05-20 21:05:34,short,True,False,some commits
True,2020-05-20 22:40:21,very short,True,False,1 commit
True,2020-05-21 02:47:34,lengthy,True,False,some commits
True,2020-05-21 08:40:04,lengthy,True,False,many commits
True,2020-05-21 11:28:36,short,True,False,1 commit
True,2020-05-21 11:36:41,very short,True,False,1 commit
True,2020-05-21 17:50:14,very short,True,False,many commits
True,2020-05-21 18:51:59,very short,True,False,1 commit
True,2020-05-21 22:19:51,lengthy,True,False,1 commit
True,2020-05-21 22:32:39,very short,True,False,1 commit
True,2020-05-21 23:18:32,very short,True,False,1 commit
True,2020-05-22 08:30:49,medium,True,False,1 commit
True,2020-05-22 09:12:40,medium,True,False,1 commit
True,2020-05-22 09:20:33,very short,True,False,1 commit
False,2020-05-22 17:31:43,lengthy,False,True,some commits
True,2020-05-22 20:54:02,very short,True,False,some commits
True,2020-05-23 02:40:32,lengthy,True,False,many commits
True,2020-05-23 03:28:43,short,True,False,1 commit
True,2020-05-23 04:53:00,medium,True,False,1 commit
True,2020-05-23 05:02:06,lengthy,True,False,1 commit
True,2020-05-23 05:33:22,very short,True,False,1 commit
True,2020-05-23 05:35:46,short,True,False,some commits
True,2020-05-23 09:20:13,lengthy,True,False,some commits
True,2020-05-23 17:04:31,very short,True,False,some commits
True,2020-05-23 18:15:12,lengthy,True,False,many commits
True,2020-05-24 22:55:00,very short,True,False,1 commit
True,2020-05-25 09:19:50,very short,True,False,many commits
True,2020-05-26 01:35:02,lengthy,True,True,1 commit
True,2020-05-26 02:18:19,medium,True,False,1 commit
True,2020-05-26 04:48:25,short,True,False,some commits
True,2020-05-27 03:38:39,lengthy,True,False,many commits
True,2020-05-27 12:25:12,short,True,False,1 commit
True,2020-05-27 14:27:36,very short,True,False,1 commit
True,2020-05-27 16:21:44,lengthy,False,True,some commits
True,2020-05-28 01:10:30,very short,True,False,1 commit
True,2020-05-28 01:45:42,lengthy,True,False,some commits
True,2020-05-28 02:59:46,very short,True,False,1 commit
True,2020-05-28 18:58:51,very short,True,False,1 commit
True,2020-05-28 19:39:03,very short,True,False,1 commit
True,2020-05-28 21:56:28,very short,True,False,1 commit
True,2020-05-28 22:11:53,medium,True,False,many commits
True,2020-05-28 22:49:30,medium,True,False,some commits
True,2020-05-29 02:32:57,medium,True,False,some commits
True,2020-05-29 23:55:41,short,True,False,1 commit
True,2020-05-30 22:05:45,short,True,False,some commits
False,2020-05-31 10:40:29,lengthy,True,False,1 commit
True,2020-05-31 22:19:42,medium,True,False,some commits
True,2020-05-31 23:04:29,medium,True,False,1 commit
True,2020-06-01 01:16:02,medium,True,False,1 commit
True,2020-06-01 03:38:10,lengthy,False,True,many commits
True,2020-06-01 19:37:33,medium,True,False,1 commit
True,2020-06-02 00:02:19,very short,True,False,1 commit
True,2020-06-02 01:05:31,very short,True,False,1 commit
True,2020-06-02 20:05:44,lengthy,True,False,1 commit
True,2020-06-03 05:09:30,medium,True,False,some commits
True,2020-06-03 17:02:28,very short,True,False,1 commit
True,2020-06-03 20:32:07,medium,True,False,some commits
True,2020-06-03 22:31:48,very short,True,False,1 commit
False,2020-06-04 03:32:47,very short,False,True,some commits
True,2020-06-04 04:22:57,short,True,False,some commits
False,2020-06-04 06:12:32,lengthy,False,True,many commits
True,2020-06-04 11:13:25,lengthy,True,False,1 commit
True,2020-06-04 17:58:31,very short,True,True,1 commit
True,2020-06-04 18:08:16,very short,True,False,1 commit
True,2020-06-05 02:32:25,medium,True,False,some commits
True,2020-06-05 12:52:27,lengthy,True,True,some commits
True,2020-06-05 17:21:46,medium,True,False,1 commit
True,2020-06-05 21:42:45,very short,True,False,1 commit
True,2020-06-05 22:38:23,short,True,False,1 commit
True,2020-06-08 20:10:34,very short,True,False,some commits
True,2020-06-08 21:57:19,very short,True,False,1 commit
True,2020-06-08 21:57:21,very short,True,False,1 commit
True,2020-06-09 01:38:06,very short,True,False,1 commit
True,2020-06-09 01:44:52,very short,True,False,1 commit
False,2020-06-09 15:37:16,lengthy,False,True,1 commit
True,2020-06-09 18:19:41,very short,True,False,1 commit
True,2020-06-09 19:37:06,medium,True,False,1 commit
True,2020-06-09 20:44:49,medium,True,False,1 commit
True,2020-06-09 22:17:03,very short,True,False,1 commit
True,2020-06-09 22:31:13,very short,True,False,1 commit
True,2020-06-09 22:34:01,very short,True,False,1 commit
True,2020-06-09 23:44:58,medium,True,False,1 commit
True,2020-06-10 02:37:40,very short,True,False,1 commit
True,2020-06-10 04:09:38,very short,True,False,1 commit
True,2020-06-10 04:56:48,very short,True,False,1 commit
True,2020-06-10 15:32:56,very short,True,False,1 commit
True,2020-06-10 19:16:24,short,True,False,1 commit
True,2020-06-10 20:52:52,very short,True,False,1 commit
False,2020-06-10 21:19:29,short,False,True,1 commit
True,2020-06-10 22:47:47,very short,True,False,1 commit
True,2020-06-11 11:19:45,medium,True,False,1 commit
True,2020-06-11 19:52:20,very short,True,False,some commits
True,2020-06-11 21:14:22,medium,True,False,1 commit
True,2020-06-12 03:09:20,short,True,False,1 commit
True,2020-06-12 11:29:48,very short,True,False,1 commit
True,2020-06-12 23:38:22,medium,True,False,1 commit
True,2020-06-13 05:02:21,short,True,False,some commits
True,2020-06-15 17:23:58,very short,True,False,1 commit
True,2020-06-15 18:52:54,very short,True,False,some commits
True,2020-06-15 20:17:40,very short,True,False,many commits
True,2020-06-15 22:31:47,very short,True,False,1 commit
True,2020-06-15 22:55:07,very short,True,False,some commits
True,2020-06-16 00:45:56,very short,True,False,some commits
True,2020-06-16 04:16:53,very short,True,False,some commits
True,2020-06-16 18:25:05,very short,True,False,1 commit
True,2020-06-17 00:23:38,very short,True,False,some commits
True,2020-06-17 03:45:07,very short,True,False,some commits
True,2020-06-17 11:59:34,medium,False,True,many commits
True,2020-06-17 16:44:29,lengthy,True,False,many commits
True,2020-06-17 19:58:19,very short,True,False,1 commit
True,2020-06-17 22:47:54,very short,True,False,1 commit
True,2020-06-17 23:13:24,very short,True,False,1 commit
True,2020-06-18 00:41:33,very short,True,False,many commits
True,2020-06-18 13:51:46,very short,True,False,1 commit
True,2020-06-18 13:56:11,very short,True,False,1 commit
True,2020-06-18 14:13:32,lengthy,True,False,some commits
True,2020-06-18 16:46:24,very short,True,False,1 commit
True,2020-06-18 16:47:27,very short,True,False,1 commit
True,2020-06-18 20:53:52,very short,True,False,1 commit
True,2020-06-18 21:41:22,very short,True,False,1 commit
True,2020-06-18 21:49:21,very short,True,False,1 commit
True,2020-06-18 21:50:15,very short,True,False,1 commit
True,2020-06-18 22:12:24,very short,True,False,1 commit
True,2020-06-18 22:51:41,short,True,False,1 commit
True,2020-06-19 07:06:01,lengthy,True,False,1 commit
True,2020-06-19 09:54:02,very short,True,False,1 commit
True,2020-06-19 09:55:43,short,True,False,some commits
True,2020-06-19 17:01:20,very short,True,False,1 commit
False,2020-06-19 19:58:36,very short,False,True,many commits
True,2020-06-19 22:01:08,very short,True,False,1 commit
True,2020-06-20 00:31:27,very short,True,False,1 commit
True,2020-06-20 00:51:24,short,True,False,1 commit
True,2020-06-20 02:19:25,very short,True,False,1 commit
True,2020-06-20 05:37:53,very short,False,False,some commits
True,2020-06-20 06:20:41,very short,True,False,1 commit
True,2020-06-20 13:49:56,lengthy,True,True,many commits
True,2020-06-20 14:07:57,medium,True,False,1 commit
True,2020-06-20 16:01:28,very short,True,False,1 commit
True,2020-06-21 10:02:54,short,True,False,1 commit
True,2020-06-21 15:19:28,very short,True,False,1 commit
True,2020-06-22 02:27:58,lengthy,False,True,many commits
False,2020-06-22 08:51:38,very short,False,False,many commits
True,2020-06-22 14:11:01,very short,True,False,1 commit
True,2020-06-22 15:01:04,very short,True,False,1 commit
True,2020-06-22 15:32:05,very short,True,False,1 commit
True,2020-06-22 17:39:08,very short,True,False,1 commit
True,2020-06-22 18:19:24,very short,True,False,1 commit
True,2020-06-22 19:38:43,medium,True,False,1 commit
True,2020-06-22 19:51:29,very short,True,False,1 commit
False,2020-06-22 20:48:10,short,True,False,1 commit
True,2020-06-22 22:00:33,very short,True,False,1 commit
True,2020-06-23 00:07:12,lengthy,True,False,some commits
True,2020-06-23 07:19:38,short,True,False,1 commit
True,2020-06-23 09:31:26,very short,True,False,1 commit
True,2020-06-23 12:33:09,short,True,False,some commits
True,2020-06-23 16:32:49,very short,True,False,1 commit
True,2020-06-23 19:54:14,lengthy,True,False,some commits
True,2020-06-23 21:26:20,very short,True,False,1 commit
True,2020-06-24 00:35:21,very short,True,False,1 commit
False,2020-06-24 06:08:02,lengthy,False,True,many commits
True,2020-06-24 06:39:55,short,True,False,many commits
True,2020-06-24 21:24:24,very short,True,False,1 commit
True,2020-06-24 22:15:20,short,True,False,1 commit
True,2020-06-24 22:28:50,medium,True,False,some commits
True,2020-06-24 22:39:29,medium,True,False,1 commit
True,2020-06-24 23:03:44,very short,True,False,1 commit
True,2020-06-25 05:41:58,short,True,False,many commits
True,2020-06-25 10:19:03,short,True,False,1 commit
True,2020-06-25 12:49:38,very short,True,False,1 commit
True,2020-06-25 14:15:51,very short,True,False,1 commit
True,2020-06-25 19:48:58,very short,True,False,some commits
True,2020-06-25 22:42:15,very short,True,False,1 commit
True,2020-06-26 01:31:29,very short,True,False,some commits
True,2020-06-26 01:39:14,very short,True,False,1 commit
True,2020-06-26 03:34:35,medium,True,False,1 commit
True,2020-06-26 06:41:33,very short,True,False,1 commit
True,2020-06-26 10:58:33,short,True,False,some commits
True,2020-06-26 18:05:29,medium,True,False,1 commit
True,2020-06-27 03:47:03,short,True,False,1 commit
True,2020-06-27 10:10:30,very short,True,False,1 commit
True,2020-06-27 10:34:18,very short,True,False,1 commit
True,2020-06-27 14:02:31,short,True,False,many commits
True,2020-06-28 02:11:18,very short,True,False,1 commit
True,2020-06-28 04:57:50,very short,True,False,1 commit
True,2020-06-28 10:38:23,very short,True,False,1 commit
True,2020-06-28 17:53:06,very short,True,False,1 commit
True,2020-06-28 18:33:16,lengthy,True,False,some commits
True,2020-06-28 18:54:03,lengthy,False,True,many commits
True,2020-06-29 12:20:25,lengthy,True,False,1 commit
False,2020-06-29 19:16:57,lengthy,True,False,many commits
False,2020-06-29 19:51:38,lengthy,False,True,many commits
True,2020-06-29 19:56:11,very short,True,False,1 commit
True,2020-06-29 20:06:14,very short,True,False,1 commit
True,2020-06-29 21:39:10,short,True,False,1 commit
True,2020-06-29 21:57:08,very short,True,False,1 commit
True,2020-06-29 22:11:20,medium,True,False,1 commit
True,2020-06-29 23:35:13,lengthy,True,False,some commits
True,2020-06-29 23:53:39,very short,True,False,1 commit
True,2020-06-30 01:12:14,lengthy,True,False,many commits
True,2020-06-30 09:32:42,lengthy,True,False,1 commit
True,2020-06-30 18:09:42,short,True,False,1 commit
True,2020-06-30 21:20:31,very short,True,False,1 commit
True,2020-06-30 22:23:35,very short,True,False,1 commit
True,2020-07-01 02:07:46,lengthy,True,False,1 commit
True,2020-07-01 03:46:26,very short,True,False,1 commit
True,2020-07-01 03:49:25,very short,True,False,1 commit
True,2020-07-01 06:52:03,very short,True,False,1 commit
True,2020-07-01 08:36:03,very short,True,False,1 commit
True,2020-07-01 20:42:58,very short,True,False,1 commit
True,2020-07-02 00:22:55,very short,False,True,1 commit
True,2020-07-02 18:39:54,lengthy,True,False,some commits
True,2020-07-02 18:41:58,very short,True,False,1 commit
True,2020-07-02 18:50:04,medium,True,False,some commits
True,2020-07-02 23:42:43,short,True,False,1 commit
True,2020-07-03 00:21:27,lengthy,True,True,many commits
True,2020-07-03 04:41:22,short,True,False,1 commit
True,2020-07-03 23:31:03,very short,True,False,1 commit
True,2020-07-04 01:16:56,lengthy,True,False,some commits
True,2020-07-04 01:57:53,very short,True,False,1 commit
True,2020-07-04 09:50:18,short,True,False,1 commit
True,2020-07-04 11:11:00,very short,True,False,1 commit
True,2020-07-04 22:18:32,very short,True,False,some commits
True,2020-07-04 22:42:59,very short,True,False,1 commit
True,2020-07-05 10:09:47,very short,True,False,1 commit
True,2020-07-05 14:44:23,very short,True,False,1 commit
True,2020-07-05 22:52:09,medium,True,False,1 commit
True,2020-07-05 23:51:27,short,True,False,1 commit
True,2020-07-06 00:32:06,very short,True,False,1 commit
True,2020-07-06 00:36:37,very short,True,False,1 commit
True,2020-07-06 05:42:30,very short,True,False,1 commit
True,2020-07-06 06:12:38,very short,True,False,1 commit
True,2020-07-07 03:03:15,lengthy,True,False,1 commit
True,2020-07-07 17:16:22,lengthy,True,True,many commits
True,2020-07-08 15:34:22,very short,True,False,1 commit
True,2020-07-08 20:49:32,medium,True,False,many commits
True,2020-07-08 22:00:31,medium,True,False,1 commit
True,2020-07-08 22:07:47,very short,True,False,1 commit
True,2020-07-08 22:22:16,very short,True,False,1 commit
True,2020-07-08 23:52:10,short,True,False,some commits
True,2020-07-08 23:52:19,very short,True,False,1 commit
True,2020-07-09 16:54:31,medium,True,False,1 commit
True,2020-07-09 22:51:56,very short,True,False,some commits
True,2020-07-10 01:36:03,very short,True,False,1 commit
True,2020-07-10 08:59:36,very short,True,True,1 commit
True,2020-07-10 09:15:41,medium,True,False,1 commit
True,2020-07-10 11:45:33,very short,True,False,1 commit
True,2020-07-10 20:03:33,very short,True,False,1 commit
True,2020-07-10 20:55:12,short,True,False,1 commit
True,2020-07-10 21:02:02,short,True,False,some commits
True,2020-07-10 23:45:47,medium,True,True,many commits
True,2020-07-11 02:00:47,medium,True,False,some commits
True,2020-07-11 17:31:13,short,True,True,many commits
True,2020-07-11 17:57:34,very short,True,True,some commits
True,2020-07-11 19:41:34,medium,True,True,many commits
True,2020-07-11 21:34:27,lengthy,True,False,many commits
True,2020-07-12 04:53:57,short,True,False,many commits
True,2020-07-12 05:04:26,short,True,False,many commits
True,2020-07-12 17:15:46,medium,False,True,many commits
True,2020-07-12 17:42:29,very short,True,False,1 commit
True,2020-07-12 17:51:11,very short,True,False,1 commit
True,2020-07-12 18:20:00,lengthy,True,False,many commits
True,2020-07-12 21:24:05,lengthy,True,False,1 commit
True,2020-07-12 21:50:30,very short,True,False,1 commit
True,2020-07-12 23:01:12,very short,True,False,1 commit
True,2020-07-13 09:55:44,very short,True,False,1 commit
True,2020-07-13 13:00:46,short,True,True,some commits
True,2020-07-13 15:29:16,very short,True,False,1 commit
True,2020-07-13 19:49:52,very short,True,False,1 commit
True,2020-07-13 20:45:56,very short,True,False,1 commit
True,2020-07-14 13:38:26,very short,True,False,1 commit
True,2020-07-14 17:14:06,very short,True,False,some commits
True,2020-07-14 19:42:31,short,True,False,1 commit
True,2020-07-14 19:53:47,very short,True,False,1 commit
True,2020-07-15 00:06:17,short,True,False,some commits
True,2020-07-15 01:35:34,very short,True,False,1 commit
True,2020-07-15 04:40:29,very short,True,False,some commits
True,2020-07-15 06:41:59,lengthy,True,False,many commits
True,2020-07-15 16:03:59,very short,True,False,1 commit
True,2020-07-15 19:26:05,lengthy,True,False,some commits
True,2020-07-15 20:20:03,very short,True,False,1 commit
True,2020-07-15 21:26:40,very short,True,False,1 commit
True,2020-07-15 21:57:40,very short,True,False,1 commit
True,2020-07-15 22:48:58,very short,True,False,1 commit
True,2020-07-16 02:29:54,very short,True,False,1 commit
True,2020-07-17 02:11:09,lengthy,True,False,1 commit
True,2020-07-17 05:19:17,short,True,False,1 commit
True,2020-07-17 10:39:26,very short,True,True,1 commit
True,2020-07-17 21:05:44,very short,True,False,1 commit
True,2020-07-17 22:45:49,very short,True,False,1 commit
True,2020-07-17 22:52:56,very short,True,False,1 commit
True,2020-07-17 23:30:37,medium,True,False,some commits
True,2020-07-18 00:27:35,very short,True,False,1 commit
True,2020-07-18 21:56:49,lengthy,True,False,some commits
True,2020-07-19 01:44:19,medium,True,False,1 commit
True,2020-07-19 04:46:17,very short,True,True,some commits
True,2020-07-19 07:07:00,short,False,True,some commits
False,2020-07-19 21:24:08,lengthy,True,False,1 commit
True,2020-07-19 22:16:36,very short,True,True,1 commit
True,2020-07-20 18:24:10,very short,True,True,1 commit
False,2020-07-20 19:41:35,lengthy,True,False,some commits
True,2020-07-20 21:22:27,short,True,False,1 commit
True,2020-07-20 21:30:21,short,True,False,1 commit
True,2020-07-20 21:46:04,very short,True,False,1 commit
True,2020-07-20 22:09:46,very short,True,False,1 commit
True,2020-07-20 22:10:04,very short,True,False,1 commit
True,2020-07-21 02:25:42,very short,True,False,many commits
True,2020-07-21 03:41:30,lengthy,True,False,1 commit
True,2020-07-21 05:02:01,very short,True,False,some commits
True,2020-07-21 09:50:27,very short,True,False,1 commit
True,2020-07-21 10:38:52,very short,True,False,1 commit
True,2020-07-21 12:41:12,very short,True,False,1 commit
True,2020-07-21 12:53:35,very short,True,False,1 commit
False,2020-07-21 16:21:32,lengthy,False,True,1 commit
True,2020-07-21 20:13:35,lengthy,True,False,1 commit
True,2020-07-21 20:18:24,very short,True,False,1 commit
True,2020-07-21 20:22:49,medium,True,False,some commits
True,2020-07-21 22:14:20,lengthy,True,False,some commits
True,2020-07-22 00:05:09,very short,True,False,1 commit
True,2020-07-22 00:12:02,very short,True,False,1 commit
True,2020-07-22 04:48:38,medium,False,True,many commits
True,2020-07-22 06:04:09,very short,True,False,1 commit
True,2020-07-22 06:08:13,very short,True,False,1 commit
False,2020-07-22 08:36:01,lengthy,False,True,many commits
True,2020-07-22 08:56:53,very short,True,False,1 commit
True,2020-07-22 17:34:49,short,True,False,1 commit
True,2020-07-22 17:55:12,very short,True,False,1 commit
True,2020-07-22 18:37:53,very short,True,False,1 commit
True,2020-07-22 21:15:45,very short,True,False,1 commit
True,2020-07-22 21:16:44,very short,True,False,1 commit
True,2020-07-23 04:04:33,very short,True,False,many commits
True,2020-07-23 06:00:53,very short,True,False,1 commit
True,2020-07-23 06:26:08,very short,True,False,1 commit
True,2020-07-23 11:03:11,very short,True,False,1 commit
True,2020-07-23 16:23:24,very short,True,False,1 commit
True,2020-07-23 18:07:40,very short,True,False,some commits
True,2020-07-23 19:46:25,very short,True,False,1 commit
True,2020-07-23 21:36:25,very short,True,False,1 commit
True,2020-07-23 21:53:01,short,True,False,many commits
True,2020-07-23 22:00:09,medium,True,False,many commits
True,2020-07-24 04:33:21,very short,True,False,1 commit
True,2020-07-24 21:33:42,very short,True,False,1 commit
True,2020-07-25 09:41:28,very short,True,False,1 commit
True,2020-07-25 13:15:40,very short,True,False,1 commit
True,2020-07-25 15:10:27,very short,True,False,many commits
True,2020-07-25 15:57:20,very short,True,False,1 commit
True,2020-07-25 16:00:42,very short,True,False,1 commit
True,2020-07-25 16:22:00,very short,True,False,1 commit
True,2020-07-25 17:46:33,very short,True,False,1 commit
True,2020-07-26 09:15:44,short,True,False,some commits
True,2020-07-26 09:37:11,very short,True,False,some commits
True,2020-07-26 12:11:38,short,True,False,some commits
True,2020-07-26 12:27:28,very short,True,False,some commits
True,2020-07-26 13:03:11,very short,False,True,1 commit
True,2020-07-26 16:18:05,very short,True,False,1 commit
True,2020-07-27 07:03:45,very short,True,False,some commits
True,2020-07-27 14:33:14,very short,True,False,1 commit
True,2020-07-27 20:13:00,very short,True,False,1 commit
False,2020-07-27 21:43:35,medium,False,True,1 commit
True,2020-07-28 03:50:03,short,True,False,some commits
True,2020-07-28 03:58:11,very short,True,False,1 commit
True,2020-07-28 04:30:21,very short,True,False,some commits
True,2020-07-28 06:25:20,medium,True,False,1 commit
True,2020-07-28 07:46:13,very short,True,False,some commits
True,2020-07-28 07:51:35,very short,True,False,some commits
True,2020-07-28 11:33:48,medium,True,False,1 commit
True,2020-07-28 19:16:32,very short,True,False,some commits
True,2020-07-28 20:32:24,very short,True,False,1 commit
True,2020-07-28 21:58:01,short,True,False,some commits
True,2020-07-28 22:13:32,very short,True,False,1 commit
True,2020-07-28 22:14:54,very short,True,False,1 commit
True,2020-07-28 22:45:14,very short,True,False,1 commit
True,2020-07-28 23:42:07,medium,True,False,1 commit
True,2020-07-29 00:18:16,very short,True,False,1 commit
True,2020-07-29 03:14:31,very short,True,False,1 commit
True,2020-07-29 05:46:11,very short,True,False,1 commit
False,2020-07-29 11:57:22,lengthy,False,True,many commits
True,2020-07-29 12:49:19,very short,True,False,1 commit
True,2020-07-29 13:04:23,very short,True,False,1 commit
True,2020-07-29 14:16:41,very short,True,False,1 commit
True,2020-07-29 20:48:55,very short,True,False,1 commit
True,2020-07-29 21:48:34,very short,True,False,1 commit
True,2020-07-29 23:59:21,very short,True,False,1 commit
True,2020-07-30 02:52:20,very short,True,False,some commits
True,2020-07-30 04:18:29,very short,True,False,1 commit
False,2020-07-30 04:45:25,lengthy,True,False,1 commit
True,2020-07-30 05:26:33,lengthy,True,False,some commits
True,2020-07-30 11:43:56,lengthy,True,False,some commits
True,2020-07-31 04:09:52,very short,True,False,some commits
True,2020-07-31 14:08:44,short,False,False,1 commit
True,2020-08-01 01:16:46,short,True,False,some commits
False,2020-08-01 13:22:56,lengthy,True,False,some commits
True,2020-08-01 22:54:13,lengthy,False,True,some commits
True,2020-08-02 08:24:31,very short,True,False,1 commit
True,2020-08-02 08:25:21,very short,True,False,1 commit
True,2020-08-02 11:32:50,very short,True,False,1 commit
True,2020-08-02 14:59:49,very short,True,False,1 commit
True,2020-08-02 15:45:38,very short,True,False,1 commit
True,2020-08-02 20:37:34,very short,False,True,many commits
True,2020-08-03 16:18:47,lengthy,True,False,many commits
True,2020-08-03 17:41:06,very short,True,False,1 commit
True,2020-08-04 15:05:22,very short,True,True,some commits
True,2020-08-04 21:02:34,very short,True,False,some commits
True,2020-08-04 23:08:07,very short,True,False,1 commit
True,2020-08-04 23:30:25,very short,True,False,1 commit
True,2020-08-05 00:09:06,very short,True,False,1 commit
True,2020-08-05 00:11:07,very short,True,False,1 commit
True,2020-08-05 01:08:55,very short,True,False,1 commit
True,2020-08-05 02:35:40,very short,True,False,1 commit
True,2020-08-05 10:22:11,medium,True,False,some commits
True,2020-08-05 18:49:00,very short,True,False,1 commit
True,2020-08-05 18:49:10,very short,True,False,1 commit
True,2020-08-05 19:13:21,medium,True,False,some commits
True,2020-08-05 19:16:48,medium,True,False,some commits
True,2020-08-06 01:17:58,medium,True,False,many commits
True,2020-08-06 05:28:19,short,True,False,some commits
True,2020-08-06 13:12:08,short,True,True,some commits
False,2020-08-07 17:13:01,lengthy,False,True,many commits
True,2020-08-08 00:06:53,very short,True,False,1 commit
True,2020-08-08 10:06:09,medium,True,False,1 commit
True,2020-08-08 10:11:56,very short,True,False,some commits
True,2020-08-08 10:20:35,lengthy,True,False,1 commit
True,2020-08-08 11:26:36,short,True,False,many commits
True,2020-08-11 02:47:57,very short,True,False,1 commit
True,2020-08-11 03:09:39,very short,True,False,1 commit
True,2020-08-11 04:00:19,lengthy,True,False,many commits
True,2020-08-11 17:05:03,very short,True,False,1 commit
True,2020-08-11 21:16:52,medium,False,True,many commits
True,2020-08-11 21:19:11,very short,True,False,some commits
True,2020-08-11 22:39:59,very short,True,False,1 commit
True,2020-08-12 01:29:25,medium,True,False,some commits
True,2020-08-12 01:52:28,very short,True,False,1 commit
True,2020-08-12 02:16:32,very short,True,False,1 commit
True,2020-08-12 05:51:59,very short,True,False,1 commit
True,2020-08-12 13:49:22,very short,True,False,1 commit
True,2020-08-12 18:44:02,very short,True,False,1 commit
True,2020-08-12 20:57:10,very short,True,False,1 commit
True,2020-08-13 02:46:43,very short,True,False,1 commit
True,2020-08-13 03:53:52,very short,True,False,1 commit
True,2020-08-13 16:44:24,very short,True,False,some commits
True,2020-08-13 20:21:18,very short,True,False,1 commit
True,2020-08-14 03:09:37,very short,True,False,1 commit
True,2020-08-14 04:35:28,medium,True,False,many commits
True,2020-08-14 07:26:05,very short,True,False,1 commit
True,2020-08-14 18:11:43,very short,True,False,1 commit
True,2020-08-14 18:46:25,medium,True,False,many commits
True,2020-08-14 20:53:34,very short,True,False,1 commit
True,2020-08-15 00:03:39,very short,True,False,1 commit
True,2020-08-15 20:25:39,very short,True,False,1 commit
False,2020-08-16 21:56:34,lengthy,True,False,some commits
True,2020-08-17 14:36:38,lengthy,True,False,many commits
True,2020-08-17 17:26:44,very short,True,False,some commits
True,2020-08-18 04:55:04,very short,True,False,1 commit
True,2020-08-18 14:01:36,very short,True,False,some commits
True,2020-08-18 15:20:24,medium,True,False,some commits
True,2020-08-18 16:44:00,very short,True,False,some commits
True,2020-08-19 00:15:30,very short,True,False,1 commit
True,2020-08-19 03:40:53,lengthy,True,False,many commits
True,2020-08-19 11:30:49,very short,True,False,1 commit
True,2020-08-19 11:34:20,lengthy,True,True,many commits
True,2020-08-20 01:46:32,lengthy,True,False,many commits
True,2020-08-20 09:40:39,very short,False,True,some commits
True,2020-08-20 11:49:41,medium,True,False,some commits
True,2020-08-20 15:52:57,medium,True,False,some commits
True,2020-08-21 05:26:10,very short,True,False,1 commit
True,2020-08-21 07:06:06,lengthy,True,False,many commits
True,2020-08-21 17:54:34,very short,True,False,1 commit
True,2020-08-22 01:02:53,very short,True,False,1 commit
True,2020-08-22 01:12:24,very short,True,False,1 commit
True,2020-08-22 05:14:49,short,True,False,1 commit
True,2020-08-22 05:39:43,short,False,False,1 commit
True,2020-08-23 05:14:47,short,True,False,some commits
True,2020-08-23 08:53:38,very short,True,False,1 commit
True,2020-08-23 09:00:19,very short,True,False,1 commit
True,2020-08-23 09:43:08,very short,True,False,1 commit
True,2020-08-23 15:43:54,very short,True,False,1 commit
True,2020-08-24 00:50:38,very short,True,False,1 commit
True,2020-08-24 14:08:50,very short,True,False,1 commit
True,2020-08-24 19:05:27,very short,True,False,1 commit
True,2020-08-24 21:44:06,lengthy,True,False,some commits
True,2020-08-24 22:19:48,very short,True,False,1 commit
False,2020-08-24 23:49:49,lengthy,True,False,1 commit
True,2020-08-25 00:09:43,very short,True,False,1 commit
True,2020-08-25 08:44:25,very short,True,False,1 commit
True,2020-08-25 14:33:14,lengthy,True,False,some commits
True,2020-08-25 20:39:13,very short,True,False,1 commit
True,2020-08-25 22:13:06,lengthy,True,False,1 commit
False,2020-08-25 22:47:32,lengthy,True,False,1 commit
True,2020-08-26 20:20:29,very short,True,False,1 commit
True,2020-08-27 03:56:15,short,True,False,1 commit
True,2020-08-27 06:05:32,very short,True,False,1 commit
True,2020-08-27 18:10:30,very short,True,False,1 commit
True,2020-08-28 01:05:13,very short,True,False,1 commit
True,2020-08-28 18:42:13,lengthy,True,False,1 commit
True,2020-08-29 05:43:55,medium,True,False,many commits
True,2020-08-29 16:26:33,short,True,False,1 commit
True,2020-08-29 21:50:36,very short,True,False,1 commit
True,2020-08-29 21:54:52,short,True,False,1 commit
True,2020-08-30 15:07:09,lengthy,True,False,1 commit
True,2020-08-30 22:05:58,very short,True,False,1 commit
True,2020-09-02 06:30:21,medium,True,False,1 commit
True,2020-09-02 16:19:04,medium,True,False,some commits
True,2020-09-02 19:59:29,lengthy,False,True,many commits
True,2020-09-02 22:06:47,lengthy,True,False,1 commit
True,2020-09-02 23:04:40,very short,True,True,1 commit
True,2020-09-03 21:20:17,medium,True,False,1 commit
True,2020-09-04 19:48:33,lengthy,True,False,some commits
True,2020-09-06 19:46:53,short,True,False,some commits
True,2020-09-06 19:55:42,very short,True,False,1 commit
True,2020-09-06 19:58:45,short,True,False,1 commit
True,2020-09-06 20:00:17,short,True,False,1 commit
True,2020-09-06 20:05:34,short,True,False,1 commit
True,2020-09-06 22:36:07,medium,False,True,some commits
False,2020-09-07 08:54:06,medium,False,True,many commits
True,2020-09-07 10:21:31,medium,False,True,many commits
True,2020-09-07 20:14:05,lengthy,True,False,1 commit
False,2020-09-08 17:11:22,very short,False,True,1 commit
True,2020-09-08 18:52:53,medium,False,True,1 commit
True,2020-09-08 21:41:39,lengthy,True,False,many commits
True,2020-09-09 14:56:39,medium,True,False,1 commit
True,2020-09-09 20:09:07,very short,True,False,1 commit
True,2020-09-10 07:16:24,short,True,False,some commits
True,2020-09-10 07:47:10,short,True,False,1 commit
True,2020-09-10 08:41:13,short,True,False,1 commit
True,2020-09-10 21:33:05,very short,True,False,1 commit
True,2020-09-11 03:31:33,medium,True,False,some commits
True,2020-09-11 08:01:42,medium,True,False,1 commit
True,2020-09-11 12:25:17,medium,True,False,1 commit
True,2020-09-11 21:48:12,short,True,False,some commits
True,2020-09-11 22:24:18,very short,True,False,1 commit
True,2020-09-11 23:59:16,very short,True,True,1 commit
True,2020-09-12 13:29:33,short,True,False,1 commit
True,2020-09-12 14:21:36,short,True,False,1 commit
True,2020-09-12 14:29:57,short,True,False,1 commit
True,2020-09-12 14:38:31,short,True,False,1 commit
True,2020-09-13 13:08:26,very short,True,False,1 commit
True,2020-09-13 15:45:12,very short,True,False,1 commit
True,2020-09-14 00:50:35,lengthy,True,False,1 commit
True,2020-09-14 03:14:26,very short,True,False,1 commit
True,2020-09-14 04:47:44,medium,False,False,some commits
True,2020-09-14 10:44:18,very short,True,False,1 commit
True,2020-09-14 16:07:57,very short,True,False,1 commit
True,2020-09-14 18:21:31,very short,True,False,some commits
True,2020-09-14 18:39:33,lengthy,True,False,1 commit
True,2020-09-14 19:41:27,very short,True,False,1 commit
True,2020-09-14 20:33:10,very short,True,False,1 commit
True,2020-09-14 21:07:04,very short,True,False,1 commit
True,2020-09-14 22:02:51,very short,True,False,1 commit
True,2020-09-15 04:18:14,very short,True,False,1 commit
True,2020-09-15 20:08:25,very short,True,False,1 commit
True,2020-09-15 20:55:06,lengthy,False,True,many commits
True,2020-09-15 21:14:52,short,True,False,1 commit
True,2020-09-16 06:18:13,short,True,False,many commits
True,2020-09-16 09:10:11,short,False,True,some commits
True,2020-09-16 16:36:52,very short,True,False,1 commit
True,2020-09-16 18:54:19,medium,True,False,some commits
True,2020-09-16 22:11:53,short,True,False,1 commit
True,2020-09-16 23:13:29,lengthy,True,False,some commits
True,2020-09-17 00:32:15,very short,True,False,1 commit
True,2020-09-17 04:49:36,very short,True,False,1 commit
True,2020-09-17 09:04:22,very short,True,False,1 commit
True,2020-09-17 09:07:32,very short,True,False,1 commit
True,2020-09-17 16:14:28,very short,True,False,1 commit
True,2020-09-17 22:39:45,lengthy,True,False,some commits
True,2020-09-17 23:48:17,very short,True,False,some commits
True,2020-09-18 08:34:10,very short,True,False,1 commit
True,2020-09-18 08:37:11,very short,True,False,1 commit
True,2020-09-18 08:59:19,medium,True,False,1 commit
True,2020-09-18 09:17:32,medium,True,False,some commits
True,2020-09-18 09:49:55,very short,True,False,1 commit
True,2020-09-18 10:26:48,very short,True,False,1 commit
True,2020-09-18 20:26:28,very short,True,False,1 commit
True,2020-09-19 00:46:28,short,True,False,some commits
True,2020-09-19 02:38:31,medium,True,False,some commits
True,2020-09-19 08:23:56,medium,True,False,some commits
True,2020-09-19 10:25:59,short,True,False,1 commit
True,2020-09-19 10:29:38,lengthy,True,False,some commits
True,2020-09-19 12:51:48,medium,True,False,1 commit
True,2020-09-19 14:52:25,lengthy,True,False,some commits
True,2020-09-20 13:22:30,short,True,False,1 commit
True,2020-09-20 13:26:06,lengthy,True,False,1 commit
True,2020-09-20 13:30:20,short,True,False,some commits
True,2020-09-20 16:01:05,very short,True,False,1 commit
True,2020-09-21 04:41:06,lengthy,True,True,some commits
True,2020-09-21 21:12:03,lengthy,True,False,some commits
False,2020-09-22 05:13:39,lengthy,True,False,some commits
True,2020-09-22 10:11:18,very short,True,True,1 commit
True,2020-09-22 14:08:14,very short,True,False,1 commit
True,2020-09-22 14:44:24,very short,True,False,some commits
True,2020-09-22 19:00:22,lengthy,True,False,some commits
True,2020-09-22 20:01:52,very short,True,False,1 commit
True,2020-09-23 13:51:30,very short,True,False,some commits
True,2020-09-23 22:56:11,very short,True,False,1 commit
True,2020-09-24 00:07:08,very short,True,False,1 commit
True,2020-09-24 00:21:20,short,True,False,1 commit
True,2020-09-24 03:09:53,short,True,False,1 commit
True,2020-09-24 07:52:18,very short,True,False,some commits
True,2020-09-24 08:14:41,very short,True,False,some commits
True,2020-09-24 09:12:44,lengthy,True,False,some commits
True,2020-09-24 10:24:54,very short,True,False,1 commit
True,2020-09-24 20:44:08,very short,True,False,1 commit
True,2020-09-24 20:58:58,lengthy,True,False,many commits
True,2020-09-24 22:47:21,very short,True,False,1 commit
True,2020-09-24 23:39:12,very short,True,False,1 commit
True,2020-09-25 04:13:14,very short,True,False,many commits
True,2020-09-25 04:49:58,lengthy,True,False,some commits
True,2020-09-25 09:55:38,medium,True,False,1 commit
True,2020-09-25 16:16:56,lengthy,False,False,many commits
True,2020-09-25 17:20:25,very short,True,False,1 commit
True,2020-09-25 20:36:54,short,True,False,1 commit
True,2020-09-25 20:53:23,short,True,False,1 commit
True,2020-09-25 21:36:16,medium,True,False,some commits
True,2020-09-25 23:06:38,lengthy,True,False,1 commit
True,2020-09-26 00:37:36,lengthy,True,False,1 commit
True,2020-09-26 01:16:16,very short,True,False,1 commit
True,2020-09-26 03:46:58,very short,True,True,1 commit
True,2020-09-26 09:59:06,short,True,False,1 commit
True,2020-09-26 10:18:21,short,True,False,1 commit
True,2020-09-26 10:25:28,very short,True,False,1 commit
True,2020-09-26 10:27:08,short,True,False,1 commit
False,2020-09-26 16:15:20,very short,True,False,1 commit
True,2020-09-26 16:21:42,medium,True,False,1 commit
True,2020-09-28 17:18:01,lengthy,True,False,1 commit
True,2020-09-28 19:48:19,short,True,False,1 commit
True,2020-09-29 02:10:28,medium,True,True,many commits
True,2020-09-29 03:16:18,very short,True,False,1 commit
True,2020-09-29 09:16:32,very short,True,False,1 commit
True,2020-09-29 10:04:15,very short,False,False,1 commit
True,2020-09-29 10:06:59,very short,True,False,1 commit
True,2020-09-29 21:14:43,very short,True,False,1 commit
False,2020-09-30 09:10:33,lengthy,True,False,1 commit
True,2020-09-30 22:20:56,very short,True,False,some commits
True,2020-09-30 22:41:38,very short,True,False,1 commit
True,2020-09-30 22:54:35,very short,True,False,1 commit
False,2020-10-01 04:42:05,very short,False,True,1 commit
True,2020-10-01 07:24:04,very short,True,False,1 commit
True,2020-10-01 10:32:14,very short,True,False,1 commit
False,2020-10-01 11:20:20,very short,False,True,1 commit
True,2020-10-01 18:09:50,short,True,False,some commits
True,2020-10-01 22:38:33,very short,True,False,1 commit
True,2020-10-02 00:36:19,very short,True,False,1 commit
True,2020-10-02 07:57:21,very short,True,False,some commits
True,2020-10-02 08:40:59,very short,True,False,1 commit
True,2020-10-02 19:07:10,very short,True,False,some commits
True,2020-10-02 19:12:40,medium,True,False,1 commit
True,2020-10-02 23:21:25,short,True,False,1 commit
True,2020-10-02 23:24:21,very short,True,False,1 commit
True,2020-10-03 02:39:58,lengthy,True,False,many commits
True,2020-10-03 10:52:08,very short,True,False,1 commit
True,2020-10-03 14:14:04,short,True,False,1 commit
True,2020-10-03 15:09:46,lengthy,True,True,many commits
False,2020-10-03 20:45:25,lengthy,True,False,1 commit
True,2020-10-04 10:20:02,medium,True,False,1 commit
True,2020-10-04 17:00:56,short,True,False,1 commit
True,2020-10-04 19:02:36,medium,True,False,1 commit
True,2020-10-04 21:51:13,short,True,False,1 commit
False,2020-10-05 03:59:12,lengthy,False,False,many commits
True,2020-10-05 08:54:00,very short,True,False,1 commit
True,2020-10-05 10:02:35,very short,True,False,1 commit
True,2020-10-05 17:13:51,medium,True,False,some commits
False,2020-10-05 19:00:47,lengthy,True,False,some commits
True,2020-10-05 20:18:05,very short,True,False,1 commit
False,2020-10-05 22:24:58,lengthy,False,True,some commits
True,2020-10-06 01:37:25,very short,True,False,some commits
True,2020-10-06 05:06:10,short,True,False,some commits
True,2020-10-06 14:30:55,very short,True,False,1 commit
True,2020-10-06 15:21:21,medium,True,False,some commits
True,2020-10-06 16:41:23,very short,True,True,some commits
True,2020-10-06 17:27:51,very short,True,False,1 commit
True,2020-10-06 23:18:32,very short,True,False,1 commit
True,2020-10-06 23:28:50,medium,True,False,1 commit
True,2020-10-06 23:45:10,very short,True,False,1 commit
True,2020-10-07 14:04:53,short,True,False,1 commit
True,2020-10-07 14:32:03,medium,True,False,1 commit
True,2020-10-07 21:14:04,very short,True,False,1 commit
True,2020-10-07 21:22:36,lengthy,True,False,1 commit
True,2020-10-07 22:50:21,very short,True,False,1 commit
True,2020-10-07 22:53:28,very short,True,False,some commits
True,2020-10-07 22:53:28,very short,True,False,1 commit
True,2020-10-07 23:00:03,medium,True,False,1 commit
True,2020-10-07 23:11:09,medium,True,False,1 commit
False,2020-10-08 09:12:43,very short,False,True,1 commit
True,2020-10-08 11:48:50,short,True,False,1 commit
True,2020-10-08 20:58:41,short,True,False,1 commit
True,2020-10-08 21:09:04,very short,True,False,1 commit
True,2020-10-09 04:22:56,medium,False,True,some commits
True,2020-10-09 06:58:43,very short,True,False,1 commit
True,2020-10-09 22:41:21,very short,True,False,1 commit
True,2020-10-10 04:09:35,very short,True,False,1 commit
True,2020-10-10 11:15:34,medium,True,False,1 commit
True,2020-10-10 13:48:05,very short,True,False,1 commit
True,2020-10-10 14:07:29,short,True,False,1 commit
True,2020-10-10 16:00:24,very short,True,False,1 commit
True,2020-10-10 20:57:01,medium,True,False,1 commit
True,2020-10-10 21:13:43,medium,True,False,1 commit
True,2020-10-10 21:38:12,short,True,False,1 commit
True,2020-10-10 22:06:13,short,True,False,1 commit
True,2020-10-10 22:32:10,medium,True,False,1 commit
True,2020-10-11 11:42:08,short,True,False,1 commit
True,2020-10-11 20:10:50,lengthy,False,True,many commits
True,2020-10-13 10:02:28,short,False,True,some commits
True,2020-10-13 13:37:55,very short,True,False,1 commit
True,2020-10-13 20:26:43,very short,True,False,1 commit
True,2020-10-13 21:09:51,very short,True,False,1 commit
True,2020-10-13 23:52:18,very short,True,False,1 commit
True,2020-10-14 12:42:51,very short,True,False,1 commit
True,2020-10-14 12:51:09,very short,True,False,1 commit
True,2020-10-14 17:25:28,very short,True,False,1 commit
True,2020-10-15 02:15:12,lengthy,True,False,some commits
True,2020-10-15 03:05:13,lengthy,True,True,many commits
True,2020-10-15 03:48:02,short,True,False,some commits
False,2020-10-15 06:28:51,very short,False,True,1 commit
True,2020-10-15 08:45:41,lengthy,True,True,some commits
False,2020-10-15 10:05:04,very short,False,True,1 commit
True,2020-10-15 18:12:27,very short,True,False,1 commit
False,2020-10-15 18:12:50,very short,False,True,1 commit
True,2020-10-15 20:17:42,lengthy,True,False,1 commit
True,2020-10-15 23:16:34,very short,True,True,some commits
True,2020-10-16 01:40:59,medium,True,False,1 commit
True,2020-10-16 05:39:33,lengthy,True,False,many commits
True,2020-10-16 22:59:32,medium,True,False,1 commit
True,2020-10-16 23:03:34,very short,True,False,1 commit
True,2020-10-17 00:11:21,lengthy,True,False,some commits
False,2020-10-17 12:40:45,very short,False,True,1 commit
True,2020-10-17 22:31:48,lengthy,True,False,1 commit
True,2020-10-18 09:12:56,short,True,False,1 commit
True,2020-10-18 15:57:54,short,True,True,some commits
False,2020-10-18 16:56:59,lengthy,False,True,1 commit
True,2020-10-18 19:11:40,short,True,False,1 commit
False,2020-10-18 22:55:34,very short,False,True,1 commit
True,2020-10-19 17:47:44,medium,True,False,some commits
True,2020-10-20 03:22:29,very short,True,False,1 commit
True,2020-10-20 18:29:42,very short,True,False,1 commit
True,2020-10-20 19:50:51,very short,True,False,1 commit
True,2020-10-20 20:01:51,short,True,False,1 commit
True,2020-10-20 21:41:46,short,True,False,1 commit
True,2020-10-21 02:51:02,lengthy,True,False,1 commit
True,2020-10-21 19:36:07,very short,True,False,1 commit
True,2020-10-21 21:16:00,very short,True,False,1 commit
True,2020-10-22 18:18:11,very short,True,True,some commits
True,2020-10-22 21:12:38,very short,True,False,some commits
True,2020-10-22 22:00:06,very short,True,False,1 commit
True,2020-10-23 03:18:41,very short,True,False,1 commit
True,2020-10-23 08:58:21,very short,True,False,1 commit
True,2020-10-23 13:02:22,very short,True,False,1 commit
False,2020-10-23 14:43:03,short,False,True,1 commit
True,2020-10-23 16:45:16,lengthy,True,False,many commits
False,2020-10-23 16:56:17,lengthy,True,False,1 commit
True,2020-10-24 10:29:36,short,False,True,some commits
True,2020-10-24 23:01:01,lengthy,True,False,some commits
True,2020-10-26 07:15:09,very short,True,False,1 commit
True,2020-10-26 09:20:42,very short,True,True,some commits
True,2020-10-26 13:41:41,very short,True,True,some commits
False,2020-10-26 14:25:07,lengthy,False,True,1 commit
True,2020-10-26 16:35:25,lengthy,True,False,1 commit
True,2020-10-26 16:35:32,very short,True,False,1 commit
True,2020-10-26 17:59:52,lengthy,True,False,many commits
True,2020-10-26 22:13:56,medium,False,True,some commits
True,2020-10-26 23:26:56,medium,True,False,1 commit
True,2020-10-27 13:01:46,very short,True,False,1 commit
True,2020-10-27 20:12:16,very short,True,False,1 commit
True,2020-10-28 04:24:11,lengthy,True,False,some commits
True,2020-10-28 09:29:51,lengthy,False,True,some commits
True,2020-10-29 03:13:39,very short,True,False,some commits
True,2020-10-29 20:07:40,very short,True,False,1 commit
True,2020-10-29 20:42:39,lengthy,False,False,many commits
True,2020-10-29 20:51:26,lengthy,True,False,1 commit
True,2020-10-29 21:29:59,short,True,False,1 commit
True,2020-10-29 23:57:51,very short,True,False,1 commit
True,2020-10-30 13:03:34,lengthy,True,False,1 commit
True,2020-10-30 21:39:45,very short,True,False,some commits
False,2020-10-31 00:13:37,lengthy,True,False,some commits
False,2020-10-31 12:31:51,lengthy,True,False,1 commit
True,2020-11-01 02:04:16,very short,True,False,some commits
True,2020-11-01 16:31:18,short,True,False,1 commit
True,2020-11-01 18:47:21,medium,True,False,1 commit
True,2020-11-01 18:56:01,short,True,False,1 commit
True,2020-11-01 21:04:41,short,True,False,1 commit
True,2020-11-01 21:08:44,short,True,False,1 commit
True,2020-11-01 21:20:23,lengthy,True,False,1 commit
True,2020-11-02 04:53:16,lengthy,False,True,many commits
True,2020-11-02 16:28:38,medium,True,False,1 commit
True,2020-11-02 21:21:04,very short,True,False,1 commit
False,2020-11-02 23:39:26,lengthy,False,True,some commits
True,2020-11-03 05:41:45,lengthy,True,False,1 commit
True,2020-11-03 08:12:32,short,True,False,1 commit
False,2020-11-03 19:54:12,lengthy,True,False,many commits
True,2020-11-03 21:43:53,very short,True,False,1 commit
True,2020-11-04 08:48:45,very short,True,False,1 commit
True,2020-11-04 09:01:55,very short,True,False,some commits
True,2020-11-04 20:49:13,medium,True,True,1 commit
True,2020-11-04 21:21:57,lengthy,True,False,1 commit
True,2020-11-04 22:03:01,medium,True,False,1 commit
True,2020-11-04 22:22:22,short,True,False,1 commit
True,2020-11-05 20:27:22,medium,True,False,1 commit
True,2020-11-05 20:41:48,medium,True,False,1 commit
True,2020-11-06 00:28:56,lengthy,True,False,1 commit
True,2020-11-06 02:08:54,medium,True,False,some commits
True,2020-11-06 09:49:53,very short,True,False,1 commit
True,2020-11-06 10:27:26,very short,True,False,1 commit
True,2020-11-06 22:49:59,lengthy,True,False,1 commit
True,2020-11-06 22:55:25,medium,True,True,some commits
True,2020-11-07 11:45:23,short,True,False,1 commit
True,2020-11-07 18:06:20,short,True,False,1 commit
True,2020-11-07 21:56:32,very short,True,False,1 commit
True,2020-11-08 12:41:36,short,True,False,1 commit
True,2020-11-08 18:24:13,lengthy,False,False,some commits
True,2020-11-09 19:45:45,very short,True,False,1 commit
True,2020-11-10 03:17:54,very short,True,False,1 commit
True,2020-11-10 09:51:12,very short,True,False,1 commit
True,2020-11-10 18:43:17,short,True,False,1 commit
True,2020-11-10 20:16:00,very short,True,False,1 commit
True,2020-11-10 21:54:47,very short,True,False,some commits
True,2020-11-10 22:55:04,short,True,False,some commits
True,2020-11-11 08:54:01,lengthy,True,False,1 commit
True,2020-11-11 20:49:51,very short,True,False,1 commit
True,2020-11-11 21:04:27,short,True,False,1 commit
True,2020-11-12 10:48:11,very short,True,False,1 commit
True,2020-11-13 10:42:37,very short,True,False,1 commit
True,2020-11-14 01:29:09,medium,True,False,some commits
True,2020-11-14 01:47:18,lengthy,True,False,many commits
True,2020-11-14 03:34:11,medium,True,False,1 commit
True,2020-11-15 18:16:58,very short,True,True,1 commit
True,2020-11-15 20:36:25,medium,False,True,many commits
False,2020-11-15 21:24:15,lengthy,False,True,some commits
True,2020-11-16 21:16:41,very short,True,False,1 commit
True,2020-11-17 09:37:49,very short,True,False,1 commit
True,2020-11-17 12:34:58,lengthy,False,False,some commits
True,2020-11-17 19:44:50,very short,True,False,1 commit
True,2020-11-17 19:58:26,very short,True,False,1 commit
True,2020-11-18 09:44:08,lengthy,True,False,1 commit
True,2020-11-19 03:00:34,very short,True,True,1 commit
True,2020-11-19 09:30:45,very short,True,False,1 commit
False,2020-11-19 12:27:44,lengthy,True,False,some commits
True,2020-11-19 18:41:10,medium,True,False,many commits
True,2020-11-19 22:41:16,very short,True,False,1 commit
True,2020-11-20 01:53:52,lengthy,False,True,many commits
True,2020-11-20 15:57:46,short,True,True,1 commit
True,2020-11-20 23:33:13,very short,True,False,1 commit
True,2020-11-21 13:51:04,short,True,False,1 commit
False,2020-11-22 17:03:37,lengthy,False,False,some commits
True,2020-11-22 23:51:08,very short,True,False,1 commit
True,2020-11-23 00:02:10,very short,True,False,1 commit
True,2020-11-23 00:16:13,very short,True,False,1 commit
True,2020-11-25 06:17:27,lengthy,True,False,1 commit
True,2020-11-25 09:17:51,very short,True,False,1 commit
True,2020-11-25 21:56:31,very short,True,False,1 commit
True,2020-11-25 22:02:15,very short,True,False,1 commit
True,2020-11-25 22:20:25,very short,True,False,1 commit
True,2020-11-25 22:26:19,lengthy,True,False,1 commit
True,2020-11-25 22:45:27,very short,True,False,1 commit
True,2020-11-25 22:54:05,very short,True,False,1 commit
True,2020-11-25 23:27:42,very short,True,False,1 commit
True,2020-11-25 23:29:25,very short,True,False,1 commit
True,2020-11-26 10:41:20,short,True,False,1 commit
True,2020-11-26 12:52:21,very short,True,False,1 commit
True,2020-11-26 13:06:28,very short,True,False,1 commit
True,2020-11-26 17:40:25,short,True,False,1 commit
True,2020-11-26 17:55:23,very short,True,False,1 commit
True,2020-11-26 18:05:51,very short,True,False,1 commit
True,2020-11-26 23:52:25,very short,True,False,1 commit
True,2020-11-27 14:53:26,lengthy,True,False,some commits
True,2020-11-27 20:57:00,very short,True,False,1 commit
True,2020-11-28 00:17:29,medium,True,False,many commits
True,2020-11-28 12:27:15,very short,True,False,1 commit
True,2020-11-28 16:19:21,medium,True,False,1 commit
True,2020-11-28 20:07:07,medium,True,False,1 commit
True,2020-11-29 14:33:14,lengthy,True,False,1 commit
True,2020-11-29 15:42:38,short,True,False,1 commit
True,2020-11-29 21:05:53,short,True,False,1 commit
True,2020-11-30 13:19:17,medium,True,False,1 commit
False,2020-11-30 14:37:07,lengthy,False,True,many commits
True,2020-11-30 19:17:44,very short,True,False,1 commit
True,2020-12-01 09:36:58,lengthy,True,False,1 commit
False,2020-12-01 13:54:54,lengthy,False,True,some commits
True,2020-12-01 20:13:11,very short,True,False,some commits
True,2020-12-02 02:55:06,lengthy,True,False,some commits
True,2020-12-03 03:57:59,lengthy,True,False,some commits
True,2020-12-03 09:03:39,very short,True,False,1 commit
True,2020-12-04 15:49:54,lengthy,True,False,1 commit
True,2020-12-05 18:18:23,very short,True,False,1 commit
True,2020-12-06 12:04:58,short,True,False,1 commit
True,2020-12-06 13:34:00,medium,False,False,many commits
True,2020-12-07 15:35:33,very short,True,False,1 commit
False,2020-12-07 19:56:05,lengthy,True,False,many commits
True,2020-12-07 21:52:07,very short,True,False,1 commit
True,2020-12-09 17:38:41,medium,True,False,1 commit
True,2020-12-09 20:57:09,medium,True,False,1 commit
True,2020-12-09 21:01:48,very short,True,False,1 commit
True,2020-12-09 21:08:19,short,True,False,some commits
True,2020-12-09 21:24:18,lengthy,False,True,many commits
True,2020-12-09 21:26:38,short,True,False,some commits
True,2020-12-11 01:48:46,very short,True,False,some commits
True,2020-12-11 02:59:29,lengthy,True,False,many commits
True,2020-12-11 09:09:41,very short,True,False,1 commit
True,2020-12-11 16:51:55,very short,True,False,1 commit
False,2020-12-11 20:22:56,lengthy,False,True,many commits
False,2020-12-12 17:19:47,lengthy,False,True,1 commit
True,2020-12-13 12:52:30,short,True,False,1 commit
True,2020-12-13 15:56:27,very short,False,True,1 commit
True,2020-12-13 22:26:17,very short,True,False,1 commit
False,2020-12-14 00:11:57,lengthy,False,False,some commits
False,2020-12-14 22:40:24,lengthy,False,True,some commits
True,2020-12-14 23:01:45,medium,True,False,some commits
True,2020-12-15 07:25:04,very short,True,False,1 commit
True,2020-12-15 11:27:35,medium,True,False,1 commit
True,2020-12-15 21:42:09,very short,True,False,1 commit
True,2020-12-16 06:13:19,short,True,False,1 commit
True,2020-12-16 08:10:16,very short,True,False,1 commit
True,2020-12-16 10:09:36,very short,True,False,1 commit
True,2020-12-16 20:14:07,medium,True,False,1 commit
True,2020-12-16 23:12:22,very short,True,False,some commits
True,2020-12-17 00:11:03,very short,True,False,1 commit
True,2020-12-17 01:10:13,very short,True,False,some commits
True,2020-12-17 06:24:37,very short,True,False,1 commit
True,2020-12-17 06:26:31,very short,True,False,some commits
True,2020-12-17 06:49:32,very short,True,False,1 commit
True,2020-12-17 15:03:51,very short,True,False,1 commit
True,2020-12-17 19:42:54,medium,True,True,some commits
True,2020-12-17 22:24:02,medium,True,False,1 commit
True,2020-12-18 00:15:47,very short,True,False,1 commit
True,2020-12-18 01:45:29,lengthy,False,True,many commits
True,2020-12-18 21:57:15,very short,True,False,1 commit
True,2020-12-18 22:09:16,medium,True,False,1 commit
True,2020-12-19 04:22:01,lengthy,True,False,1 commit
True,2020-12-20 07:22:43,lengthy,False,True,many commits
True,2020-12-21 23:06:36,very short,True,False,1 commit
True,2020-12-22 06:53:28,very short,True,False,1 commit
True,2020-12-22 07:20:20,very short,True,True,1 commit
True,2020-12-22 09:44:19,very short,True,False,1 commit
True,2020-12-22 22:12:32,very short,True,False,some commits
True,2020-12-23 07:13:40,lengthy,True,False,many commits
True,2020-12-23 18:02:34,short,True,False,1 commit
True,2020-12-24 21:22:31,very short,True,True,some commits
True,2020-12-25 03:18:50,very short,True,False,some commits
True,2020-12-26 15:47:48,very short,True,False,some commits
True,2020-12-26 18:01:09,medium,True,False,1 commit
True,2020-12-27 16:49:23,short,True,False,some commits
True,2020-12-27 23:47:34,short,True,False,1 commit
True,2020-12-27 23:49:20,medium,True,False,some commits
True,2020-12-28 21:29:38,very short,True,False,1 commit
True,2020-12-28 22:45:18,medium,True,False,some commits
False,2020-12-28 23:23:29,lengthy,True,False,1 commit
True,2020-12-29 00:41:41,medium,True,True,many commits
True,2020-12-29 13:33:26,very short,True,False,1 commit
True,2020-12-29 17:31:31,very short,True,False,1 commit
True,2020-12-29 21:05:51,very short,True,False,1 commit
True,2020-12-30 18:01:44,very short,True,True,1 commit
True,2020-12-31 00:08:34,very short,True,False,1 commit
True,2020-12-31 06:17:57,short,True,False,1 commit
True,2020-12-31 16:20:27,medium,True,True,some commits
True,2021-01-01 21:17:02,lengthy,True,False,some commits
True,2021-01-02 02:25:34,medium,True,False,1 commit
True,2021-01-02 11:40:24,medium,True,False,1 commit
True,2021-01-02 11:44:33,short,True,False,1 commit
False,2021-01-02 21:30:30,very short,False,True,1 commit
True,2021-01-03 00:31:33,very short,True,False,1 commit
True,2021-01-03 17:35:56,lengthy,True,False,1 commit
True,2021-01-04 05:44:36,very short,True,False,some commits
True,2021-01-05 12:54:41,very short,True,True,1 commit
True,2021-01-05 22:39:23,medium,True,False,1 commit
True,2021-01-06 00:37:48,short,True,False,some commits
True,2021-01-06 07:02:07,very short,True,False,1 commit
True,2021-01-06 07:03:17,very short,True,False,1 commit
True,2021-01-06 18:28:08,short,False,True,some commits
True,2021-01-07 02:13:40,very short,True,False,1 commit
True,2021-01-07 14:14:51,lengthy,True,False,1 commit
True,2021-01-07 16:30:06,lengthy,True,False,many commits
True,2021-01-08 15:16:52,lengthy,False,True,some commits
True,2021-01-08 19:40:51,medium,True,False,some commits
True,2021-01-09 01:12:38,very short,True,False,1 commit
True,2021-01-09 04:33:57,short,True,False,many commits
True,2021-01-09 05:53:39,lengthy,True,False,many commits
True,2021-01-09 08:55:16,very short,True,False,some commits
True,2021-01-09 17:34:13,very short,True,False,1 commit
False,2021-01-10 23:33:30,lengthy,True,False,some commits
True,2021-01-11 01:41:07,medium,True,False,1 commit
True,2021-01-11 02:14:35,very short,True,False,1 commit
True,2021-01-11 20:12:37,short,True,False,1 commit
True,2021-01-11 22:04:49,very short,True,False,1 commit
True,2021-01-11 23:26:23,very short,True,False,1 commit
True,2021-01-12 06:32:49,very short,True,False,1 commit
True,2021-01-12 09:12:03,medium,True,False,1 commit
True,2021-01-12 09:21:52,very short,True,False,1 commit
True,2021-01-12 10:32:18,very short,True,False,1 commit
False,2021-01-13 12:35:54,lengthy,False,True,1 commit
True,2021-01-13 13:19:10,medium,True,False,1 commit
False,2021-01-13 20:56:48,lengthy,False,True,some commits
True,2021-01-14 00:20:25,medium,True,False,1 commit
True,2021-01-14 06:27:48,medium,True,False,some commits
True,2021-01-14 07:27:35,short,True,False,1 commit
True,2021-01-14 16:06:50,very short,True,False,1 commit
True,2021-01-14 16:08:09,very short,True,False,1 commit
True,2021-01-15 11:12:12,short,True,True,1 commit
True,2021-01-15 13:56:44,lengthy,False,True,some commits
True,2021-01-15 23:15:42,medium,True,False,some commits
True,2021-01-16 15:30:25,very short,True,False,1 commit
True,2021-01-17 23:25:01,very short,True,False,1 commit
True,2021-01-18 04:00:39,lengthy,True,False,many commits
True,2021-01-18 04:23:46,short,True,False,some commits
True,2021-01-18 07:35:59,very short,True,False,1 commit
True,2021-01-18 10:43:38,short,True,False,1 commit
False,2021-01-18 12:31:53,medium,False,True,1 commit
True,2021-01-18 16:57:27,lengthy,True,False,1 commit
False,2021-01-18 18:17:55,very short,False,True,1 commit
True,2021-01-19 10:17:42,short,True,False,1 commit
True,2021-01-20 11:04:54,short,True,False,1 commit
True,2021-01-20 12:58:49,short,True,False,many commits
True,2021-01-21 04:37:40,very short,True,True,some commits
True,2021-01-21 08:55:01,very short,True,False,some commits
True,2021-01-21 08:56:10,very short,True,False,1 commit
True,2021-01-21 09:27:57,very short,True,False,1 commit
True,2021-01-21 10:44:16,short,True,False,1 commit
True,2021-01-21 10:45:36,very short,True,False,1 commit
True,2021-01-21 11:10:13,medium,True,True,some commits
True,2021-01-21 20:38:46,very short,True,False,1 commit
True,2021-01-22 04:06:19,medium,True,False,some commits
True,2021-01-22 18:16:18,very short,True,False,1 commit
True,2021-01-22 21:05:16,medium,True,False,1 commit
True,2021-01-22 22:12:01,short,True,False,some commits
True,2021-01-23 00:44:23,lengthy,True,False,many commits
True,2021-01-23 06:04:06,lengthy,True,False,many commits
True,2021-01-23 17:14:01,medium,True,False,1 commit
True,2021-01-23 17:43:52,lengthy,False,False,many commits
True,2021-01-24 00:07:17,short,True,False,1 commit
True,2021-01-25 07:41:03,short,True,False,1 commit
True,2021-01-25 17:07:33,very short,True,False,some commits
True,2021-01-26 12:48:32,lengthy,False,True,many commits
True,2021-01-26 13:43:38,very short,True,False,1 commit
True,2021-01-26 16:32:44,short,True,False,some commits
True,2021-01-26 16:51:45,lengthy,True,False,1 commit
True,2021-01-26 22:57:42,lengthy,True,False,1 commit
True,2021-01-26 23:08:59,very short,True,False,1 commit
True,2021-01-27 00:12:38,very short,True,False,1 commit
True,2021-01-27 02:31:50,medium,False,True,some commits
True,2021-01-27 09:55:58,lengthy,True,False,1 commit
True,2021-01-27 14:38:09,very short,True,False,1 commit
True,2021-01-27 14:58:19,very short,True,False,1 commit
True,2021-01-27 22:23:48,very short,True,False,1 commit
True,2021-01-27 22:48:13,very short,True,False,1 commit
True,2021-01-28 02:01:57,very short,True,False,1 commit
True,2021-01-28 04:16:31,medium,False,True,many commits
True,2021-01-28 04:30:02,very short,True,False,1 commit
True,2021-01-28 05:53:12,very short,True,False,1 commit
True,2021-01-28 21:49:57,very short,True,False,1 commit
True,2021-01-29 00:13:58,very short,True,False,some commits
True,2021-01-29 00:33:07,medium,True,False,some commits
True,2021-01-29 07:15:36,medium,True,False,some commits
True,2021-01-29 10:22:47,lengthy,True,False,1 commit
True,2021-01-29 20:59:24,lengthy,True,False,1 commit
True,2021-01-29 21:37:36,lengthy,False,True,many commits
True,2021-01-30 20:47:15,very short,True,False,1 commit
True,2021-01-31 17:59:10,lengthy,True,False,1 commit
True,2021-02-01 05:12:23,very short,True,False,1 commit
True,2021-02-01 05:26:55,very short,True,False,1 commit
True,2021-02-01 12:39:40,very short,True,False,1 commit
True,2021-02-01 14:34:39,short,False,True,1 commit
True,2021-02-01 16:29:14,very short,True,False,1 commit
True,2021-02-01 22:00:50,very short,True,False,1 commit
True,2021-02-01 22:09:20,very short,True,False,1 commit
True,2021-02-02 07:25:06,very short,True,False,1 commit
True,2021-02-02 08:26:29,short,True,False,1 commit
True,2021-02-02 14:50:17,short,True,False,1 commit
True,2021-02-02 18:20:30,lengthy,True,False,some commits
True,2021-02-02 20:46:40,very short,True,False,1 commit
True,2021-02-02 21:53:55,short,True,False,1 commit
True,2021-02-02 22:22:40,lengthy,True,False,1 commit
True,2021-02-04 07:54:32,very short,True,False,1 commit
True,2021-02-04 10:27:56,short,True,False,1 commit
True,2021-02-04 14:07:06,very short,True,False,1 commit
True,2021-02-04 21:30:45,very short,True,False,some commits
True,2021-02-04 22:17:03,lengthy,True,False,some commits
True,2021-02-05 02:41:03,very short,True,False,1 commit
False,2021-02-05 04:26:01,short,False,True,1 commit
True,2021-02-05 09:55:39,very short,True,False,many commits
True,2021-02-05 10:18:43,lengthy,True,False,some commits
True,2021-02-05 11:35:17,medium,False,False,many commits
False,2021-02-06 11:14:38,lengthy,True,False,1 commit
True,2021-02-06 11:28:24,lengthy,True,False,1 commit
True,2021-02-06 13:21:53,short,True,False,1 commit
True,2021-02-07 14:31:12,lengthy,True,False,1 commit
False,2021-02-08 06:06:57,very short,False,True,1 commit
False,2021-02-08 10:20:35,lengthy,False,False,many commits
True,2021-02-08 13:33:56,very short,True,False,1 commit
True,2021-02-08 13:53:27,lengthy,False,False,many commits
False,2021-02-08 17:19:57,lengthy,False,True,1 commit
True,2021-02-08 23:14:01,lengthy,True,False,1 commit
True,2021-02-09 21:59:03,very short,True,False,some commits
True,2021-02-10 09:09:02,lengthy,True,False,1 commit
True,2021-02-10 09:25:48,very short,True,False,1 commit
True,2021-02-10 10:18:23,very short,True,True,1 commit
True,2021-02-10 17:19:27,lengthy,True,False,1 commit
True,2021-02-11 05:32:43,medium,True,False,some commits
True,2021-02-11 09:07:42,very short,True,False,some commits
True,2021-02-11 13:59:24,medium,True,False,1 commit
True,2021-02-11 18:21:19,lengthy,True,False,1 commit
True,2021-02-11 18:52:47,medium,True,False,some commits
True,2021-02-11 19:55:35,medium,True,False,some commits
True,2021-02-11 21:02:52,medium,True,False,1 commit
True,2021-02-11 23:08:08,very short,True,False,1 commit
True,2021-02-11 23:56:24,lengthy,True,False,some commits
True,2021-02-12 22:58:36,medium,True,False,some commits
False,2021-02-14 09:57:37,very short,False,True,1 commit
True,2021-02-14 20:28:36,very short,True,False,1 commit
True,2021-02-15 00:07:34,very short,True,False,1 commit
True,2021-02-15 04:36:51,lengthy,True,False,many commits
True,2021-02-15 12:39:34,short,True,False,1 commit
True,2021-02-15 19:26:18,lengthy,True,False,1 commit
True,2021-02-15 19:45:17,very short,True,False,1 commit
True,2021-02-16 01:12:54,very short,True,False,1 commit
False,2021-02-16 02:14:38,lengthy,True,False,1 commit
True,2021-02-16 09:55:38,lengthy,True,False,1 commit
True,2021-02-16 11:03:07,lengthy,True,False,1 commit
True,2021-02-16 15:59:16,very short,True,False,1 commit
True,2021-02-17 22:31:56,very short,True,False,1 commit
True,2021-02-17 23:02:13,short,True,False,some commits
True,2021-02-18 06:43:10,lengthy,True,False,some commits
True,2021-02-18 22:56:26,lengthy,True,False,some commits
True,2021-02-18 23:12:27,very short,True,False,1 commit
True,2021-02-18 23:52:14,lengthy,True,False,1 commit
True,2021-02-19 01:11:47,very short,True,False,1 commit
True,2021-02-19 07:20:34,short,True,False,1 commit
True,2021-02-19 18:27:11,very short,True,False,1 commit
True,2021-02-19 18:55:41,very short,True,False,1 commit
True,2021-02-19 22:29:07,lengthy,True,False,1 commit
True,2021-02-20 00:36:33,very short,True,False,1 commit
True,2021-02-21 02:18:52,lengthy,True,False,1 commit
True,2021-02-21 18:02:30,lengthy,True,False,1 commit
False,2021-02-21 19:22:38,lengthy,True,False,1 commit
True,2021-02-22 13:30:46,lengthy,True,False,1 commit
True,2021-02-23 18:14:24,lengthy,True,False,some commits
True,2021-02-24 09:57:14,medium,False,False,some commits
True,2021-02-24 16:53:54,short,True,True,some commits
True,2021-02-24 19:16:43,medium,True,False,1 commit
True,2021-02-24 19:18:04,short,True,False,1 commit
False,2021-02-24 20:41:46,lengthy,True,False,1 commit
True,2021-02-24 23:01:28,lengthy,True,False,1 commit
True,2021-02-25 14:24:21,short,True,False,1 commit
True,2021-02-25 18:59:32,very short,True,False,1 commit
True,2021-02-25 20:06:55,very short,True,False,1 commit
True,2021-02-25 20:26:30,medium,True,False,some commits
True,2021-02-25 22:54:48,medium,True,False,1 commit
True,2021-02-26 00:58:47,very short,True,False,1 commit
True,2021-02-26 03:10:47,medium,True,False,1 commit
True,2021-02-26 04:03:43,very short,True,False,1 commit
True,2021-02-26 10:03:33,very short,True,True,1 commit
False,2021-02-26 14:24:07,lengthy,True,False,some commits
True,2021-02-26 16:19:24,very short,True,False,1 commit
True,2021-02-26 20:57:34,very short,True,False,1 commit
True,2021-02-26 21:32:16,medium,True,True,many commits
True,2021-02-27 02:39:11,short,True,True,some commits
True,2021-02-28 06:00:47,medium,True,False,some commits
True,2021-02-28 10:52:03,short,True,False,1 commit
True,2021-02-28 16:30:02,lengthy,True,False,1 commit
True,2021-03-01 06:59:09,short,True,False,some commits
True,2021-03-01 19:27:45,medium,True,False,1 commit
True,2021-03-01 22:44:23,very short,True,False,1 commit
True,2021-03-01 23:21:42,very short,True,False,1 commit
True,2021-03-01 23:29:43,very short,True,False,1 commit
True,2021-03-01 23:47:09,very short,True,False,1 commit
True,2021-03-01 23:48:48,very short,True,False,1 commit
True,2021-03-02 05:47:44,medium,True,False,1 commit
True,2021-03-02 10:08:16,lengthy,False,True,some commits
True,2021-03-02 13:06:15,very short,True,False,1 commit
True,2021-03-02 17:53:54,short,True,False,1 commit
True,2021-03-02 19:43:27,short,True,False,1 commit
True,2021-03-02 21:33:20,lengthy,True,False,many commits
True,2021-03-03 00:32:54,short,True,False,some commits
True,2021-03-03 19:57:36,very short,True,False,1 commit
True,2021-03-03 20:02:07,very short,True,False,1 commit
True,2021-03-03 23:25:26,very short,True,False,1 commit
True,2021-03-04 00:31:21,medium,True,False,some commits
True,2021-03-04 00:37:35,very short,True,False,1 commit
True,2021-03-04 01:36:23,very short,True,False,1 commit
True,2021-03-04 03:54:29,very short,True,False,1 commit
True,2021-03-04 07:25:39,very short,True,False,1 commit
True,2021-03-04 10:03:39,short,True,True,some commits
True,2021-03-05 00:32:10,very short,True,False,1 commit
True,2021-03-05 06:23:09,very short,True,False,1 commit
True,2021-03-05 19:37:34,very short,True,False,1 commit
True,2021-03-05 20:31:48,short,True,False,some commits
True,2021-03-05 22:20:54,very short,True,False,1 commit
True,2021-03-05 22:21:41,very short,True,False,1 commit
True,2021-03-05 23:16:00,very short,True,False,1 commit
True,2021-03-05 23:25:24,very short,True,False,1 commit
True,2021-03-06 04:28:18,very short,True,False,1 commit
True,2021-03-06 10:35:54,very short,True,False,1 commit
True,2021-03-06 11:27:09,short,True,False,1 commit
True,2021-03-06 12:42:25,medium,True,False,1 commit
True,2021-03-06 13:06:42,medium,True,False,some commits
True,2021-03-06 16:56:35,lengthy,True,False,1 commit
True,2021-03-06 23:26:38,very short,True,False,1 commit
True,2021-03-07 16:53:20,lengthy,True,False,some commits
True,2021-03-07 17:23:37,short,True,False,1 commit
True,2021-03-07 21:04:50,short,True,False,some commits
True,2021-03-07 23:43:14,short,False,True,some commits
True,2021-03-08 00:22:01,lengthy,True,True,many commits
True,2021-03-09 01:39:19,very short,True,False,1 commit
True,2021-03-09 01:40:41,very short,True,False,1 commit
True,2021-03-09 10:40:20,short,True,False,1 commit
True,2021-03-10 12:58:12,lengthy,False,True,many commits
True,2021-03-10 21:49:48,very short,True,False,1 commit
True,2021-03-10 22:58:21,medium,True,False,1 commit
True,2021-03-11 03:00:20,very short,True,False,1 commit
False,2021-03-11 11:37:42,lengthy,True,False,many commits
True,2021-03-11 22:15:41,lengthy,True,False,1 commit
True,2021-03-12 10:08:07,lengthy,True,False,many commits
True,2021-03-12 10:22:47,very short,True,False,1 commit
True,2021-03-13 01:17:09,very short,True,False,some commits
True,2021-03-13 01:20:12,very short,True,False,1 commit
True,2021-03-13 06:26:07,very short,True,False,1 commit
True,2021-03-13 22:59:05,very short,True,False,1 commit
False,2021-03-14 14:37:01,lengthy,False,False,1 commit
True,2021-03-14 21:11:52,lengthy,True,False,many commits
True,2021-03-14 22:36:40,very short,True,False,1 commit
False,2021-03-15 04:02:44,medium,False,False,some commits
True,2021-03-15 05:55:54,very short,True,False,1 commit
True,2021-03-15 10:57:36,very short,True,False,some commits
True,2021-03-15 20:33:23,very short,True,False,1 commit
True,2021-03-15 22:24:57,very short,True,False,1 commit
True,2021-03-16 05:36:51,short,True,False,some commits
True,2021-03-16 18:11:09,very short,True,False,1 commit
True,2021-03-16 18:35:18,very short,True,False,1 commit
True,2021-03-16 21:53:29,very short,True,False,1 commit
True,2021-03-16 22:07:31,short,True,False,1 commit
True,2021-03-17 21:39:24,very short,True,False,1 commit
True,2021-03-17 21:58:30,medium,True,False,many commits
True,2021-03-18 01:00:34,medium,True,False,1 commit
True,2021-03-18 11:06:44,very short,True,False,1 commit
True,2021-03-18 11:06:56,very short,True,False,1 commit
True,2021-03-18 13:08:16,very short,True,False,1 commit
True,2021-03-18 20:30:18,short,True,False,1 commit
True,2021-03-18 20:33:38,very short,True,False,1 commit
True,2021-03-18 23:18:34,very short,True,False,1 commit
True,2021-03-19 02:13:16,very short,True,False,1 commit
True,2021-03-19 05:13:17,lengthy,True,False,1 commit
True,2021-03-19 23:18:41,short,True,False,1 commit
True,2021-03-20 13:45:37,very short,True,False,1 commit
True,2021-03-20 13:59:16,very short,True,False,1 commit
True,2021-03-20 19:06:28,very short,True,False,1 commit
True,2021-03-20 19:38:04,medium,True,False,1 commit
True,2021-03-21 14:54:41,very short,True,False,1 commit
True,2021-03-21 22:58:20,short,True,False,1 commit
True,2021-03-22 03:00:35,very short,True,True,1 commit
True,2021-03-22 19:06:00,very short,True,False,1 commit
True,2021-03-23 12:49:23,short,True,False,1 commit
True,2021-03-24 02:20:33,very short,True,False,1 commit
True,2021-03-24 03:58:28,very short,True,False,1 commit
True,2021-03-24 07:55:54,lengthy,True,False,some commits
True,2021-03-24 19:53:36,very short,True,False,1 commit
True,2021-03-25 00:37:39,very short,True,False,1 commit
True,2021-03-25 09:18:58,very short,True,False,1 commit
True,2021-03-25 19:36:18,very short,True,False,1 commit
True,2021-03-25 19:36:30,very short,True,False,1 commit
True,2021-03-25 21:05:06,very short,True,False,1 commit
True,2021-03-25 22:40:28,very short,True,False,1 commit
True,2021-03-26 21:39:19,very short,True,False,1 commit
True,2021-03-26 21:39:28,very short,True,False,1 commit
True,2021-03-26 21:39:35,very short,True,False,1 commit
True,2021-03-27 04:06:14,short,True,False,1 commit
True,2021-03-27 07:13:38,very short,True,False,1 commit
True,2021-03-27 09:38:11,medium,True,False,1 commit
True,2021-03-27 11:47:55,short,True,False,1 commit
True,2021-03-27 12:47:18,very short,True,False,1 commit
True,2021-03-27 16:53:07,short,True,False,some commits
True,2021-03-27 19:18:47,very short,True,False,1 commit
True,2021-03-27 19:19:32,short,True,False,1 commit
True,2021-03-27 19:24:26,very short,True,False,1 commit
True,2021-03-27 19:27:19,very short,True,False,1 commit
True,2021-03-27 19:27:28,very short,True,False,1 commit
True,2021-03-27 19:29:05,very short,True,False,1 commit
True,2021-03-27 19:29:15,very short,True,False,1 commit
True,2021-03-27 19:43:19,very short,True,False,1 commit
True,2021-03-28 05:21:03,short,True,False,1 commit
True,2021-03-28 12:43:24,very short,True,False,1 commit
True,2021-03-28 21:49:29,medium,True,False,1 commit
True,2021-03-29 16:16:25,short,True,False,1 commit
True,2021-03-29 19:25:19,short,True,False,1 commit
True,2021-03-29 21:53:57,very short,True,False,1 commit
True,2021-03-29 22:10:27,very short,True,False,1 commit
True,2021-03-29 22:30:02,short,True,False,1 commit
True,2021-03-30 00:30:45,very short,True,False,1 commit
True,2021-03-30 03:04:20,very short,True,False,1 commit
True,2021-03-30 04:28:51,very short,True,False,1 commit
True,2021-03-30 08:41:09,very short,True,False,1 commit
True,2021-03-30 10:40:09,very short,True,False,1 commit
True,2021-03-30 13:10:06,very short,True,False,1 commit
True,2021-03-30 13:30:56,very short,True,False,1 commit
True,2021-03-30 14:14:29,very short,True,False,1 commit
True,2021-03-30 16:45:31,medium,True,False,1 commit
True,2021-03-30 20:20:03,very short,True,False,1 commit
True,2021-03-30 20:41:31,very short,True,False,1 commit
True,2021-03-30 20:41:43,very short,True,False,1 commit
True,2021-03-30 21:17:12,very short,True,False,1 commit
True,2021-03-31 04:04:39,very short,True,False,1 commit
True,2021-03-31 07:44:57,very short,True,False,many commits
True,2021-04-01 21:56:11,short,True,False,1 commit
True,2021-04-01 21:56:19,very short,True,False,1 commit
True,2021-04-01 22:17:48,medium,True,False,1 commit
True,2021-04-02 06:33:14,lengthy,True,False,some commits
True,2021-04-02 20:35:59,very short,True,False,1 commit
True,2021-04-02 21:15:05,very short,True,False,1 commit
True,2021-04-03 19:19:11,medium,True,False,1 commit
True,2021-04-03 22:13:45,very short,True,False,1 commit
True,2021-04-03 23:03:59,very short,True,False,1 commit
True,2021-04-04 16:20:52,very short,True,False,1 commit
True,2021-04-04 20:42:52,short,True,False,1 commit
False,2021-04-04 20:57:15,lengthy,True,False,many commits
True,2021-04-04 21:43:16,very short,True,False,1 commit
True,2021-04-04 21:55:10,medium,True,False,1 commit
True,2021-04-04 22:43:36,short,True,False,1 commit
True,2021-04-04 23:08:41,short,True,False,1 commit
True,2021-04-05 11:27:15,lengthy,True,False,1 commit
True,2021-04-05 18:49:57,very short,True,False,1 commit
True,2021-04-05 19:07:40,lengthy,False,False,many commits
True,2021-04-05 19:46:37,very short,True,False,1 commit
True,2021-04-06 02:43:40,very short,True,False,1 commit
True,2021-04-06 04:04:07,lengthy,True,False,some commits
True,2021-04-06 04:10:44,very short,True,False,1 commit
True,2021-04-06 04:18:36,very short,True,False,1 commit
True,2021-04-06 19:34:02,very short,True,False,1 commit
True,2021-04-06 19:58:55,very short,True,False,1 commit
True,2021-04-06 20:03:59,very short,True,False,1 commit
True,2021-04-06 21:07:36,very short,True,False,1 commit
True,2021-04-07 00:29:01,very short,True,False,1 commit
True,2021-04-07 00:36:59,very short,True,False,1 commit
True,2021-04-07 09:26:23,short,True,False,1 commit
True,2021-04-07 09:38:02,very short,True,False,1 commit
True,2021-04-07 21:13:56,lengthy,True,False,some commits
True,2021-04-07 21:23:42,very short,True,False,1 commit
True,2021-04-07 21:34:16,lengthy,True,False,some commits
True,2021-04-07 21:41:44,very short,True,False,some commits
True,2021-04-07 22:38:06,very short,True,False,1 commit
True,2021-04-07 22:57:46,very short,True,False,1 commit
True,2021-04-07 23:56:20,medium,True,False,some commits
True,2021-04-08 04:57:17,short,True,False,some commits
True,2021-04-08 06:10:39,medium,True,False,some commits
True,2021-04-08 06:46:01,very short,True,False,1 commit
True,2021-04-08 10:29:21,very short,True,False,1 commit
True,2021-04-08 11:42:44,very short,True,False,some commits
True,2021-04-08 12:24:09,very short,True,False,1 commit
True,2021-04-08 17:07:41,lengthy,True,False,1 commit
True,2021-04-08 19:56:37,very short,True,False,1 commit
True,2021-04-08 20:20:01,very short,True,False,1 commit
True,2021-04-08 22:32:16,very short,True,False,1 commit
True,2021-04-08 22:44:04,very short,True,False,1 commit
False,2021-04-08 23:35:25,medium,False,True,1 commit
True,2021-04-09 00:06:46,very short,True,False,1 commit
True,2021-04-09 00:24:17,very short,True,False,1 commit
True,2021-04-09 01:47:03,lengthy,True,False,some commits
True,2021-04-09 03:19:59,medium,True,False,some commits
True,2021-04-09 03:40:30,very short,True,False,1 commit
True,2021-04-09 03:45:23,very short,True,False,1 commit
True,2021-04-09 04:15:33,short,True,False,some commits
True,2021-04-09 10:31:44,very short,True,False,1 commit
True,2021-04-09 12:00:16,very short,True,False,1 commit
True,2021-04-09 12:46:14,medium,True,False,1 commit
False,2021-04-10 08:16:24,very short,True,False,1 commit
True,2021-04-10 11:58:17,medium,True,False,1 commit
True,2021-04-10 20:11:14,short,True,False,some commits
False,2021-04-11 16:30:32,lengthy,False,False,1 commit
True,2021-04-11 18:36:40,very short,True,True,some commits
True,2021-04-11 21:56:43,short,True,False,1 commit
True,2021-04-11 22:14:42,very short,True,False,1 commit
True,2021-04-11 22:14:51,very short,True,False,1 commit
True,2021-04-12 14:57:41,very short,True,False,1 commit
True,2021-04-12 16:09:13,medium,True,False,1 commit
True,2021-04-12 19:07:32,very short,True,False,1 commit
True,2021-04-13 09:42:19,lengthy,True,False,many commits
True,2021-04-13 18:18:58,very short,True,False,1 commit
True,2021-04-13 22:36:16,very short,True,False,1 commit
True,2021-04-14 18:36:46,lengthy,True,False,many commits
True,2021-04-14 21:51:09,very short,True,False,1 commit
True,2021-04-15 00:43:21,medium,True,False,some commits
True,2021-04-15 00:59:39,very short,True,False,some commits
True,2021-04-15 02:56:04,short,True,False,some commits
True,2021-04-15 05:01:14,very short,True,False,1 commit
True,2021-04-15 05:06:25,very short,True,False,1 commit
True,2021-04-15 15:09:52,short,True,False,some commits
True,2021-04-15 18:58:08,very short,True,False,1 commit
True,2021-04-15 22:06:42,very short,True,False,1 commit
True,2021-04-15 22:36:02,very short,True,False,1 commit
True,2021-04-15 22:51:33,very short,True,False,1 commit
True,2021-04-15 23:26:48,very short,True,False,1 commit
True,2021-04-16 00:03:38,very short,True,False,some commits
True,2021-04-16 05:22:36,lengthy,True,False,some commits
True,2021-04-16 12:52:31,very short,True,False,1 commit
True,2021-04-16 15:04:47,very short,True,False,1 commit
True,2021-04-16 19:22:20,very short,True,False,1 commit
True,2021-04-16 19:49:01,very short,True,False,1 commit
True,2021-04-16 19:55:07,very short,True,False,1 commit
True,2021-04-16 20:21:19,lengthy,True,False,1 commit
True,2021-04-16 20:32:37,very short,True,False,1 commit
True,2021-04-16 20:42:00,very short,True,False,1 commit
True,2021-04-16 21:06:12,very short,True,False,1 commit
True,2021-04-16 21:43:52,very short,True,False,1 commit
True,2021-04-16 21:46:14,very short,True,False,1 commit
True,2021-04-16 21:48:23,very short,True,False,1 commit
True,2021-04-16 23:08:25,very short,True,False,1 commit
True,2021-04-16 23:29:58,lengthy,True,False,1 commit
True,2021-04-17 02:26:50,very short,True,False,1 commit
True,2021-04-17 03:39:31,very short,True,False,1 commit
True,2021-04-17 08:34:18,very short,True,False,1 commit
True,2021-04-17 15:32:32,lengthy,True,False,1 commit
True,2021-04-18 00:25:00,medium,True,False,1 commit
True,2021-04-18 10:46:42,short,True,False,1 commit
True,2021-04-18 15:26:38,very short,True,False,1 commit
True,2021-04-18 22:11:03,very short,True,False,1 commit
True,2021-04-19 03:31:52,very short,True,False,1 commit
True,2021-04-19 06:30:06,very short,True,False,1 commit
True,2021-04-19 06:43:34,lengthy,False,False,many commits
True,2021-04-19 10:28:46,lengthy,True,False,1 commit
True,2021-04-19 22:17:34,very short,True,False,1 commit
True,2021-04-20 11:50:21,very short,True,False,1 commit
True,2021-04-20 11:58:20,very short,True,False,1 commit
True,2021-04-20 13:03:38,very short,True,False,1 commit
True,2021-04-20 14:16:04,lengthy,True,False,some commits
True,2021-04-20 19:59:50,very short,True,False,1 commit
True,2021-04-20 21:40:15,very short,True,False,1 commit
True,2021-04-20 23:14:52,very short,True,False,1 commit
True,2021-04-20 23:39:28,lengthy,True,False,1 commit
True,2021-04-21 01:00:39,very short,True,False,1 commit
False,2021-04-21 08:50:48,very short,False,True,some commits
True,2021-04-21 15:59:54,very short,True,False,1 commit
True,2021-04-21 22:58:38,very short,True,False,1 commit
True,2021-04-22 00:24:05,very short,True,False,1 commit
True,2021-04-22 03:36:35,short,True,False,some commits
True,2021-04-22 14:16:16,very short,True,False,1 commit
True,2021-04-22 19:43:43,lengthy,True,False,1 commit
True,2021-04-22 21:56:05,lengthy,True,False,1 commit
True,2021-04-23 11:38:31,very short,True,False,1 commit
True,2021-04-23 11:58:06,very short,True,False,1 commit
True,2021-04-23 13:49:07,lengthy,True,False,1 commit
False,2021-04-23 19:31:20,lengthy,False,True,1 commit
True,2021-04-23 20:25:45,very short,True,False,1 commit
True,2021-04-24 14:49:03,short,True,False,1 commit
True,2021-04-24 20:20:41,very short,True,False,1 commit
True,2021-04-24 21:40:41,medium,True,False,1 commit
True,2021-04-24 21:48:03,very short,True,False,1 commit
True,2021-04-24 22:26:39,very short,True,False,1 commit
True,2021-04-25 10:19:02,short,True,False,some commits
True,2021-04-25 10:38:53,short,True,False,1 commit
True,2021-04-25 12:46:42,lengthy,True,False,1 commit
True,2021-04-25 13:07:21,very short,True,False,1 commit
True,2021-04-25 14:59:53,lengthy,True,False,1 commit
True,2021-04-25 16:30:49,medium,True,False,1 commit
True,2021-04-25 20:15:13,very short,True,False,1 commit
True,2021-04-25 20:15:21,very short,True,False,1 commit
True,2021-04-25 20:56:50,short,True,False,1 commit
True,2021-04-25 22:33:07,short,True,False,1 commit
True,2021-04-26 09:41:54,lengthy,True,False,1 commit
True,2021-04-26 20:49:43,lengthy,True,False,1 commit
True,2021-04-26 22:13:30,very short,True,False,1 commit
True,2021-04-26 22:53:15,very short,True,False,1 commit
True,2021-04-26 23:37:47,lengthy,False,True,1 commit
True,2021-04-27 00:22:24,very short,True,False,1 commit
True,2021-04-27 01:16:29,very short,True,False,1 commit
True,2021-04-27 01:16:36,very short,True,False,1 commit
True,2021-04-27 08:10:13,lengthy,True,False,many commits
True,2021-04-27 09:39:05,short,True,False,1 commit
True,2021-04-27 11:48:36,very short,True,False,1 commit
False,2021-04-27 12:35:07,lengthy,False,True,some commits
True,2021-04-27 20:13:47,medium,True,False,1 commit
True,2021-04-28 06:35:13,very short,True,False,some commits
True,2021-04-28 06:44:29,very short,True,False,1 commit
True,2021-04-28 12:02:30,very short,True,False,1 commit
True,2021-04-28 16:44:40,very short,True,False,1 commit
True,2021-04-28 20:27:53,lengthy,False,True,many commits
True,2021-04-29 03:39:37,very short,True,False,1 commit
True,2021-04-29 07:46:11,lengthy,True,False,1 commit
True,2021-04-29 07:46:36,very short,True,False,1 commit
True,2021-04-29 07:51:17,medium,True,False,1 commit
True,2021-04-29 08:03:25,short,True,False,1 commit
True,2021-04-29 13:00:20,short,True,False,1 commit
True,2021-04-29 18:13:37,lengthy,True,False,many commits
True,2021-04-29 18:36:03,lengthy,True,False,1 commit
True,2021-04-29 20:37:40,lengthy,True,False,1 commit
True,2021-04-30 04:45:06,lengthy,True,False,some commits
True,2021-04-30 04:56:41,short,True,False,many commits
True,2021-04-30 05:09:49,very short,True,False,1 commit
True,2021-04-30 14:19:42,very short,True,False,1 commit
True,2021-04-30 14:38:59,very short,True,False,1 commit
True,2021-04-30 16:58:37,lengthy,True,False,1 commit
True,2021-04-30 21:45:18,very short,True,False,1 commit
True,2021-05-01 10:26:15,short,True,False,1 commit
True,2021-05-01 23:31:36,lengthy,True,False,1 commit
True,2021-05-02 17:44:10,very short,True,True,some commits
True,2021-05-02 21:39:41,very short,True,False,1 commit
True,2021-05-03 14:20:48,very short,True,False,1 commit
True,2021-05-03 14:54:50,short,True,False,some commits
True,2021-05-03 21:15:11,medium,True,False,some commits
True,2021-05-03 23:05:13,very short,True,True,1 commit
True,2021-05-03 23:19:54,short,True,False,1 commit
True,2021-05-04 00:12:14,medium,True,False,some commits
True,2021-05-04 01:10:34,very short,True,False,1 commit
True,2021-05-04 02:28:21,short,True,False,some commits
True,2021-05-04 02:31:28,very short,True,False,1 commit
True,2021-05-04 02:31:36,very short,True,False,1 commit
True,2021-05-04 05:02:30,medium,True,False,many commits
True,2021-05-04 05:26:58,short,True,False,some commits
False,2021-05-04 06:33:23,lengthy,False,True,some commits
True,2021-05-04 19:12:16,very short,True,False,1 commit
True,2021-05-04 20:18:36,short,True,False,1 commit
True,2021-05-05 13:38:35,lengthy,True,False,some commits
True,2021-05-05 13:45:14,lengthy,True,False,1 commit
True,2021-05-05 19:43:23,very short,True,False,1 commit
True,2021-05-05 20:12:40,very short,True,False,1 commit
True,2021-05-06 00:30:37,lengthy,True,False,1 commit
True,2021-05-06 12:40:51,medium,True,False,1 commit
True,2021-05-06 13:44:15,very short,True,False,some commits
True,2021-05-06 18:15:02,very short,True,False,1 commit
True,2021-05-06 18:29:33,lengthy,True,False,1 commit
False,2021-05-06 18:29:57,lengthy,True,False,some commits
True,2021-05-06 22:09:05,very short,True,False,1 commit
True,2021-05-07 00:47:14,very short,True,False,1 commit
True,2021-05-07 05:46:15,very short,True,False,1 commit
True,2021-05-07 07:46:00,very short,True,False,1 commit
True,2021-05-07 22:21:38,very short,True,False,1 commit
True,2021-05-07 22:21:46,very short,True,False,1 commit
True,2021-05-08 03:38:22,very short,True,False,1 commit
True,2021-05-08 04:24:15,very short,True,False,many commits
True,2021-05-08 08:36:54,very short,True,False,1 commit
True,2021-05-08 11:24:47,medium,True,False,1 commit
True,2021-05-08 20:24:06,lengthy,True,False,1 commit
True,2021-05-09 13:35:25,short,True,False,1 commit
True,2021-05-09 21:23:18,lengthy,True,False,1 commit
True,2021-05-09 21:38:05,short,True,False,1 commit
True,2021-05-10 02:08:26,very short,False,True,some commits
True,2021-05-10 08:04:39,very short,True,False,1 commit
True,2021-05-10 08:25:05,very short,True,False,1 commit
True,2021-05-10 08:51:02,short,True,False,1 commit
True,2021-05-10 16:58:36,very short,True,False,1 commit
True,2021-05-11 19:43:39,very short,True,False,1 commit
True,2021-05-11 20:51:22,medium,True,False,some commits
True,2021-05-12 08:32:46,lengthy,True,False,1 commit
True,2021-05-12 11:46:40,very short,True,False,1 commit
True,2021-05-12 12:10:51,very short,True,False,1 commit
True,2021-05-12 12:32:47,medium,True,True,some commits
True,2021-05-12 17:02:55,lengthy,True,False,1 commit
True,2021-05-12 17:18:12,lengthy,False,True,1 commit
True,2021-05-13 03:07:25,short,True,False,some commits
True,2021-05-13 04:37:17,medium,True,False,1 commit
True,2021-05-13 06:19:38,medium,True,False,many commits
True,2021-05-13 16:45:46,lengthy,True,False,many commits
True,2021-05-13 23:08:27,very short,True,False,some commits
True,2021-05-14 01:21:14,very short,True,False,1 commit
True,2021-05-14 03:18:32,very short,True,False,1 commit
True,2021-05-14 03:32:51,very short,True,False,1 commit
True,2021-05-14 03:33:09,very short,True,False,1 commit
True,2021-05-14 05:37:28,lengthy,True,False,1 commit
True,2021-05-14 14:35:41,very short,True,False,1 commit
True,2021-05-14 22:49:58,very short,True,False,some commits
True,2021-05-15 00:50:32,very short,True,False,1 commit
True,2021-05-15 05:47:01,lengthy,True,False,some commits
True,2021-05-15 23:49:12,very short,True,False,1 commit
True,2021-05-16 00:41:13,very short,True,False,1 commit
True,2021-05-16 13:24:20,very short,True,False,1 commit
True,2021-05-16 15:52:49,short,True,False,some commits
True,2021-05-16 20:41:17,lengthy,True,False,1 commit
True,2021-05-16 23:28:48,short,True,False,some commits
True,2021-05-17 09:34:18,very short,True,False,1 commit
True,2021-05-17 17:33:29,short,True,False,1 commit
True,2021-05-18 08:52:40,lengthy,True,False,1 commit
True,2021-05-18 09:12:55,lengthy,True,False,1 commit
True,2021-05-18 20:37:49,very short,True,False,1 commit
False,2021-05-19 15:09:34,lengthy,False,True,1 commit
True,2021-05-19 15:41:38,short,True,False,some commits
True,2021-05-19 19:43:05,very short,True,False,some commits
True,2021-05-20 04:42:45,very short,True,False,1 commit
True,2021-05-20 05:08:01,very short,True,False,1 commit
True,2021-05-21 00:54:04,very short,True,False,1 commit
True,2021-05-21 06:23:59,short,True,False,1 commit
True,2021-05-21 07:22:14,very short,True,False,some commits
True,2021-05-21 09:03:48,short,True,False,1 commit
True,2021-05-21 09:31:18,very short,True,False,1 commit
True,2021-05-21 12:15:20,very short,True,False,1 commit
True,2021-05-22 04:10:11,lengthy,True,False,some commits
True,2021-05-22 07:03:27,medium,True,False,1 commit
True,2021-05-23 13:24:11,very short,True,False,1 commit
True,2021-05-23 19:43:58,short,True,False,1 commit
True,2021-05-23 22:00:20,medium,True,False,1 commit
True,2021-05-24 00:21:25,lengthy,True,False,1 commit
True,2021-05-24 02:07:29,lengthy,True,False,1 commit
True,2021-05-24 11:15:54,very short,True,False,1 commit
True,2021-05-25 10:31:15,very short,True,False,1 commit
True,2021-05-25 13:00:28,very short,True,False,1 commit
True,2021-05-25 19:46:25,very short,True,False,1 commit
True,2021-05-25 21:43:08,very short,True,False,1 commit
True,2021-05-25 22:23:26,short,True,False,1 commit
True,2021-05-25 22:39:09,very short,True,False,1 commit
True,2021-05-26 05:01:09,very short,True,False,1 commit
True,2021-05-26 07:01:44,very short,True,False,1 commit
True,2021-05-26 07:20:47,very short,True,False,some commits
True,2021-05-26 08:56:28,very short,True,False,1 commit
True,2021-05-26 17:01:33,very short,True,False,1 commit
True,2021-05-26 23:56:18,very short,True,False,1 commit
True,2021-05-27 08:56:50,very short,True,False,1 commit
True,2021-05-27 23:40:24,very short,True,False,some commits
True,2021-05-28 01:04:10,medium,True,False,some commits
True,2021-05-28 03:09:21,very short,True,False,1 commit
True,2021-05-28 22:27:59,lengthy,True,False,1 commit
True,2021-05-29 01:53:11,lengthy,True,False,some commits
True,2021-05-29 04:41:48,very short,True,False,some commits
True,2021-05-29 13:17:31,very short,True,False,1 commit
True,2021-05-29 14:46:57,short,True,False,1 commit
True,2021-05-31 19:49:33,very short,True,False,some commits
True,2021-06-01 08:31:53,very short,True,False,1 commit
True,2021-06-01 15:02:33,very short,True,False,1 commit
True,2021-06-01 16:16:11,very short,True,False,1 commit
True,2021-06-02 09:19:22,very short,True,False,1 commit
True,2021-06-02 15:54:08,medium,True,False,some commits
True,2021-06-02 17:12:02,very short,True,False,1 commit
True,2021-06-02 17:14:17,medium,True,False,1 commit
True,2021-06-02 17:28:26,very short,True,False,1 commit
True,2021-06-03 10:14:24,very short,True,False,1 commit
True,2021-06-03 14:14:20,lengthy,True,False,1 commit
False,2021-06-03 18:26:31,lengthy,True,False,many commits
True,2021-06-03 21:24:14,short,False,True,1 commit
True,2021-06-04 04:44:19,medium,True,False,1 commit
True,2021-06-04 13:06:57,very short,True,False,1 commit
True,2021-06-04 18:13:38,lengthy,True,False,many commits
True,2021-06-04 21:19:39,short,True,False,1 commit
True,2021-06-05 23:32:04,medium,True,True,some commits
True,2021-06-06 01:19:36,lengthy,False,True,some commits
True,2021-06-07 06:01:03,very short,True,False,1 commit
True,2021-06-07 09:00:34,very short,True,False,1 commit
True,2021-06-07 20:32:08,very short,True,False,1 commit
True,2021-06-07 21:40:48,very short,True,False,1 commit
True,2021-06-07 21:40:55,very short,True,False,1 commit
True,2021-06-07 23:02:35,very short,True,False,1 commit
True,2021-06-08 09:49:59,short,True,False,1 commit
True,2021-06-08 13:56:34,short,True,False,1 commit
True,2021-06-08 14:16:19,lengthy,True,False,many commits
True,2021-06-09 11:09:38,very short,True,False,1 commit
True,2021-06-09 12:04:03,very short,True,False,1 commit
True,2021-06-09 16:01:06,short,True,False,some commits
True,2021-06-09 21:15:43,medium,True,False,1 commit
True,2021-06-09 22:13:46,medium,True,False,1 commit
True,2021-06-10 00:39:37,medium,True,False,some commits
True,2021-06-10 16:40:30,very short,True,False,1 commit
True,2021-06-10 22:18:32,lengthy,True,False,1 commit
True,2021-06-10 22:30:09,very short,True,False,1 commit
True,2021-06-11 06:27:32,very short,True,False,1 commit
True,2021-06-11 14:44:43,medium,True,False,1 commit
True,2021-06-11 18:54:28,medium,True,True,some commits
True,2021-06-11 20:12:54,very short,True,False,1 commit
True,2021-06-12 13:03:05,medium,True,False,1 commit
False,2021-06-12 15:12:12,very short,False,True,1 commit
False,2021-06-12 19:26:20,very short,False,False,1 commit
True,2021-06-13 05:24:07,lengthy,True,False,some commits
True,2021-06-13 09:06:49,very short,True,False,1 commit
True,2021-06-13 12:01:35,very short,True,False,1 commit
True,2021-06-13 16:52:23,very short,True,False,1 commit
True,2021-06-13 17:01:31,very short,True,False,1 commit
True,2021-06-14 14:16:00,very short,True,False,1 commit
True,2021-06-15 04:03:35,short,True,False,some commits
True,2021-06-15 04:49:01,medium,True,False,1 commit
True,2021-06-15 04:58:10,short,True,False,1 commit
True,2021-06-15 04:59:38,lengthy,True,False,1 commit
True,2021-06-15 14:31:42,very short,True,False,1 commit
True,2021-06-15 14:55:10,short,True,False,1 commit
True,2021-06-15 21:15:12,lengthy,True,False,1 commit
True,2021-06-15 22:52:50,very short,True,False,1 commit
True,2021-06-16 08:08:08,short,True,False,1 commit
True,2021-06-16 08:57:34,very short,True,False,some commits
True,2021-06-16 09:50:21,medium,True,False,1 commit
True,2021-06-16 09:51:20,lengthy,True,False,many commits
True,2021-06-16 16:44:32,lengthy,False,True,some commits
True,2021-06-17 00:40:29,very short,True,False,1 commit
True,2021-06-17 02:48:37,very short,True,False,some commits
True,2021-06-17 08:34:47,very short,True,False,1 commit
True,2021-06-17 08:34:56,very short,True,False,1 commit
True,2021-06-17 09:23:16,very short,True,False,1 commit
True,2021-06-17 09:34:36,very short,True,False,1 commit
True,2021-06-17 11:41:58,very short,True,False,1 commit
True,2021-06-18 17:53:32,very short,True,False,1 commit
True,2021-06-19 09:00:09,lengthy,True,False,many commits
True,2021-06-19 11:45:32,short,True,False,1 commit
True,2021-06-19 12:25:59,very short,True,False,1 commit
True,2021-06-19 22:21:18,lengthy,False,False,1 commit
True,2021-06-19 22:23:36,lengthy,True,False,many commits
True,2021-06-20 12:54:14,short,False,True,1 commit
True,2021-06-20 18:32:50,short,True,False,1 commit
True,2021-06-21 13:37:03,very short,True,False,1 commit
True,2021-06-21 14:32:53,very short,True,False,1 commit
True,2021-06-21 14:34:25,very short,True,False,1 commit
True,2021-06-21 20:56:11,very short,True,False,1 commit
True,2021-06-22 08:19:10,very short,True,False,1 commit
True,2021-06-22 10:25:08,very short,True,False,1 commit
True,2021-06-22 16:11:03,very short,True,True,some commits
True,2021-06-23 03:05:05,short,True,False,1 commit
True,2021-06-23 12:37:41,medium,True,False,1 commit
True,2021-06-23 13:15:15,very short,False,True,1 commit
False,2021-06-23 13:43:54,lengthy,True,False,many commits
True,2021-06-23 19:32:26,very short,True,False,1 commit
True,2021-06-23 20:50:15,lengthy,True,False,1 commit
True,2021-06-23 21:05:18,very short,True,False,1 commit
True,2021-06-23 22:14:06,very short,True,False,1 commit
True,2021-06-24 05:45:29,very short,True,False,1 commit
True,2021-06-24 15:27:04,very short,True,False,1 commit
True,2021-06-24 20:15:22,very short,True,False,1 commit
True,2021-06-24 22:15:11,medium,True,False,1 commit
True,2021-06-24 22:55:09,lengthy,True,False,some commits
True,2021-06-25 07:33:35,short,True,False,1 commit
True,2021-06-25 08:00:33,lengthy,True,False,1 commit
True,2021-06-25 08:09:06,medium,True,False,1 commit
True,2021-06-25 09:59:27,lengthy,False,True,many commits
True,2021-06-26 21:52:40,medium,True,False,1 commit
True,2021-06-27 10:25:47,medium,True,False,1 commit
True,2021-06-27 11:46:20,very short,True,False,1 commit
True,2021-06-27 15:42:57,short,True,False,some commits
True,2021-06-27 19:36:11,very short,True,False,1 commit
True,2021-06-27 22:08:29,short,True,False,1 commit
True,2021-06-28 09:04:18,very short,True,False,1 commit
True,2021-06-28 09:20:39,very short,True,False,1 commit
True,2021-06-28 11:06:42,medium,True,False,1 commit
True,2021-06-28 13:05:06,very short,True,False,1 commit
True,2021-06-28 13:33:04,very short,True,False,1 commit
True,2021-06-28 14:57:37,very short,True,True,1 commit
True,2021-06-28 17:21:43,very short,True,False,1 commit
True,2021-06-28 18:08:04,short,True,False,1 commit
True,2021-06-29 01:46:04,lengthy,False,False,many commits
True,2021-06-29 08:22:29,lengthy,True,False,many commits
True,2021-06-30 00:07:16,short,True,False,1 commit
False,2021-06-30 08:56:35,lengthy,True,False,many commits
True,2021-06-30 19:07:16,lengthy,True,True,some commits
True,2021-06-30 21:59:50,very short,True,False,1 commit
True,2021-07-01 00:37:19,short,True,False,1 commit
True,2021-07-01 20:55:21,short,True,False,1 commit
True,2021-07-01 22:04:23,short,True,False,1 commit
True,2021-07-01 22:38:34,short,True,False,1 commit
True,2021-07-02 05:11:56,short,True,False,1 commit
True,2021-07-03 11:16:14,very short,True,False,1 commit
True,2021-07-03 22:11:31,medium,True,False,some commits
True,2021-07-03 23:04:47,very short,True,False,1 commit
True,2021-07-04 17:10:36,short,True,False,1 commit
True,2021-07-04 19:54:12,very short,True,False,1 commit
True,2021-07-04 22:19:06,very short,True,False,1 commit
True,2021-07-04 22:50:51,short,True,False,1 commit
True,2021-07-05 21:17:37,very short,True,False,1 commit
True,2021-07-06 15:38:56,medium,True,False,some commits
True,2021-07-06 19:51:52,very short,True,False,1 commit
True,2021-07-06 20:40:39,lengthy,True,False,many commits
True,2021-07-06 21:02:53,lengthy,True,False,1 commit
True,2021-07-06 22:25:04,very short,True,False,1 commit
True,2021-07-07 08:53:29,short,True,False,some commits
True,2021-07-07 09:01:58,very short,True,False,1 commit
True,2021-07-07 09:23:44,lengthy,False,False,many commits
True,2021-07-07 13:51:12,very short,True,False,some commits
True,2021-07-07 14:15:33,very short,True,False,1 commit
True,2021-07-07 22:22:06,medium,True,False,1 commit
True,2021-07-07 22:42:58,very short,True,False,1 commit
True,2021-07-08 06:41:27,very short,True,False,1 commit
True,2021-07-08 07:04:54,very short,True,False,1 commit
True,2021-07-08 08:18:27,lengthy,True,False,1 commit
True,2021-07-08 09:54:57,lengthy,True,False,1 commit
True,2021-07-08 14:20:29,short,False,True,many commits
True,2021-07-08 15:06:32,lengthy,True,False,1 commit
True,2021-07-08 20:52:08,short,True,True,some commits
True,2021-07-08 22:47:30,short,True,False,1 commit
False,2021-07-09 06:15:36,lengthy,False,True,many commits
True,2021-07-09 14:56:12,medium,True,False,some commits
True,2021-07-09 22:24:10,lengthy,True,False,some commits
True,2021-07-09 22:54:11,very short,True,False,1 commit
True,2021-07-10 08:49:39,very short,True,False,1 commit
True,2021-07-10 20:35:17,medium,True,False,1 commit
True,2021-07-11 12:58:32,short,True,False,some commits
True,2021-07-12 12:44:09,medium,True,False,some commits
True,2021-07-12 21:12:36,short,True,False,1 commit
True,2021-07-12 22:29:52,medium,True,False,1 commit
True,2021-07-13 17:21:01,very short,True,False,1 commit
True,2021-07-13 17:31:56,very short,True,False,1 commit
False,2021-07-14 13:39:16,lengthy,True,False,some commits
True,2021-07-14 22:01:10,medium,True,False,1 commit
False,2021-07-15 02:59:56,lengthy,True,False,some commits
False,2021-07-15 13:47:07,lengthy,False,False,some commits
True,2021-07-15 21:50:35,very short,True,False,1 commit
True,2021-07-16 23:27:14,lengthy,True,False,some commits
True,2021-07-18 13:29:02,short,True,False,some commits
True,2021-07-18 16:32:56,very short,True,False,1 commit
True,2021-07-18 16:52:54,very short,True,False,1 commit
True,2021-07-18 21:11:52,very short,True,False,some commits
True,2021-07-18 21:40:22,short,True,False,1 commit
True,2021-07-18 22:09:49,very short,True,False,1 commit
True,2021-07-19 09:05:24,very short,True,False,1 commit
True,2021-07-19 09:37:55,lengthy,True,False,1 commit
True,2021-07-19 10:03:13,very short,True,False,1 commit
True,2021-07-19 10:10:07,very short,True,False,1 commit
True,2021-07-19 10:54:47,very short,True,False,1 commit
True,2021-07-19 13:55:49,lengthy,True,False,1 commit
True,2021-07-19 16:47:03,short,True,False,many commits
True,2021-07-19 19:02:17,very short,False,False,1 commit
True,2021-07-19 20:46:29,very short,True,False,1 commit
True,2021-07-19 23:34:09,medium,True,False,1 commit
True,2021-07-20 03:24:10,short,True,False,some commits
True,2021-07-20 05:20:54,medium,True,False,some commits
True,2021-07-20 07:46:55,very short,True,False,1 commit
True,2021-07-20 13:55:25,very short,True,False,1 commit
True,2021-07-20 14:10:36,lengthy,True,False,many commits
True,2021-07-20 15:50:19,very short,True,False,1 commit
True,2021-07-20 19:13:47,lengthy,True,False,many commits
True,2021-07-20 20:49:44,very short,True,False,some commits
False,2021-07-20 23:47:15,very short,False,True,many commits
True,2021-07-21 04:51:39,medium,False,True,many commits
True,2021-07-21 10:29:55,very short,True,False,1 commit
True,2021-07-21 17:08:41,lengthy,True,True,many commits
True,2021-07-21 20:23:39,very short,True,False,1 commit
True,2021-07-22 02:20:26,very short,True,False,1 commit
False,2021-07-22 03:17:30,very short,False,False,many commits
True,2021-07-22 05:56:34,very short,True,False,1 commit
True,2021-07-22 12:13:40,lengthy,True,False,some commits
True,2021-07-22 13:35:28,lengthy,True,False,many commits
True,2021-07-22 17:06:27,lengthy,True,False,many commits
True,2021-07-22 19:02:13,lengthy,True,False,some commits
True,2021-07-22 20:19:29,very short,True,False,1 commit
True,2021-07-23 18:37:30,lengthy,True,False,many commits
True,2021-07-23 18:42:43,very short,True,False,1 commit
True,2021-07-23 22:15:07,very short,True,False,1 commit
True,2021-07-23 23:42:56,very short,True,True,1 commit
True,2021-07-24 00:42:17,medium,True,False,some commits
True,2021-07-24 09:23:47,lengthy,True,False,many commits
True,2021-07-24 09:25:40,short,True,False,some commits
True,2021-07-24 10:11:24,very short,True,False,1 commit
True,2021-07-24 13:48:25,lengthy,True,False,1 commit
True,2021-07-24 16:29:21,short,True,False,1 commit
True,2021-07-25 20:50:14,medium,True,False,1 commit
True,2021-07-25 22:25:22,lengthy,True,False,1 commit
True,2021-07-27 05:05:55,very short,True,False,some commits
True,2021-07-27 06:27:18,short,True,False,1 commit
True,2021-07-27 08:43:47,lengthy,True,False,some commits
True,2021-07-27 22:21:45,medium,True,False,many commits
True,2021-07-27 22:42:58,lengthy,True,False,1 commit
True,2021-07-27 23:15:39,very short,True,False,1 commit
True,2021-07-27 23:28:06,lengthy,True,False,1 commit
True,2021-07-27 23:37:16,short,True,False,1 commit
True,2021-07-28 10:12:07,very short,True,True,1 commit
True,2021-07-28 20:13:31,very short,True,False,1 commit
True,2021-07-28 21:09:52,very short,True,False,many commits
True,2021-07-28 22:36:30,very short,True,False,some commits
True,2021-07-29 06:36:22,very short,True,False,1 commit
True,2021-07-30 09:30:31,very short,True,False,1 commit
True,2021-07-30 09:49:57,short,True,False,1 commit
True,2021-07-30 09:51:25,very short,True,False,1 commit
True,2021-07-30 10:15:45,very short,True,False,1 commit
True,2021-07-30 14:23:16,lengthy,True,False,1 commit
True,2021-07-31 11:26:46,medium,True,False,1 commit
True,2021-07-31 22:24:44,short,True,False,1 commit
False,2021-08-01 11:26:19,very short,False,True,many commits
True,2021-08-01 18:18:13,short,True,False,1 commit
True,2021-08-02 08:12:49,short,True,False,1 commit
True,2021-08-03 13:00:08,very short,True,True,1 commit
True,2021-08-03 17:04:10,very short,True,False,1 commit
True,2021-08-04 01:43:27,short,True,False,1 commit
True,2021-08-04 14:04:13,short,True,False,1 commit
True,2021-08-05 17:54:16,very short,True,False,1 commit
True,2021-08-06 03:43:21,medium,True,False,1 commit
True,2021-08-06 21:21:41,very short,True,False,1 commit
False,2021-08-06 23:59:17,lengthy,True,False,many commits
True,2021-08-07 05:07:07,lengthy,True,False,1 commit
True,2021-08-07 13:20:31,lengthy,True,False,1 commit
True,2021-08-09 09:50:00,medium,False,True,some commits
True,2021-08-09 09:50:33,very short,True,False,some commits
True,2021-08-09 11:55:26,medium,True,True,many commits
True,2021-08-09 21:31:43,very short,True,False,1 commit
True,2021-08-10 03:57:25,short,True,False,1 commit
True,2021-08-10 04:48:25,very short,True,False,1 commit
True,2021-08-10 07:07:09,medium,True,False,1 commit
True,2021-08-10 10:09:54,lengthy,False,True,some commits
True,2021-08-10 14:58:25,very short,True,False,some commits
True,2021-08-10 21:14:07,very short,True,False,1 commit
True,2021-08-10 21:51:00,very short,True,False,1 commit
True,2021-08-11 02:22:54,very short,True,False,some commits
True,2021-08-11 06:23:50,short,True,False,1 commit
True,2021-08-12 08:38:03,very short,True,False,1 commit
True,2021-08-12 18:08:25,very short,True,False,1 commit
True,2021-08-12 20:05:17,very short,True,False,1 commit
False,2021-08-13 10:05:44,lengthy,True,False,many commits
True,2021-08-13 22:56:00,very short,True,False,1 commit
True,2021-08-15 10:03:27,lengthy,True,False,many commits
True,2021-08-15 16:44:10,medium,True,False,many commits
True,2021-08-16 21:18:22,very short,True,False,1 commit
True,2021-08-17 04:28:28,short,True,False,many commits
True,2021-08-17 08:20:23,very short,True,False,1 commit
True,2021-08-17 16:55:10,lengthy,True,False,1 commit
True,2021-08-18 06:49:31,lengthy,True,False,many commits
True,2021-08-18 15:11:35,very short,True,False,1 commit
False,2021-08-18 16:12:20,short,True,False,1 commit
True,2021-08-18 16:19:47,short,True,False,some commits
True,2021-08-19 09:03:04,short,True,False,some commits
True,2021-08-19 13:09:01,very short,True,True,1 commit
True,2021-08-19 20:18:35,very short,True,False,some commits
True,2021-08-20 01:00:05,medium,True,False,many commits
True,2021-08-20 12:39:43,lengthy,True,False,many commits
True,2021-08-20 17:59:28,lengthy,True,False,some commits
True,2021-08-20 18:51:30,very short,True,False,some commits
True,2021-08-21 05:05:24,very short,True,False,1 commit
True,2021-08-21 12:12:39,very short,True,False,1 commit
True,2021-08-21 12:47:05,very short,True,False,1 commit
True,2021-08-21 13:06:48,very short,True,False,1 commit
True,2021-08-22 20:07:28,short,True,True,1 commit
True,2021-08-23 09:18:09,very short,True,False,1 commit
True,2021-08-23 09:43:07,very short,True,False,1 commit
True,2021-08-23 11:36:26,very short,True,False,1 commit
False,2021-08-23 18:37:28,lengthy,True,False,many commits
True,2021-08-23 22:33:11,very short,True,False,1 commit
True,2021-08-23 22:37:32,very short,True,False,1 commit
True,2021-08-24 07:42:48,very short,True,False,1 commit
True,2021-08-24 09:04:35,short,True,False,1 commit
True,2021-08-24 13:40:53,very short,True,False,1 commit
True,2021-08-24 13:43:09,lengthy,True,False,1 commit
True,2021-08-24 18:24:23,very short,True,False,1 commit
True,2021-08-24 20:07:18,medium,True,False,some commits
True,2021-08-24 20:46:37,very short,True,False,1 commit
True,2021-08-24 21:02:22,very short,True,False,1 commit
True,2021-08-24 21:08:53,very short,True,False,1 commit
True,2021-08-24 22:58:05,very short,True,False,1 commit
True,2021-08-24 23:02:41,very short,True,False,1 commit
True,2021-08-25 09:48:49,very short,True,False,1 commit
True,2021-08-25 10:23:40,very short,True,False,1 commit
True,2021-08-25 19:23:30,lengthy,True,False,1 commit
True,2021-08-26 00:45:03,lengthy,True,False,many commits
True,2021-08-26 04:14:07,very short,True,False,some commits
True,2021-08-26 17:58:05,lengthy,True,False,some commits
True,2021-08-26 19:17:34,lengthy,True,False,many commits
True,2021-08-26 19:49:50,very short,True,False,1 commit
True,2021-08-27 04:45:53,very short,True,False,1 commit
True,2021-08-27 05:16:00,short,True,False,many commits
True,2021-08-27 06:23:33,very short,True,True,1 commit
False,2021-08-27 06:41:41,lengthy,True,False,many commits
True,2021-08-27 08:33:26,very short,True,False,1 commit
True,2021-08-27 17:19:17,very short,True,False,1 commit
True,2021-08-27 20:46:15,very short,True,False,1 commit
True,2021-08-27 22:33:46,very short,True,False,1 commit
True,2021-08-27 22:35:26,very short,True,False,1 commit
True,2021-08-28 17:36:50,short,True,False,some commits
True,2021-08-28 19:37:18,very short,True,False,1 commit
True,2021-08-28 22:19:29,short,True,False,some commits
True,2021-08-28 23:01:47,lengthy,True,False,some commits
True,2021-08-29 08:51:06,very short,True,False,1 commit
True,2021-08-29 08:58:38,very short,True,False,1 commit
True,2021-08-29 10:50:16,very short,True,False,1 commit
True,2021-08-29 10:51:28,very short,True,False,1 commit
True,2021-08-29 12:26:11,short,True,False,1 commit
True,2021-08-29 19:01:19,short,True,False,1 commit
False,2021-08-30 09:23:37,lengthy,False,True,1 commit
False,2021-08-30 14:41:23,very short,False,True,1 commit
True,2021-08-30 16:14:31,very short,True,False,1 commit
True,2021-08-30 21:07:22,very short,True,False,1 commit
True,2021-08-30 22:43:33,lengthy,True,False,1 commit
False,2021-08-31 07:04:13,lengthy,False,True,some commits
True,2021-08-31 11:13:16,lengthy,False,True,many commits
True,2021-08-31 12:21:04,very short,True,False,1 commit
True,2021-08-31 13:33:44,very short,True,False,1 commit
True,2021-08-31 19:27:22,very short,True,False,1 commit
True,2021-08-31 19:34:05,very short,True,False,1 commit
True,2021-08-31 19:48:35,very short,True,False,1 commit
True,2021-09-01 02:59:43,very short,True,False,1 commit
True,2021-09-01 05:55:19,very short,True,False,1 commit
True,2021-09-01 09:23:57,very short,True,False,1 commit
True,2021-09-01 10:13:39,very short,True,False,1 commit
True,2021-09-01 17:24:02,very short,True,False,1 commit
True,2021-09-01 20:04:17,very short,True,False,1 commit
True,2021-09-01 20:12:05,very short,True,False,1 commit
True,2021-09-01 22:18:27,very short,True,False,1 commit
True,2021-09-02 07:02:09,very short,True,False,1 commit
True,2021-09-02 08:36:05,very short,True,False,1 commit
True,2021-09-02 09:07:45,very short,True,False,1 commit
True,2021-09-02 09:21:38,very short,True,False,1 commit
True,2021-09-02 10:07:22,very short,True,False,1 commit
True,2021-09-02 14:40:49,very short,True,False,1 commit
True,2021-09-02 15:06:25,medium,True,False,1 commit
True,2021-09-02 18:24:49,medium,True,False,some commits
True,2021-09-02 20:16:34,very short,True,False,1 commit
True,2021-09-02 20:22:09,very short,True,False,1 commit
True,2021-09-02 21:23:12,very short,True,False,1 commit
True,2021-09-02 21:46:18,very short,True,False,1 commit
True,2021-09-03 07:00:07,very short,True,False,1 commit
True,2021-09-03 08:34:24,short,True,False,1 commit
True,2021-09-03 19:06:39,lengthy,True,False,1 commit
True,2021-09-04 13:40:03,medium,True,False,1 commit
True,2021-09-04 13:47:56,medium,True,False,1 commit
True,2021-09-04 14:20:26,very short,True,False,1 commit
True,2021-09-04 22:34:33,very short,True,False,1 commit
True,2021-09-05 10:42:33,very short,True,False,1 commit
True,2021-09-05 19:32:35,short,True,False,1 commit
True,2021-09-06 05:56:27,short,True,False,1 commit
True,2021-09-06 06:23:23,short,True,False,1 commit
True,2021-09-07 12:23:18,very short,True,False,1 commit
True,2021-09-07 16:27:11,very short,True,False,1 commit
True,2021-09-07 16:42:28,very short,True,False,1 commit
True,2021-09-07 21:13:32,very short,True,False,1 commit
True,2021-09-07 21:15:44,very short,True,False,1 commit
True,2021-09-08 07:11:42,short,True,False,some commits
True,2021-09-08 08:36:49,very short,True,False,1 commit
True,2021-09-08 09:17:28,very short,True,False,1 commit
True,2021-09-08 17:42:49,short,True,False,1 commit
True,2021-09-08 19:33:31,very short,True,False,1 commit
True,2021-09-08 20:25:23,very short,True,False,1 commit
True,2021-09-09 03:20:00,medium,True,False,some commits
True,2021-09-09 10:51:27,lengthy,True,False,1 commit
False,2021-09-09 18:50:12,lengthy,True,False,many commits
True,2021-09-09 19:25:37,very short,True,False,1 commit
True,2021-09-09 20:34:35,very short,True,False,1 commit
True,2021-09-09 20:36:43,very short,True,False,1 commit
True,2021-09-09 20:40:24,very short,True,False,1 commit
True,2021-09-09 20:45:07,very short,True,False,1 commit
True,2021-09-09 20:45:15,very short,True,False,1 commit
True,2021-09-09 20:56:15,medium,True,False,1 commit
True,2021-09-10 07:03:10,very short,True,False,1 commit
True,2021-09-10 08:54:09,very short,True,False,1 commit
True,2021-09-10 13:04:47,lengthy,True,False,some commits
True,2021-09-11 00:11:38,very short,True,False,1 commit
True,2021-09-11 09:34:51,very short,True,False,1 commit
True,2021-09-11 13:02:29,lengthy,True,False,1 commit
True,2021-09-11 14:44:41,very short,True,False,some commits
True,2021-09-11 18:31:46,very short,True,False,1 commit
True,2021-09-11 20:28:23,very short,True,False,1 commit
True,2021-09-11 20:54:37,very short,True,False,1 commit
True,2021-09-11 20:56:23,short,True,False,1 commit
True,2021-09-11 22:10:03,lengthy,True,False,1 commit
True,2021-09-11 22:27:55,short,True,False,1 commit
True,2021-09-12 07:13:14,very short,True,False,1 commit
True,2021-09-12 12:07:57,very short,True,False,1 commit
True,2021-09-12 14:04:59,short,True,False,1 commit
True,2021-09-12 14:19:15,short,True,False,1 commit
True,2021-09-12 18:36:43,very short,True,False,1 commit
True,2021-09-12 19:13:48,very short,True,False,1 commit
True,2021-09-13 00:33:16,very short,True,False,1 commit
True,2021-09-13 06:20:17,very short,True,False,1 commit
True,2021-09-13 06:21:21,very short,True,False,1 commit
True,2021-09-13 08:36:23,very short,True,False,1 commit
True,2021-09-13 16:12:20,very short,True,False,1 commit
True,2021-09-13 19:42:21,very short,True,False,1 commit
True,2021-09-13 19:54:50,very short,True,False,1 commit
True,2021-09-13 20:16:15,very short,True,False,1 commit
True,2021-09-13 22:48:42,very short,True,False,1 commit
True,2021-09-13 23:00:48,very short,True,False,1 commit
True,2021-09-14 00:25:13,very short,True,False,1 commit
True,2021-09-14 05:37:53,very short,True,False,1 commit
True,2021-09-14 05:49:23,very short,True,False,1 commit
True,2021-09-14 08:47:10,very short,True,False,1 commit
True,2021-09-14 11:44:03,short,True,False,1 commit
True,2021-09-14 17:19:22,very short,True,False,1 commit
True,2021-09-14 18:40:43,very short,True,False,1 commit
True,2021-09-15 00:16:20,very short,True,False,1 commit
True,2021-09-15 08:52:04,very short,True,False,1 commit
True,2021-09-15 12:58:26,very short,True,False,1 commit
True,2021-09-15 15:05:17,lengthy,True,False,some commits
True,2021-09-15 21:53:28,very short,True,False,1 commit
True,2021-09-16 03:01:46,very short,True,False,1 commit
True,2021-09-16 05:52:58,very short,True,False,1 commit
True,2021-09-16 07:48:21,medium,True,False,1 commit
True,2021-09-16 07:54:20,very short,True,False,1 commit
True,2021-09-16 08:10:53,very short,True,False,1 commit
True,2021-09-16 08:34:36,very short,True,False,1 commit
True,2021-09-16 09:26:24,very short,True,False,1 commit
True,2021-09-16 09:26:31,very short,True,False,1 commit
True,2021-09-16 09:47:36,medium,True,False,1 commit
False,2021-09-16 15:57:56,lengthy,False,True,many commits
True,2021-09-16 19:11:17,very short,True,False,1 commit
True,2021-09-16 19:16:14,very short,True,False,1 commit
True,2021-09-16 20:09:38,very short,True,False,1 commit
True,2021-09-16 21:07:39,very short,True,False,1 commit
True,2021-09-16 21:12:50,very short,True,False,1 commit
True,2021-09-16 21:27:51,very short,True,False,1 commit
True,2021-09-16 21:34:08,very short,True,False,1 commit
True,2021-09-16 21:36:11,very short,True,False,1 commit
True,2021-09-17 13:24:52,very short,True,False,1 commit
True,2021-09-18 15:08:15,very short,True,False,1 commit
True,2021-09-18 22:01:50,very short,True,False,1 commit
True,2021-09-18 22:25:55,very short,True,False,1 commit
True,2021-09-19 04:46:01,very short,True,False,1 commit
True,2021-09-19 11:30:08,very short,True,False,1 commit
True,2021-09-19 11:31:57,very short,True,False,1 commit
True,2021-09-19 11:32:15,very short,True,False,1 commit
True,2021-09-19 11:59:28,short,True,False,1 commit
True,2021-09-19 11:59:40,very short,True,False,1 commit
True,2021-09-19 12:04:43,very short,True,False,1 commit
True,2021-09-19 12:41:57,very short,True,False,1 commit
True,2021-09-19 13:18:12,medium,True,False,1 commit
True,2021-09-19 14:33:06,medium,True,False,1 commit
True,2021-09-19 15:15:09,very short,True,False,1 commit
True,2021-09-19 18:36:33,very short,True,False,1 commit
True,2021-09-19 19:09:36,very short,True,False,1 commit
True,2021-09-19 19:19:48,very short,False,True,some commits
True,2021-09-19 19:49:56,very short,True,False,1 commit
True,2021-09-19 21:02:14,very short,True,False,1 commit
True,2021-09-19 21:46:48,very short,True,False,1 commit
True,2021-09-19 22:32:54,medium,True,False,many commits
True,2021-09-20 06:20:40,very short,True,False,1 commit
True,2021-09-20 07:47:07,very short,True,False,1 commit
True,2021-09-20 07:47:14,very short,True,False,1 commit
True,2021-09-20 16:20:15,short,True,False,1 commit
True,2021-09-20 16:34:05,short,True,False,1 commit
True,2021-09-20 17:46:39,short,True,False,some commits
True,2021-09-21 08:50:07,very short,True,False,1 commit
True,2021-09-21 11:22:43,very short,True,False,1 commit
True,2021-09-21 15:13:42,very short,True,False,1 commit
True,2021-09-21 16:51:09,very short,True,False,1 commit
True,2021-09-22 00:14:08,very short,True,False,1 commit
True,2021-09-22 11:33:59,very short,True,False,1 commit
True,2021-09-22 11:36:04,very short,True,False,1 commit
True,2021-09-22 11:41:43,very short,True,False,1 commit
True,2021-09-22 12:12:08,very short,True,False,1 commit
True,2021-09-22 15:18:48,very short,True,False,1 commit
True,2021-09-22 16:26:57,very short,True,False,1 commit
True,2021-09-22 22:33:22,very short,True,False,1 commit
True,2021-09-22 22:40:31,very short,True,False,1 commit
True,2021-09-22 22:43:52,very short,True,False,1 commit
True,2021-09-22 22:45:14,very short,True,False,1 commit
True,2021-09-23 08:02:33,very short,True,False,1 commit
True,2021-09-24 07:01:25,very short,True,False,1 commit
True,2021-09-24 14:23:01,short,True,False,1 commit
False,2021-09-24 17:16:16,lengthy,False,True,many commits
True,2021-09-24 23:12:13,very short,True,False,1 commit
True,2021-09-25 02:38:56,very short,True,False,1 commit
True,2021-09-25 03:01:14,short,True,True,1 commit
True,2021-09-25 05:34:57,very short,True,False,1 commit
False,2021-09-25 08:12:34,short,False,False,many commits
True,2021-09-26 09:00:23,lengthy,False,True,many commits
True,2021-09-26 16:06:23,very short,True,False,1 commit
True,2021-09-26 19:26:50,very short,True,False,1 commit
True,2021-09-26 19:27:58,very short,True,False,1 commit
True,2021-09-26 20:33:12,very short,True,False,1 commit
True,2021-09-26 21:39:00,very short,True,False,1 commit
True,2021-09-27 08:42:46,very short,False,False,some commits
True,2021-09-27 08:48:13,very short,True,False,1 commit
True,2021-09-27 09:05:15,very short,True,False,1 commit
True,2021-09-27 09:17:09,very short,True,False,1 commit
True,2021-09-27 10:30:47,very short,True,False,1 commit
True,2021-09-27 10:53:11,very short,True,False,1 commit
True,2021-09-27 12:09:12,very short,True,False,1 commit
True,2021-09-27 12:18:18,very short,True,False,1 commit
True,2021-09-27 13:29:39,very short,True,False,1 commit
True,2021-09-27 13:30:15,very short,True,False,1 commit
True,2021-09-27 17:29:37,very short,False,True,some commits
True,2021-09-27 19:00:23,very short,True,False,1 commit
True,2021-09-27 19:18:06,very short,True,False,1 commit
True,2021-09-27 19:39:40,very short,True,False,1 commit
True,2021-09-27 19:42:07,very short,True,False,1 commit
True,2021-09-27 20:02:31,very short,True,False,1 commit
True,2021-09-27 20:30:39,very short,True,False,1 commit
True,2021-09-27 21:08:06,very short,True,False,1 commit
True,2021-09-27 22:39:50,very short,True,False,1 commit
True,2021-09-27 22:45:09,very short,True,False,1 commit
True,2021-09-28 02:30:19,very short,True,False,1 commit
True,2021-09-28 03:43:34,very short,True,False,1 commit
True,2021-09-28 03:44:26,very short,True,False,1 commit
True,2021-09-28 06:19:41,short,True,True,some commits
True,2021-09-28 06:47:41,lengthy,True,False,some commits
True,2021-09-28 09:56:39,short,True,False,1 commit
True,2021-09-28 16:08:05,very short,True,False,1 commit
True,2021-09-29 00:47:52,very short,True,True,some commits
True,2021-09-29 04:02:43,very short,True,False,1 commit
True,2021-09-29 15:05:32,very short,True,False,1 commit
True,2021-09-29 16:36:10,very short,True,False,1 commit
True,2021-09-29 22:00:27,very short,True,False,some commits
True,2021-09-29 22:04:14,very short,True,False,1 commit
True,2021-09-29 22:24:42,very short,True,False,1 commit
True,2021-09-30 00:15:37,very short,True,False,1 commit
True,2021-09-30 00:44:57,short,True,False,1 commit
True,2021-09-30 06:31:14,very short,True,False,1 commit
True,2021-09-30 08:18:01,very short,True,False,1 commit
True,2021-09-30 08:44:09,very short,True,False,1 commit
True,2021-09-30 11:08:54,very short,True,False,1 commit
True,2021-09-30 11:13:08,very short,True,False,1 commit
True,2021-09-30 13:48:32,very short,True,False,1 commit
True,2021-09-30 19:19:05,very short,True,False,1 commit
True,2021-09-30 19:45:29,short,True,False,1 commit
True,2021-09-30 21:04:45,very short,True,False,some commits
True,2021-09-30 22:10:17,lengthy,True,False,1 commit
True,2021-09-30 23:33:46,very short,True,False,some commits
True,2021-10-01 00:46:44,very short,True,False,1 commit
False,2021-10-01 04:23:35,very short,False,True,1 commit
True,2021-10-01 08:46:31,very short,True,False,1 commit
True,2021-10-01 08:51:00,very short,True,False,1 commit
True,2021-10-01 10:11:03,very short,True,False,1 commit
True,2021-10-01 12:51:12,very short,True,False,1 commit
True,2021-10-01 13:31:42,very short,True,False,1 commit
True,2021-10-01 14:12:51,lengthy,True,False,many commits
True,2021-10-01 15:57:16,lengthy,False,True,many commits
True,2021-10-01 16:46:07,very short,True,False,1 commit
True,2021-10-01 18:12:00,lengthy,True,False,1 commit
True,2021-10-01 20:52:16,very short,True,False,1 commit
True,2021-10-01 20:54:16,very short,True,False,1 commit
True,2021-10-01 21:28:09,very short,True,False,1 commit
True,2021-10-02 06:13:06,very short,True,False,1 commit
True,2021-10-02 11:43:27,medium,True,True,many commits
True,2021-10-02 12:27:46,lengthy,True,False,1 commit
True,2021-10-02 14:03:53,very short,True,False,1 commit
True,2021-10-02 16:32:29,short,True,False,1 commit
True,2021-10-04 06:42:44,very short,True,False,1 commit
True,2021-10-04 08:21:18,lengthy,True,True,some commits
True,2021-10-04 10:11:01,very short,True,False,1 commit
True,2021-10-04 20:24:23,very short,True,False,some commits
True,2021-10-04 20:35:06,short,True,False,some commits
True,2021-10-04 20:44:37,lengthy,True,False,1 commit
True,2021-10-05 05:15:59,short,True,False,some commits
True,2021-10-05 08:22:56,short,True,False,1 commit
True,2021-10-05 08:42:06,very short,True,False,1 commit
True,2021-10-05 14:18:20,very short,True,False,1 commit
True,2021-10-05 15:07:43,lengthy,True,False,1 commit
True,2021-10-05 15:18:52,very short,True,False,1 commit
True,2021-10-05 19:46:06,short,True,False,1 commit
True,2021-10-05 19:46:13,medium,True,False,1 commit
True,2021-10-05 21:00:09,very short,True,False,1 commit
True,2021-10-05 21:00:21,medium,True,False,1 commit
True,2021-10-06 00:42:30,very short,True,False,1 commit
True,2021-10-06 00:44:36,very short,True,False,1 commit
True,2021-10-06 01:50:27,very short,True,False,1 commit
True,2021-10-06 02:24:53,very short,True,False,1 commit
True,2021-10-06 07:55:42,very short,True,False,1 commit
True,2021-10-06 07:56:03,very short,True,False,1 commit
True,2021-10-06 15:34:06,short,True,False,1 commit
True,2021-10-06 20:20:14,very short,True,False,1 commit
True,2021-10-06 23:54:07,very short,True,False,1 commit
True,2021-10-07 02:54:23,very short,True,False,1 commit
True,2021-10-07 03:11:09,very short,True,False,1 commit
True,2021-10-07 07:36:10,very short,True,False,1 commit
True,2021-10-07 14:10:25,very short,True,False,1 commit
True,2021-10-07 20:52:11,very short,True,False,1 commit
True,2021-10-07 21:33:09,short,True,False,some commits
True,2021-10-08 05:11:09,very short,True,False,1 commit
True,2021-10-08 09:45:20,lengthy,True,False,1 commit
True,2021-10-08 15:04:46,lengthy,True,False,some commits
False,2021-10-08 17:19:55,lengthy,True,False,1 commit
True,2021-10-08 20:40:33,short,True,False,some commits
False,2021-10-08 22:05:44,lengthy,False,True,many commits
False,2021-10-09 05:13:33,lengthy,False,True,many commits
True,2021-10-09 16:17:23,lengthy,True,False,1 commit
True,2021-10-09 18:20:45,very short,True,False,1 commit
True,2021-10-10 09:47:13,very short,True,False,1 commit
True,2021-10-10 15:21:50,very short,True,True,1 commit
True,2021-10-10 20:37:17,short,True,True,some commits
True,2021-10-11 08:23:41,very short,True,False,1 commit
True,2021-10-11 13:12:29,medium,True,False,many commits
True,2021-10-11 20:15:07,lengthy,False,True,1 commit
True,2021-10-12 06:47:15,very short,True,False,1 commit
True,2021-10-12 18:51:40,very short,True,False,1 commit
True,2021-10-12 21:59:32,lengthy,True,False,many commits
True,2021-10-12 22:02:45,very short,True,False,1 commit
False,2021-10-13 10:51:28,very short,False,True,1 commit
True,2021-10-13 22:52:32,very short,True,False,1 commit
True,2021-10-14 08:51:00,lengthy,True,False,1 commit
True,2021-10-14 12:17:20,short,True,False,1 commit
True,2021-10-14 13:08:24,very short,True,False,1 commit
True,2021-10-14 18:03:41,very short,True,False,1 commit
True,2021-10-14 20:35:06,very short,True,False,1 commit
True,2021-10-14 22:07:16,very short,True,False,1 commit
True,2021-10-15 00:15:16,very short,True,False,1 commit
True,2021-10-15 00:40:01,very short,True,False,1 commit
True,2021-10-15 00:51:58,very short,True,False,1 commit
True,2021-10-15 07:34:25,medium,True,False,1 commit
True,2021-10-15 10:50:11,very short,True,False,1 commit
False,2021-10-15 20:52:16,lengthy,True,False,many commits
True,2021-10-15 22:47:31,medium,True,False,some commits
True,2021-10-16 09:02:58,very short,True,False,1 commit
True,2021-10-16 18:41:46,lengthy,True,False,some commits
True,2021-10-18 10:38:50,short,True,False,1 commit
True,2021-10-18 12:39:11,very short,True,False,1 commit
True,2021-10-18 22:51:28,short,True,False,1 commit
False,2021-10-19 11:28:15,lengthy,True,False,some commits
True,2021-10-19 17:15:43,very short,True,False,1 commit
True,2021-10-20 00:48:39,medium,True,False,many commits
True,2021-10-20 08:00:09,very short,True,True,1 commit
True,2021-10-20 09:55:36,lengthy,True,False,1 commit
True,2021-10-20 09:55:53,medium,True,False,1 commit
True,2021-10-20 11:44:50,lengthy,True,False,1 commit
True,2021-10-20 14:31:40,lengthy,True,True,1 commit
True,2021-10-20 15:18:15,lengthy,True,False,1 commit
False,2021-10-20 16:45:25,lengthy,False,True,many commits
True,2021-10-20 17:17:06,very short,True,False,1 commit
True,2021-10-20 17:28:50,short,True,False,1 commit
True,2021-10-20 19:15:11,very short,False,True,1 commit
True,2021-10-20 22:03:28,very short,True,False,1 commit
True,2021-10-20 22:03:35,very short,True,False,1 commit
True,2021-10-20 23:40:38,medium,True,False,1 commit
True,2021-10-21 00:23:57,very short,True,False,1 commit
True,2021-10-21 03:42:15,very short,True,False,1 commit
True,2021-10-21 07:25:08,very short,True,False,1 commit
True,2021-10-21 07:59:26,very short,True,False,some commits
True,2021-10-21 09:36:40,very short,True,False,1 commit
True,2021-10-21 11:39:05,very short,True,False,1 commit
True,2021-10-21 14:37:31,very short,True,False,1 commit
True,2021-10-21 15:13:57,very short,True,False,1 commit
True,2021-10-21 16:18:53,very short,True,False,1 commit
True,2021-10-21 19:34:43,very short,True,False,1 commit
True,2021-10-21 19:37:22,short,True,False,1 commit
True,2021-10-21 19:58:49,very short,True,False,1 commit
True,2021-10-21 20:54:51,very short,True,False,some commits
True,2021-10-21 20:58:32,medium,True,False,1 commit
False,2021-10-21 21:35:28,lengthy,False,True,1 commit
True,2021-10-21 21:55:38,lengthy,True,False,1 commit
True,2021-10-22 06:34:10,lengthy,False,True,some commits
True,2021-10-22 09:09:27,short,True,False,1 commit
True,2021-10-22 09:17:21,very short,True,False,1 commit
True,2021-10-22 09:28:06,short,True,False,some commits
True,2021-10-22 09:35:09,short,True,False,1 commit
True,2021-10-22 11:19:46,very short,True,False,1 commit
True,2021-10-22 21:54:31,very short,True,False,1 commit
False,2021-10-23 06:10:55,very short,False,True,1 commit
True,2021-10-23 10:54:26,very short,True,False,1 commit
True,2021-10-23 10:54:47,very short,True,False,1 commit
True,2021-10-23 10:55:36,very short,True,False,1 commit
True,2021-10-23 11:05:26,very short,True,False,1 commit
True,2021-10-23 18:17:51,lengthy,True,False,some commits
True,2021-10-23 18:27:39,lengthy,True,False,1 commit
True,2021-10-23 23:23:29,very short,True,False,1 commit
True,2021-10-24 06:58:44,very short,True,False,some commits
True,2021-10-24 08:26:41,very short,True,False,1 commit
False,2021-10-24 13:49:45,very short,False,True,1 commit
True,2021-10-24 15:34:49,lengthy,True,False,1 commit
True,2021-10-24 16:32:50,very short,True,False,1 commit
True,2021-10-24 18:29:21,very short,True,False,1 commit
True,2021-10-24 19:15:13,very short,True,False,1 commit
True,2021-10-24 19:15:31,very short,True,False,1 commit
True,2021-10-24 20:31:54,very short,True,False,1 commit
True,2021-10-24 20:49:34,very short,True,False,1 commit
True,2021-10-24 21:28:37,very short,True,False,some commits
True,2021-10-25 05:50:15,very short,True,False,1 commit
True,2021-10-25 05:51:30,very short,True,False,1 commit
True,2021-10-25 08:26:53,very short,True,False,1 commit
True,2021-10-25 10:32:47,very short,True,False,1 commit
True,2021-10-25 12:11:40,short,True,False,some commits
True,2021-10-26 07:52:45,very short,True,False,1 commit
True,2021-10-27 03:16:59,very short,True,False,1 commit
True,2021-10-27 07:16:31,very short,True,True,1 commit
True,2021-10-27 09:02:08,very short,True,False,1 commit
True,2021-10-27 09:21:02,very short,True,False,1 commit
True,2021-10-27 21:24:08,very short,True,False,some commits
True,2021-10-28 03:13:11,very short,True,False,1 commit
True,2021-10-28 08:05:46,short,True,False,1 commit
True,2021-10-28 11:31:26,short,True,False,1 commit
True,2021-10-28 11:31:44,very short,True,True,1 commit
True,2021-10-28 19:12:06,short,True,False,1 commit
True,2021-10-28 19:33:00,very short,True,False,1 commit
True,2021-10-28 22:36:00,lengthy,False,True,some commits
True,2021-10-28 22:42:31,medium,False,False,some commits
True,2021-10-28 23:44:49,very short,False,True,some commits
True,2021-10-28 23:51:07,very short,True,False,1 commit
True,2021-10-29 00:10:02,medium,False,False,some commits
True,2021-10-29 03:58:02,very short,True,False,1 commit
True,2021-10-29 07:21:14,very short,True,False,1 commit
True,2021-10-29 18:27:12,lengthy,True,False,1 commit
True,2021-10-30 07:30:25,very short,True,False,1 commit
True,2021-11-01 12:59:34,lengthy,True,False,1 commit
True,2021-11-01 21:47:38,lengthy,True,False,1 commit
True,2021-11-01 22:03:07,lengthy,True,False,1 commit
False,2021-11-02 15:48:01,very short,False,True,1 commit
True,2021-11-02 17:43:34,lengthy,True,False,1 commit
True,2021-11-02 23:09:39,lengthy,True,False,1 commit
True,2021-11-03 03:49:27,medium,True,False,1 commit
True,2021-11-03 06:56:01,very short,True,False,1 commit
True,2021-11-03 18:12:22,very short,True,False,some commits
True,2021-11-03 18:49:35,very short,True,True,1 commit
True,2021-11-03 23:49:20,very short,True,False,1 commit
True,2021-11-04 10:12:34,very short,True,False,1 commit
True,2021-11-04 22:23:30,medium,False,True,some commits
True,2021-11-05 08:56:21,short,True,False,1 commit
True,2021-11-05 14:08:14,short,True,False,1 commit
True,2021-11-05 17:37:21,short,True,False,1 commit
True,2021-11-05 19:17:52,short,False,False,some commits
True,2021-11-05 19:39:05,lengthy,False,True,1 commit
False,2021-11-05 23:21:40,lengthy,False,True,many commits
True,2021-11-05 23:41:59,very short,True,False,1 commit
True,2021-11-06 12:09:24,short,True,False,1 commit
True,2021-11-06 20:26:09,short,True,False,1 commit
False,2021-11-06 21:49:05,short,False,False,many commits
True,2021-11-07 14:22:20,lengthy,True,False,1 commit
True,2021-11-07 14:57:36,short,True,False,1 commit
True,2021-11-07 15:59:23,very short,True,False,1 commit
True,2021-11-07 23:11:39,very short,True,False,1 commit
True,2021-11-07 23:12:45,very short,True,False,1 commit
False,2021-11-07 23:20:01,lengthy,False,True,some commits
True,2021-11-08 07:40:03,very short,True,False,1 commit
True,2021-11-08 09:02:13,very short,True,False,1 commit
True,2021-11-08 11:24:28,short,True,False,1 commit
True,2021-11-08 16:06:16,short,False,False,1 commit
True,2021-11-08 18:41:08,medium,True,True,some commits
True,2021-11-09 06:20:19,very short,True,False,1 commit
True,2021-11-09 16:10:33,very short,True,False,1 commit
True,2021-11-09 16:10:41,very short,True,False,1 commit
True,2021-11-10 04:07:50,very short,True,False,1 commit
True,2021-11-10 10:36:23,very short,True,False,1 commit
True,2021-11-10 16:29:40,very short,True,False,1 commit
True,2021-11-10 16:35:48,very short,True,False,1 commit
True,2021-11-10 16:53:51,lengthy,True,False,1 commit
True,2021-11-10 18:07:55,lengthy,True,False,1 commit
True,2021-11-10 21:04:32,very short,True,False,1 commit
True,2021-11-10 21:33:14,very short,True,False,1 commit
False,2021-11-10 21:33:21,medium,True,False,1 commit
True,2021-11-10 22:12:06,very short,True,False,1 commit
True,2021-11-10 22:27:13,medium,True,False,1 commit
True,2021-11-10 22:38:53,very short,True,False,1 commit
True,2021-11-10 23:33:37,lengthy,True,False,1 commit
True,2021-11-11 04:14:40,lengthy,True,False,1 commit
True,2021-11-11 07:50:58,very short,True,False,1 commit
True,2021-11-11 17:12:39,very short,True,False,1 commit
True,2021-11-11 17:43:38,very short,True,False,1 commit
True,2021-11-11 17:46:11,very short,True,False,1 commit
True,2021-11-11 18:13:57,medium,True,False,many commits
True,2021-11-11 20:06:07,very short,True,False,1 commit
True,2021-11-12 07:56:13,very short,True,False,1 commit
True,2021-11-12 09:21:49,very short,True,False,1 commit
True,2021-11-12 20:11:04,very short,True,False,some commits
True,2021-11-12 20:41:03,very short,True,False,1 commit
True,2021-11-12 20:44:33,very short,True,False,1 commit
True,2021-11-12 21:35:55,very short,True,False,1 commit
True,2021-11-12 23:45:40,very short,True,False,some commits
True,2021-11-13 01:05:30,very short,True,False,1 commit
True,2021-11-13 01:27:15,very short,True,False,1 commit
True,2021-11-13 04:14:17,very short,True,False,1 commit
True,2021-11-13 04:27:45,very short,True,False,1 commit
True,2021-11-13 08:10:31,very short,True,False,1 commit
True,2021-11-13 09:32:13,short,True,False,1 commit
True,2021-11-13 10:27:02,very short,True,False,1 commit
True,2021-11-13 12:00:52,medium,False,False,many commits
True,2021-11-13 20:57:11,short,False,True,many commits
True,2021-11-14 09:38:59,lengthy,True,False,1 commit
True,2021-11-14 20:40:14,very short,True,False,1 commit
True,2021-11-14 20:41:53,lengthy,True,False,1 commit
True,2021-11-14 23:48:04,very short,True,False,1 commit
False,2021-11-15 06:08:44,lengthy,True,False,some commits
True,2021-11-15 10:19:09,very short,True,False,1 commit
True,2021-11-15 13:35:28,very short,True,False,some commits
True,2021-11-15 14:18:17,lengthy,True,False,1 commit
True,2021-11-15 21:55:20,very short,True,False,1 commit
True,2021-11-15 22:16:00,very short,True,False,1 commit
True,2021-11-16 16:20:48,very short,True,False,1 commit
True,2021-11-17 13:17:19,short,True,False,1 commit
True,2021-11-17 21:56:01,short,True,False,1 commit
True,2021-11-18 04:24:28,lengthy,True,False,many commits
True,2021-11-18 05:13:14,short,True,False,1 commit
True,2021-11-18 05:44:54,medium,True,False,1 commit
True,2021-11-18 07:54:49,very short,True,False,many commits
True,2021-11-19 06:27:51,short,True,False,1 commit
True,2021-11-19 08:49:47,very short,True,False,1 commit
True,2021-11-19 19:41:47,very short,True,False,1 commit
True,2021-11-19 21:55:03,very short,True,False,1 commit
True,2021-11-19 22:23:42,very short,True,False,1 commit
True,2021-11-20 07:41:01,very short,True,False,some commits
True,2021-11-20 10:52:21,very short,True,False,1 commit
True,2021-11-20 14:43:51,very short,True,False,1 commit
True,2021-11-20 15:07:51,very short,True,False,some commits
True,2021-11-21 12:13:57,short,True,False,1 commit
True,2021-11-21 12:15:38,lengthy,True,False,1 commit
True,2021-11-21 12:26:06,very short,True,False,1 commit
True,2021-11-21 12:55:18,short,True,False,1 commit
True,2021-11-21 22:58:34,very short,False,False,1 commit
True,2021-11-22 00:08:47,medium,True,False,some commits
True,2021-11-22 05:51:45,very short,True,False,1 commit
True,2021-11-22 05:51:50,very short,True,False,1 commit
True,2021-11-22 14:17:49,very short,True,True,1 commit
True,2021-11-22 15:30:22,very short,True,False,1 commit
True,2021-11-22 17:01:01,very short,True,False,1 commit
True,2021-11-22 17:01:09,very short,True,False,1 commit
True,2021-11-22 20:23:28,very short,True,False,1 commit
True,2021-11-22 22:30:20,very short,True,False,1 commit
True,2021-11-22 23:11:15,very short,True,False,1 commit
True,2021-11-23 00:14:50,very short,True,False,1 commit
True,2021-11-23 09:01:03,very short,True,False,1 commit
True,2021-11-23 09:30:36,very short,True,False,1 commit
True,2021-11-23 12:36:39,very short,True,False,1 commit
True,2021-11-23 18:14:14,medium,True,False,1 commit
True,2021-11-23 22:48:00,very short,True,False,1 commit
True,2021-11-23 22:48:17,very short,True,False,1 commit
True,2021-11-24 02:37:25,lengthy,False,False,some commits
True,2021-11-24 19:07:27,short,True,True,some commits
True,2021-11-24 21:14:04,medium,True,False,1 commit
True,2021-11-25 10:32:41,very short,False,True,1 commit
True,2021-11-25 11:09:38,very short,True,False,1 commit
True,2021-11-25 12:57:47,medium,True,False,some commits
True,2021-11-25 19:49:27,very short,True,False,1 commit
True,2021-11-25 20:27:41,short,True,False,1 commit
True,2021-11-25 20:36:00,very short,True,False,1 commit
True,2021-11-25 21:12:16,lengthy,True,False,1 commit
True,2021-11-25 23:11:14,very short,True,False,1 commit
True,2021-11-25 23:15:48,lengthy,True,False,some commits
False,2021-11-25 23:18:53,lengthy,True,False,1 commit
True,2021-11-26 00:17:43,very short,True,False,1 commit
True,2021-11-26 01:45:27,short,True,False,1 commit
True,2021-11-26 02:01:25,very short,True,False,1 commit
True,2021-11-26 02:01:32,very short,True,False,1 commit
True,2021-11-26 12:16:40,very short,True,False,1 commit
True,2021-11-26 18:35:51,very short,True,False,1 commit
True,2021-11-26 19:05:00,very short,True,False,1 commit
True,2021-11-26 22:39:54,very short,True,False,1 commit
True,2021-11-26 22:52:31,very short,True,False,1 commit
True,2021-11-27 07:50:59,very short,True,False,1 commit
True,2021-11-27 07:53:51,very short,True,False,1 commit
True,2021-11-27 09:08:37,short,True,False,1 commit
True,2021-11-27 23:07:45,lengthy,False,True,many commits
True,2021-11-28 10:14:18,very short,True,False,1 commit
True,2021-11-28 10:14:25,very short,True,False,1 commit
True,2021-11-28 13:49:29,very short,True,False,1 commit
True,2021-11-28 13:51:28,very short,True,False,1 commit
True,2021-11-28 13:54:10,very short,True,False,1 commit
True,2021-11-28 14:33:15,lengthy,True,False,some commits
True,2021-11-28 15:34:29,lengthy,True,False,1 commit
True,2021-11-28 19:54:10,short,True,False,1 commit
True,2021-11-28 20:46:47,short,True,False,some commits
True,2021-11-29 00:22:57,very short,True,True,1 commit
True,2021-11-29 06:05:37,very short,True,False,1 commit
True,2021-11-29 06:23:18,very short,True,False,1 commit
True,2021-11-29 08:04:20,very short,True,False,1 commit
True,2021-11-29 09:14:39,very short,True,False,some commits
False,2021-11-29 12:02:34,medium,True,False,some commits
True,2021-11-29 14:41:28,medium,False,True,some commits
True,2021-11-29 14:52:14,short,True,False,some commits
True,2021-11-29 23:07:42,very short,True,False,1 commit
True,2021-11-29 23:46:49,very short,True,False,1 commit
True,2021-11-30 02:03:23,very short,True,False,1 commit
True,2021-11-30 03:57:00,very short,True,False,1 commit
True,2021-11-30 03:57:08,very short,True,False,1 commit
True,2021-11-30 07:43:23,very short,True,False,1 commit
True,2021-11-30 07:45:12,very short,True,False,1 commit
True,2021-11-30 22:37:01,very short,True,False,1 commit
True,2021-12-01 00:38:53,very short,True,False,1 commit
True,2021-12-01 03:31:26,very short,True,False,1 commit
True,2021-12-01 13:35:45,very short,True,False,1 commit
True,2021-12-01 13:35:52,very short,True,False,1 commit
True,2021-12-01 18:52:05,very short,True,False,1 commit
True,2021-12-01 20:46:21,lengthy,True,False,many commits
True,2021-12-01 21:08:13,lengthy,True,False,some commits
True,2021-12-01 22:19:45,very short,True,False,1 commit
True,2021-12-01 23:56:52,lengthy,True,False,some commits
True,2021-12-02 06:35:39,medium,True,False,some commits
True,2021-12-02 08:24:10,lengthy,True,False,some commits
True,2021-12-02 09:03:04,lengthy,True,False,1 commit
True,2021-12-02 15:30:26,very short,True,False,1 commit
True,2021-12-03 01:19:17,very short,True,False,1 commit
True,2021-12-03 10:39:13,very short,True,False,1 commit
True,2021-12-03 14:00:59,very short,True,False,1 commit
True,2021-12-03 15:12:55,very short,True,False,1 commit
True,2021-12-03 18:56:54,very short,True,False,1 commit
True,2021-12-04 01:31:15,very short,True,False,1 commit
True,2021-12-04 01:31:22,very short,True,False,1 commit
True,2021-12-04 12:11:50,medium,True,False,1 commit
True,2021-12-05 00:52:45,medium,True,False,1 commit
True,2021-12-05 01:21:50,very short,True,False,1 commit
True,2021-12-05 08:51:25,very short,True,False,1 commit
True,2021-12-05 12:38:32,very short,True,False,some commits
True,2021-12-05 17:36:29,short,True,False,1 commit
True,2021-12-05 19:10:15,short,True,False,1 commit
True,2021-12-05 20:08:57,very short,True,False,1 commit
True,2021-12-06 00:10:07,short,False,False,many commits
True,2021-12-06 05:17:56,short,True,False,some commits
True,2021-12-06 09:39:07,lengthy,True,False,some commits
True,2021-12-06 13:22:47,short,True,False,1 commit
True,2021-12-08 14:51:16,short,True,False,1 commit
True,2021-12-08 16:09:35,very short,True,False,1 commit
True,2021-12-08 20:59:58,short,True,False,some commits
True,2021-12-08 23:19:46,very short,True,False,1 commit
True,2021-12-09 09:42:30,very short,True,False,1 commit
True,2021-12-09 14:53:04,very short,True,False,1 commit
True,2021-12-09 14:53:11,very short,True,False,1 commit
True,2021-12-09 17:29:08,lengthy,True,False,1 commit
True,2021-12-09 19:29:11,very short,True,False,1 commit
True,2021-12-09 19:29:18,very short,True,False,1 commit
True,2021-12-09 21:48:30,very short,True,False,1 commit
True,2021-12-10 01:53:23,very short,True,False,1 commit
True,2021-12-10 03:19:50,very short,True,False,1 commit
True,2021-12-10 04:13:34,medium,True,False,many commits
True,2021-12-10 05:03:39,very short,True,False,1 commit
True,2021-12-10 05:27:34,very short,True,False,1 commit
True,2021-12-10 07:04:07,very short,True,False,1 commit
True,2021-12-10 07:05:42,very short,True,False,1 commit
True,2021-12-10 09:26:35,medium,True,False,1 commit
True,2021-12-10 10:08:46,very short,True,False,1 commit
True,2021-12-10 10:34:09,very short,True,False,1 commit
True,2021-12-10 10:59:54,medium,True,False,1 commit
True,2021-12-10 18:40:53,very short,True,False,1 commit
True,2021-12-10 18:47:53,very short,True,False,1 commit
True,2021-12-10 19:29:15,short,True,False,some commits
True,2021-12-10 20:55:26,very short,True,False,1 commit
True,2021-12-10 20:55:33,very short,True,False,1 commit
True,2021-12-10 22:19:52,very short,True,False,1 commit
True,2021-12-10 22:52:56,short,True,False,1 commit
False,2021-12-11 10:04:26,lengthy,False,True,1 commit
True,2021-12-12 22:40:31,medium,True,False,1 commit
True,2021-12-13 08:33:31,short,True,False,1 commit
True,2021-12-13 23:12:23,very short,True,False,1 commit
True,2021-12-14 05:09:49,very short,True,False,1 commit
True,2021-12-14 10:15:17,lengthy,True,False,many commits
True,2021-12-14 12:18:31,very short,True,False,1 commit
True,2021-12-14 12:47:43,short,True,False,1 commit
True,2021-12-14 19:57:22,very short,True,False,some commits
True,2021-12-14 20:34:20,very short,True,False,1 commit
True,2021-12-14 21:49:11,very short,True,False,1 commit
True,2021-12-14 23:44:11,very short,True,False,1 commit
True,2021-12-14 23:46:00,very short,True,False,1 commit
False,2021-12-15 03:38:08,lengthy,False,False,many commits
True,2021-12-15 11:24:54,lengthy,True,False,1 commit
True,2021-12-15 13:12:16,short,True,False,1 commit
True,2021-12-15 13:23:27,very short,True,False,1 commit
False,2021-12-15 18:57:18,lengthy,False,False,many commits
True,2021-12-15 18:58:19,very short,True,False,1 commit
True,2021-12-16 11:29:54,very short,True,False,1 commit
True,2021-12-16 13:31:39,lengthy,True,False,1 commit
True,2021-12-16 18:00:59,very short,True,True,some commits
True,2021-12-16 18:12:52,short,True,False,1 commit
True,2021-12-16 18:21:05,very short,True,False,1 commit
True,2021-12-16 18:45:55,medium,True,False,1 commit
True,2021-12-16 19:43:00,medium,True,False,1 commit
True,2021-12-16 22:04:14,very short,True,False,1 commit
True,2021-12-16 23:02:43,very short,True,False,1 commit
True,2021-12-16 23:02:49,very short,True,False,1 commit
True,2021-12-16 23:06:51,very short,True,False,1 commit
True,2021-12-17 02:02:19,very short,True,False,1 commit
True,2021-12-17 02:11:30,very short,True,False,1 commit
True,2021-12-17 09:15:36,medium,True,False,1 commit
True,2021-12-17 11:24:56,medium,False,False,some commits
True,2021-12-17 22:59:03,very short,True,False,1 commit
True,2021-12-18 12:18:47,short,True,False,1 commit
True,2021-12-18 13:08:41,medium,False,True,many commits
True,2021-12-18 21:55:14,lengthy,True,False,many commits
True,2021-12-18 22:18:47,short,True,False,1 commit
True,2021-12-18 22:19:33,lengthy,True,False,1 commit
True,2021-12-19 02:12:30,lengthy,True,False,many commits
True,2021-12-19 15:18:37,lengthy,True,True,many commits
True,2021-12-19 22:13:16,short,True,False,1 commit
True,2021-12-20 10:47:03,very short,True,False,1 commit
True,2021-12-20 13:27:36,lengthy,True,False,1 commit
True,2021-12-20 18:54:18,very short,True,False,1 commit
True,2021-12-20 20:15:51,very short,True,False,1 commit
True,2021-12-20 22:12:37,very short,True,False,1 commit
True,2021-12-20 23:45:37,lengthy,True,False,1 commit
True,2021-12-21 06:18:32,very short,True,False,1 commit
True,2021-12-21 10:40:18,lengthy,True,False,1 commit
True,2021-12-21 11:01:44,lengthy,True,False,1 commit
True,2021-12-21 21:48:54,short,False,True,some commits
True,2021-12-22 01:13:21,very short,True,False,1 commit
True,2021-12-22 03:03:06,lengthy,False,False,1 commit
True,2021-12-22 16:23:50,lengthy,True,False,some commits
False,2021-12-23 05:31:39,very short,False,True,1 commit
True,2021-12-23 12:31:37,very short,True,False,1 commit
True,2021-12-23 12:53:53,lengthy,True,False,1 commit
True,2021-12-23 13:18:54,very short,True,False,1 commit
True,2021-12-23 19:15:02,very short,True,False,1 commit
True,2021-12-23 20:08:50,lengthy,True,False,many commits
True,2021-12-23 21:03:52,very short,True,False,1 commit
True,2021-12-23 22:07:12,very short,True,False,1 commit
True,2021-12-23 23:23:19,very short,True,False,1 commit
True,2021-12-24 09:42:30,very short,True,False,1 commit
True,2021-12-24 10:21:31,very short,True,False,1 commit
True,2021-12-27 12:25:51,lengthy,True,False,1 commit
True,2021-12-27 12:37:02,medium,True,False,1 commit
True,2021-12-27 13:35:30,lengthy,True,False,1 commit
True,2021-12-28 22:41:16,medium,True,False,many commits
False,2021-12-29 06:38:37,lengthy,False,True,many commits
True,2021-12-29 10:36:17,medium,True,False,1 commit
True,2021-12-29 11:59:57,medium,True,False,1 commit
True,2021-12-29 12:18:28,very short,True,False,1 commit
True,2021-12-29 16:06:04,short,True,False,1 commit
True,2021-12-29 21:09:39,very short,True,False,1 commit
True,2021-12-31 00:25:09,very short,True,True,1 commit
True,2021-12-31 01:59:05,very short,True,False,1 commit
True,2021-12-31 07:52:29,very short,True,True,1 commit
True,2021-12-31 08:16:22,very short,True,False,1 commit
True,2022-01-01 00:14:18,short,True,False,1 commit
True,2022-01-01 13:10:40,medium,True,False,1 commit
True,2022-01-01 17:29:32,very short,True,False,1 commit
True,2022-01-01 23:08:12,lengthy,False,True,1 commit
True,2022-01-02 00:01:50,medium,False,False,1 commit
True,2022-01-02 09:45:01,lengthy,True,False,1 commit
True,2022-01-02 15:04:15,medium,True,False,1 commit
True,2022-01-02 15:13:08,short,True,False,1 commit
True,2022-01-02 19:03:31,medium,True,False,1 commit
True,2022-01-02 19:04:33,very short,True,False,1 commit
True,2022-01-02 19:41:26,medium,True,False,1 commit
True,2022-01-03 11:12:06,short,True,False,some commits
True,2022-01-03 15:06:03,very short,True,False,1 commit
True,2022-01-03 15:06:10,very short,True,False,1 commit
True,2022-01-03 15:35:29,lengthy,True,False,1 commit
True,2022-01-03 15:49:00,medium,True,False,1 commit
True,2022-01-03 17:42:00,very short,True,False,some commits
True,2022-01-04 07:23:12,very short,True,False,1 commit
True,2022-01-04 22:14:00,very short,True,False,1 commit
True,2022-01-05 10:37:02,short,True,False,some commits
True,2022-01-05 10:40:45,very short,True,False,1 commit
True,2022-01-05 10:46:11,very short,True,False,some commits
True,2022-01-05 11:39:22,very short,True,False,1 commit
True,2022-01-05 13:05:29,very short,True,True,1 commit
True,2022-01-05 14:50:50,lengthy,True,False,1 commit
True,2022-01-05 14:54:47,very short,True,False,1 commit
True,2022-01-05 21:59:33,very short,True,False,1 commit
True,2022-01-05 22:40:10,very short,True,False,1 commit
True,2022-01-05 22:40:19,very short,True,False,1 commit
True,2022-01-05 22:54:07,very short,True,False,1 commit
True,2022-01-05 23:00:30,very short,True,False,some commits
True,2022-01-05 23:39:13,very short,True,False,1 commit
True,2022-01-06 00:38:07,very short,True,False,1 commit
True,2022-01-06 01:01:43,very short,True,False,1 commit
False,2022-01-06 13:51:06,lengthy,False,True,some commits
True,2022-01-06 16:33:18,very short,True,False,some commits
True,2022-01-06 17:20:36,lengthy,True,False,some commits
True,2022-01-06 17:38:00,short,True,False,some commits
True,2022-01-06 22:37:05,short,True,False,1 commit
True,2022-01-06 23:59:12,very short,True,False,1 commit
True,2022-01-07 03:18:28,lengthy,False,False,1 commit
True,2022-01-07 04:51:24,very short,True,False,1 commit
True,2022-01-07 06:58:45,short,True,False,1 commit
True,2022-01-07 08:11:57,lengthy,True,False,some commits
True,2022-01-07 14:19:01,short,True,False,some commits
True,2022-01-07 14:54:06,very short,True,False,1 commit
True,2022-01-07 20:46:20,very short,True,False,1 commit
True,2022-01-07 21:08:37,lengthy,True,False,some commits
True,2022-01-08 01:27:54,very short,True,False,1 commit
True,2022-01-08 06:52:53,very short,True,False,1 commit
True,2022-01-08 06:53:00,very short,True,False,1 commit
True,2022-01-08 12:58:15,medium,True,False,1 commit
True,2022-01-08 13:51:14,very short,True,False,1 commit
True,2022-01-08 15:57:55,short,True,False,1 commit
True,2022-01-08 17:58:19,short,True,False,some commits
True,2022-01-08 17:59:54,lengthy,True,False,1 commit
True,2022-01-08 22:15:49,lengthy,True,False,1 commit
True,2022-01-09 11:18:06,lengthy,True,False,some commits
True,2022-01-09 12:20:16,very short,True,False,1 commit
True,2022-01-09 13:14:54,lengthy,True,False,1 commit
True,2022-01-09 15:38:51,lengthy,True,False,1 commit
True,2022-01-09 17:36:14,lengthy,True,False,1 commit
True,2022-01-09 21:37:24,lengthy,True,False,1 commit
True,2022-01-09 23:57:50,short,True,False,1 commit
True,2022-01-10 02:02:39,very short,True,False,1 commit
True,2022-01-10 04:23:01,lengthy,True,False,some commits
True,2022-01-10 19:18:11,very short,True,False,1 commit
True,2022-01-10 19:57:32,very short,True,False,1 commit
True,2022-01-10 20:45:37,very short,True,False,1 commit
True,2022-01-10 22:47:37,very short,True,False,1 commit
True,2022-01-10 23:37:37,very short,True,False,1 commit
True,2022-01-11 00:33:02,very short,True,False,1 commit
True,2022-01-11 00:52:55,very short,True,False,1 commit
True,2022-01-11 02:15:54,very short,True,False,1 commit
True,2022-01-11 02:16:00,very short,True,False,1 commit
True,2022-01-11 02:33:41,lengthy,True,False,some commits
True,2022-01-11 02:37:33,very short,True,False,1 commit
True,2022-01-11 10:06:31,lengthy,True,False,some commits
True,2022-01-11 16:43:49,very short,True,False,1 commit
True,2022-01-11 18:13:12,very short,True,False,1 commit
True,2022-01-11 20:32:41,very short,True,False,some commits
True,2022-01-11 22:36:37,very short,True,False,1 commit
True,2022-01-11 22:52:04,lengthy,True,False,many commits
True,2022-01-11 23:08:43,very short,True,False,some commits
True,2022-01-11 23:26:04,medium,True,False,some commits
True,2022-01-12 02:04:21,very short,True,False,1 commit
True,2022-01-12 07:50:47,very short,True,False,1 commit
True,2022-01-12 08:24:08,very short,True,False,1 commit
True,2022-01-12 12:35:45,medium,True,False,1 commit
True,2022-01-12 15:12:20,very short,True,False,1 commit
True,2022-01-12 15:22:20,very short,True,False,1 commit
True,2022-01-12 16:53:52,short,True,False,1 commit
True,2022-01-12 18:20:42,very short,True,False,1 commit
True,2022-01-12 19:52:25,very short,True,False,1 commit
True,2022-01-12 21:05:18,very short,True,False,1 commit
True,2022-01-12 21:07:42,very short,True,False,1 commit
True,2022-01-12 21:08:11,medium,True,False,1 commit
False,2022-01-12 21:29:33,medium,False,True,many commits
True,2022-01-13 00:06:34,very short,True,False,1 commit
True,2022-01-13 23:04:23,very short,True,False,1 commit
True,2022-01-14 03:56:40,lengthy,True,False,some commits
True,2022-01-14 05:59:18,lengthy,False,True,1 commit
True,2022-01-15 00:40:20,lengthy,True,False,1 commit
True,2022-01-15 01:24:34,very short,True,False,1 commit
True,2022-01-15 10:00:28,medium,True,False,1 commit
True,2022-01-15 10:23:34,very short,True,False,1 commit
True,2022-01-15 15:54:01,lengthy,True,False,some commits
True,2022-01-15 16:16:58,short,True,False,1 commit
False,2022-01-15 21:23:31,very short,False,True,1 commit
True,2022-01-16 10:28:22,medium,True,False,many commits
True,2022-01-16 15:03:57,very short,True,False,1 commit
True,2022-01-16 16:46:08,short,True,False,many commits
True,2022-01-16 22:57:40,very short,True,False,1 commit
True,2022-01-16 23:53:09,very short,True,False,1 commit
True,2022-01-17 11:00:19,medium,True,False,1 commit
True,2022-01-17 11:28:44,short,True,False,some commits
True,2022-01-17 19:58:45,medium,True,False,1 commit
True,2022-01-18 10:23:40,very short,True,False,1 commit
True,2022-01-18 12:57:47,very short,True,False,some commits
True,2022-01-18 19:09:36,very short,True,False,1 commit
True,2022-01-18 19:09:43,very short,True,False,1 commit
True,2022-01-18 20:34:20,very short,True,False,1 commit
True,2022-01-19 07:13:11,lengthy,True,False,1 commit
True,2022-01-19 13:30:50,very short,True,False,1 commit
True,2022-01-19 19:29:06,lengthy,True,False,1 commit
True,2022-01-19 22:01:45,very short,True,False,1 commit
True,2022-01-19 22:21:19,short,False,True,many commits
True,2022-01-20 00:27:31,medium,True,False,1 commit
True,2022-01-20 08:36:30,lengthy,True,False,1 commit
True,2022-01-20 20:45:05,very short,True,False,1 commit
True,2022-01-21 08:32:19,medium,True,False,some commits
True,2022-01-21 08:47:57,very short,True,False,1 commit
True,2022-01-22 12:35:38,very short,True,False,some commits
True,2022-01-22 12:57:24,lengthy,True,False,some commits
True,2022-01-22 13:00:55,short,True,False,1 commit
True,2022-01-22 13:02:39,lengthy,True,False,1 commit
True,2022-01-22 14:21:16,very short,True,False,1 commit
True,2022-01-22 17:15:39,medium,True,False,some commits
True,2022-01-22 17:41:50,lengthy,True,False,1 commit
True,2022-01-22 22:47:41,short,True,False,1 commit
True,2022-01-23 13:35:26,medium,True,False,1 commit
True,2022-01-23 15:03:09,short,True,False,1 commit
True,2022-01-23 21:15:10,very short,True,False,1 commit
True,2022-01-24 10:47:36,very short,True,False,1 commit
True,2022-01-24 14:35:17,short,True,False,1 commit
True,2022-01-24 20:19:46,very short,True,False,1 commit
True,2022-01-24 22:47:55,very short,True,False,1 commit
True,2022-01-25 05:07:49,very short,True,False,1 commit
True,2022-01-25 07:53:01,very short,True,False,1 commit
True,2022-01-25 07:53:35,very short,True,False,1 commit
True,2022-01-25 12:11:11,lengthy,True,False,some commits
True,2022-01-25 13:07:41,lengthy,True,False,1 commit
True,2022-01-25 13:17:12,short,True,False,1 commit
True,2022-01-25 14:22:45,lengthy,True,False,some commits
True,2022-01-25 16:46:01,very short,True,False,1 commit
True,2022-01-25 21:04:07,short,True,False,1 commit
True,2022-01-25 21:11:44,short,True,False,1 commit
True,2022-01-25 21:11:52,very short,True,False,1 commit
True,2022-01-25 21:14:42,short,True,False,1 commit
True,2022-01-25 21:20:13,short,True,False,1 commit
True,2022-01-26 02:23:27,short,True,False,some commits
True,2022-01-26 17:47:46,very short,True,False,1 commit
True,2022-01-26 19:27:32,very short,True,False,1 commit
True,2022-01-26 20:29:04,very short,True,False,1 commit
True,2022-01-27 05:13:28,very short,True,False,1 commit
True,2022-01-27 08:39:10,lengthy,True,False,some commits
True,2022-01-27 12:43:45,short,True,False,1 commit
True,2022-01-27 22:13:07,very short,True,False,1 commit
True,2022-01-27 23:23:04,very short,True,False,1 commit
True,2022-01-28 10:16:29,short,True,False,1 commit
True,2022-01-28 13:31:29,medium,True,False,some commits
True,2022-01-28 16:04:48,very short,True,True,1 commit
True,2022-01-29 03:22:03,very short,True,False,1 commit
True,2022-01-29 05:30:49,short,True,False,1 commit
True,2022-01-29 16:18:21,very short,True,False,1 commit
False,2022-01-29 20:35:26,lengthy,False,False,some commits
True,2022-01-29 23:15:11,lengthy,True,False,some commits
True,2022-01-30 09:17:27,very short,True,False,1 commit
True,2022-01-30 11:56:11,short,True,False,1 commit
True,2022-01-30 12:00:21,lengthy,True,False,some commits
True,2022-01-30 12:03:42,lengthy,True,False,1 commit
True,2022-01-31 07:24:24,very short,True,False,1 commit
True,2022-01-31 08:56:26,lengthy,True,False,1 commit
True,2022-01-31 12:51:01,very short,True,False,1 commit
True,2022-01-31 13:58:18,lengthy,True,False,some commits
True,2022-02-01 13:25:25,very short,True,False,1 commit
True,2022-02-01 14:11:25,very short,True,True,1 commit
True,2022-02-02 00:56:14,lengthy,True,False,1 commit
True,2022-02-03 10:09:44,very short,True,False,1 commit
True,2022-02-03 22:25:29,lengthy,True,False,1 commit
True,2022-02-03 22:53:17,medium,True,False,1 commit
True,2022-02-04 22:39:10,medium,True,False,1 commit
True,2022-02-04 23:03:26,very short,True,False,1 commit
True,2022-02-04 23:07:25,short,True,False,1 commit
True,2022-02-05 13:12:30,lengthy,True,False,some commits
True,2022-02-05 15:27:29,short,False,True,some commits
False,2022-02-05 15:59:08,lengthy,True,False,some commits
True,2022-02-06 00:16:33,medium,True,False,1 commit
True,2022-02-06 00:52:24,lengthy,True,False,1 commit
True,2022-02-06 01:45:35,medium,True,False,some commits
True,2022-02-06 14:06:56,medium,True,False,1 commit
True,2022-02-06 15:21:45,lengthy,True,False,1 commit
True,2022-02-06 21:28:06,lengthy,True,False,1 commit
True,2022-02-06 22:49:48,short,True,False,1 commit
True,2022-02-07 07:54:56,short,True,False,1 commit
True,2022-02-07 08:15:07,medium,True,False,1 commit
True,2022-02-07 10:39:59,medium,True,False,1 commit
True,2022-02-07 11:08:44,very short,True,False,1 commit
False,2022-02-07 13:14:38,lengthy,False,True,many commits
True,2022-02-07 22:30:15,very short,True,False,1 commit
True,2022-02-08 02:52:39,very short,True,False,1 commit
True,2022-02-08 08:13:43,very short,True,False,1 commit
True,2022-02-08 13:22:56,lengthy,False,True,many commits
True,2022-02-08 18:30:19,short,False,True,1 commit
True,2022-02-09 01:07:57,very short,True,False,some commits
True,2022-02-09 13:10:09,very short,True,False,1 commit
True,2022-02-09 13:18:28,very short,True,False,1 commit
True,2022-02-09 20:43:51,very short,True,False,1 commit
True,2022-02-09 20:43:59,very short,True,False,1 commit
True,2022-02-09 20:47:30,very short,True,False,1 commit
True,2022-02-09 20:47:39,very short,True,False,1 commit
True,2022-02-09 22:09:03,short,True,False,1 commit
True,2022-02-09 23:50:22,very short,True,False,1 commit
True,2022-02-10 15:53:43,very short,True,False,1 commit
True,2022-02-10 15:56:38,lengthy,True,False,1 commit
True,2022-02-10 16:32:37,lengthy,True,False,1 commit
True,2022-02-10 22:50:55,lengthy,False,True,many commits
True,2022-02-11 10:13:22,very short,True,False,1 commit
True,2022-02-11 19:35:33,medium,True,False,1 commit
True,2022-02-11 20:21:50,lengthy,True,False,some commits
True,2022-02-11 23:32:23,very short,True,False,1 commit
True,2022-02-12 03:37:11,very short,True,False,1 commit
True,2022-02-12 09:11:59,very short,True,False,1 commit
True,2022-02-12 11:10:58,very short,True,False,1 commit
True,2022-02-12 17:30:00,very short,True,True,1 commit
True,2022-02-13 11:12:38,very short,True,False,1 commit
True,2022-02-13 11:12:45,very short,True,False,1 commit
True,2022-02-13 11:18:30,very short,True,False,1 commit
True,2022-02-13 14:55:57,short,True,False,1 commit
True,2022-02-13 19:12:18,short,True,False,1 commit
True,2022-02-13 21:11:07,medium,True,False,some commits
True,2022-02-13 21:41:40,medium,True,False,1 commit
True,2022-02-15 19:17:40,very short,True,True,1 commit
True,2022-02-16 00:36:18,very short,True,False,1 commit
True,2022-02-16 04:11:09,short,True,False,1 commit
True,2022-02-16 13:54:19,very short,True,False,1 commit
True,2022-02-17 10:32:35,very short,True,True,1 commit
True,2022-02-17 11:08:53,very short,True,False,1 commit
True,2022-02-17 16:12:06,very short,True,False,1 commit
True,2022-02-17 21:02:12,very short,True,False,1 commit
True,2022-02-17 21:36:02,medium,True,False,1 commit
True,2022-02-17 21:41:14,very short,True,False,1 commit
True,2022-02-17 21:47:04,short,True,False,1 commit
True,2022-02-17 22:39:19,short,True,False,1 commit
True,2022-02-17 23:09:08,very short,True,False,1 commit
True,2022-02-18 07:56:53,very short,True,False,1 commit
True,2022-02-18 14:36:34,very short,True,False,1 commit
True,2022-02-18 14:45:01,very short,True,False,1 commit
True,2022-02-18 15:21:23,very short,True,False,1 commit
True,2022-02-18 23:37:47,very short,True,False,1 commit
True,2022-02-19 00:10:36,very short,True,False,1 commit
True,2022-02-19 03:41:13,lengthy,True,False,some commits
True,2022-02-19 03:46:58,very short,True,False,1 commit
True,2022-02-19 08:04:53,very short,True,False,1 commit
True,2022-02-19 09:33:01,very short,True,False,1 commit
True,2022-02-19 10:25:09,medium,True,False,some commits
True,2022-02-19 12:08:37,lengthy,True,False,some commits
True,2022-02-19 12:37:20,very short,True,False,1 commit
False,2022-02-19 15:29:21,very short,False,False,1 commit
True,2022-02-19 17:21:20,lengthy,True,False,1 commit
True,2022-02-19 17:38:41,lengthy,True,False,1 commit
True,2022-02-19 19:25:35,lengthy,True,False,1 commit
True,2022-02-19 19:50:05,lengthy,True,False,1 commit
False,2022-02-19 20:42:26,lengthy,False,True,many commits
True,2022-02-19 21:01:55,lengthy,True,False,1 commit
True,2022-02-19 23:14:56,very short,True,False,1 commit
True,2022-02-20 16:04:40,medium,True,False,1 commit
True,2022-02-20 20:07:33,lengthy,True,False,1 commit
False,2022-02-21 00:18:47,medium,False,False,many commits
True,2022-02-21 10:48:16,lengthy,False,True,1 commit
True,2022-02-21 22:15:05,lengthy,True,False,1 commit
True,2022-02-22 16:35:19,very short,True,False,1 commit
True,2022-02-23 00:30:32,short,True,False,1 commit
True,2022-02-23 00:38:28,short,True,False,1 commit
False,2022-02-23 02:20:57,lengthy,False,True,some commits
True,2022-02-23 07:15:48,very short,True,False,1 commit
True,2022-02-23 17:23:10,medium,True,False,1 commit
True,2022-02-23 23:15:19,lengthy,True,False,1 commit
True,2022-02-24 04:34:53,very short,True,False,1 commit
True,2022-02-24 06:24:46,very short,True,False,1 commit
True,2022-02-24 10:01:04,very short,True,False,1 commit
True,2022-02-24 10:53:18,very short,True,False,1 commit
True,2022-02-24 13:55:53,medium,True,False,1 commit
True,2022-02-24 18:12:49,very short,True,False,1 commit
True,2022-02-24 19:43:09,lengthy,True,False,1 commit
True,2022-02-24 21:47:25,very short,True,False,1 commit
True,2022-02-24 21:49:23,medium,True,False,1 commit
True,2022-02-24 22:32:14,medium,True,False,1 commit
True,2022-02-24 22:38:24,lengthy,True,False,some commits
True,2022-02-25 03:02:14,medium,True,False,1 commit
True,2022-02-25 03:11:08,short,True,False,1 commit
False,2022-02-25 22:30:42,medium,True,False,1 commit
True,2022-02-26 17:12:08,lengthy,True,False,some commits
True,2022-02-26 17:38:08,lengthy,True,False,some commits
True,2022-02-26 18:09:06,short,True,False,1 commit
True,2022-02-27 23:34:01,medium,True,False,1 commit
True,2022-02-28 15:23:07,very short,True,False,1 commit
True,2022-02-28 19:03:03,very short,False,False,1 commit
True,2022-03-01 10:42:21,very short,True,False,1 commit
True,2022-03-01 13:12:05,very short,True,False,1 commit
True,2022-03-01 20:14:57,very short,True,True,some commits
True,2022-03-01 21:42:05,very short,True,False,1 commit
True,2022-03-03 01:11:34,lengthy,True,False,1 commit
True,2022-03-03 02:02:59,very short,True,False,1 commit
True,2022-03-03 02:19:25,medium,True,False,1 commit
True,2022-03-03 18:13:06,lengthy,True,False,some commits
True,2022-03-03 20:52:12,very short,True,False,1 commit
True,2022-03-03 22:35:04,very short,True,False,1 commit
True,2022-03-03 22:57:14,very short,True,False,1 commit
True,2022-03-04 00:01:45,short,True,False,1 commit
True,2022-03-04 04:54:25,very short,True,False,1 commit
True,2022-03-04 06:57:28,very short,True,False,1 commit
False,2022-03-04 12:41:51,lengthy,False,True,1 commit
True,2022-03-04 14:43:10,very short,True,False,1 commit
True,2022-03-04 20:45:40,short,True,False,1 commit
True,2022-03-05 18:06:38,very short,True,False,1 commit
True,2022-03-05 21:45:10,lengthy,True,False,1 commit
True,2022-03-05 23:55:30,lengthy,True,False,1 commit
True,2022-03-06 00:26:43,very short,True,False,1 commit
True,2022-03-06 02:25:02,short,True,False,1 commit
True,2022-03-06 05:13:06,very short,True,True,1 commit
True,2022-03-06 21:21:02,lengthy,True,False,many commits
True,2022-03-07 02:14:11,very short,True,False,1 commit
True,2022-03-07 19:02:26,very short,False,False,1 commit
True,2022-03-07 20:21:25,very short,True,False,1 commit
True,2022-03-07 20:46:44,very short,True,False,1 commit
True,2022-03-09 05:47:08,lengthy,True,False,1 commit
True,2022-03-09 06:27:14,lengthy,True,False,1 commit
True,2022-03-09 17:23:12,very short,True,False,1 commit
True,2022-03-10 09:19:20,very short,True,False,1 commit
True,2022-03-10 19:54:58,medium,True,False,1 commit
True,2022-03-12 14:47:30,short,True,True,some commits
True,2022-03-13 12:28:20,very short,True,False,1 commit
True,2022-03-13 22:25:55,very short,True,False,1 commit
True,2022-03-14 14:22:30,very short,True,False,1 commit
True,2022-03-14 16:20:15,short,True,False,1 commit
False,2022-03-14 17:22:12,short,True,False,1 commit
True,2022-03-14 22:20:38,very short,True,False,1 commit
True,2022-03-15 12:27:47,short,True,False,1 commit
True,2022-03-15 22:44:44,very short,True,False,1 commit
False,2022-03-16 06:10:51,very short,False,True,1 commit
True,2022-03-16 16:38:34,very short,True,False,1 commit
True,2022-03-17 00:28:25,medium,True,False,some commits
True,2022-03-18 07:37:32,medium,True,False,some commits
True,2022-03-18 22:54:37,short,True,False,1 commit
True,2022-03-19 10:03:35,lengthy,True,False,1 commit
True,2022-03-19 17:53:29,medium,True,False,1 commit
True,2022-03-20 13:55:25,very short,True,False,1 commit
False,2022-03-21 09:59:57,lengthy,True,False,1 commit
True,2022-03-21 19:03:25,very short,False,False,1 commit
True,2022-03-22 08:02:12,very short,True,False,1 commit
True,2022-03-22 19:24:42,very short,True,False,1 commit
True,2022-03-23 15:53:35,short,True,False,some commits
True,2022-03-23 21:42:39,short,True,False,some commits
True,2022-03-23 23:17:54,very short,True,False,1 commit
True,2022-03-24 08:21:58,very short,True,False,some commits
True,2022-03-24 11:29:41,medium,True,False,1 commit
True,2022-03-24 12:07:11,medium,True,False,1 commit
True,2022-03-24 22:18:03,lengthy,True,False,1 commit
True,2022-03-24 22:47:59,lengthy,False,True,1 commit
True,2022-03-25 02:49:41,medium,True,False,some commits
True,2022-03-25 03:03:28,lengthy,True,False,many commits
True,2022-03-25 05:02:58,very short,True,False,1 commit
True,2022-03-25 07:49:53,very short,True,False,1 commit
True,2022-03-26 03:03:29,lengthy,False,False,some commits
True,2022-03-26 17:43:40,lengthy,False,True,many commits
True,2022-03-27 00:34:37,medium,False,True,some commits
True,2022-03-27 19:52:47,lengthy,True,False,1 commit
True,2022-03-28 09:13:41,very short,True,False,1 commit
True,2022-03-28 14:42:28,short,True,False,1 commit
True,2022-03-28 22:11:28,very short,True,False,1 commit
True,2022-03-28 22:15:49,very short,True,False,1 commit
True,2022-03-29 03:47:26,very short,True,False,1 commit
True,2022-03-29 03:47:33,very short,True,False,1 commit
True,2022-03-29 08:25:38,short,True,False,1 commit
True,2022-03-30 06:20:32,very short,True,False,1 commit
True,2022-03-30 11:59:13,lengthy,True,False,1 commit
True,2022-03-30 14:56:40,medium,True,False,1 commit
True,2022-03-30 17:28:02,very short,False,True,some commits
True,2022-03-30 21:01:05,very short,True,False,1 commit
True,2022-03-30 21:06:45,medium,True,False,some commits
True,2022-03-30 22:44:09,very short,True,False,1 commit
True,2022-03-31 00:45:38,medium,True,False,some commits
True,2022-03-31 07:11:57,very short,True,False,1 commit
True,2022-03-31 07:17:30,very short,True,False,1 commit
True,2022-03-31 08:13:26,lengthy,True,False,1 commit
False,2022-03-31 19:27:37,lengthy,False,True,many commits
True,2022-03-31 20:07:46,medium,True,False,1 commit
True,2022-03-31 22:39:23,very short,True,False,1 commit
True,2022-04-01 00:56:53,very short,True,False,1 commit
True,2022-04-01 00:57:12,very short,True,False,1 commit
True,2022-04-01 02:29:34,lengthy,True,True,many commits
True,2022-04-01 02:49:16,very short,True,False,1 commit
True,2022-04-01 03:59:28,very short,True,False,1 commit
True,2022-04-01 04:32:18,short,True,False,some commits
True,2022-04-01 09:05:00,lengthy,False,True,1 commit
True,2022-04-01 14:49:57,medium,True,False,1 commit
True,2022-04-01 15:57:33,short,True,False,many commits
True,2022-04-01 19:11:12,lengthy,True,False,1 commit
True,2022-04-01 22:19:20,medium,True,False,some commits
False,2022-04-03 13:08:05,lengthy,True,False,1 commit
True,2022-04-03 14:33:25,short,True,True,1 commit
True,2022-04-03 21:24:18,very short,True,False,1 commit
True,2022-04-04 07:37:23,lengthy,True,False,some commits
True,2022-04-04 12:38:23,very short,True,False,1 commit
True,2022-04-04 15:36:33,very short,True,False,1 commit
True,2022-04-04 15:51:46,very short,True,False,some commits
True,2022-04-04 15:51:59,very short,True,False,1 commit
True,2022-04-04 20:19:33,very short,True,False,1 commit
True,2022-04-05 03:00:45,very short,True,False,1 commit
True,2022-04-05 14:14:45,very short,True,False,1 commit
True,2022-04-05 14:48:32,very short,True,False,1 commit
True,2022-04-05 16:01:37,very short,True,False,1 commit
True,2022-04-05 16:01:44,very short,True,False,1 commit
False,2022-04-05 20:35:19,lengthy,False,True,1 commit
True,2022-04-06 08:59:58,very short,True,False,1 commit
False,2022-04-06 21:04:53,lengthy,False,True,many commits
True,2022-04-07 07:39:16,very short,True,False,1 commit
True,2022-04-07 08:57:06,very short,True,False,1 commit
True,2022-04-07 14:41:17,very short,True,False,1 commit
True,2022-04-08 00:10:52,lengthy,True,False,1 commit
True,2022-04-08 03:47:19,medium,False,True,1 commit
True,2022-04-08 17:22:25,very short,True,False,1 commit
True,2022-04-08 20:45:53,very short,True,False,1 commit
True,2022-04-08 22:03:27,lengthy,True,False,many commits
True,2022-04-09 16:12:00,medium,True,False,1 commit
False,2022-04-09 19:12:13,lengthy,False,True,some commits
True,2022-04-09 21:14:55,very short,True,False,1 commit
False,2022-04-10 01:50:01,lengthy,False,True,1 commit
False,2022-04-10 10:47:29,lengthy,False,True,some commits
True,2022-04-10 17:28:56,lengthy,False,True,many commits
True,2022-04-11 08:18:08,very short,True,False,1 commit
True,2022-04-11 16:28:50,medium,True,False,1 commit
True,2022-04-11 19:03:04,very short,False,False,1 commit
True,2022-04-11 19:03:09,very short,False,False,1 commit
True,2022-04-12 09:28:41,very short,True,False,1 commit
True,2022-04-12 23:13:58,lengthy,False,True,many commits
True,2022-04-13 01:41:03,very short,True,False,1 commit
True,2022-04-13 01:41:22,very short,True,False,1 commit
False,2022-04-13 03:37:08,lengthy,False,True,many commits
True,2022-04-13 14:31:31,very short,True,False,1 commit
True,2022-04-13 19:29:11,medium,True,False,1 commit
True,2022-04-13 19:30:53,very short,True,False,1 commit
True,2022-04-14 06:26:15,very short,True,False,1 commit
True,2022-04-14 23:01:59,very short,True,False,1 commit
True,2022-04-14 23:21:34,very short,True,False,1 commit
True,2022-04-16 15:48:53,very short,True,False,1 commit
True,2022-04-16 19:06:22,very short,True,False,1 commit
False,2022-04-17 03:23:42,lengthy,False,False,1 commit
True,2022-04-17 10:57:24,very short,True,False,1 commit
True,2022-04-20 15:15:11,lengthy,True,False,some commits
False,2022-04-21 08:43:09,lengthy,False,True,some commits
True,2022-04-21 13:10:50,very short,True,False,1 commit
True,2022-04-21 20:18:29,medium,True,False,1 commit
True,2022-04-21 22:38:06,medium,True,False,some commits
True,2022-04-21 23:07:30,very short,True,False,1 commit
True,2022-04-22 00:12:48,very short,True,False,1 commit
True,2022-04-23 14:02:49,lengthy,True,False,1 commit
True,2022-04-23 23:27:05,very short,True,False,1 commit
False,2022-04-23 23:40:31,very short,False,True,1 commit
True,2022-04-23 23:54:18,short,True,False,1 commit
True,2022-04-24 10:50:44,medium,True,False,1 commit
False,2022-04-24 11:45:56,lengthy,True,False,1 commit
True,2022-04-25 01:32:33,very short,True,False,1 commit
True,2022-04-25 08:39:08,lengthy,True,False,many commits
True,2022-04-25 09:25:12,very short,True,False,1 commit
True,2022-04-25 14:34:14,very short,True,True,1 commit
True,2022-04-25 21:31:33,very short,True,False,1 commit
True,2022-04-26 09:16:19,medium,True,False,1 commit
True,2022-04-26 10:14:39,short,True,False,1 commit
True,2022-04-26 16:12:48,very short,False,False,1 commit
True,2022-04-26 16:36:13,short,True,False,1 commit
True,2022-04-26 18:21:19,medium,True,False,some commits
True,2022-04-26 18:36:10,short,False,False,1 commit
True,2022-04-26 21:05:31,short,True,False,1 commit
True,2022-04-26 21:21:42,short,True,False,many commits
True,2022-04-27 18:56:39,very short,True,False,some commits
True,2022-04-27 21:51:04,very short,True,False,1 commit
True,2022-04-28 00:30:33,short,True,False,1 commit
True,2022-04-28 08:34:40,very short,True,False,1 commit
True,2022-04-28 08:37:37,medium,True,False,1 commit
True,2022-04-28 13:39:16,lengthy,False,True,many commits
True,2022-04-28 15:20:57,very short,True,False,1 commit
True,2022-04-28 16:00:17,lengthy,True,False,1 commit
True,2022-04-28 16:53:47,very short,True,False,1 commit
True,2022-04-28 19:39:17,very short,True,False,some commits
True,2022-04-29 00:03:11,very short,True,False,1 commit
True,2022-04-29 01:18:29,medium,True,False,1 commit
True,2022-04-29 19:12:56,medium,True,False,1 commit
True,2022-04-29 20:47:09,very short,True,False,1 commit
True,2022-04-29 21:39:12,very short,True,False,1 commit
True,2022-04-30 00:04:21,very short,True,False,1 commit
True,2022-04-30 00:07:47,very short,True,False,1 commit
True,2022-04-30 03:59:59,short,True,False,1 commit
True,2022-04-30 14:24:50,very short,True,False,some commits
True,2022-05-01 11:27:45,lengthy,True,False,some commits
True,2022-05-01 13:43:22,short,True,False,1 commit
True,2022-05-01 17:16:35,short,True,False,1 commit
True,2022-05-01 18:45:39,short,True,False,1 commit
True,2022-05-02 08:30:54,very short,True,False,1 commit
False,2022-05-02 12:54:41,very short,False,True,1 commit
True,2022-05-02 15:23:19,very short,True,False,1 commit
True,2022-05-02 17:54:51,very short,True,False,1 commit
True,2022-05-02 21:24:51,very short,True,False,1 commit
True,2022-05-03 08:17:34,lengthy,False,True,some commits
True,2022-05-04 03:11:53,short,True,False,1 commit
True,2022-05-04 18:09:12,lengthy,True,False,1 commit
True,2022-05-05 00:53:50,very short,True,False,1 commit
True,2022-05-05 03:12:17,lengthy,True,False,1 commit
True,2022-05-06 00:56:48,very short,True,False,1 commit
True,2022-05-06 03:09:51,very short,True,False,many commits
True,2022-05-06 12:35:45,medium,True,False,1 commit
True,2022-05-06 16:39:09,very short,True,False,1 commit
True,2022-05-06 16:55:46,very short,True,False,1 commit
True,2022-05-06 20:41:56,very short,True,False,1 commit
True,2022-05-06 20:42:07,very short,True,False,1 commit
True,2022-05-06 22:54:03,lengthy,True,False,1 commit
True,2022-05-07 00:10:37,lengthy,False,False,many commits
True,2022-05-07 01:51:09,short,True,True,1 commit
True,2022-05-07 02:14:18,very short,True,False,1 commit
True,2022-05-07 02:18:12,very short,True,False,1 commit
True,2022-05-07 19:14:05,very short,True,False,some commits
True,2022-05-08 05:14:46,very short,True,False,1 commit
True,2022-05-08 08:31:49,very short,True,False,1 commit
True,2022-05-08 08:31:54,very short,True,False,1 commit
True,2022-05-08 11:40:02,lengthy,True,False,1 commit
True,2022-05-08 12:53:35,lengthy,True,False,1 commit
False,2022-05-09 10:01:34,lengthy,False,False,1 commit
True,2022-05-09 13:22:52,very short,True,False,1 commit
True,2022-05-09 17:30:49,short,True,False,1 commit
True,2022-05-09 18:37:42,very short,True,False,1 commit
True,2022-05-09 19:03:14,very short,False,False,1 commit
True,2022-05-09 19:37:28,very short,True,False,1 commit
False,2022-05-09 21:02:16,lengthy,False,False,some commits
True,2022-05-10 07:09:59,medium,True,False,1 commit
True,2022-05-10 07:47:33,very short,True,False,1 commit
True,2022-05-10 15:30:51,very short,True,False,1 commit
True,2022-05-11 12:07:20,lengthy,False,False,many commits
True,2022-05-12 08:56:18,very short,True,False,1 commit
True,2022-05-12 10:26:20,very short,True,False,1 commit
True,2022-05-12 17:41:36,short,True,False,1 commit
False,2022-05-12 18:14:41,lengthy,False,True,some commits
True,2022-05-14 05:33:49,short,True,False,1 commit
True,2022-05-14 10:03:13,lengthy,True,False,1 commit
True,2022-05-14 13:18:08,short,True,False,1 commit
True,2022-05-14 14:07:28,medium,True,False,1 commit
True,2022-05-14 14:58:51,lengthy,True,False,1 commit
True,2022-05-15 16:07:23,short,True,True,1 commit
False,2022-05-16 12:15:28,very short,False,True,many commits
True,2022-05-17 08:46:03,short,True,False,1 commit
True,2022-05-17 20:23:15,very short,True,False,1 commit
True,2022-05-17 21:13:07,medium,True,False,some commits
True,2022-05-18 00:16:12,very short,True,False,1 commit
True,2022-05-18 01:36:02,lengthy,True,False,some commits
True,2022-05-18 03:59:08,lengthy,True,False,1 commit
True,2022-05-18 09:33:23,very short,True,False,1 commit
True,2022-05-18 12:02:09,very short,True,False,1 commit
True,2022-05-18 12:32:02,lengthy,False,True,many commits
True,2022-05-18 12:47:07,lengthy,True,False,some commits
True,2022-05-18 16:02:48,medium,True,False,1 commit
True,2022-05-18 16:30:46,very short,True,False,1 commit
True,2022-05-18 19:57:04,short,True,False,some commits
True,2022-05-18 20:41:34,very short,True,False,1 commit
True,2022-05-19 00:45:58,very short,True,False,1 commit
True,2022-05-19 17:54:05,very short,True,False,1 commit
True,2022-05-19 20:21:14,very short,True,False,1 commit
True,2022-05-20 02:40:08,very short,True,False,1 commit
True,2022-05-20 02:41:17,lengthy,True,False,1 commit
True,2022-05-20 02:42:38,very short,True,False,1 commit
True,2022-05-20 02:43:29,very short,True,False,1 commit
True,2022-05-20 07:04:31,short,True,False,some commits
False,2022-05-21 04:47:46,lengthy,False,True,many commits
True,2022-05-21 11:51:49,very short,True,False,1 commit
True,2022-05-21 16:32:06,short,True,False,1 commit
True,2022-05-21 16:46:47,very short,True,False,1 commit
True,2022-05-21 18:28:40,short,True,False,1 commit
True,2022-05-21 21:42:31,very short,True,False,1 commit
True,2022-05-22 02:31:20,short,True,False,many commits
True,2022-05-22 15:07:19,short,True,False,some commits
True,2022-05-22 16:28:31,very short,True,False,1 commit
True,2022-05-22 17:20:28,very short,True,False,1 commit
True,2022-05-22 17:57:32,lengthy,True,False,1 commit
True,2022-05-22 21:20:11,lengthy,True,False,1 commit
True,2022-05-23 13:49:21,very short,True,False,1 commit
True,2022-05-23 17:37:01,medium,True,False,1 commit
True,2022-05-23 17:55:16,very short,True,False,1 commit
True,2022-05-23 19:00:48,very short,True,False,1 commit
True,2022-05-23 22:12:58,medium,True,False,some commits
True,2022-05-24 01:46:26,very short,True,True,1 commit
True,2022-05-24 07:01:47,lengthy,True,False,1 commit
True,2022-05-24 08:27:48,very short,True,False,1 commit
True,2022-05-24 08:27:56,very short,True,False,1 commit
True,2022-05-24 09:44:28,very short,True,False,1 commit
True,2022-05-24 18:51:59,very short,True,False,1 commit
True,2022-05-24 18:52:06,very short,True,False,1 commit
True,2022-05-25 00:32:02,very short,True,False,some commits
True,2022-05-25 01:51:59,very short,True,False,some commits
True,2022-05-25 06:39:59,very short,True,False,1 commit
True,2022-05-25 06:46:59,very short,True,False,1 commit
True,2022-05-25 07:39:15,very short,True,False,some commits
True,2022-05-26 02:44:39,very short,True,False,1 commit
True,2022-05-26 03:17:34,very short,True,False,1 commit
True,2022-05-26 05:04:24,lengthy,False,False,1 commit
True,2022-05-26 09:08:02,short,True,False,1 commit
True,2022-05-26 21:02:59,lengthy,True,False,1 commit
True,2022-05-27 00:26:26,lengthy,True,False,many commits
True,2022-05-27 01:48:43,lengthy,True,False,1 commit
True,2022-05-27 01:52:45,very short,True,False,some commits
True,2022-05-27 02:24:30,very short,True,False,1 commit
True,2022-05-27 10:10:08,medium,True,False,1 commit
True,2022-05-27 14:43:24,very short,True,False,1 commit
True,2022-05-29 15:09:45,short,True,False,1 commit
True,2022-05-31 01:27:04,very short,True,False,some commits
True,2022-05-31 02:05:48,very short,True,False,1 commit
True,2022-05-31 02:21:49,very short,True,False,1 commit
True,2022-05-31 07:21:12,short,False,True,some commits
True,2022-05-31 08:04:08,short,True,False,some commits
True,2022-05-31 15:06:43,short,True,False,some commits
True,2022-06-01 10:32:18,very short,True,False,1 commit
True,2022-06-01 18:06:26,very short,True,False,1 commit
True,2022-06-01 19:33:18,lengthy,True,False,1 commit
True,2022-06-01 22:30:41,very short,True,False,1 commit
True,2022-06-01 23:23:18,short,True,False,1 commit
True,2022-06-01 23:29:47,short,True,False,1 commit
True,2022-06-02 02:51:46,short,True,False,1 commit
True,2022-06-02 03:00:16,very short,True,False,1 commit
True,2022-06-02 07:50:19,medium,True,False,1 commit
True,2022-06-02 07:54:57,short,True,False,some commits
True,2022-06-02 14:43:45,lengthy,True,False,1 commit
True,2022-06-02 17:04:12,lengthy,True,False,1 commit
True,2022-06-02 17:50:33,medium,True,False,1 commit
True,2022-06-02 21:40:48,very short,True,False,1 commit
True,2022-06-03 12:36:01,lengthy,True,False,1 commit
True,2022-06-03 15:07:12,lengthy,True,False,1 commit
True,2022-06-03 22:30:50,medium,True,False,1 commit
True,2022-06-03 22:40:31,lengthy,True,False,1 commit
True,2022-06-03 22:44:55,lengthy,True,False,1 commit
True,2022-06-04 15:32:49,short,True,False,1 commit
True,2022-06-04 15:47:58,lengthy,True,False,1 commit
True,2022-06-04 19:19:07,medium,True,False,1 commit
True,2022-06-05 16:24:30,lengthy,True,False,1 commit
True,2022-06-05 16:48:54,lengthy,True,False,1 commit
True,2022-06-05 19:21:39,lengthy,True,False,1 commit
True,2022-06-06 03:42:05,medium,True,False,some commits
True,2022-06-07 03:19:24,medium,True,False,some commits
True,2022-06-07 11:43:11,very short,True,False,1 commit
True,2022-06-08 05:36:18,medium,True,False,1 commit
True,2022-06-08 06:50:34,very short,True,False,1 commit
True,2022-06-08 14:32:34,very short,True,False,1 commit
True,2022-06-08 22:34:46,very short,True,True,some commits
True,2022-06-09 11:23:39,very short,True,False,1 commit
True,2022-06-09 20:41:01,lengthy,True,False,1 commit
True,2022-06-09 22:03:54,medium,True,False,1 commit
True,2022-06-09 22:48:14,lengthy,True,False,1 commit
True,2022-06-10 16:51:22,very short,True,False,1 commit
True,2022-06-10 21:24:58,very short,True,False,1 commit
True,2022-06-10 21:39:28,very short,True,False,1 commit
True,2022-06-10 22:20:01,short,True,False,1 commit
True,2022-06-11 09:34:13,very short,True,False,1 commit
True,2022-06-11 11:16:30,very short,True,False,1 commit
True,2022-06-11 13:04:08,medium,True,False,1 commit
True,2022-06-11 13:28:07,very short,True,False,1 commit
True,2022-06-11 13:29:56,very short,True,False,1 commit
True,2022-06-11 13:58:33,very short,True,False,1 commit
True,2022-06-11 19:01:12,lengthy,True,False,1 commit
True,2022-06-11 22:40:03,very short,True,False,1 commit
True,2022-06-12 13:20:50,very short,True,False,1 commit
True,2022-06-12 17:21:03,very short,True,False,1 commit
True,2022-06-13 17:01:31,very short,True,False,1 commit
True,2022-06-13 19:02:39,short,False,False,1 commit
True,2022-06-13 20:23:54,very short,True,False,1 commit
True,2022-06-13 20:34:51,very short,True,False,1 commit
True,2022-06-13 22:10:20,short,True,False,1 commit
True,2022-06-14 04:56:38,lengthy,True,False,some commits
True,2022-06-14 09:11:23,lengthy,True,False,1 commit
True,2022-06-14 09:21:52,very short,True,False,1 commit
True,2022-06-14 09:50:10,medium,True,False,1 commit
True,2022-06-15 06:13:02,medium,True,False,1 commit
True,2022-06-15 08:45:30,short,True,True,many commits
True,2022-06-15 09:26:22,very short,True,False,1 commit
True,2022-06-15 09:27:35,short,True,False,many commits
False,2022-06-15 15:41:38,very short,True,False,1 commit
False,2022-06-15 15:41:44,very short,True,False,1 commit
True,2022-06-15 18:08:18,medium,True,False,1 commit
True,2022-06-16 02:19:40,short,True,False,some commits
True,2022-06-16 07:15:27,very short,True,False,1 commit
True,2022-06-16 07:52:07,medium,True,False,1 commit
True,2022-06-16 08:53:11,very short,True,False,1 commit
True,2022-06-16 09:26:53,medium,False,True,many commits
True,2022-06-16 19:18:05,very short,True,False,1 commit
True,2022-06-16 22:38:02,lengthy,True,False,1 commit
True,2022-06-17 02:51:16,medium,True,False,1 commit
False,2022-06-17 07:39:34,lengthy,True,False,many commits
True,2022-06-17 10:31:59,short,True,False,1 commit
True,2022-06-17 10:50:59,medium,True,False,1 commit
True,2022-06-18 01:34:39,lengthy,True,False,some commits
True,2022-06-19 03:20:35,short,True,True,1 commit
True,2022-06-19 16:22:00,short,True,False,1 commit
False,2022-06-20 21:27:30,lengthy,False,False,some commits
True,2022-06-21 00:17:18,very short,True,False,1 commit
True,2022-06-21 02:02:43,very short,True,False,1 commit
True,2022-06-21 02:41:34,very short,True,False,1 commit
True,2022-06-21 07:59:25,medium,True,False,1 commit
True,2022-06-21 16:59:21,very short,True,False,1 commit
True,2022-06-22 08:39:06,very short,True,False,1 commit
True,2022-06-22 09:25:31,very short,True,False,1 commit
True,2022-06-23 12:44:02,very short,True,False,1 commit
True,2022-06-23 16:30:18,short,True,False,1 commit
True,2022-06-23 17:10:49,short,True,False,1 commit
False,2022-06-23 19:41:50,lengthy,False,True,1 commit
True,2022-06-23 19:55:00,short,True,False,1 commit
True,2022-06-23 21:25:11,very short,True,False,1 commit
True,2022-06-24 03:32:03,very short,True,False,1 commit
True,2022-06-24 12:16:34,lengthy,True,False,1 commit
True,2022-06-24 20:03:47,very short,True,False,1 commit
True,2022-06-24 20:25:49,very short,True,False,some commits
True,2022-06-24 22:13:58,very short,True,False,1 commit
True,2022-06-25 19:49:11,very short,True,False,1 commit
True,2022-06-25 22:45:58,short,True,False,1 commit
True,2022-06-26 05:07:28,short,True,False,1 commit
True,2022-06-26 13:20:49,lengthy,True,False,1 commit
True,2022-06-27 07:17:00,short,True,False,many commits
True,2022-06-27 13:43:53,very short,True,False,1 commit
True,2022-06-27 20:42:03,lengthy,True,False,1 commit
True,2022-06-28 08:42:27,short,True,False,some commits
True,2022-06-28 10:21:51,short,True,False,1 commit
True,2022-06-28 16:06:05,very short,True,True,1 commit
True,2022-06-28 20:39:08,very short,True,False,1 commit
True,2022-06-29 08:12:42,very short,True,False,1 commit
True,2022-06-29 08:34:02,short,True,False,some commits
True,2022-06-29 10:59:40,very short,True,False,some commits
True,2022-06-29 17:25:09,medium,True,False,1 commit
True,2022-06-29 20:41:25,very short,True,False,1 commit
True,2022-06-29 20:55:19,very short,True,False,1 commit
True,2022-06-30 18:50:51,lengthy,False,True,some commits
True,2022-06-30 18:59:42,medium,True,False,some commits
True,2022-06-30 23:17:18,very short,True,False,1 commit
False,2022-07-02 00:12:41,lengthy,False,True,some commits
True,2022-07-04 10:39:54,lengthy,True,False,some commits
True,2022-07-05 18:45:01,lengthy,True,False,1 commit
True,2022-07-07 08:56:24,very short,True,False,1 commit
False,2022-07-07 17:57:40,very short,False,True,1 commit
True,2022-07-08 04:12:55,very short,True,False,1 commit
True,2022-07-08 10:40:18,very short,True,False,1 commit
True,2022-07-08 13:20:00,short,True,False,1 commit
True,2022-07-09 06:58:21,very short,True,False,1 commit
True,2022-07-09 08:58:06,very short,True,False,1 commit
True,2022-07-09 20:50:07,lengthy,True,False,many commits
True,2022-07-11 01:41:11,lengthy,True,False,many commits
True,2022-07-11 12:51:40,very short,True,False,1 commit
True,2022-07-11 19:05:25,short,False,False,1 commit
True,2022-07-12 10:36:48,very short,True,False,1 commit
True,2022-07-12 14:58:04,lengthy,True,False,many commits
True,2022-07-12 21:17:08,very short,True,False,some commits
True,2022-07-14 21:12:15,medium,True,False,some commits
True,2022-07-15 21:18:11,short,True,False,1 commit
True,2022-07-16 09:05:59,very short,True,True,1 commit
True,2022-07-16 12:41:26,lengthy,True,True,some commits
True,2022-07-16 16:25:30,lengthy,False,True,1 commit
True,2022-07-17 16:12:55,short,True,False,1 commit
True,2022-07-18 00:36:51,very short,True,False,1 commit
True,2022-07-18 08:15:53,lengthy,True,False,some commits
True,2022-07-18 08:35:08,medium,True,False,1 commit
True,2022-07-18 08:55:07,lengthy,True,False,1 commit
True,2022-07-18 10:49:52,short,True,False,1 commit
True,2022-07-19 20:37:14,short,True,False,1 commit
True,2022-07-19 21:00:58,lengthy,True,False,many commits
True,2022-07-19 23:37:17,short,True,False,some commits
True,2022-07-20 12:31:48,lengthy,True,False,1 commit
True,2022-07-20 20:22:34,short,True,False,1 commit
True,2022-07-20 22:34:16,lengthy,True,False,some commits
False,2022-07-20 23:42:14,very short,True,False,1 commit
True,2022-07-21 19:08:30,short,True,False,1 commit
True,2022-07-21 19:55:31,medium,False,True,some commits
True,2022-07-21 20:01:21,very short,True,False,1 commit
True,2022-07-21 21:38:37,very short,True,False,1 commit
True,2022-07-22 06:56:36,very short,True,False,1 commit
True,2022-07-22 07:12:00,very short,True,False,1 commit
True,2022-07-22 09:12:25,very short,True,False,1 commit
True,2022-07-22 11:40:16,lengthy,True,False,1 commit
True,2022-07-22 16:58:24,lengthy,True,False,some commits
True,2022-07-22 18:22:26,medium,False,False,many commits
True,2022-07-22 18:58:22,very short,True,False,1 commit
True,2022-07-22 21:52:34,very short,True,False,1 commit
True,2022-07-23 01:53:30,very short,True,False,1 commit
True,2022-07-23 05:15:24,short,True,False,1 commit
True,2022-07-25 05:04:19,lengthy,True,False,some commits
True,2022-07-25 19:03:39,very short,False,False,1 commit
True,2022-07-26 06:38:52,very short,True,False,1 commit
True,2022-07-26 08:13:14,very short,True,False,1 commit
True,2022-07-28 07:46:07,medium,True,False,many commits
True,2022-07-28 08:04:10,short,True,False,many commits
True,2022-07-28 08:33:32,lengthy,True,False,some commits
True,2022-07-28 08:38:04,short,True,False,1 commit
True,2022-07-28 08:56:09,short,True,False,1 commit
True,2022-07-28 09:27:07,medium,True,False,1 commit
True,2022-07-28 10:08:40,medium,True,False,1 commit
True,2022-07-28 12:53:11,very short,True,False,1 commit
True,2022-07-28 21:24:07,very short,True,True,1 commit
False,2022-07-29 01:16:58,short,False,True,1 commit
True,2022-07-29 04:00:15,lengthy,True,False,many commits
True,2022-07-29 06:40:04,very short,False,True,some commits
True,2022-07-29 13:57:47,very short,True,False,some commits
True,2022-07-29 14:59:14,very short,True,False,1 commit
True,2022-07-29 18:24:47,medium,False,True,many commits
True,2022-07-29 18:50:38,very short,True,False,1 commit
True,2022-07-29 20:36:59,very short,True,False,1 commit
True,2022-07-29 20:37:05,very short,True,False,1 commit
True,2022-07-30 14:56:42,very short,True,False,some commits
True,2022-07-30 22:15:32,lengthy,True,False,many commits
True,2022-07-30 22:42:48,medium,True,False,1 commit
True,2022-07-30 22:54:50,very short,True,False,1 commit
True,2022-07-31 03:02:37,very short,True,False,1 commit
True,2022-07-31 13:10:39,medium,True,False,some commits
True,2022-08-01 14:08:35,very short,True,False,1 commit
True,2022-08-01 14:20:31,short,True,False,1 commit
True,2022-08-01 21:08:38,short,True,False,1 commit
True,2022-08-01 22:20:46,lengthy,True,False,1 commit
True,2022-08-01 23:36:37,very short,True,False,1 commit
True,2022-08-01 23:48:07,very short,True,False,1 commit
True,2022-08-03 02:25:42,very short,True,False,some commits
True,2022-08-03 13:25:23,lengthy,True,False,1 commit
True,2022-08-03 19:23:06,very short,True,False,1 commit
True,2022-08-04 01:43:41,medium,True,False,some commits
True,2022-08-04 07:06:41,very short,True,False,some commits
True,2022-08-04 07:30:14,very short,True,False,1 commit
True,2022-08-04 09:00:42,lengthy,True,False,some commits
True,2022-08-04 09:30:31,lengthy,True,False,1 commit
True,2022-08-04 15:43:31,lengthy,True,False,some commits
True,2022-08-04 16:05:28,lengthy,True,False,1 commit
True,2022-08-04 19:37:05,medium,True,False,1 commit
True,2022-08-04 21:06:05,medium,True,False,1 commit
True,2022-08-04 22:03:55,very short,True,False,1 commit
True,2022-08-05 00:36:48,medium,True,False,many commits
True,2022-08-05 13:08:36,medium,True,False,1 commit
True,2022-08-05 13:44:06,lengthy,True,False,1 commit
True,2022-08-05 15:52:55,lengthy,True,False,1 commit
False,2022-08-05 22:07:58,lengthy,True,False,1 commit
True,2022-08-05 22:46:56,very short,True,False,1 commit
True,2022-08-06 16:11:42,lengthy,True,False,1 commit
True,2022-08-06 17:07:48,lengthy,True,False,1 commit
True,2022-08-06 19:57:28,lengthy,True,False,1 commit
True,2022-08-06 22:02:35,lengthy,True,False,1 commit
True,2022-08-06 22:49:47,short,True,False,1 commit
True,2022-08-07 09:33:28,very short,True,False,1 commit
True,2022-08-07 10:22:44,lengthy,True,False,1 commit
True,2022-08-07 10:42:09,short,True,False,some commits
True,2022-08-07 17:10:38,lengthy,True,False,1 commit
True,2022-08-08 11:38:54,short,True,False,1 commit
True,2022-08-08 14:38:21,short,True,False,1 commit
True,2022-08-08 22:46:31,short,False,True,1 commit
True,2022-08-09 15:09:14,lengthy,True,False,many commits
True,2022-08-09 18:14:13,lengthy,False,True,many commits
True,2022-08-09 20:03:54,very short,True,False,1 commit
True,2022-08-09 21:31:23,lengthy,True,False,some commits
True,2022-08-09 21:32:40,very short,True,False,1 commit
True,2022-08-10 09:03:32,very short,True,False,1 commit
True,2022-08-10 11:25:40,short,True,False,1 commit
False,2022-08-10 13:01:51,lengthy,True,False,1 commit
True,2022-08-10 17:39:47,short,True,False,1 commit
True,2022-08-10 21:51:37,short,True,False,some commits
True,2022-08-11 14:26:21,medium,True,False,many commits
True,2022-08-12 03:31:49,lengthy,True,False,1 commit
True,2022-08-12 12:57:21,very short,True,False,1 commit
True,2022-08-12 22:09:41,very short,True,False,1 commit
True,2022-08-13 17:04:26,medium,True,False,1 commit
True,2022-08-14 18:37:48,very short,True,False,1 commit
True,2022-08-14 20:28:15,short,True,False,many commits
True,2022-08-15 00:27:33,short,True,False,many commits
True,2022-08-15 02:12:01,medium,True,False,1 commit
True,2022-08-15 19:03:01,very short,False,False,1 commit
True,2022-08-15 19:27:51,very short,True,False,1 commit
True,2022-08-15 20:41:34,very short,True,False,1 commit
True,2022-08-15 22:34:56,medium,True,False,some commits
True,2022-08-16 15:27:01,medium,True,False,1 commit
True,2022-08-16 15:38:15,very short,True,False,1 commit
True,2022-08-16 16:53:26,medium,True,False,some commits
True,2022-08-16 21:11:43,very short,True,False,some commits
True,2022-08-17 00:36:32,very short,True,False,1 commit
True,2022-08-17 04:40:48,short,True,False,many commits
True,2022-08-17 13:55:47,very short,True,False,some commits
True,2022-08-17 18:20:26,very short,True,False,some commits
True,2022-08-17 22:26:56,very short,True,False,1 commit
True,2022-08-17 23:54:26,very short,True,False,many commits
True,2022-08-18 05:09:43,very short,True,False,1 commit
True,2022-08-18 05:20:58,very short,True,False,1 commit
True,2022-08-18 07:51:25,very short,True,False,1 commit
True,2022-08-18 09:46:39,very short,True,False,1 commit
True,2022-08-18 10:04:06,very short,True,False,1 commit
True,2022-08-18 11:46:05,very short,True,False,1 commit
True,2022-08-18 16:21:22,very short,True,False,1 commit
True,2022-08-18 19:13:14,short,True,False,1 commit
True,2022-08-18 19:16:41,very short,True,False,1 commit
True,2022-08-18 23:36:55,short,True,False,many commits
True,2022-08-19 00:29:50,very short,True,False,some commits
True,2022-08-19 00:49:43,very short,True,False,1 commit
True,2022-08-19 07:39:19,very short,True,False,1 commit
True,2022-08-19 07:54:05,medium,True,False,1 commit
True,2022-08-19 08:02:02,very short,True,False,1 commit
True,2022-08-19 08:24:31,very short,True,False,1 commit
True,2022-08-19 09:46:02,very short,True,False,1 commit
True,2022-08-19 14:21:07,very short,True,False,1 commit
True,2022-08-19 19:55:30,very short,True,False,1 commit
True,2022-08-19 20:34:19,lengthy,True,False,1 commit
True,2022-08-20 14:23:34,lengthy,True,False,1 commit
True,2022-08-20 20:18:22,medium,False,True,1 commit
True,2022-08-20 22:41:41,lengthy,True,False,many commits
True,2022-08-20 23:23:12,lengthy,True,False,many commits
True,2022-08-21 10:50:23,very short,True,False,1 commit
True,2022-08-21 12:15:47,short,True,False,1 commit
False,2022-08-21 12:58:07,medium,True,False,1 commit
True,2022-08-21 23:06:49,lengthy,True,False,some commits
True,2022-08-22 08:22:35,lengthy,True,False,some commits
True,2022-08-22 16:53:15,very short,True,False,1 commit
True,2022-08-22 17:58:34,very short,True,False,1 commit
True,2022-08-22 23:48:29,very short,True,False,1 commit
True,2022-08-23 00:42:10,very short,True,False,some commits
True,2022-08-23 01:03:23,short,True,False,1 commit
True,2022-08-23 01:40:10,short,True,False,1 commit
True,2022-08-23 04:25:08,very short,True,False,1 commit
True,2022-08-23 14:08:03,very short,True,False,1 commit
True,2022-08-24 00:10:49,short,True,False,some commits
True,2022-08-24 00:48:37,very short,True,False,1 commit
True,2022-08-24 09:15:37,very short,True,False,1 commit
True,2022-08-24 09:29:13,very short,True,False,1 commit
True,2022-08-24 10:12:43,very short,True,False,1 commit
True,2022-08-24 11:49:51,very short,True,False,1 commit
True,2022-08-24 17:03:42,very short,True,True,1 commit
False,2022-08-24 19:17:16,lengthy,False,True,some commits
True,2022-08-24 21:21:39,very short,True,False,1 commit
True,2022-08-25 00:20:20,very short,True,False,1 commit
True,2022-08-25 10:46:00,medium,False,True,some commits
True,2022-08-25 18:57:52,very short,True,False,1 commit
True,2022-08-25 19:32:21,very short,True,False,1 commit
True,2022-08-25 22:37:47,very short,True,False,1 commit
True,2022-08-26 00:41:14,very short,True,False,1 commit
True,2022-08-26 01:13:33,short,True,False,1 commit
True,2022-08-26 06:55:11,very short,True,False,1 commit
True,2022-08-26 12:58:33,very short,True,False,1 commit
True,2022-08-26 15:02:55,very short,True,False,1 commit
True,2022-08-26 16:09:29,very short,True,False,1 commit
True,2022-08-26 19:47:29,very short,True,False,1 commit
True,2022-08-26 21:50:36,lengthy,True,False,some commits
True,2022-08-26 22:28:38,very short,True,False,1 commit
True,2022-08-26 22:28:44,very short,True,False,1 commit
True,2022-08-26 22:28:50,very short,True,False,1 commit
True,2022-08-27 02:00:05,very short,True,False,1 commit
True,2022-08-27 02:32:03,very short,True,False,1 commit
False,2022-08-27 02:43:49,lengthy,False,True,1 commit
True,2022-08-27 17:27:06,very short,True,False,1 commit
True,2022-08-27 23:02:51,very short,True,False,1 commit
True,2022-08-28 18:00:51,very short,True,False,1 commit
True,2022-08-29 14:37:47,lengthy,True,False,1 commit
True,2022-08-29 19:02:55,very short,False,False,1 commit
True,2022-08-30 04:41:48,very short,True,False,1 commit
True,2022-08-30 06:43:10,very short,True,False,1 commit
True,2022-08-30 09:11:42,very short,True,False,1 commit
True,2022-08-31 06:53:13,very short,True,False,1 commit
True,2022-08-31 07:02:56,very short,True,False,1 commit
True,2022-08-31 08:13:13,very short,True,False,1 commit
True,2022-08-31 18:20:15,very short,True,False,1 commit
True,2022-08-31 19:43:40,short,True,False,some commits
True,2022-08-31 20:10:06,very short,True,False,1 commit
True,2022-08-31 21:30:10,very short,True,False,1 commit
True,2022-08-31 21:30:46,very short,True,False,1 commit
True,2022-09-01 06:36:02,very short,True,False,1 commit
True,2022-09-01 07:11:17,very short,True,False,1 commit
True,2022-09-01 13:55:52,lengthy,True,True,1 commit
True,2022-09-02 02:42:56,very short,True,False,1 commit
True,2022-09-02 02:46:08,very short,True,False,1 commit
True,2022-09-05 00:02:14,short,False,True,1 commit
True,2022-09-05 15:38:44,short,True,True,1 commit
True,2022-09-06 16:09:22,very short,True,False,1 commit
True,2022-09-07 04:24:13,very short,False,True,many commits
True,2022-09-07 07:15:13,medium,True,False,many commits
False,2022-09-07 16:56:52,medium,True,False,1 commit
True,2022-09-07 22:29:35,very short,True,False,1 commit
True,2022-09-07 23:20:57,very short,True,False,some commits
True,2022-09-08 09:14:30,medium,True,False,some commits
True,2022-09-08 19:46:43,very short,True,False,some commits
True,2022-09-08 21:22:12,very short,True,False,1 commit
True,2022-09-08 21:35:05,very short,True,False,1 commit
True,2022-09-08 21:53:38,very short,True,False,1 commit
True,2022-09-08 22:17:05,very short,True,False,1 commit
True,2022-09-08 23:21:14,very short,True,False,1 commit
True,2022-09-08 23:57:26,very short,True,False,1 commit
True,2022-09-09 00:13:20,very short,True,False,1 commit
True,2022-09-09 01:18:03,medium,True,False,1 commit
True,2022-09-09 04:51:53,very short,True,False,1 commit
True,2022-09-09 07:08:19,very short,True,False,1 commit
True,2022-09-09 07:51:13,short,True,False,1 commit
True,2022-09-09 13:50:16,very short,True,False,1 commit
True,2022-09-09 16:44:13,very short,True,False,1 commit
True,2022-09-09 18:57:11,very short,True,False,1 commit
True,2022-09-09 22:11:58,very short,True,False,1 commit
True,2022-09-09 23:49:53,very short,True,False,1 commit
True,2022-09-10 07:27:40,very short,True,False,1 commit
True,2022-09-10 21:55:25,very short,True,False,1 commit
True,2022-09-11 00:26:25,very short,True,False,1 commit
True,2022-09-11 00:39:00,very short,True,False,1 commit
True,2022-09-11 09:39:43,short,True,False,1 commit
True,2022-09-11 10:01:35,short,True,False,1 commit
True,2022-09-11 10:14:53,lengthy,True,False,1 commit
True,2022-09-11 10:55:29,very short,True,False,1 commit
True,2022-09-11 10:56:26,lengthy,True,False,1 commit
True,2022-09-11 11:36:43,very short,True,False,1 commit
True,2022-09-11 11:56:49,short,True,False,1 commit
True,2022-09-11 12:38:49,very short,True,False,1 commit
True,2022-09-11 16:08:28,medium,True,False,some commits
True,2022-09-11 16:25:38,very short,True,False,1 commit
True,2022-09-11 18:09:31,very short,True,False,1 commit
True,2022-09-12 14:53:11,very short,True,False,1 commit
True,2022-09-13 00:32:33,very short,True,False,1 commit
True,2022-09-13 01:46:32,very short,True,False,1 commit
True,2022-09-13 08:33:27,short,True,False,1 commit
True,2022-09-13 22:54:08,short,True,False,1 commit
True,2022-09-14 00:56:28,short,True,False,1 commit
True,2022-09-14 03:01:06,short,True,False,1 commit
True,2022-09-14 10:53:14,lengthy,False,False,some commits
True,2022-09-14 16:39:25,very short,True,False,1 commit
True,2022-09-15 08:02:41,very short,True,False,1 commit
True,2022-09-15 08:23:08,very short,True,False,1 commit
True,2022-09-15 08:48:47,very short,True,False,1 commit
True,2022-09-15 12:23:35,very short,True,False,1 commit
True,2022-09-15 12:31:13,very short,True,False,1 commit
True,2022-09-15 12:34:04,very short,True,False,1 commit
True,2022-09-15 16:18:18,very short,True,False,1 commit
True,2022-09-15 21:02:37,medium,True,False,some commits
True,2022-09-15 23:15:04,medium,True,False,1 commit
True,2022-09-16 04:00:56,medium,True,False,1 commit
True,2022-09-16 07:53:48,medium,True,False,1 commit
True,2022-09-16 10:19:25,lengthy,True,False,1 commit
True,2022-09-16 18:32:56,very short,True,False,1 commit
True,2022-09-16 21:51:24,very short,True,True,some commits
True,2022-09-16 23:05:27,lengthy,True,False,1 commit
True,2022-09-17 00:15:42,medium,True,False,1 commit
True,2022-09-17 07:39:58,medium,True,False,many commits
True,2022-09-17 09:40:11,short,True,False,1 commit
True,2022-09-17 22:58:39,very short,True,False,1 commit
True,2022-09-18 04:08:21,very short,True,False,1 commit
True,2022-09-18 05:56:26,very short,True,False,1 commit
True,2022-09-18 11:19:35,short,True,True,some commits
True,2022-09-18 15:38:35,lengthy,True,True,many commits
True,2022-09-18 16:29:20,very short,True,False,1 commit
True,2022-09-18 17:38:53,very short,True,False,1 commit
True,2022-09-18 18:37:25,very short,True,False,1 commit
True,2022-09-18 19:33:32,very short,True,False,1 commit
True,2022-09-18 20:38:08,very short,True,False,1 commit
False,2022-09-18 20:38:14,very short,True,False,1 commit
True,2022-09-18 20:39:44,very short,True,False,1 commit
True,2022-09-18 20:39:50,very short,True,False,1 commit
True,2022-09-18 21:58:32,very short,True,False,1 commit
True,2022-09-18 21:59:55,very short,True,False,1 commit
True,2022-09-18 22:08:09,short,True,False,some commits
True,2022-09-19 04:55:23,medium,False,True,some commits
True,2022-09-19 07:26:10,very short,True,False,1 commit
True,2022-09-19 07:26:17,very short,True,False,1 commit
True,2022-09-19 08:00:56,very short,True,True,some commits
True,2022-09-19 11:33:11,very short,True,False,1 commit
True,2022-09-19 11:58:31,very short,True,False,1 commit
True,2022-09-19 12:13:53,very short,True,False,1 commit
True,2022-09-19 13:32:31,very short,True,False,1 commit
True,2022-09-19 13:32:38,very short,True,False,1 commit
True,2022-09-19 18:02:56,very short,True,False,1 commit
True,2022-09-19 19:02:33,very short,False,False,1 commit
True,2022-09-19 20:01:53,very short,True,False,1 commit
True,2022-09-19 20:43:43,very short,True,False,1 commit
True,2022-09-19 22:04:34,very short,True,False,1 commit
True,2022-09-20 13:37:32,very short,True,False,1 commit
True,2022-09-20 13:49:19,medium,True,False,1 commit
True,2022-09-20 14:37:48,very short,True,False,1 commit
True,2022-09-20 22:18:08,very short,True,False,1 commit
True,2022-09-21 15:52:39,very short,True,False,1 commit
True,2022-09-21 16:02:31,very short,True,False,1 commit
True,2022-09-21 16:33:45,short,True,False,1 commit
True,2022-09-21 17:23:00,very short,True,False,1 commit
True,2022-09-21 20:34:55,very short,True,False,1 commit
True,2022-09-21 21:54:04,very short,True,False,1 commit
True,2022-09-21 21:54:11,very short,True,False,1 commit
False,2022-09-22 03:08:58,lengthy,False,True,many commits
True,2022-09-22 15:12:31,lengthy,True,False,some commits
True,2022-09-22 21:39:02,very short,True,False,some commits
True,2022-09-23 02:50:42,very short,True,False,1 commit
True,2022-09-23 04:39:20,very short,True,False,1 commit
True,2022-09-23 06:45:16,very short,True,False,1 commit
True,2022-09-24 08:55:42,medium,True,False,1 commit
True,2022-09-24 18:23:28,lengthy,True,False,1 commit
True,2022-09-25 16:09:28,short,True,False,some commits
True,2022-09-25 16:47:32,very short,True,False,1 commit
True,2022-09-25 19:29:00,very short,True,False,1 commit
True,2022-09-25 19:29:06,very short,True,False,1 commit
True,2022-09-25 20:36:16,lengthy,True,False,1 commit
True,2022-09-26 18:56:52,lengthy,True,False,some commits
True,2022-09-26 19:02:31,very short,False,False,1 commit
False,2022-09-27 05:38:51,short,False,True,1 commit
True,2022-09-27 07:44:33,very short,True,False,1 commit
True,2022-09-27 10:00:17,short,True,False,some commits
True,2022-09-27 10:11:18,short,True,False,1 commit
True,2022-09-27 14:39:57,medium,False,True,many commits
True,2022-09-28 02:45:01,very short,True,False,1 commit
True,2022-09-28 03:35:41,very short,True,False,1 commit
False,2022-09-28 11:15:13,lengthy,False,True,1 commit
True,2022-09-28 11:58:25,very short,True,False,1 commit
True,2022-09-28 12:00:28,very short,True,False,1 commit
True,2022-09-28 13:00:24,lengthy,True,False,1 commit
True,2022-09-28 14:02:09,very short,True,False,1 commit
True,2022-09-28 17:45:49,very short,True,False,1 commit
True,2022-09-28 17:45:56,very short,True,False,1 commit
True,2022-09-28 20:39:37,very short,True,False,some commits
True,2022-09-28 23:56:41,very short,True,False,1 commit
True,2022-09-29 01:00:14,very short,True,False,1 commit
False,2022-09-29 01:20:47,lengthy,False,False,some commits
True,2022-09-29 04:59:32,very short,True,False,1 commit
True,2022-09-29 04:59:38,very short,True,False,1 commit
True,2022-09-29 05:23:23,very short,True,False,1 commit
True,2022-09-29 05:56:31,very short,True,False,1 commit
True,2022-09-29 07:18:48,medium,True,False,some commits
True,2022-09-29 08:16:00,short,True,False,1 commit
True,2022-09-29 16:07:47,very short,True,False,1 commit
True,2022-09-29 20:53:39,short,True,False,1 commit
True,2022-09-29 22:06:49,very short,True,False,1 commit
True,2022-09-30 22:28:16,very short,True,False,1 commit
False,2022-10-01 06:25:34,lengthy,False,True,1 commit
True,2022-10-01 08:13:08,lengthy,True,True,many commits
False,2022-10-01 10:16:05,very short,False,True,many commits
True,2022-10-01 15:15:40,lengthy,False,False,1 commit
True,2022-10-01 18:39:57,short,True,False,1 commit
True,2022-10-01 19:25:01,medium,True,False,some commits
False,2022-10-02 03:28:52,very short,False,True,1 commit
True,2022-10-02 08:00:11,very short,True,True,1 commit
True,2022-10-02 09:26:13,very short,True,False,1 commit
True,2022-10-02 09:46:48,lengthy,True,False,some commits
True,2022-10-02 10:22:02,very short,True,False,1 commit
True,2022-10-02 10:23:37,very short,True,False,1 commit
False,2022-10-02 15:08:01,lengthy,False,True,1 commit
True,2022-10-02 16:38:06,very short,True,False,1 commit
True,2022-10-02 20:10:06,very short,True,False,1 commit
False,2022-10-02 21:14:45,lengthy,False,True,1 commit
True,2022-10-02 22:33:11,short,True,False,1 commit
False,2022-10-03 01:22:01,lengthy,False,True,some commits
False,2022-10-03 07:16:17,medium,False,False,some commits
True,2022-10-03 17:52:31,very short,True,False,1 commit
True,2022-10-03 18:14:25,lengthy,True,False,some commits
False,2022-10-03 18:23:30,lengthy,False,True,1 commit
True,2022-10-03 20:20:35,very short,True,False,1 commit
True,2022-10-03 22:25:59,short,True,False,1 commit
True,2022-10-04 14:14:54,medium,True,False,1 commit
True,2022-10-05 10:05:56,lengthy,True,False,1 commit
True,2022-10-05 12:24:14,lengthy,True,False,many commits
True,2022-10-06 07:41:56,medium,True,False,many commits
True,2022-10-06 08:37:57,very short,True,False,1 commit
True,2022-10-06 18:07:04,very short,True,False,1 commit
True,2022-10-06 18:11:55,lengthy,False,True,1 commit
True,2022-10-06 21:00:01,very short,True,False,1 commit
True,2022-10-06 22:06:49,very short,True,False,1 commit
True,2022-10-06 22:09:31,short,True,False,many commits
True,2022-10-07 03:07:53,very short,True,False,1 commit
True,2022-10-07 04:55:26,very short,True,False,1 commit
True,2022-10-07 05:43:44,very short,True,False,1 commit
True,2022-10-07 08:02:58,very short,True,False,1 commit
True,2022-10-07 08:04:23,very short,True,False,1 commit
True,2022-10-07 15:07:19,lengthy,False,False,some commits
True,2022-10-08 01:28:09,lengthy,True,True,many commits
True,2022-10-08 05:02:34,very short,True,False,1 commit
True,2022-10-08 09:13:19,lengthy,True,False,1 commit
True,2022-10-08 11:29:50,short,True,False,1 commit
True,2022-10-08 12:07:52,medium,True,False,1 commit
True,2022-10-08 12:31:22,medium,True,False,1 commit
True,2022-10-08 13:15:34,short,True,True,1 commit
True,2022-10-08 17:07:14,lengthy,True,False,many commits
True,2022-10-08 23:42:05,lengthy,True,False,1 commit
True,2022-10-09 16:42:45,very short,True,False,1 commit
True,2022-10-10 21:50:48,short,True,False,some commits
True,2022-10-10 22:36:24,short,True,True,1 commit
False,2022-10-11 08:44:10,lengthy,True,False,1 commit
True,2022-10-11 09:31:38,short,True,False,1 commit
True,2022-10-11 17:24:02,medium,True,False,many commits
False,2022-10-11 18:47:20,very short,False,True,1 commit
True,2022-10-11 20:12:32,very short,True,False,1 commit
True,2022-10-12 12:00:01,short,True,False,1 commit
True,2022-10-12 14:55:11,lengthy,False,True,some commits
True,2022-10-12 16:33:56,very short,True,False,1 commit
False,2022-10-12 18:33:07,lengthy,True,False,1 commit
True,2022-10-12 22:00:54,very short,True,False,1 commit
True,2022-10-13 10:41:19,very short,True,False,1 commit
True,2022-10-13 20:04:14,medium,True,False,1 commit
True,2022-10-13 20:04:15,short,True,False,1 commit
True,2022-10-14 01:32:53,lengthy,True,False,1 commit
True,2022-10-14 01:34:35,lengthy,True,False,1 commit
True,2022-10-14 04:49:50,short,True,False,1 commit
True,2022-10-14 12:08:24,very short,False,True,1 commit
True,2022-10-14 13:48:51,very short,True,False,1 commit
True,2022-10-14 22:28:39,very short,True,False,1 commit
True,2022-10-14 23:30:05,medium,True,True,some commits
True,2022-10-15 06:17:00,very short,True,False,1 commit
True,2022-10-15 06:31:54,very short,True,False,1 commit
True,2022-10-15 08:10:04,very short,True,False,1 commit
True,2022-10-15 09:19:56,very short,True,False,1 commit
True,2022-10-15 09:52:25,very short,True,False,1 commit
True,2022-10-15 10:52:31,very short,True,False,1 commit
True,2022-10-15 10:55:53,very short,True,False,1 commit
True,2022-10-15 11:19:10,short,True,False,1 commit
True,2022-10-15 12:12:29,very short,True,False,1 commit
True,2022-10-15 13:17:36,short,True,False,1 commit
True,2022-10-15 14:31:37,medium,True,False,1 commit
True,2022-10-15 14:35:31,very short,True,False,1 commit
True,2022-10-15 15:45:42,medium,True,False,1 commit
True,2022-10-16 11:44:38,very short,True,False,some commits
True,2022-10-16 15:17:40,medium,False,False,many commits
True,2022-10-16 15:22:04,very short,True,False,1 commit
True,2022-10-16 15:51:34,very short,True,False,1 commit
True,2022-10-16 20:36:54,very short,True,False,1 commit
True,2022-10-16 23:38:15,very short,True,False,1 commit
True,2022-10-16 23:39:02,very short,True,False,1 commit
True,2022-10-17 05:12:19,short,True,False,some commits
True,2022-10-17 11:01:56,medium,True,False,1 commit
True,2022-10-17 11:07:28,very short,True,False,1 commit
True,2022-10-17 15:00:41,very short,True,False,1 commit
True,2022-10-17 15:09:30,very short,True,False,1 commit
True,2022-10-17 19:02:41,very short,False,False,1 commit
True,2022-10-17 20:40:42,lengthy,False,True,some commits
True,2022-10-17 21:04:28,very short,True,False,1 commit
True,2022-10-18 08:55:21,very short,True,False,1 commit
True,2022-10-18 09:48:17,very short,True,False,1 commit
True,2022-10-18 09:53:40,lengthy,True,False,1 commit
True,2022-10-18 11:50:38,very short,True,False,1 commit
True,2022-10-18 12:56:37,very short,True,False,1 commit
True,2022-10-18 13:22:28,very short,True,False,1 commit
True,2022-10-18 14:03:16,very short,True,False,1 commit
True,2022-10-18 16:44:34,lengthy,True,False,1 commit
False,2022-10-18 19:08:24,very short,False,True,1 commit
True,2022-10-19 07:26:23,lengthy,True,False,1 commit
True,2022-10-19 08:16:48,very short,True,False,1 commit
True,2022-10-19 14:48:18,medium,True,False,1 commit
True,2022-10-19 16:56:30,very short,True,False,1 commit
True,2022-10-20 03:57:03,very short,True,False,1 commit
True,2022-10-20 08:47:45,very short,True,False,1 commit
True,2022-10-20 18:55:42,very short,True,False,1 commit
True,2022-10-20 20:51:49,very short,True,False,1 commit
True,2022-10-20 21:51:11,very short,True,False,1 commit
True,2022-10-20 21:55:36,very short,True,False,1 commit
True,2022-10-20 21:56:11,very short,True,False,1 commit
True,2022-10-20 22:44:45,very short,True,False,1 commit
True,2022-10-21 06:17:14,very short,True,False,1 commit
True,2022-10-21 06:41:53,very short,True,False,1 commit
True,2022-10-21 08:29:18,lengthy,True,False,some commits
True,2022-10-21 09:24:12,lengthy,True,False,1 commit
True,2022-10-21 12:19:46,short,True,False,1 commit
True,2022-10-21 12:36:35,very short,True,False,1 commit
True,2022-10-21 14:51:58,very short,True,False,1 commit
True,2022-10-21 15:56:45,very short,True,False,1 commit
False,2022-10-21 19:12:17,lengthy,False,True,1 commit
False,2022-10-21 20:08:24,medium,False,False,1 commit
True,2022-10-21 22:52:52,lengthy,True,False,1 commit
True,2022-10-22 05:41:19,lengthy,True,False,1 commit
True,2022-10-22 09:52:56,very short,True,False,1 commit
True,2022-10-22 10:49:24,medium,True,False,1 commit
True,2022-10-22 11:17:32,lengthy,True,False,1 commit
True,2022-10-22 11:26:12,short,True,False,1 commit
True,2022-10-22 11:58:42,lengthy,True,False,some commits
True,2022-10-22 14:13:53,very short,True,False,1 commit
True,2022-10-23 11:31:17,lengthy,True,False,some commits
True,2022-10-23 17:36:45,very short,True,False,1 commit
True,2022-10-23 22:04:08,medium,True,False,1 commit
True,2022-10-24 14:09:08,very short,True,False,some commits
True,2022-10-24 15:40:00,lengthy,True,False,1 commit
True,2022-10-25 02:03:19,very short,True,False,1 commit
True,2022-10-25 03:04:22,very short,True,False,1 commit
True,2022-10-25 05:58:26,very short,True,False,1 commit
True,2022-10-25 14:31:50,very short,True,False,1 commit
True,2022-10-25 14:33:22,very short,True,False,1 commit
True,2022-10-25 20:57:20,lengthy,True,False,many commits
False,2022-10-26 04:04:40,lengthy,True,False,some commits
True,2022-10-26 09:14:05,very short,True,False,1 commit
True,2022-10-26 09:22:14,medium,True,False,1 commit
True,2022-10-26 09:24:51,very short,True,False,1 commit
True,2022-10-26 22:54:36,medium,True,False,1 commit
True,2022-10-27 16:59:40,very short,True,False,1 commit
True,2022-10-27 23:22:50,very short,True,False,1 commit
True,2022-10-28 08:35:07,very short,True,True,some commits
True,2022-10-28 11:00:21,very short,True,False,1 commit
True,2022-10-28 11:16:58,very short,True,False,1 commit
True,2022-10-28 11:30:50,very short,True,False,1 commit
False,2022-10-28 14:23:42,lengthy,False,True,1 commit
True,2022-10-28 17:33:14,very short,True,False,1 commit
True,2022-10-28 18:31:57,short,True,False,1 commit
True,2022-10-28 19:13:34,very short,True,False,1 commit
True,2022-10-28 19:48:58,very short,True,False,1 commit
True,2022-10-29 08:51:45,lengthy,True,False,1 commit
True,2022-10-29 10:52:34,medium,True,False,1 commit
True,2022-10-29 11:16:27,very short,True,False,1 commit
True,2022-10-29 12:23:50,short,True,False,1 commit
True,2022-10-29 14:18:32,lengthy,True,False,1 commit
True,2022-10-29 15:45:00,short,True,False,1 commit
True,2022-10-29 19:15:20,very short,True,False,1 commit
True,2022-10-29 19:20:30,medium,True,False,1 commit
True,2022-10-30 04:17:47,short,True,False,some commits
False,2022-10-30 18:33:14,lengthy,False,True,some commits
True,2022-10-30 21:02:33,lengthy,True,False,1 commit
True,2022-10-31 19:02:51,very short,False,False,1 commit
True,2022-10-31 19:02:54,very short,False,False,1 commit
True,2022-10-31 21:31:01,very short,True,False,1 commit
True,2022-10-31 22:49:01,very short,True,False,1 commit
True,2022-10-31 22:51:32,very short,True,False,1 commit
True,2022-10-31 23:39:13,very short,True,False,1 commit
True,2022-11-01 00:26:29,very short,True,False,1 commit
True,2022-11-01 07:32:31,very short,True,False,1 commit
True,2022-11-01 10:35:52,medium,True,False,1 commit
True,2022-11-01 11:51:33,very short,True,False,1 commit
True,2022-11-01 18:11:43,lengthy,True,False,1 commit
True,2022-11-01 19:29:15,very short,True,False,1 commit
True,2022-11-01 20:30:34,very short,True,False,1 commit
True,2022-11-01 22:01:35,very short,True,False,1 commit
True,2022-11-01 23:09:40,very short,True,False,1 commit
True,2022-11-01 23:29:45,very short,True,False,1 commit
False,2022-11-01 23:51:18,very short,False,True,many commits
True,2022-11-02 01:57:41,very short,True,False,1 commit
True,2022-11-02 07:12:08,very short,True,False,1 commit
True,2022-11-02 10:16:33,short,True,False,1 commit
True,2022-11-02 13:33:56,very short,True,False,1 commit
True,2022-11-03 02:49:37,very short,True,False,1 commit
True,2022-11-03 16:27:34,very short,True,False,1 commit
True,2022-11-03 18:31:53,very short,True,False,1 commit
True,2022-11-03 18:34:34,short,True,False,1 commit
True,2022-11-03 19:30:51,short,True,False,1 commit
True,2022-11-03 20:09:06,very short,True,False,1 commit
True,2022-11-04 10:37:58,lengthy,False,True,many commits
True,2022-11-04 18:17:17,very short,True,False,1 commit
True,2022-11-04 19:44:35,very short,True,False,1 commit
True,2022-11-04 20:13:29,short,True,False,1 commit
True,2022-11-04 20:16:17,lengthy,True,False,1 commit
True,2022-11-04 20:26:50,very short,True,False,1 commit
True,2022-11-04 21:28:31,very short,True,False,1 commit
True,2022-11-04 21:51:30,very short,True,False,1 commit
True,2022-11-05 17:24:26,very short,True,False,1 commit
True,2022-11-06 00:15:29,lengthy,True,False,1 commit
True,2022-11-06 02:04:12,very short,True,False,1 commit
True,2022-11-06 02:23:36,lengthy,True,False,1 commit
True,2022-11-06 02:34:15,short,True,False,1 commit
True,2022-11-06 02:58:25,very short,True,False,1 commit
True,2022-11-06 03:01:52,very short,True,False,1 commit
True,2022-11-06 09:54:50,very short,True,False,1 commit
True,2022-11-06 09:54:57,very short,True,False,1 commit
True,2022-11-07 18:09:36,very short,True,False,1 commit
True,2022-11-07 18:09:43,very short,True,False,1 commit
False,2022-11-08 00:40:53,very short,False,False,1 commit
True,2022-11-08 07:08:49,medium,True,False,some commits
True,2022-11-08 14:28:08,very short,True,False,1 commit
True,2022-11-08 17:04:00,very short,True,False,1 commit
True,2022-11-08 17:42:27,medium,True,False,1 commit
True,2022-11-08 19:05:49,short,False,True,many commits
True,2022-11-09 10:35:36,very short,True,False,1 commit
True,2022-11-09 12:48:19,lengthy,False,True,1 commit
False,2022-11-09 20:10:31,very short,False,True,1 commit
True,2022-11-09 22:04:43,very short,True,False,1 commit
True,2022-11-09 22:04:51,very short,True,False,1 commit
True,2022-11-10 04:57:04,very short,True,False,some commits
True,2022-11-10 22:07:19,very short,True,False,1 commit
True,2022-11-10 22:55:28,very short,True,False,1 commit
True,2022-11-11 02:05:47,very short,True,False,1 commit
True,2022-11-11 02:05:55,very short,True,False,1 commit
True,2022-11-11 23:22:42,short,True,False,1 commit
True,2022-11-11 23:58:56,lengthy,True,False,1 commit
True,2022-11-12 02:10:59,very short,True,False,1 commit
True,2022-11-12 06:25:04,medium,True,False,1 commit
True,2022-11-12 10:04:24,very short,True,False,1 commit
True,2022-11-12 14:38:43,very short,True,False,1 commit
True,2022-11-12 18:03:22,medium,True,False,1 commit
True,2022-11-12 18:34:54,very short,True,False,some commits
True,2022-11-12 18:50:32,short,True,False,many commits
True,2022-11-13 12:28:27,medium,True,False,1 commit
True,2022-11-13 14:16:59,lengthy,True,False,1 commit
True,2022-11-14 09:12:54,very short,True,False,1 commit
True,2022-11-14 09:25:32,very short,True,False,1 commit
True,2022-11-14 23:03:21,very short,True,False,1 commit
True,2022-11-15 00:50:08,very short,True,False,1 commit
True,2022-11-15 00:50:16,very short,True,False,1 commit
True,2022-11-15 07:26:49,very short,True,False,1 commit
True,2022-11-15 08:13:44,very short,True,False,1 commit
True,2022-11-15 09:58:32,very short,True,False,1 commit
True,2022-11-15 10:09:53,very short,True,False,1 commit
True,2022-11-15 13:54:47,very short,True,False,1 commit
True,2022-11-15 18:13:55,lengthy,True,False,1 commit
True,2022-11-15 18:42:51,very short,True,False,1 commit
True,2022-11-15 21:28:08,very short,True,False,1 commit
True,2022-11-15 21:33:59,very short,True,False,1 commit
True,2022-11-15 21:34:07,very short,True,False,1 commit
True,2022-11-15 22:08:53,lengthy,True,False,1 commit
True,2022-11-15 22:24:13,very short,True,False,1 commit
False,2022-11-15 22:44:21,short,True,False,1 commit
True,2022-11-16 04:31:12,lengthy,True,False,many commits
True,2022-11-16 12:47:50,very short,True,False,1 commit
True,2022-11-16 20:32:28,very short,True,False,1 commit
True,2022-11-17 08:32:36,very short,True,False,1 commit
True,2022-11-17 09:10:05,short,True,False,1 commit
True,2022-11-17 13:06:47,lengthy,True,False,many commits
True,2022-11-17 14:49:08,very short,True,False,1 commit
True,2022-11-17 15:42:35,lengthy,True,False,1 commit
True,2022-11-17 15:58:32,very short,True,False,1 commit
True,2022-11-17 19:57:50,very short,True,False,1 commit
True,2022-11-17 22:37:29,very short,True,False,1 commit
True,2022-11-17 22:57:55,short,False,True,1 commit
True,2022-11-18 02:43:20,very short,True,False,1 commit
True,2022-11-18 06:15:22,very short,True,False,1 commit
True,2022-11-18 08:03:58,very short,True,False,1 commit
True,2022-11-18 15:34:42,lengthy,True,False,many commits
True,2022-11-18 19:54:27,very short,True,False,some commits
True,2022-11-18 22:36:52,very short,True,False,1 commit
True,2022-11-19 02:07:39,very short,True,False,1 commit
True,2022-11-19 02:07:47,very short,True,False,1 commit
True,2022-11-19 02:14:12,very short,True,False,1 commit
True,2022-11-19 08:08:12,very short,True,False,1 commit
True,2022-11-19 08:12:21,very short,True,False,1 commit
True,2022-11-19 22:34:21,lengthy,True,False,1 commit
True,2022-11-20 04:34:28,medium,False,True,some commits
True,2022-11-20 12:39:44,very short,True,False,1 commit
True,2022-11-20 12:59:17,very short,True,False,1 commit
True,2022-11-20 13:25:09,short,True,False,1 commit
True,2022-11-20 14:14:55,very short,True,False,1 commit
True,2022-11-20 14:15:02,very short,True,False,1 commit
True,2022-11-20 14:21:12,short,True,False,1 commit
True,2022-11-20 14:43:54,short,True,False,1 commit
True,2022-11-20 15:35:15,short,True,False,1 commit
True,2022-11-20 15:52:03,short,True,False,1 commit
True,2022-11-20 17:02:28,lengthy,True,False,many commits
True,2022-11-20 17:55:02,short,True,False,1 commit
True,2022-11-20 19:19:23,very short,True,False,1 commit
True,2022-11-20 19:44:23,lengthy,True,False,1 commit
True,2022-11-20 23:25:26,short,True,False,1 commit
True,2022-11-21 04:01:50,lengthy,True,False,1 commit
True,2022-11-21 12:27:07,short,True,False,1 commit
True,2022-11-21 16:39:55,lengthy,True,False,1 commit
True,2022-11-21 18:32:04,very short,True,False,1 commit
True,2022-11-21 18:35:05,very short,True,False,1 commit
True,2022-11-21 18:43:59,very short,True,False,1 commit
True,2022-11-21 18:44:13,very short,True,False,1 commit
True,2022-11-23 07:21:39,very short,True,False,1 commit
True,2022-11-23 18:37:48,lengthy,True,False,some commits
True,2022-11-23 21:42:32,very short,True,False,1 commit
True,2022-11-24 00:04:17,medium,True,False,1 commit
True,2022-11-24 13:00:10,very short,True,False,1 commit
True,2022-11-25 09:14:22,medium,True,False,1 commit
True,2022-11-26 15:58:22,very short,True,False,some commits
True,2022-11-26 23:05:32,very short,True,False,1 commit
False,2022-11-26 23:05:40,very short,True,False,1 commit
True,2022-11-27 18:43:55,very short,True,True,some commits
True,2022-11-28 01:51:34,short,True,False,some commits
True,2022-11-28 09:50:08,very short,True,False,1 commit
True,2022-11-29 00:30:36,very short,True,False,1 commit
True,2022-11-29 00:30:47,very short,True,False,1 commit
True,2022-11-29 01:40:14,very short,True,False,1 commit
True,2022-11-29 01:40:23,very short,True,False,1 commit
True,2022-11-29 14:47:38,very short,True,False,1 commit
True,2022-11-30 15:50:17,very short,True,False,1 commit
True,2022-12-01 09:03:13,very short,True,False,1 commit
False,2022-12-01 14:10:15,short,False,True,1 commit
True,2022-12-01 14:12:13,short,True,False,1 commit
True,2022-12-02 03:57:13,very short,True,False,1 commit
True,2022-12-02 09:08:24,very short,True,False,1 commit
True,2022-12-02 12:27:01,very short,True,False,1 commit
True,2022-12-02 12:45:56,short,True,False,1 commit
True,2022-12-02 20:28:11,short,True,False,1 commit
True,2022-12-02 21:26:47,very short,True,False,1 commit
True,2022-12-03 06:27:12,short,True,False,1 commit
True,2022-12-03 06:47:11,very short,True,False,1 commit
True,2022-12-03 06:47:18,very short,True,False,1 commit
True,2022-12-03 07:31:48,short,True,False,1 commit
True,2022-12-03 11:37:03,medium,True,True,many commits
False,2022-12-03 12:13:04,lengthy,True,False,1 commit
True,2022-12-03 12:49:37,very short,True,False,1 commit
True,2022-12-03 15:08:16,very short,True,True,1 commit
True,2022-12-03 16:19:44,short,True,False,1 commit
True,2022-12-03 20:18:11,short,True,False,1 commit
True,2022-12-03 20:20:12,lengthy,True,False,many commits
True,2022-12-03 20:44:24,very short,True,False,1 commit
True,2022-12-03 22:15:31,medium,True,False,some commits
True,2022-12-04 07:56:00,very short,True,False,1 commit
True,2022-12-04 09:41:50,very short,True,False,1 commit
True,2022-12-04 10:10:41,very short,True,False,1 commit
True,2022-12-04 14:43:48,very short,True,False,1 commit
True,2022-12-04 15:43:06,very short,True,False,1 commit
True,2022-12-04 16:12:34,very short,True,False,1 commit
True,2022-12-04 17:55:35,very short,True,False,some commits
True,2022-12-04 22:18:01,very short,True,False,1 commit
True,2022-12-04 22:21:37,very short,True,False,1 commit
True,2022-12-05 00:05:54,short,True,False,some commits
True,2022-12-05 04:55:48,very short,True,False,1 commit
True,2022-12-05 06:17:04,very short,True,False,some commits
True,2022-12-05 07:58:40,very short,True,True,some commits
True,2022-12-05 19:26:29,very short,True,False,1 commit
True,2022-12-05 21:07:04,very short,True,False,1 commit
True,2022-12-05 22:59:33,very short,True,False,1 commit
True,2022-12-06 03:42:05,lengthy,True,False,many commits
True,2022-12-06 03:45:23,lengthy,True,False,1 commit
True,2022-12-06 09:33:00,short,True,False,1 commit
True,2022-12-06 11:53:43,very short,True,True,1 commit
True,2022-12-06 14:23:45,very short,True,False,1 commit
True,2022-12-06 19:24:24,very short,True,True,some commits
True,2022-12-06 20:05:23,very short,True,False,1 commit
False,2022-12-06 22:54:17,lengthy,False,True,1 commit
True,2022-12-07 01:55:36,very short,True,False,1 commit
True,2022-12-07 01:55:44,very short,True,False,1 commit
True,2022-12-07 05:48:06,medium,False,True,many commits
True,2022-12-07 09:22:41,very short,True,False,1 commit
True,2022-12-07 09:39:36,very short,True,False,1 commit
True,2022-12-07 13:49:51,lengthy,True,False,some commits
True,2022-12-07 18:26:21,very short,True,False,1 commit
True,2022-12-07 20:42:16,very short,True,False,1 commit
True,2022-12-08 00:31:01,lengthy,False,True,some commits
True,2022-12-08 04:57:02,short,True,False,many commits
True,2022-12-08 09:37:21,short,True,False,1 commit
True,2022-12-08 15:19:13,lengthy,False,True,1 commit
True,2022-12-08 16:22:37,short,True,False,1 commit
True,2022-12-08 16:40:57,medium,True,False,1 commit
True,2022-12-08 21:00:24,very short,True,False,1 commit
True,2022-12-08 21:40:57,very short,True,False,1 commit
True,2022-12-08 23:55:34,very short,True,False,1 commit
True,2022-12-08 23:55:42,very short,True,False,1 commit
True,2022-12-09 08:34:42,very short,True,False,1 commit
True,2022-12-09 17:23:44,very short,True,False,1 commit
True,2022-12-09 20:22:26,very short,True,False,1 commit
True,2022-12-10 11:11:01,very short,True,False,1 commit
True,2022-12-10 11:27:27,very short,True,False,1 commit
True,2022-12-10 11:37:23,very short,True,False,1 commit
True,2022-12-10 12:31:03,very short,True,False,1 commit
True,2022-12-10 13:38:12,very short,True,False,1 commit
False,2022-12-10 14:50:22,medium,False,True,some commits
True,2022-12-10 18:13:37,lengthy,True,False,1 commit
True,2022-12-11 18:11:03,very short,True,False,1 commit
True,2022-12-11 22:29:10,very short,True,False,1 commit
False,2022-12-11 23:31:47,lengthy,False,False,1 commit
False,2022-12-11 23:35:05,lengthy,False,True,some commits
False,2022-12-12 01:12:21,lengthy,False,True,1 commit
False,2022-12-12 02:45:24,lengthy,False,True,1 commit
True,2022-12-12 07:32:49,lengthy,False,False,1 commit
False,2022-12-12 08:46:02,lengthy,False,True,1 commit
True,2022-12-12 18:16:24,very short,True,False,1 commit
True,2022-12-12 19:00:50,very short,False,False,1 commit
False,2022-12-12 21:30:49,lengthy,False,False,1 commit
True,2022-12-13 10:39:46,very short,True,False,1 commit
True,2022-12-13 13:48:48,lengthy,True,False,1 commit
False,2022-12-13 15:55:05,lengthy,False,True,some commits
True,2022-12-13 16:44:41,lengthy,True,False,1 commit
True,2022-12-13 16:55:20,short,True,False,1 commit
True,2022-12-13 22:27:04,very short,True,False,1 commit
True,2022-12-13 22:41:02,very short,True,False,1 commit
True,2022-12-13 22:58:13,very short,True,False,1 commit
True,2022-12-13 23:40:32,very short,True,False,1 commit
False,2022-12-14 00:38:42,lengthy,False,True,many commits
True,2022-12-14 10:31:32,medium,True,False,1 commit
True,2022-12-14 18:47:25,lengthy,True,False,many commits
True,2022-12-14 18:56:39,lengthy,True,False,1 commit
True,2022-12-14 20:21:39,very short,True,False,1 commit
True,2022-12-14 21:33:12,medium,True,False,1 commit
True,2022-12-15 05:12:27,very short,True,False,some commits
True,2022-12-15 07:21:35,very short,True,False,some commits
True,2022-12-15 15:10:03,very short,True,False,1 commit
True,2022-12-15 16:39:47,short,True,False,some commits
True,2022-12-15 17:22:59,very short,True,False,some commits
True,2022-12-15 17:25:07,very short,True,False,1 commit
True,2022-12-15 17:58:35,very short,True,False,1 commit
True,2022-12-15 19:35:16,very short,True,False,1 commit
False,2022-12-16 04:53:26,lengthy,False,True,many commits
True,2022-12-16 14:51:12,very short,True,False,1 commit
True,2022-12-16 16:04:15,lengthy,True,False,some commits
True,2022-12-17 00:53:04,medium,True,False,1 commit
True,2022-12-17 03:06:52,short,True,False,1 commit
True,2022-12-17 04:06:10,medium,True,False,1 commit
True,2022-12-17 07:55:02,medium,True,False,some commits
True,2022-12-17 11:16:38,medium,True,False,many commits
True,2022-12-17 11:37:15,medium,True,False,some commits
True,2022-12-17 17:21:30,medium,False,True,many commits
True,2022-12-17 22:07:31,very short,True,False,1 commit
True,2022-12-17 22:21:59,very short,True,False,1 commit
True,2022-12-18 13:02:18,lengthy,True,False,1 commit
True,2022-12-18 14:25:56,very short,True,False,1 commit
True,2022-12-18 16:43:50,very short,True,False,1 commit
True,2022-12-18 16:43:58,very short,True,False,1 commit
True,2022-12-18 20:07:59,medium,True,False,many commits
True,2022-12-19 00:00:13,medium,True,False,1 commit
True,2022-12-19 13:43:55,very short,True,False,1 commit
True,2022-12-19 16:31:31,very short,True,False,1 commit
True,2022-12-19 18:54:28,very short,True,False,1 commit
True,2022-12-19 18:54:35,very short,True,False,1 commit
True,2022-12-19 18:58:52,very short,True,False,1 commit
True,2022-12-19 18:59:00,very short,True,False,1 commit
True,2022-12-19 23:06:46,short,True,False,1 commit
True,2022-12-20 00:27:04,lengthy,True,False,some commits
True,2022-12-20 05:05:02,short,False,True,many commits
True,2022-12-20 05:12:40,lengthy,False,False,1 commit
True,2022-12-20 08:22:32,very short,True,False,1 commit
True,2022-12-20 10:03:15,lengthy,True,False,1 commit
True,2022-12-20 15:28:30,very short,True,False,1 commit
True,2022-12-20 15:28:37,very short,True,False,1 commit
True,2022-12-20 15:32:44,very short,True,True,1 commit
True,2022-12-20 21:00:51,very short,True,False,1 commit
True,2022-12-21 17:07:43,very short,True,False,1 commit
True,2022-12-21 17:11:44,very short,True,False,1 commit
True,2022-12-21 17:14:52,very short,True,False,some commits
True,2022-12-22 04:55:13,very short,True,False,some commits
True,2022-12-22 05:24:22,very short,True,False,some commits
True,2022-12-22 07:49:23,very short,True,False,1 commit
False,2022-12-22 07:49:30,very short,True,False,1 commit
True,2022-12-22 07:59:10,very short,True,False,1 commit
True,2022-12-22 16:49:41,short,True,False,1 commit
True,2022-12-22 20:55:13,lengthy,True,False,1 commit
True,2022-12-26 05:30:15,lengthy,True,False,1 commit
True,2022-12-26 19:00:46,short,False,False,1 commit
False,2022-12-27 08:42:06,lengthy,False,True,some commits
True,2022-12-27 10:50:52,short,True,False,1 commit
True,2022-12-27 21:07:50,lengthy,True,False,many commits
True,2022-12-27 21:54:32,very short,True,False,1 commit
True,2022-12-28 11:47:27,very short,True,False,1 commit
False,2022-12-28 12:48:31,lengthy,True,False,1 commit
True,2022-12-28 13:38:07,very short,True,False,1 commit
True,2022-12-28 14:00:05,short,True,False,1 commit
True,2022-12-28 23:12:23,lengthy,True,False,many commits
True,2022-12-28 23:48:14,very short,True,False,1 commit
True,2022-12-29 06:54:11,very short,True,False,1 commit
True,2022-12-29 08:10:03,lengthy,True,False,some commits
True,2022-12-29 10:58:24,short,True,False,some commits
True,2022-12-29 13:06:43,medium,True,False,1 commit
True,2022-12-29 18:16:10,medium,True,False,1 commit
True,2022-12-29 18:34:03,short,True,False,1 commit
True,2022-12-30 02:31:20,medium,True,False,1 commit
True,2022-12-30 05:44:53,short,True,False,1 commit
True,2022-12-30 06:12:08,very short,True,False,1 commit
True,2022-12-30 13:23:47,very short,True,False,some commits
True,2022-12-31 10:19:18,lengthy,True,False,1 commit
True,2022-12-31 11:28:36,very short,True,False,some commits
True,2022-12-31 11:30:11,very short,True,False,1 commit
True,2022-12-31 20:29:38,very short,True,False,1 commit
True,2022-12-31 20:29:45,very short,True,False,1 commit
True,2023-01-01 06:07:41,very short,True,False,1 commit
True,2023-01-01 10:03:29,very short,True,False,1 commit
True,2023-01-01 10:04:07,very short,True,False,1 commit
False,2023-01-01 12:04:25,lengthy,True,False,1 commit
True,2023-01-01 13:22:11,lengthy,True,False,some commits
True,2023-01-01 14:07:55,short,True,False,1 commit
True,2023-01-01 17:44:09,short,True,False,1 commit
True,2023-01-01 18:27:51,medium,True,False,1 commit
True,2023-01-02 06:14:16,lengthy,True,False,many commits
True,2023-01-02 19:07:16,very short,False,False,1 commit
True,2023-01-02 19:44:25,medium,True,False,1 commit
True,2023-01-02 20:37:49,short,True,False,1 commit
True,2023-01-03 14:15:36,very short,True,False,1 commit
True,2023-01-03 19:26:28,very short,True,False,1 commit
True,2023-01-03 19:26:40,very short,True,False,1 commit
True,2023-01-03 20:14:42,lengthy,False,True,many commits
True,2023-01-03 20:54:12,very short,True,False,1 commit
True,2023-01-03 21:11:40,very short,True,False,1 commit
True,2023-01-04 09:35:45,very short,True,False,1 commit
True,2023-01-04 09:35:53,very short,True,False,1 commit
True,2023-01-05 04:58:30,very short,True,False,1 commit
True,2023-01-05 11:34:26,short,True,False,1 commit
True,2023-01-05 12:49:52,very short,True,True,1 commit
True,2023-01-05 19:12:59,short,True,False,1 commit
True,2023-01-05 23:08:08,short,True,False,some commits
True,2023-01-06 00:10:01,very short,True,False,1 commit
True,2023-01-06 00:33:42,lengthy,True,False,some commits
True,2023-01-06 00:46:30,very short,True,False,1 commit
True,2023-01-06 01:30:19,very short,True,False,1 commit
True,2023-01-06 02:00:01,very short,True,False,1 commit
True,2023-01-06 08:41:57,medium,False,True,some commits
True,2023-01-07 06:16:48,very short,True,False,1 commit
True,2023-01-07 10:47:36,short,True,False,1 commit
True,2023-01-07 14:05:58,short,True,False,1 commit
True,2023-01-09 08:00:51,very short,True,False,1 commit
True,2023-01-09 11:48:29,medium,True,False,1 commit
True,2023-01-09 15:32:45,very short,True,False,1 commit
True,2023-01-09 17:46:16,short,True,False,some commits
True,2023-01-10 02:33:57,short,True,False,many commits
True,2023-01-10 02:47:16,very short,True,False,some commits
True,2023-01-10 04:50:24,very short,True,False,some commits
True,2023-01-10 06:41:59,very short,True,False,1 commit
True,2023-01-10 06:50:03,very short,True,False,some commits
True,2023-01-10 07:28:52,very short,True,False,1 commit
True,2023-01-10 07:44:27,very short,True,False,1 commit
True,2023-01-10 08:36:45,very short,True,False,1 commit
True,2023-01-10 09:20:21,very short,True,False,1 commit
True,2023-01-10 10:36:10,very short,True,False,1 commit
True,2023-01-10 12:42:37,very short,True,False,1 commit
False,2023-01-10 13:19:30,very short,False,True,1 commit
True,2023-01-10 15:23:14,very short,True,False,1 commit
True,2023-01-10 15:26:32,very short,True,False,1 commit
True,2023-01-10 16:48:15,very short,True,False,1 commit
True,2023-01-10 22:27:42,very short,True,False,1 commit
True,2023-01-10 23:36:50,very short,True,False,1 commit
True,2023-01-11 00:30:42,very short,True,False,1 commit
True,2023-01-11 00:55:31,very short,True,False,1 commit
True,2023-01-11 02:42:49,very short,True,False,1 commit
True,2023-01-11 02:42:57,very short,True,False,1 commit
True,2023-01-11 04:23:08,very short,True,False,1 commit
True,2023-01-11 08:48:52,very short,True,False,1 commit
True,2023-01-11 11:09:32,very short,True,False,1 commit
True,2023-01-11 11:21:39,very short,True,False,1 commit
True,2023-01-11 18:21:19,very short,True,False,1 commit
True,2023-01-11 20:36:27,short,True,False,many commits
True,2023-01-11 20:59:46,very short,True,False,1 commit
True,2023-01-12 13:25:07,very short,True,False,1 commit
True,2023-01-12 15:56:42,very short,True,False,1 commit
True,2023-01-12 16:54:49,very short,True,False,1 commit
True,2023-01-12 20:16:19,very short,True,False,1 commit
True,2023-01-12 20:39:16,very short,True,False,1 commit
True,2023-01-12 20:57:43,very short,True,False,1 commit
True,2023-01-12 21:17:47,very short,True,False,1 commit
True,2023-01-12 21:57:02,very short,True,False,1 commit
True,2023-01-12 23:37:04,lengthy,True,False,1 commit
True,2023-01-13 01:00:14,very short,True,False,1 commit
True,2023-01-13 09:11:59,very short,True,False,1 commit
True,2023-01-13 11:19:07,lengthy,True,False,1 commit
True,2023-01-13 13:38:35,lengthy,True,False,1 commit
True,2023-01-13 14:23:39,very short,True,False,1 commit
True,2023-01-13 14:32:35,very short,True,False,1 commit
True,2023-01-13 14:34:55,very short,True,False,1 commit
True,2023-01-13 18:52:01,very short,True,False,1 commit
True,2023-01-13 19:29:26,very short,True,False,1 commit
True,2023-01-13 23:02:52,lengthy,True,False,many commits
True,2023-01-14 01:17:26,very short,True,False,1 commit
True,2023-01-14 02:02:33,short,True,False,1 commit
True,2023-01-14 05:10:49,medium,True,False,some commits
True,2023-01-14 09:11:58,medium,True,False,1 commit
True,2023-01-14 09:50:30,lengthy,True,False,1 commit
True,2023-01-14 13:39:49,lengthy,True,False,many commits
True,2023-01-14 18:32:48,lengthy,True,False,1 commit
True,2023-01-15 09:59:39,short,True,False,1 commit
True,2023-01-15 10:11:21,medium,True,False,1 commit
True,2023-01-15 11:21:23,lengthy,True,False,1 commit
True,2023-01-15 12:20:12,medium,True,False,some commits
True,2023-01-15 13:07:29,lengthy,True,False,some commits
True,2023-01-15 14:03:29,lengthy,True,False,1 commit
True,2023-01-15 18:20:18,medium,True,False,some commits
True,2023-01-15 22:10:53,very short,True,False,1 commit
True,2023-01-16 05:58:55,medium,True,False,1 commit
True,2023-01-16 13:49:23,very short,True,False,1 commit
True,2023-01-16 15:48:53,very short,True,False,1 commit
True,2023-01-16 19:00:51,very short,False,False,some commits
True,2023-01-16 19:00:56,very short,False,False,1 commit
True,2023-01-16 20:59:30,medium,True,False,1 commit
True,2023-01-16 23:04:15,very short,True,False,1 commit
True,2023-01-17 00:54:18,very short,True,False,1 commit
True,2023-01-17 15:46:17,very short,True,False,1 commit
True,2023-01-18 10:13:47,very short,True,False,some commits
True,2023-01-18 11:49:18,short,True,False,1 commit
True,2023-01-18 16:04:58,short,True,False,some commits
True,2023-01-18 20:00:34,very short,True,False,1 commit
True,2023-01-18 21:46:04,medium,True,False,some commits
False,2023-01-18 23:07:58,lengthy,False,False,many commits
True,2023-01-19 01:58:41,very short,True,False,1 commit
True,2023-01-19 02:43:47,lengthy,True,False,1 commit
True,2023-01-19 05:54:08,very short,True,False,1 commit
True,2023-01-19 09:40:16,very short,True,False,1 commit
True,2023-01-20 02:08:11,very short,True,False,1 commit
True,2023-01-20 05:25:50,very short,True,False,1 commit
True,2023-01-20 09:16:23,very short,True,False,1 commit
True,2023-01-20 13:19:50,medium,True,True,1 commit
True,2023-01-20 21:48:13,lengthy,False,True,1 commit
True,2023-01-21 01:13:31,very short,True,False,1 commit
True,2023-01-21 04:13:53,very short,True,False,1 commit
True,2023-01-21 07:19:22,very short,True,False,1 commit
True,2023-01-21 16:17:32,lengthy,True,False,1 commit
True,2023-01-21 21:52:58,short,True,False,1 commit
True,2023-01-21 21:58:30,very short,True,False,1 commit
True,2023-01-21 23:27:23,very short,True,False,1 commit
True,2023-01-22 15:48:32,short,False,True,some commits
False,2023-01-22 19:44:02,lengthy,False,True,some commits
True,2023-01-22 21:58:50,short,True,False,some commits
True,2023-01-23 19:01:25,very short,False,False,1 commit
True,2023-01-23 21:01:21,very short,True,False,1 commit
True,2023-01-23 21:17:13,very short,True,False,1 commit
True,2023-01-23 23:06:11,very short,True,False,1 commit
True,2023-01-24 02:54:57,lengthy,True,False,1 commit
True,2023-01-24 17:04:17,very short,True,False,1 commit
True,2023-01-25 00:37:32,very short,True,False,1 commit
True,2023-01-25 07:44:02,very short,True,False,some commits
True,2023-01-25 07:46:42,very short,True,False,1 commit
False,2023-01-25 12:01:17,medium,False,True,1 commit
True,2023-01-25 15:24:44,very short,True,False,1 commit
True,2023-01-25 19:20:51,lengthy,False,True,many commits
True,2023-01-25 20:24:36,very short,True,False,1 commit
True,2023-01-25 20:31:54,very short,True,False,1 commit
True,2023-01-25 23:30:01,very short,False,True,1 commit
True,2023-01-26 08:46:54,very short,True,False,1 commit
True,2023-01-26 12:40:39,very short,True,False,1 commit
True,2023-01-26 18:50:53,very short,True,False,1 commit
True,2023-01-26 20:47:06,very short,True,False,1 commit
False,2023-01-27 19:10:47,lengthy,True,False,some commits
True,2023-01-27 19:39:01,very short,True,False,1 commit
True,2023-01-27 19:48:00,lengthy,True,False,1 commit
True,2023-01-27 21:09:08,very short,True,False,1 commit
True,2023-01-27 21:22:16,medium,True,False,1 commit
True,2023-01-27 21:52:35,lengthy,True,False,1 commit
True,2023-01-28 10:35:54,very short,True,False,1 commit
True,2023-01-28 11:50:26,short,True,False,1 commit
True,2023-01-29 18:54:13,very short,True,False,1 commit
True,2023-01-29 19:40:13,very short,True,False,1 commit
True,2023-01-30 18:58:26,lengthy,True,False,1 commit
True,2023-01-30 20:32:40,very short,True,True,1 commit
True,2023-01-30 22:59:52,very short,True,False,1 commit
True,2023-01-31 10:21:17,medium,False,False,some commits
True,2023-01-31 10:47:06,very short,True,False,1 commit
True,2023-01-31 17:42:42,very short,True,False,1 commit
True,2023-01-31 20:02:11,very short,True,False,1 commit
True,2023-01-31 22:31:44,very short,True,False,1 commit
True,2023-01-31 22:59:06,short,True,False,1 commit
True,2023-02-01 03:41:00,medium,True,True,many commits
True,2023-02-01 17:24:53,medium,True,False,1 commit
True,2023-02-01 22:10:54,very short,True,False,1 commit
True,2023-02-02 01:42:19,medium,True,False,many commits
True,2023-02-02 15:03:42,short,True,False,1 commit
True,2023-02-02 18:24:38,very short,True,False,1 commit
True,2023-02-02 19:34:26,very short,False,True,some commits
True,2023-02-02 20:41:53,very short,True,False,1 commit
True,2023-02-02 22:06:28,lengthy,True,False,1 commit
True,2023-02-03 08:48:14,very short,True,False,1 commit
True,2023-02-03 11:27:06,very short,True,False,1 commit
True,2023-02-03 15:44:21,medium,True,False,1 commit
True,2023-02-03 15:54:31,medium,True,False,some commits
True,2023-02-03 19:46:34,lengthy,True,False,some commits
True,2023-02-04 11:23:36,short,True,False,1 commit
True,2023-02-04 12:17:03,very short,True,False,1 commit
True,2023-02-04 14:11:50,medium,True,False,1 commit
True,2023-02-04 16:32:45,short,False,True,some commits
True,2023-02-04 21:36:23,very short,True,False,1 commit
True,2023-02-05 06:01:39,lengthy,True,True,some commits
True,2023-02-05 12:23:07,short,True,False,1 commit
True,2023-02-05 14:41:07,medium,True,False,some commits
True,2023-02-05 19:34:28,very short,True,False,1 commit
True,2023-02-06 13:10:02,very short,True,False,some commits
True,2023-02-06 15:51:28,very short,True,False,1 commit
True,2023-02-06 18:55:17,lengthy,True,False,1 commit
True,2023-02-07 11:04:18,very short,True,False,1 commit
True,2023-02-07 17:28:32,short,True,False,1 commit
True,2023-02-07 19:27:52,short,False,True,some commits
True,2023-02-08 20:41:41,short,False,True,many commits
True,2023-02-09 18:51:56,very short,True,False,1 commit
True,2023-02-09 18:58:36,very short,True,False,1 commit
True,2023-02-09 19:43:06,very short,True,False,1 commit
True,2023-02-09 21:17:06,very short,True,False,1 commit
True,2023-02-09 21:47:57,very short,True,False,1 commit
True,2023-02-09 23:14:16,very short,True,False,1 commit
True,2023-02-10 18:00:44,medium,True,False,1 commit
True,2023-02-10 19:48:37,very short,True,False,1 commit
True,2023-02-10 19:53:56,medium,True,False,some commits
True,2023-02-10 21:45:19,medium,True,False,1 commit
True,2023-02-11 11:10:38,short,True,False,some commits
True,2023-02-11 11:14:22,very short,True,False,1 commit
True,2023-02-11 12:42:58,short,True,False,1 commit
True,2023-02-12 13:05:04,very short,True,False,1 commit
True,2023-02-12 14:51:29,very short,True,False,1 commit
True,2023-02-12 15:33:08,very short,True,False,some commits
True,2023-02-12 15:46:18,very short,True,False,1 commit
True,2023-02-12 22:32:53,short,True,False,1 commit
True,2023-02-14 06:19:16,medium,True,False,1 commit
True,2023-02-14 09:04:18,medium,True,False,some commits
True,2023-02-14 15:14:09,very short,True,False,1 commit
True,2023-02-14 15:37:04,lengthy,True,False,many commits
True,2023-02-14 16:33:08,very short,True,False,1 commit
True,2023-02-14 18:02:55,very short,True,False,1 commit
True,2023-02-15 13:36:08,lengthy,True,False,many commits
True,2023-02-15 18:18:51,lengthy,False,True,1 commit
True,2023-02-16 05:38:20,lengthy,True,False,many commits
True,2023-02-16 14:44:42,very short,True,True,1 commit
True,2023-02-16 19:23:07,medium,False,True,many commits
True,2023-02-16 19:59:27,lengthy,True,False,many commits
True,2023-02-16 21:15:16,very short,True,False,1 commit
True,2023-02-17 04:18:14,medium,False,True,some commits
True,2023-02-17 06:03:51,medium,True,False,1 commit
True,2023-02-17 10:11:16,very short,True,False,1 commit
True,2023-02-17 14:49:37,medium,True,False,1 commit
True,2023-02-17 18:17:20,short,True,False,1 commit
True,2023-02-17 19:59:12,very short,True,False,1 commit
True,2023-02-17 23:31:50,lengthy,True,False,some commits
False,2023-02-18 08:09:53,lengthy,False,True,many commits
True,2023-02-18 14:00:46,very short,True,False,1 commit
True,2023-02-18 20:26:23,short,True,False,1 commit
True,2023-02-18 20:34:06,lengthy,False,True,some commits
True,2023-02-19 02:33:25,short,False,True,some commits
True,2023-02-19 13:22:45,medium,True,False,some commits
True,2023-02-19 19:59:06,very short,True,False,1 commit
True,2023-02-19 20:17:05,very short,True,False,1 commit
True,2023-02-19 20:29:11,very short,True,False,1 commit
True,2023-02-20 09:52:18,very short,True,False,1 commit
True,2023-02-20 17:47:13,very short,True,True,some commits
True,2023-02-20 18:38:28,very short,True,False,many commits
True,2023-02-21 07:13:13,lengthy,True,False,1 commit
True,2023-02-21 16:19:28,very short,True,False,1 commit
True,2023-02-21 18:05:56,very short,True,False,1 commit
True,2023-02-21 18:33:30,short,True,False,many commits
True,2023-02-22 00:45:23,very short,True,False,1 commit
True,2023-02-22 01:56:26,very short,True,False,1 commit
True,2023-02-22 05:06:30,lengthy,True,False,1 commit
True,2023-02-22 10:39:35,very short,True,False,1 commit
True,2023-02-22 16:04:26,very short,True,False,1 commit
True,2023-02-22 17:44:35,very short,True,False,1 commit
True,2023-02-22 17:51:50,very short,True,False,1 commit
True,2023-02-22 18:12:07,very short,True,False,1 commit
True,2023-02-22 18:19:27,medium,True,False,some commits
True,2023-02-22 18:58:19,very short,True,False,1 commit
True,2023-02-22 19:08:13,very short,True,False,1 commit
True,2023-02-22 19:08:22,very short,True,False,1 commit
True,2023-02-22 19:55:18,lengthy,True,False,1 commit
True,2023-02-22 20:03:24,very short,True,False,1 commit
True,2023-02-22 20:17:42,very short,True,False,1 commit
True,2023-02-22 23:32:14,very short,True,False,1 commit
True,2023-02-23 03:05:25,very short,True,False,1 commit
True,2023-02-23 04:12:12,very short,True,False,1 commit
True,2023-02-23 13:55:36,very short,True,False,1 commit
True,2023-02-23 16:02:39,very short,True,False,some commits
True,2023-02-23 17:17:50,very short,True,False,1 commit
True,2023-02-23 19:44:21,very short,True,False,1 commit
True,2023-02-23 19:50:54,very short,True,False,1 commit
True,2023-02-23 19:51:02,very short,True,False,1 commit
True,2023-02-23 21:04:12,medium,True,False,1 commit
True,2023-02-23 22:00:39,very short,True,False,1 commit
True,2023-02-23 22:00:48,very short,True,False,1 commit
True,2023-02-24 03:52:24,very short,True,False,1 commit
True,2023-02-24 09:45:31,very short,True,False,1 commit
True,2023-02-24 16:57:50,very short,True,False,1 commit
True,2023-02-24 18:34:52,very short,True,False,1 commit
True,2023-02-24 19:26:39,very short,True,False,1 commit
True,2023-02-24 19:26:48,very short,True,False,1 commit
True,2023-02-25 02:51:17,lengthy,True,False,1 commit
True,2023-02-25 04:09:40,medium,True,False,1 commit
True,2023-02-25 19:39:27,very short,True,False,1 commit
True,2023-02-26 10:53:47,very short,True,False,1 commit
True,2023-02-26 11:18:40,short,True,False,1 commit
True,2023-02-26 22:03:38,very short,True,False,some commits
True,2023-02-27 15:29:58,very short,True,False,1 commit
True,2023-02-27 20:35:06,very short,True,False,1 commit
True,2023-02-28 00:28:41,short,True,False,1 commit
True,2023-02-28 01:02:54,very short,True,False,1 commit
True,2023-02-28 04:20:13,very short,True,False,1 commit
True,2023-02-28 09:26:46,very short,True,False,1 commit
True,2023-02-28 09:28:43,very short,True,False,1 commit
True,2023-02-28 14:31:39,very short,True,False,1 commit
True,2023-02-28 18:47:29,very short,True,False,1 commit
True,2023-02-28 18:54:56,very short,True,False,1 commit
True,2023-03-01 03:45:38,very short,True,False,1 commit
True,2023-03-01 05:31:06,very short,True,False,1 commit
True,2023-03-01 08:13:23,very short,True,False,1 commit
True,2023-03-01 08:13:32,very short,True,False,1 commit
True,2023-03-01 17:28:20,very short,True,False,1 commit
True,2023-03-01 18:56:01,lengthy,True,False,1 commit
True,2023-03-02 08:31:20,lengthy,True,False,1 commit
True,2023-03-02 08:33:05,short,True,False,1 commit
False,2023-03-02 17:27:29,lengthy,False,True,many commits
True,2023-03-02 17:34:53,very short,True,False,1 commit
True,2023-03-02 20:27:42,very short,True,False,1 commit
True,2023-03-02 21:43:20,very short,True,False,1 commit
True,2023-03-03 02:21:56,very short,True,False,1 commit
True,2023-03-03 02:33:16,very short,True,False,1 commit
True,2023-03-03 15:35:18,very short,True,False,1 commit
True,2023-03-03 15:56:40,very short,True,False,1 commit
True,2023-03-03 16:20:36,very short,True,False,1 commit
True,2023-03-03 17:13:28,very short,True,False,1 commit
True,2023-03-04 12:25:41,lengthy,False,False,1 commit
True,2023-03-04 15:24:23,very short,True,False,1 commit
True,2023-03-04 17:16:35,short,True,False,1 commit
True,2023-03-04 18:17:20,short,True,False,1 commit
True,2023-03-05 10:41:38,very short,True,False,1 commit
True,2023-03-05 11:31:33,very short,True,False,1 commit
True,2023-03-05 13:03:17,lengthy,True,False,1 commit
True,2023-03-05 17:32:07,very short,True,False,1 commit
True,2023-03-05 17:32:14,very short,True,False,1 commit
True,2023-03-05 18:02:46,medium,True,False,1 commit
True,2023-03-06 12:45:26,very short,True,False,1 commit
True,2023-03-07 09:33:22,medium,True,False,some commits
True,2023-03-07 11:18:36,lengthy,True,True,many commits
False,2023-03-07 14:09:49,short,False,True,many commits
False,2023-03-07 19:42:53,very short,False,False,many commits
True,2023-03-08 08:18:20,very short,True,False,1 commit
True,2023-03-08 17:16:48,very short,True,False,1 commit
True,2023-03-08 19:26:54,very short,True,False,1 commit
True,2023-03-08 23:18:58,lengthy,True,False,some commits
True,2023-03-09 08:47:11,very short,True,False,1 commit
True,2023-03-09 20:04:22,short,True,False,1 commit
True,2023-03-10 04:41:44,very short,True,False,1 commit
True,2023-03-10 09:13:12,very short,True,False,1 commit
True,2023-03-10 11:39:00,medium,True,False,many commits
True,2023-03-10 12:34:45,short,True,False,1 commit
True,2023-03-10 15:44:04,short,True,False,1 commit
True,2023-03-10 18:49:33,very short,True,False,1 commit
True,2023-03-11 02:40:44,medium,True,False,some commits
True,2023-03-11 09:57:06,very short,True,False,1 commit
True,2023-03-11 12:55:15,very short,True,False,1 commit
True,2023-03-11 15:46:59,very short,True,False,1 commit
True,2023-03-12 03:54:23,very short,True,False,1 commit
False,2023-03-12 12:15:17,lengthy,True,False,some commits
False,2023-03-12 20:44:32,very short,False,True,1 commit
True,2023-03-12 21:58:08,short,True,False,1 commit
True,2023-03-13 08:09:14,short,True,False,1 commit
True,2023-03-13 19:09:39,very short,True,False,1 commit
True,2023-03-13 19:56:58,very short,False,False,1 commit
True,2023-03-13 21:59:12,very short,True,False,1 commit
True,2023-03-14 06:22:40,very short,True,False,1 commit
True,2023-03-14 07:17:45,very short,True,False,1 commit
True,2023-03-14 09:56:18,very short,True,False,1 commit
True,2023-03-14 10:16:00,very short,True,False,1 commit
True,2023-03-14 11:08:44,medium,True,False,1 commit
True,2023-03-14 12:51:05,very short,True,False,1 commit
True,2023-03-14 16:58:58,very short,True,False,1 commit
True,2023-03-14 16:59:08,very short,True,False,1 commit
True,2023-03-14 17:45:46,very short,True,True,1 commit
True,2023-03-14 19:13:32,very short,True,False,1 commit
True,2023-03-14 19:13:41,very short,True,False,1 commit
True,2023-03-14 19:24:49,very short,True,False,1 commit
True,2023-03-14 21:50:29,very short,True,False,1 commit
True,2023-03-15 03:15:32,very short,True,False,1 commit
True,2023-03-15 11:28:20,very short,True,False,1 commit
True,2023-03-15 19:41:15,very short,True,False,some commits
True,2023-03-15 20:34:51,very short,True,False,1 commit
True,2023-03-15 20:40:49,lengthy,True,False,1 commit
True,2023-03-15 22:57:24,very short,True,False,1 commit
True,2023-03-16 01:02:39,short,True,False,1 commit
True,2023-03-16 10:11:31,very short,True,False,1 commit
True,2023-03-16 17:59:41,lengthy,True,False,1 commit
True,2023-03-16 18:33:42,very short,True,False,1 commit
True,2023-03-17 03:39:15,lengthy,True,False,1 commit
True,2023-03-17 04:19:27,lengthy,True,False,1 commit
True,2023-03-17 11:05:40,very short,True,False,1 commit
True,2023-03-17 15:41:01,very short,True,False,1 commit
True,2023-03-17 16:20:16,short,True,False,1 commit
True,2023-03-17 18:00:50,very short,True,False,1 commit
True,2023-03-17 18:00:58,very short,True,False,1 commit
True,2023-03-18 08:04:32,short,True,False,1 commit
True,2023-03-18 08:22:59,short,True,False,1 commit
True,2023-03-18 16:54:55,short,True,False,1 commit
True,2023-03-18 17:01:11,lengthy,True,False,1 commit
True,2023-03-18 18:33:30,short,True,False,1 commit
True,2023-03-19 07:31:56,lengthy,True,False,some commits
True,2023-03-19 11:02:05,medium,True,False,some commits
True,2023-03-19 17:49:24,very short,True,False,1 commit
True,2023-03-19 19:31:07,very short,True,False,1 commit
True,2023-03-19 20:45:38,very short,True,False,1 commit
True,2023-03-19 20:54:49,short,True,False,some commits
True,2023-03-20 10:19:48,very short,True,False,1 commit
True,2023-03-20 14:05:55,very short,True,False,1 commit
True,2023-03-20 18:39:07,lengthy,True,False,1 commit
True,2023-03-20 21:17:24,very short,True,False,1 commit
True,2023-03-20 21:17:32,very short,True,False,1 commit
True,2023-03-20 23:49:48,short,True,False,1 commit
True,2023-03-21 02:22:34,short,True,True,some commits
True,2023-03-21 08:37:54,very short,True,False,1 commit
True,2023-03-21 22:20:34,very short,True,False,1 commit
True,2023-03-21 23:27:37,very short,True,False,1 commit
True,2023-03-21 23:27:45,very short,True,False,1 commit
True,2023-03-22 12:23:24,very short,True,False,1 commit
True,2023-03-22 12:23:32,very short,True,False,1 commit
True,2023-03-22 13:21:45,very short,True,False,1 commit
True,2023-03-22 13:21:53,very short,True,False,1 commit
True,2023-03-22 15:15:14,very short,True,False,some commits
False,2023-03-22 18:25:12,lengthy,False,True,some commits
True,2023-03-23 10:31:12,very short,True,False,1 commit
True,2023-03-23 10:31:20,very short,True,False,1 commit
True,2023-03-23 23:53:00,very short,True,False,1 commit
True,2023-03-24 20:23:27,lengthy,True,False,1 commit
True,2023-03-25 12:05:22,short,True,False,1 commit
True,2023-03-25 15:54:49,lengthy,True,False,1 commit
True,2023-03-25 19:53:41,lengthy,True,False,1 commit
True,2023-03-26 08:05:28,very short,True,False,1 commit
True,2023-03-26 13:51:14,very short,True,False,1 commit
True,2023-03-26 16:10:00,short,True,False,1 commit
True,2023-03-26 19:00:28,very short,True,False,1 commit
True,2023-03-26 21:06:27,lengthy,True,False,1 commit
True,2023-03-26 21:46:55,lengthy,True,False,some commits
True,2023-03-26 22:31:23,short,True,False,1 commit
True,2023-03-26 22:36:53,lengthy,True,False,1 commit
True,2023-03-26 22:41:18,short,True,False,1 commit
True,2023-03-27 18:34:03,very short,False,False,some commits
True,2023-03-27 19:57:12,very short,False,False,1 commit
True,2023-03-28 04:16:07,medium,False,True,1 commit
True,2023-03-28 21:02:13,short,True,False,some commits
True,2023-03-29 12:14:08,very short,True,False,1 commit
True,2023-03-29 20:22:29,lengthy,True,False,some commits
True,2023-03-29 21:58:56,very short,False,False,1 commit
True,2023-03-30 04:13:21,very short,True,False,1 commit
True,2023-03-30 07:34:52,very short,True,False,1 commit
True,2023-03-30 07:35:00,very short,True,False,1 commit
True,2023-03-30 08:33:00,very short,True,False,1 commit
True,2023-03-30 14:11:01,very short,True,False,1 commit
True,2023-03-30 18:59:06,very short,True,False,1 commit
True,2023-03-31 00:15:18,lengthy,True,False,many commits
True,2023-03-31 00:32:45,very short,True,False,1 commit
True,2023-03-31 01:21:16,lengthy,True,False,1 commit
True,2023-03-31 01:30:04,medium,True,False,1 commit
True,2023-03-31 02:11:22,medium,True,False,some commits
True,2023-03-31 03:27:59,very short,True,False,1 commit
False,2023-03-31 12:57:07,lengthy,False,True,many commits
False,2023-03-31 17:35:48,medium,False,True,1 commit
True,2023-03-31 18:44:25,lengthy,False,False,many commits
True,2023-04-01 01:13:20,lengthy,True,False,some commits
False,2023-04-02 17:39:03,very short,False,False,1 commit
True,2023-04-03 20:26:41,lengthy,False,False,some commits
True,2023-04-03 21:16:20,lengthy,True,False,1 commit
True,2023-04-04 02:11:48,very short,True,False,1 commit
True,2023-04-04 02:37:12,short,False,True,some commits
True,2023-04-04 20:46:02,very short,True,False,1 commit
True,2023-04-04 21:05:29,very short,True,False,1 commit
True,2023-04-04 22:37:59,lengthy,True,False,1 commit
True,2023-04-04 22:58:56,very short,True,False,1 commit
True,2023-04-04 23:27:01,very short,True,False,1 commit
True,2023-04-04 23:54:57,very short,True,False,1 commit
True,2023-04-05 02:31:54,lengthy,False,False,some commits
True,2023-04-05 13:35:00,very short,True,False,some commits
True,2023-04-05 15:01:18,very short,True,False,1 commit
True,2023-04-05 17:41:09,very short,True,False,1 commit
True,2023-04-05 18:45:17,very short,True,False,1 commit
True,2023-04-05 18:50:56,very short,True,False,1 commit
True,2023-04-05 20:43:18,lengthy,True,False,some commits
True,2023-04-05 21:06:59,lengthy,True,False,some commits
True,2023-04-06 01:07:06,very short,True,False,1 commit
True,2023-04-06 14:57:18,very short,True,False,1 commit
True,2023-04-06 20:57:55,medium,False,True,1 commit
True,2023-04-07 06:09:01,medium,True,False,1 commit
True,2023-04-07 12:29:46,lengthy,True,False,1 commit
False,2023-04-07 17:07:02,lengthy,False,True,some commits
True,2023-04-08 03:21:20,very short,True,False,1 commit
True,2023-04-08 08:08:20,lengthy,True,False,some commits
False,2023-04-09 03:34:56,medium,False,False,many commits
True,2023-04-09 12:42:22,medium,True,False,some commits
True,2023-04-09 22:26:39,medium,True,False,1 commit
True,2023-04-10 16:32:16,short,True,False,1 commit
True,2023-04-10 19:18:32,medium,False,True,some commits
True,2023-04-10 20:01:07,short,False,False,1 commit
True,2023-04-10 20:08:07,very short,True,False,1 commit
False,2023-04-11 04:38:22,lengthy,False,True,1 commit
True,2023-04-11 06:28:46,lengthy,True,False,1 commit
True,2023-04-11 21:37:04,very short,True,False,1 commit
True,2023-04-11 22:52:28,very short,True,False,1 commit
True,2023-04-11 23:03:19,very short,True,False,1 commit
True,2023-04-12 00:18:26,very short,True,False,1 commit
True,2023-04-12 04:03:44,lengthy,True,False,1 commit
True,2023-04-12 07:54:21,short,True,False,1 commit
True,2023-04-12 19:12:31,short,True,False,some commits
True,2023-04-13 19:14:11,very short,True,False,1 commit
True,2023-04-14 01:01:27,medium,True,False,some commits
True,2023-04-14 21:31:42,short,True,False,1 commit
True,2023-04-14 22:17:28,short,True,False,1 commit
True,2023-04-15 01:31:20,very short,True,False,1 commit
True,2023-04-15 06:27:23,very short,False,False,some commits
False,2023-04-15 16:01:41,lengthy,False,True,1 commit
True,2023-04-16 10:34:58,very short,True,False,1 commit
True,2023-04-16 11:09:24,very short,True,False,1 commit
True,2023-04-16 12:48:33,very short,True,False,1 commit
True,2023-04-16 21:15:03,very short,True,False,1 commit
True,2023-04-16 21:15:11,very short,True,False,1 commit
False,2023-04-16 22:07:17,lengthy,False,True,1 commit
True,2023-04-17 00:33:16,medium,True,False,1 commit
True,2023-04-17 05:48:59,very short,True,False,1 commit
True,2023-04-17 06:56:17,very short,True,False,1 commit
True,2023-04-17 12:05:30,very short,True,False,1 commit
True,2023-04-17 16:55:26,very short,True,False,1 commit
True,2023-04-17 20:06:59,very short,True,False,1 commit
True,2023-04-17 20:22:09,very short,True,False,1 commit
True,2023-04-18 01:04:17,lengthy,True,True,some commits
True,2023-04-18 03:39:36,short,True,False,1 commit
True,2023-04-18 05:30:33,lengthy,True,False,some commits
True,2023-04-18 12:22:53,very short,True,False,1 commit
True,2023-04-18 21:50:13,very short,True,False,some commits
True,2023-04-18 22:09:10,very short,True,False,1 commit
True,2023-04-18 22:13:33,very short,True,False,1 commit
True,2023-04-18 22:56:21,very short,True,False,1 commit
True,2023-04-19 23:57:06,lengthy,False,True,many commits
True,2023-04-20 08:09:00,medium,False,True,some commits
True,2023-04-20 08:25:05,lengthy,True,False,some commits
True,2023-04-20 09:00:55,short,True,False,1 commit
True,2023-04-20 11:06:47,short,True,False,1 commit
True,2023-04-20 17:59:55,short,True,False,1 commit
True,2023-04-20 19:27:48,lengthy,True,False,some commits
True,2023-04-20 19:35:23,very short,True,False,1 commit
True,2023-04-20 19:45:13,short,True,False,some commits
True,2023-04-21 01:19:57,very short,True,False,1 commit
True,2023-04-21 02:37:39,very short,True,False,1 commit
True,2023-04-21 02:37:47,very short,True,False,1 commit
False,2023-04-21 03:18:39,lengthy,False,True,some commits
False,2023-04-21 05:01:54,very short,False,True,many commits
False,2023-04-21 11:35:01,very short,False,False,1 commit
True,2023-04-21 12:49:56,lengthy,True,False,some commits
True,2023-04-21 13:19:09,medium,True,False,1 commit
False,2023-04-21 19:43:34,very short,False,False,many commits
True,2023-04-21 23:25:15,very short,True,False,1 commit
True,2023-04-22 15:12:18,medium,True,True,1 commit
True,2023-04-23 10:29:35,medium,True,False,1 commit
True,2023-04-23 11:55:50,very short,True,False,1 commit
True,2023-04-24 14:18:36,very short,True,True,1 commit
True,2023-04-24 19:51:26,very short,True,False,1 commit
True,2023-04-24 19:51:37,very short,True,False,1 commit
True,2023-04-24 19:58:46,very short,False,False,1 commit
True,2023-04-26 09:01:21,very short,True,False,some commits
True,2023-04-26 16:12:12,very short,True,False,some commits
True,2023-04-26 18:18:01,short,True,False,1 commit
True,2023-04-26 20:01:37,very short,True,False,1 commit
True,2023-04-26 21:26:46,lengthy,False,True,some commits
True,2023-04-27 07:17:02,very short,True,True,1 commit
True,2023-04-27 09:51:26,very short,True,False,1 commit
True,2023-04-27 11:16:52,very short,True,False,1 commit
True,2023-04-27 11:44:41,lengthy,False,True,many commits
True,2023-04-27 16:58:08,very short,True,False,1 commit
True,2023-04-27 17:11:09,very short,True,False,1 commit
True,2023-04-27 18:32:48,very short,True,False,1 commit
True,2023-04-28 00:56:03,lengthy,True,False,some commits
True,2023-04-28 02:15:05,lengthy,True,False,some commits
True,2023-04-28 06:58:46,very short,True,False,1 commit
True,2023-04-28 18:48:43,lengthy,True,False,1 commit
True,2023-04-29 01:30:20,very short,True,False,1 commit
True,2023-04-29 08:57:18,very short,True,False,1 commit
True,2023-04-29 22:56:46,lengthy,True,False,1 commit
True,2023-05-01 00:00:35,lengthy,False,True,1 commit
False,2023-05-01 11:35:43,lengthy,True,False,many commits
True,2023-05-01 20:59:32,very short,True,False,1 commit
True,2023-05-01 21:00:35,very short,True,False,1 commit
True,2023-05-01 22:25:21,lengthy,True,False,1 commit
True,2023-05-01 22:36:41,very short,True,False,1 commit
True,2023-05-01 22:36:48,very short,True,False,1 commit
False,2023-05-02 03:15:50,lengthy,True,False,many commits
True,2023-05-02 21:29:26,very short,True,False,some commits
True,2023-05-02 21:47:28,very short,True,False,1 commit
True,2023-05-02 21:47:36,very short,True,False,1 commit
True,2023-05-04 00:01:41,lengthy,True,False,1 commit
True,2023-05-04 16:23:29,very short,True,False,1 commit
True,2023-05-04 18:04:59,short,True,False,1 commit
True,2023-05-04 18:15:43,very short,True,False,1 commit
True,2023-05-04 21:06:51,lengthy,True,False,some commits
True,2023-05-05 15:42:31,medium,True,False,1 commit
True,2023-05-05 23:36:46,lengthy,True,False,1 commit
True,2023-05-06 04:45:47,lengthy,True,False,some commits
True,2023-05-06 06:27:55,very short,True,False,1 commit
True,2023-05-06 13:56:09,short,True,False,1 commit
True,2023-05-07 20:56:30,lengthy,True,False,many commits
True,2023-05-08 05:56:41,medium,False,True,some commits
False,2023-05-09 00:25:35,lengthy,True,False,1 commit
True,2023-05-09 13:53:58,lengthy,False,False,1 commit
True,2023-05-09 15:22:10,very short,True,False,1 commit
True,2023-05-09 17:14:15,short,True,False,1 commit
True,2023-05-09 18:22:09,very short,True,False,1 commit
True,2023-05-09 22:09:46,very short,True,False,1 commit
True,2023-05-09 23:54:00,lengthy,True,False,1 commit
True,2023-05-10 07:22:02,short,True,False,some commits
True,2023-05-10 17:05:55,very short,True,False,1 commit
True,2023-05-10 20:17:12,lengthy,True,False,1 commit
True,2023-05-10 22:37:25,very short,True,False,some commits
False,2023-05-10 22:53:17,very short,False,False,some commits
True,2023-05-11 08:12:13,lengthy,True,False,1 commit
True,2023-05-11 08:17:56,very short,True,False,some commits
False,2023-05-11 12:26:26,lengthy,False,True,some commits
True,2023-05-11 19:06:48,very short,True,False,1 commit
True,2023-05-11 20:13:42,very short,True,False,1 commit
True,2023-05-12 04:22:50,very short,True,False,1 commit
True,2023-05-12 10:58:23,lengthy,False,True,1 commit
True,2023-05-12 21:00:20,short,True,False,some commits
True,2023-05-12 21:54:44,very short,True,False,1 commit
True,2023-05-12 22:02:01,very short,True,False,1 commit
True,2023-05-12 22:34:39,very short,True,False,1 commit
True,2023-05-12 22:34:47,very short,True,False,1 commit
True,2023-05-12 22:55:56,very short,True,False,1 commit
False,2023-05-13 08:02:55,lengthy,True,False,many commits
True,2023-05-13 17:27:36,medium,True,False,1 commit
True,2023-05-13 21:35:30,short,True,False,1 commit
True,2023-05-13 22:55:48,very short,True,False,1 commit
True,2023-05-14 11:45:28,short,True,False,1 commit
True,2023-05-14 15:11:00,lengthy,True,True,many commits
True,2023-05-14 19:37:25,very short,True,False,1 commit
True,2023-05-15 06:53:45,very short,True,False,1 commit
True,2023-05-15 11:14:55,very short,True,False,some commits
True,2023-05-15 20:28:45,very short,True,False,1 commit
True,2023-05-16 03:22:26,very short,True,False,1 commit
False,2023-05-16 13:29:57,lengthy,False,True,1 commit
True,2023-05-16 21:37:05,very short,True,False,1 commit
True,2023-05-16 22:45:52,very short,True,False,1 commit
True,2023-05-16 22:45:59,very short,True,False,1 commit
True,2023-05-17 13:05:04,medium,True,False,1 commit
True,2023-05-17 20:20:22,very short,True,False,1 commit
True,2023-05-17 21:47:05,lengthy,True,False,1 commit
False,2023-05-18 05:16:01,medium,False,True,1 commit
True,2023-05-18 11:18:00,very short,True,True,1 commit
True,2023-05-18 22:42:16,lengthy,True,False,1 commit
True,2023-05-19 05:45:49,medium,False,True,many commits
True,2023-05-19 13:11:10,very short,True,False,1 commit
False,2023-05-19 15:49:26,lengthy,False,True,some commits
False,2023-05-19 15:51:56,lengthy,False,False,some commits
True,2023-05-19 17:34:19,lengthy,True,False,1 commit
True,2023-05-19 21:27:05,very short,True,False,1 commit
True,2023-05-19 21:27:28,very short,True,False,1 commit
True,2023-05-19 22:49:43,very short,True,False,1 commit
True,2023-05-19 22:49:50,very short,True,False,1 commit
True,2023-05-20 01:53:30,lengthy,True,False,many commits
True,2023-05-20 05:44:32,very short,True,False,1 commit
True,2023-05-20 06:55:55,very short,True,False,1 commit
True,2023-05-20 06:56:03,very short,True,False,1 commit
True,2023-05-21 10:26:59,very short,True,False,1 commit
True,2023-05-21 11:50:35,short,True,False,1 commit
True,2023-05-22 01:41:54,very short,True,False,1 commit
True,2023-05-22 17:39:17,medium,True,False,1 commit
False,2023-05-22 19:56:53,very short,False,False,1 commit
True,2023-05-23 00:10:21,very short,True,True,1 commit
True,2023-05-23 04:55:45,medium,True,False,1 commit
True,2023-05-23 09:33:57,very short,True,False,1 commit
True,2023-05-23 12:41:10,very short,True,True,1 commit
True,2023-05-23 14:24:14,very short,True,False,1 commit
True,2023-05-23 14:24:23,very short,True,False,1 commit
True,2023-05-23 14:26:19,very short,True,False,1 commit
True,2023-05-23 21:58:53,lengthy,True,False,1 commit
True,2023-05-24 14:17:37,very short,True,False,1 commit
False,2023-05-24 14:19:01,lengthy,False,True,1 commit
True,2023-05-24 14:20:19,very short,True,False,some commits
True,2023-05-24 14:51:12,lengthy,True,False,some commits
True,2023-05-24 15:20:05,short,True,False,1 commit
True,2023-05-24 15:59:55,medium,False,False,1 commit
True,2023-05-24 18:48:45,very short,True,False,1 commit
True,2023-05-24 22:18:49,very short,True,False,1 commit
True,2023-05-25 02:58:11,very short,True,False,1 commit
True,2023-05-25 03:03:03,very short,False,False,1 commit
True,2023-05-25 15:01:38,medium,True,False,1 commit
True,2023-05-25 18:21:48,very short,True,False,1 commit
True,2023-05-25 18:21:56,very short,True,False,1 commit
True,2023-05-25 18:36:43,very short,True,True,1 commit
True,2023-05-25 21:43:41,very short,True,False,1 commit
True,2023-05-26 00:23:34,medium,True,False,1 commit
True,2023-05-26 09:23:10,very short,True,False,1 commit
False,2023-05-26 20:05:25,lengthy,False,True,1 commit
True,2023-05-27 09:27:23,short,True,False,1 commit
False,2023-05-27 14:32:59,lengthy,False,True,many commits
False,2023-05-27 19:27:23,lengthy,False,True,1 commit
True,2023-05-28 10:43:11,very short,True,False,1 commit
True,2023-05-28 10:57:22,medium,False,True,many commits
True,2023-05-28 13:34:19,very short,True,False,1 commit
True,2023-05-29 18:06:13,very short,True,False,1 commit
True,2023-05-29 19:36:10,lengthy,False,False,1 commit
True,2023-05-29 19:52:23,very short,True,False,1 commit
True,2023-05-29 19:56:49,very short,False,False,1 commit
True,2023-05-29 20:33:44,short,True,True,some commits
True,2023-05-30 04:37:41,very short,True,False,some commits
True,2023-05-30 05:13:09,short,True,False,1 commit
True,2023-05-30 12:41:30,short,True,False,1 commit
True,2023-05-30 13:21:19,lengthy,True,False,1 commit
True,2023-05-30 13:45:49,lengthy,True,False,1 commit
True,2023-05-31 10:44:27,lengthy,True,False,some commits
True,2023-05-31 17:59:16,very short,True,False,1 commit
True,2023-05-31 19:11:09,very short,True,False,1 commit
True,2023-05-31 21:36:23,very short,True,False,1 commit
True,2023-06-01 03:24:11,lengthy,True,False,some commits
True,2023-06-01 03:50:25,short,True,False,some commits
True,2023-06-01 04:01:41,medium,True,False,some commits
True,2023-06-01 06:06:33,very short,True,False,1 commit
True,2023-06-01 07:11:42,very short,True,False,1 commit
True,2023-06-01 07:35:39,very short,True,False,some commits
True,2023-06-01 08:39:31,very short,True,False,1 commit
True,2023-06-01 17:53:44,very short,True,False,1 commit
True,2023-06-01 19:10:59,very short,True,False,1 commit
False,2023-06-01 19:56:01,lengthy,False,True,1 commit
True,2023-06-01 21:12:05,very short,True,False,1 commit
True,2023-06-01 22:37:32,very short,True,False,1 commit
True,2023-06-01 23:19:11,very short,True,False,1 commit
True,2023-06-01 23:19:19,very short,True,False,1 commit
True,2023-06-02 11:44:27,short,True,False,1 commit
True,2023-06-02 14:42:51,very short,True,False,some commits
True,2023-06-02 15:24:08,very short,True,False,1 commit
True,2023-06-02 19:13:28,very short,True,False,1 commit
True,2023-06-02 19:25:09,very short,True,False,1 commit
True,2023-06-02 19:25:18,very short,True,False,1 commit
True,2023-06-02 22:17:00,lengthy,True,False,some commits
True,2023-06-03 01:50:53,very short,True,False,some commits
True,2023-06-03 04:12:15,very short,True,False,1 commit
True,2023-06-03 09:19:17,short,True,False,some commits
True,2023-06-03 09:31:14,lengthy,True,False,some commits
True,2023-06-03 10:33:10,short,True,False,1 commit
True,2023-06-03 11:11:00,very short,True,False,1 commit
True,2023-06-03 13:47:24,lengthy,True,False,1 commit
True,2023-06-04 12:25:50,short,True,False,some commits
True,2023-06-04 12:36:09,short,True,False,1 commit
True,2023-06-04 15:48:06,short,True,False,1 commit
True,2023-06-04 15:51:22,medium,True,False,1 commit
True,2023-06-04 19:23:36,lengthy,True,False,some commits
True,2023-06-04 22:08:53,medium,True,False,some commits
True,2023-06-04 22:11:20,very short,True,False,1 commit
True,2023-06-05 17:05:05,lengthy,True,False,1 commit
True,2023-06-05 21:22:41,very short,True,False,1 commit
True,2023-06-05 21:36:23,short,True,False,1 commit
True,2023-06-07 16:22:20,medium,True,False,1 commit
True,2023-06-07 19:33:32,lengthy,True,False,1 commit
True,2023-06-08 02:56:42,medium,False,True,1 commit
True,2023-06-08 04:05:00,very short,True,False,1 commit
True,2023-06-08 07:55:21,very short,True,False,1 commit
True,2023-06-09 01:48:43,short,True,False,1 commit
True,2023-06-10 02:46:30,very short,True,False,1 commit
True,2023-06-10 14:17:15,medium,True,False,1 commit
True,2023-06-11 04:08:39,medium,True,False,many commits
True,2023-06-12 15:28:37,very short,True,False,1 commit
True,2023-06-12 15:48:36,very short,True,False,1 commit
True,2023-06-12 18:56:33,short,True,True,some commits
True,2023-06-12 19:56:52,very short,False,False,1 commit
True,2023-06-12 22:12:57,very short,True,False,1 commit
True,2023-06-12 22:13:05,very short,True,False,1 commit
True,2023-06-14 01:22:28,very short,True,False,1 commit
False,2023-06-14 03:57:44,lengthy,False,True,1 commit
True,2023-06-14 09:23:45,lengthy,True,False,1 commit
True,2023-06-14 20:37:21,short,True,False,some commits
True,2023-06-14 21:00:30,very short,True,False,1 commit
True,2023-06-14 21:05:26,very short,True,False,1 commit
True,2023-06-15 08:11:27,very short,True,False,1 commit
True,2023-06-15 10:32:53,very short,True,True,1 commit
True,2023-06-15 12:29:56,lengthy,True,False,1 commit
True,2023-06-15 17:03:36,lengthy,True,False,some commits
True,2023-06-15 18:05:17,very short,True,False,1 commit
True,2023-06-15 19:22:19,very short,True,False,1 commit
True,2023-06-15 19:22:27,very short,True,False,1 commit
True,2023-06-16 00:10:37,very short,True,False,1 commit
True,2023-06-16 02:35:08,medium,True,False,1 commit
True,2023-06-16 19:03:23,very short,True,False,1 commit
True,2023-06-16 22:48:16,very short,True,False,1 commit
True,2023-06-17 23:05:49,very short,True,False,some commits
True,2023-06-18 07:07:18,medium,True,False,1 commit
False,2023-06-18 09:36:08,lengthy,False,False,many commits
True,2023-06-19 10:46:30,very short,True,False,1 commit
True,2023-06-19 12:03:06,very short,True,False,1 commit
True,2023-06-19 13:14:26,lengthy,True,False,some commits
True,2023-06-19 13:56:39,short,True,False,1 commit
True,2023-06-20 01:30:17,medium,True,False,some commits
False,2023-06-20 12:33:36,very short,False,True,1 commit
True,2023-06-20 19:17:06,very short,True,False,1 commit
True,2023-06-21 08:02:53,very short,True,False,some commits
True,2023-06-21 08:22:38,lengthy,True,False,some commits
True,2023-06-22 06:19:48,short,True,False,1 commit
False,2023-06-22 08:52:34,lengthy,False,False,1 commit
True,2023-06-22 14:59:40,lengthy,True,False,1 commit
True,2023-06-23 00:03:47,medium,True,False,1 commit
True,2023-06-23 10:52:02,lengthy,True,False,some commits
True,2023-06-23 11:47:48,very short,True,False,1 commit
True,2023-06-23 13:30:29,lengthy,True,False,1 commit
True,2023-06-23 18:00:43,very short,True,False,1 commit
False,2023-06-24 10:04:01,very short,False,False,some commits
True,2023-06-25 11:39:21,medium,True,False,1 commit
True,2023-06-25 11:53:28,medium,False,True,1 commit
True,2023-06-25 12:31:58,medium,True,False,1 commit
True,2023-06-26 07:53:37,very short,True,False,1 commit
True,2023-06-26 08:38:49,very short,True,False,1 commit
True,2023-06-26 09:06:44,very short,True,False,1 commit
False,2023-06-26 10:02:21,lengthy,False,False,many commits
True,2023-06-26 14:57:10,lengthy,True,False,1 commit
True,2023-06-26 15:16:46,lengthy,True,False,some commits
True,2023-06-26 23:35:49,very short,True,False,1 commit
True,2023-06-27 03:42:04,short,True,False,1 commit
True,2023-06-27 03:44:47,very short,True,False,1 commit
True,2023-06-27 11:03:20,very short,True,False,1 commit
True,2023-06-27 14:00:56,lengthy,True,False,many commits
True,2023-06-27 23:36:18,very short,True,False,1 commit
True,2023-06-28 21:31:50,short,True,False,1 commit
True,2023-06-28 22:38:47,very short,True,False,1 commit
True,2023-06-28 22:42:50,very short,True,False,1 commit
True,2023-06-29 02:09:55,very short,True,False,1 commit
True,2023-06-29 03:30:52,short,False,True,1 commit
True,2023-06-29 03:36:20,very short,True,False,some commits
True,2023-06-29 03:43:11,very short,True,False,1 commit
True,2023-06-29 03:54:05,very short,True,False,some commits
True,2023-06-29 04:47:54,very short,True,False,1 commit
True,2023-06-29 06:08:16,lengthy,True,False,1 commit
True,2023-06-30 13:53:44,very short,False,False,many commits
False,2023-06-30 14:04:27,very short,False,True,1 commit
True,2023-06-30 16:58:03,very short,True,False,some commits
True,2023-06-30 20:59:09,very short,True,False,1 commit
True,2023-07-01 06:45:33,very short,True,False,1 commit
True,2023-07-01 12:47:31,very short,False,False,1 commit
True,2023-07-02 00:26:48,very short,True,False,1 commit
True,2023-07-02 13:45:34,medium,True,True,1 commit
True,2023-07-03 05:32:20,very short,True,True,1 commit
True,2023-07-03 06:57:02,very short,True,False,1 commit
True,2023-07-03 06:57:10,very short,True,False,1 commit
True,2023-07-03 17:09:16,medium,True,False,1 commit
True,2023-07-03 20:07:24,lengthy,False,False,some commits
False,2023-07-04 07:00:04,very short,False,True,many commits
True,2023-07-04 07:17:41,lengthy,True,False,1 commit
False,2023-07-04 08:12:26,short,False,False,1 commit
True,2023-07-04 10:25:36,lengthy,False,True,some commits
True,2023-07-04 12:36:28,very short,True,False,1 commit
True,2023-07-04 16:23:53,short,True,False,1 commit
True,2023-07-04 18:51:37,very short,True,False,1 commit
True,2023-07-04 19:25:13,very short,True,False,1 commit
True,2023-07-04 19:41:12,very short,True,False,1 commit
True,2023-07-05 03:41:15,very short,True,False,1 commit
True,2023-07-05 16:39:50,short,True,False,1 commit
True,2023-07-05 21:25:24,very short,True,False,1 commit
True,2023-07-06 01:14:19,very short,True,False,1 commit
True,2023-07-06 01:48:08,very short,True,False,1 commit
True,2023-07-06 01:48:16,very short,True,False,1 commit
True,2023-07-06 07:34:19,very short,True,False,1 commit
True,2023-07-06 07:39:19,very short,True,False,many commits
True,2023-07-07 07:03:31,very short,True,False,1 commit
True,2023-07-07 09:41:18,lengthy,True,False,many commits
True,2023-07-09 10:54:03,medium,True,False,1 commit
True,2023-07-09 16:03:53,lengthy,True,False,many commits
True,2023-07-10 19:23:23,short,False,False,1 commit
True,2023-07-10 21:12:45,very short,True,False,1 commit
True,2023-07-12 04:29:07,very short,True,False,1 commit
True,2023-07-12 06:31:49,lengthy,True,False,many commits
True,2023-07-12 07:29:01,short,True,False,1 commit
True,2023-07-12 07:52:20,short,True,False,1 commit
True,2023-07-12 15:59:23,very short,True,False,1 commit
True,2023-07-12 15:59:31,very short,True,False,1 commit
True,2023-07-12 21:58:28,very short,True,False,1 commit
True,2023-07-13 07:31:15,very short,True,False,1 commit
True,2023-07-13 16:55:57,short,True,False,some commits
True,2023-07-13 18:57:34,short,True,False,many commits
True,2023-07-13 20:06:56,very short,True,False,1 commit
True,2023-07-14 19:00:40,very short,True,False,1 commit
False,2023-07-14 19:48:22,very short,False,True,1 commit
True,2023-07-14 20:39:31,very short,True,False,1 commit
False,2023-07-15 09:49:17,lengthy,False,False,some commits
True,2023-07-15 18:16:23,very short,False,True,some commits
True,2023-07-15 19:41:35,very short,True,False,1 commit
True,2023-07-15 23:22:51,very short,True,False,1 commit
True,2023-07-16 08:17:37,very short,True,False,1 commit
True,2023-07-16 08:17:45,very short,True,False,1 commit
True,2023-07-16 12:14:11,very short,True,False,1 commit
True,2023-07-16 14:02:16,very short,True,False,1 commit
True,2023-07-16 15:43:14,lengthy,True,False,some commits
True,2023-07-17 04:47:48,lengthy,True,False,1 commit
True,2023-07-17 09:04:15,short,True,False,1 commit
True,2023-07-17 09:28:55,short,True,False,1 commit
True,2023-07-17 09:38:27,very short,True,False,1 commit
True,2023-07-17 10:21:17,lengthy,True,False,1 commit
True,2023-07-17 10:40:59,medium,True,False,1 commit
True,2023-07-17 13:33:25,lengthy,True,False,many commits
False,2023-07-17 17:07:47,lengthy,True,False,some commits
True,2023-07-17 19:56:26,very short,False,False,1 commit
True,2023-07-18 09:13:18,short,True,False,1 commit
True,2023-07-18 10:06:19,short,True,False,1 commit
True,2023-07-18 12:57:11,very short,True,False,1 commit
True,2023-07-18 18:36:11,very short,True,False,some commits
True,2023-07-19 01:42:56,short,True,False,1 commit
True,2023-07-19 02:14:08,lengthy,True,False,1 commit
True,2023-07-19 09:18:39,very short,True,False,1 commit
True,2023-07-19 12:42:18,very short,True,False,1 commit
True,2023-07-19 13:27:37,very short,True,False,1 commit
True,2023-07-19 14:28:24,medium,True,False,1 commit
True,2023-07-19 22:24:24,short,True,False,1 commit
False,2023-07-20 07:43:52,lengthy,False,True,1 commit
True,2023-07-20 14:43:04,very short,True,False,1 commit
True,2023-07-20 19:23:45,very short,True,False,1 commit
True,2023-07-20 19:37:42,very short,True,False,1 commit
True,2023-07-21 01:04:56,medium,True,False,1 commit
True,2023-07-22 00:46:36,medium,True,True,some commits
True,2023-07-22 10:10:51,lengthy,True,False,many commits
True,2023-07-22 16:39:42,lengthy,True,False,many commits
False,2023-07-24 17:35:08,short,True,False,many commits
True,2023-07-24 19:33:58,very short,True,False,1 commit
False,2023-07-24 21:04:56,lengthy,False,True,1 commit
True,2023-07-25 08:14:46,very short,True,False,1 commit
True,2023-07-25 09:19:12,short,True,False,many commits
True,2023-07-25 19:14:56,very short,True,False,1 commit
True,2023-07-25 19:15:04,very short,True,False,1 commit
True,2023-07-26 01:27:09,very short,True,False,1 commit
True,2023-07-26 20:09:49,very short,True,False,1 commit
True,2023-07-26 23:15:54,very short,True,False,1 commit
True,2023-07-27 05:39:30,very short,True,False,1 commit
True,2023-07-27 11:32:39,very short,True,False,1 commit
True,2023-07-27 22:16:35,medium,True,False,1 commit
True,2023-07-27 23:09:11,lengthy,True,False,1 commit
True,2023-07-28 00:37:22,medium,True,False,1 commit
True,2023-07-28 05:05:00,very short,True,False,1 commit
True,2023-07-28 06:54:45,short,True,False,1 commit
True,2023-07-28 08:00:27,medium,True,False,many commits
True,2023-07-28 22:51:28,very short,True,False,1 commit
True,2023-07-30 01:40:35,very short,True,False,1 commit
True,2023-07-30 01:40:43,very short,True,False,1 commit
True,2023-07-30 09:58:26,very short,True,False,1 commit
False,2023-07-30 12:00:06,lengthy,False,True,many commits
True,2023-07-31 08:59:10,short,True,False,some commits
True,2023-07-31 23:00:03,very short,True,False,1 commit
True,2023-07-31 23:05:57,very short,True,False,1 commit
True,2023-08-01 02:29:47,very short,True,False,1 commit
True,2023-08-01 05:22:38,very short,True,False,1 commit
True,2023-08-01 11:00:48,very short,True,False,1 commit
True,2023-08-01 16:26:10,very short,True,False,1 commit
True,2023-08-01 20:42:11,short,True,False,some commits
True,2023-08-01 22:54:59,very short,True,False,1 commit
True,2023-08-02 01:00:31,short,True,False,some commits
True,2023-08-02 08:32:10,very short,True,False,1 commit
True,2023-08-02 20:21:39,very short,True,False,1 commit
True,2023-08-03 20:16:22,medium,True,False,some commits
True,2023-08-03 20:40:33,very short,True,False,some commits
True,2023-08-03 21:30:17,medium,True,False,1 commit
True,2023-08-04 05:01:12,very short,True,False,some commits
True,2023-08-04 08:06:50,very short,True,False,1 commit
True,2023-08-04 09:16:41,very short,True,False,1 commit
True,2023-08-04 09:24:07,medium,True,False,some commits
True,2023-08-04 10:38:36,very short,True,True,some commits
True,2023-08-04 13:53:34,short,True,False,1 commit
True,2023-08-04 14:15:06,very short,True,False,1 commit
True,2023-08-04 18:48:01,very short,True,False,1 commit
True,2023-08-05 00:36:58,very short,True,False,1 commit
True,2023-08-07 03:09:03,lengthy,False,True,many commits
True,2023-08-07 19:30:22,very short,True,False,1 commit
True,2023-08-08 08:50:37,short,True,False,1 commit
True,2023-08-08 09:49:34,lengthy,True,False,1 commit
True,2023-08-08 20:53:05,very short,True,False,1 commit
True,2023-08-09 01:22:04,very short,True,False,1 commit
True,2023-08-09 04:34:36,very short,True,False,1 commit
True,2023-08-09 06:32:27,very short,True,False,1 commit
True,2023-08-09 07:55:25,very short,True,False,1 commit
True,2023-08-09 09:45:45,very short,True,False,some commits
True,2023-08-09 11:06:34,very short,True,False,1 commit
True,2023-08-09 13:33:33,very short,True,False,1 commit
True,2023-08-10 00:02:47,very short,True,False,1 commit
True,2023-08-10 04:34:53,very short,True,False,some commits
True,2023-08-10 20:58:28,very short,True,False,1 commit
True,2023-08-10 21:44:42,very short,True,False,1 commit
True,2023-08-10 21:58:50,short,True,False,1 commit
True,2023-08-10 22:25:15,lengthy,True,False,1 commit
True,2023-08-11 00:54:14,very short,False,True,1 commit
True,2023-08-11 15:40:19,very short,True,False,1 commit
True,2023-08-11 18:22:18,very short,True,False,1 commit
True,2023-08-11 19:30:34,lengthy,False,True,some commits
True,2023-08-11 21:36:34,very short,True,False,1 commit
True,2023-08-11 22:27:15,very short,True,False,1 commit
True,2023-08-12 01:26:50,short,True,False,1 commit
True,2023-08-12 02:37:18,lengthy,True,False,some commits
True,2023-08-12 17:39:10,short,True,False,1 commit
True,2023-08-13 01:41:06,short,True,False,1 commit
True,2023-08-13 13:12:54,short,True,False,1 commit
True,2023-08-13 13:38:59,medium,True,False,1 commit
True,2023-08-13 17:27:55,very short,True,False,1 commit
False,2023-08-13 17:33:58,lengthy,False,True,many commits
False,2023-08-14 09:16:04,lengthy,True,False,some commits
True,2023-08-14 09:23:57,medium,True,False,some commits
False,2023-08-14 14:50:16,lengthy,False,False,many commits
True,2023-08-14 15:44:19,lengthy,True,True,some commits
False,2023-08-14 17:18:36,lengthy,True,False,some commits
True,2023-08-14 19:59:12,short,False,False,1 commit
True,2023-08-15 00:00:30,very short,True,False,1 commit
True,2023-08-15 00:12:44,very short,True,False,1 commit
True,2023-08-15 00:41:59,short,True,False,1 commit
True,2023-08-15 05:43:36,very short,True,False,1 commit
True,2023-08-15 18:34:48,very short,True,False,1 commit
True,2023-08-15 22:49:06,very short,True,False,1 commit
True,2023-08-15 22:54:46,very short,True,False,1 commit
True,2023-08-16 08:43:57,very short,True,False,1 commit
True,2023-08-16 08:46:20,very short,True,False,1 commit
True,2023-08-16 11:20:43,lengthy,False,True,many commits
True,2023-08-17 10:23:31,lengthy,True,False,some commits
True,2023-08-18 05:11:33,lengthy,True,False,many commits
True,2023-08-18 05:22:21,lengthy,True,False,1 commit
True,2023-08-18 06:07:59,medium,True,False,some commits
True,2023-08-18 06:20:39,very short,True,False,1 commit
True,2023-08-18 07:36:57,very short,True,False,1 commit
True,2023-08-18 07:46:00,very short,True,False,1 commit
True,2023-08-18 08:15:02,very short,True,False,1 commit
True,2023-08-18 08:35:07,very short,True,False,1 commit
True,2023-08-18 18:36:18,very short,True,False,1 commit
True,2023-08-18 18:36:28,very short,True,False,1 commit
True,2023-08-19 05:16:18,very short,True,False,1 commit
True,2023-08-19 08:25:21,very short,True,False,1 commit
True,2023-08-19 16:10:30,very short,True,False,1 commit
True,2023-08-19 16:10:36,very short,True,False,1 commit
True,2023-08-21 17:01:42,very short,True,False,1 commit
True,2023-08-21 17:14:30,very short,True,False,1 commit
True,2023-08-21 17:33:54,medium,False,False,1 commit
True,2023-08-21 18:03:51,medium,True,False,some commits
True,2023-08-21 20:17:45,lengthy,True,False,1 commit
True,2023-08-21 20:27:06,very short,True,False,1 commit
True,2023-08-21 22:02:57,very short,True,False,1 commit
True,2023-08-21 23:08:18,very short,True,False,1 commit
True,2023-08-22 00:04:49,very short,True,False,some commits
True,2023-08-22 02:46:44,short,True,False,1 commit
True,2023-08-22 06:14:30,very short,True,False,1 commit
True,2023-08-22 16:41:18,very short,True,False,1 commit
True,2023-08-22 20:25:25,very short,True,False,1 commit
True,2023-08-22 23:22:27,very short,True,False,1 commit
True,2023-08-22 23:53:20,very short,True,False,1 commit
True,2023-08-23 08:20:29,very short,True,False,1 commit
True,2023-08-23 19:29:18,very short,True,False,1 commit
True,2023-08-23 20:06:57,medium,True,False,1 commit
True,2023-08-23 20:27:36,very short,True,False,1 commit
True,2023-08-23 20:31:04,very short,True,False,1 commit
True,2023-08-23 20:37:08,very short,True,False,1 commit
True,2023-08-23 21:55:47,lengthy,True,False,1 commit
True,2023-08-24 08:51:47,very short,True,False,1 commit
True,2023-08-24 17:09:47,lengthy,False,True,many commits
True,2023-08-24 21:19:42,very short,True,False,1 commit
True,2023-08-25 02:49:55,medium,True,False,1 commit
True,2023-08-25 12:37:20,medium,True,False,1 commit
True,2023-08-25 14:49:38,very short,True,False,1 commit
True,2023-08-25 15:37:37,lengthy,True,False,some commits
True,2023-08-26 03:48:39,very short,True,False,some commits
True,2023-08-26 06:03:23,very short,False,True,some commits
True,2023-08-26 13:11:16,very short,True,False,1 commit
True,2023-08-26 19:42:15,medium,False,True,many commits
True,2023-08-26 20:16:59,short,True,False,1 commit
True,2023-08-28 01:55:46,very short,True,False,1 commit
True,2023-08-28 12:35:06,very short,True,False,1 commit
True,2023-08-28 18:53:07,very short,True,False,1 commit
True,2023-08-28 19:01:27,very short,True,False,1 commit
True,2023-08-28 19:01:35,very short,True,False,1 commit
True,2023-08-28 20:59:11,very short,True,False,1 commit
True,2023-08-29 00:21:15,short,True,False,1 commit
True,2023-08-29 05:21:39,lengthy,True,False,many commits
True,2023-08-29 12:18:58,very short,True,False,1 commit
True,2023-08-29 20:16:54,very short,True,False,1 commit
True,2023-08-30 00:35:25,lengthy,True,False,1 commit
True,2023-08-30 00:37:58,lengthy,True,False,1 commit
True,2023-08-30 06:39:52,very short,True,False,1 commit
True,2023-08-30 06:43:01,very short,True,False,1 commit
True,2023-08-30 07:28:39,very short,True,False,1 commit
True,2023-08-30 08:49:05,medium,True,False,1 commit
True,2023-08-30 10:05:46,very short,True,False,1 commit
True,2023-08-30 10:27:10,very short,True,False,1 commit
True,2023-08-30 11:08:52,very short,True,False,1 commit
True,2023-08-30 11:24:37,very short,True,False,1 commit
True,2023-08-30 11:25:14,very short,True,False,1 commit
True,2023-08-30 13:36:35,very short,True,False,1 commit
True,2023-08-30 16:23:33,very short,True,False,1 commit
True,2023-08-30 19:33:22,very short,True,False,1 commit
True,2023-08-30 19:37:34,very short,True,False,1 commit
True,2023-08-30 20:15:22,very short,True,False,1 commit
True,2023-08-30 20:26:39,very short,True,False,1 commit
True,2023-08-30 20:52:40,very short,True,False,1 commit
True,2023-08-30 21:04:09,very short,True,False,1 commit
True,2023-08-30 22:24:43,very short,True,False,1 commit
True,2023-08-30 22:24:54,very short,True,False,1 commit
True,2023-08-30 22:25:01,very short,True,False,1 commit
True,2023-08-31 00:33:46,very short,True,False,1 commit
True,2023-08-31 01:05:42,very short,True,False,some commits
True,2023-08-31 01:16:33,very short,True,False,some commits
True,2023-08-31 07:17:02,very short,True,False,1 commit
True,2023-08-31 07:19:01,very short,True,False,1 commit
True,2023-08-31 07:43:40,very short,True,False,1 commit
True,2023-08-31 07:51:09,very short,True,False,1 commit
True,2023-08-31 07:55:55,very short,True,False,1 commit
True,2023-08-31 08:08:36,very short,True,False,1 commit
True,2023-08-31 10:21:14,short,True,False,1 commit
True,2023-08-31 14:12:03,very short,True,False,1 commit
True,2023-08-31 18:48:32,very short,True,False,1 commit
True,2023-08-31 22:13:13,lengthy,True,False,1 commit
True,2023-09-01 06:44:27,short,True,False,1 commit
True,2023-09-01 07:32:42,lengthy,True,False,1 commit
True,2023-09-01 08:20:33,medium,True,False,many commits
True,2023-09-01 12:19:44,very short,True,False,1 commit
True,2023-09-01 12:45:06,very short,True,False,1 commit
True,2023-09-01 13:01:59,lengthy,True,False,1 commit
True,2023-09-02 00:43:23,short,True,False,some commits
True,2023-09-03 15:02:07,very short,True,False,1 commit
True,2023-09-03 16:25:53,very short,True,False,1 commit
True,2023-09-04 00:53:22,lengthy,True,False,1 commit
True,2023-09-04 03:18:15,very short,True,False,1 commit
True,2023-09-04 06:03:37,very short,True,False,1 commit
True,2023-09-04 07:25:24,medium,True,False,1 commit
True,2023-09-04 18:26:44,very short,True,False,1 commit
True,2023-09-04 19:33:57,short,False,False,1 commit
True,2023-09-05 08:18:13,lengthy,True,False,1 commit
True,2023-09-05 17:57:43,very short,True,False,1 commit
True,2023-09-05 18:40:14,medium,True,False,1 commit
True,2023-09-06 02:57:37,very short,True,False,1 commit
True,2023-09-06 06:58:38,medium,True,False,some commits
True,2023-09-06 07:16:07,lengthy,True,False,many commits
True,2023-09-06 08:14:11,medium,True,False,1 commit
True,2023-09-06 08:58:22,very short,True,False,1 commit
True,2023-09-06 19:44:50,very short,True,False,1 commit
True,2023-09-06 20:58:59,very short,True,False,1 commit
True,2023-09-06 23:50:05,lengthy,True,False,some commits
True,2023-09-07 01:17:10,very short,True,False,1 commit
True,2023-09-07 08:25:44,medium,True,False,1 commit
True,2023-09-08 07:21:03,very short,True,False,1 commit
True,2023-09-08 09:36:05,very short,True,False,1 commit
True,2023-09-08 19:43:02,very short,True,False,1 commit
True,2023-09-08 19:43:10,very short,True,False,1 commit
True,2023-09-08 19:44:09,very short,True,False,1 commit
True,2023-09-08 19:44:15,very short,True,False,1 commit
True,2023-09-10 23:26:55,medium,True,False,1 commit
True,2023-09-11 22:11:17,medium,True,False,some commits
True,2023-09-12 08:59:22,very short,True,False,1 commit
True,2023-09-12 09:17:52,medium,True,False,1 commit
True,2023-09-12 09:45:29,medium,True,False,1 commit
True,2023-09-12 12:19:23,very short,True,False,1 commit
True,2023-09-12 17:29:58,very short,True,False,1 commit
True,2023-09-12 17:55:13,lengthy,True,False,some commits
True,2023-09-12 21:57:56,very short,True,False,1 commit
True,2023-09-13 05:54:42,very short,True,False,1 commit
True,2023-09-13 17:09:32,very short,True,False,1 commit
True,2023-09-13 19:43:52,very short,True,False,1 commit
True,2023-09-13 21:19:02,very short,True,False,1 commit
True,2023-09-13 22:22:51,very short,True,False,1 commit
True,2023-09-13 22:38:41,very short,True,False,1 commit
True,2023-09-13 22:46:38,very short,True,False,1 commit
True,2023-09-14 06:50:00,very short,True,False,1 commit
False,2023-09-14 14:54:12,very short,False,True,1 commit
True,2023-09-14 17:20:45,lengthy,True,False,1 commit
True,2023-09-14 19:25:29,very short,True,False,1 commit
True,2023-09-14 19:57:17,very short,True,False,1 commit
True,2023-09-14 20:31:07,very short,True,False,1 commit
True,2023-09-15 06:44:20,very short,True,True,1 commit
True,2023-09-15 07:30:45,very short,True,False,1 commit
False,2023-09-15 07:30:52,very short,True,False,1 commit
False,2023-09-15 08:48:54,lengthy,True,False,1 commit
True,2023-09-15 16:32:44,medium,True,False,many commits
True,2023-09-15 17:02:39,very short,True,False,1 commit
True,2023-09-15 17:53:51,lengthy,True,False,1 commit
True,2023-09-15 19:21:35,short,True,False,1 commit
True,2023-09-15 19:26:05,short,True,False,1 commit
False,2023-09-16 05:27:55,very short,False,True,1 commit
True,2023-09-16 06:04:23,lengthy,True,False,some commits
True,2023-09-17 10:10:44,short,True,False,some commits
True,2023-09-17 11:15:57,short,True,False,1 commit
True,2023-09-17 11:43:47,short,True,False,1 commit
True,2023-09-17 11:55:23,lengthy,True,False,1 commit
True,2023-09-17 16:42:14,medium,True,True,many commits
True,2023-09-18 06:00:13,very short,True,True,1 commit
True,2023-09-18 07:32:55,very short,True,False,1 commit
True,2023-09-18 11:41:06,very short,True,False,1 commit
True,2023-09-18 15:07:34,very short,True,False,1 commit
True,2023-09-18 16:01:05,very short,True,False,1 commit
True,2023-09-18 17:47:16,very short,True,False,1 commit
True,2023-09-18 19:33:26,very short,False,False,1 commit
True,2023-09-18 19:33:36,very short,False,False,1 commit
True,2023-09-18 21:24:12,very short,True,False,1 commit
True,2023-09-18 21:41:23,very short,True,False,1 commit
False,2023-09-18 21:52:03,very short,True,False,1 commit
True,2023-09-18 21:52:28,very short,True,False,1 commit
True,2023-09-18 22:25:24,very short,True,False,1 commit
True,2023-09-18 22:51:15,very short,True,False,1 commit
True,2023-09-19 12:31:14,very short,True,False,1 commit
True,2023-09-19 12:41:57,very short,True,False,1 commit
True,2023-09-19 14:44:16,very short,True,False,1 commit
True,2023-09-19 18:25:56,lengthy,True,False,some commits
True,2023-09-19 23:42:16,very short,False,True,many commits
True,2023-09-20 02:10:48,very short,True,False,1 commit
True,2023-09-20 06:06:13,very short,True,False,1 commit
True,2023-09-20 11:29:05,very short,True,False,some commits
True,2023-09-20 15:20:59,very short,True,False,1 commit
True,2023-09-20 15:58:35,very short,True,False,1 commit
True,2023-09-20 15:58:42,very short,True,False,1 commit
True,2023-09-20 22:25:33,very short,True,False,some commits
True,2023-09-20 22:52:38,very short,True,False,1 commit
True,2023-09-21 03:57:26,lengthy,True,False,1 commit
True,2023-09-21 04:47:18,lengthy,False,False,many commits
True,2023-09-21 07:42:29,very short,True,False,1 commit
True,2023-09-21 08:17:19,medium,True,False,1 commit
True,2023-09-21 17:29:37,very short,True,False,some commits
True,2023-09-21 17:50:36,lengthy,True,False,1 commit
True,2023-09-21 18:22:12,medium,False,True,1 commit
False,2023-09-22 05:22:05,very short,False,True,1 commit
False,2023-09-22 17:30:07,lengthy,False,True,many commits
True,2023-09-22 17:56:12,very short,False,False,1 commit
True,2023-09-22 18:26:39,very short,False,True,1 commit
True,2023-09-22 18:36:07,medium,False,False,1 commit
False,2023-09-22 19:11:31,lengthy,False,True,many commits
False,2023-09-22 19:12:13,lengthy,False,True,many commits
False,2023-09-22 20:32:31,medium,False,True,1 commit
True,2023-09-22 21:55:37,lengthy,False,True,many commits
True,2023-09-22 21:56:09,lengthy,True,False,some commits
True,2023-09-22 22:44:22,lengthy,False,True,1 commit
True,2023-09-22 22:47:29,medium,True,False,1 commit
True,2023-09-23 01:14:26,medium,True,False,1 commit
True,2023-09-23 03:21:09,lengthy,False,False,many commits
True,2023-09-23 07:50:25,lengthy,True,True,many commits
True,2023-09-23 09:30:27,lengthy,True,False,1 commit
True,2023-09-23 15:38:45,short,True,False,1 commit
True,2023-09-23 18:36:40,lengthy,False,True,1 commit
True,2023-09-23 21:10:30,medium,False,False,1 commit
True,2023-09-24 09:01:28,short,True,False,1 commit
True,2023-09-24 11:08:41,very short,True,False,1 commit
True,2023-09-24 20:21:20,lengthy,True,False,some commits
True,2023-09-24 23:39:44,lengthy,False,True,1 commit
True,2023-09-25 10:38:14,lengthy,True,False,1 commit
True,2023-09-25 10:51:53,medium,False,True,many commits
True,2023-09-25 11:42:57,very short,False,True,many commits
True,2023-09-25 16:30:43,short,True,False,1 commit
True,2023-09-25 17:33:24,short,True,False,some commits
False,2023-09-25 21:09:40,lengthy,False,True,some commits
True,2023-09-25 21:38:41,medium,True,False,1 commit
True,2023-09-26 01:31:54,short,False,True,many commits
True,2023-09-26 07:25:01,lengthy,True,False,some commits
True,2023-09-26 13:14:44,lengthy,False,True,some commits
True,2023-09-26 20:06:04,short,True,False,1 commit
True,2023-09-26 20:31:25,medium,True,False,many commits
True,2023-09-27 04:48:58,very short,True,False,1 commit
True,2023-09-27 05:13:10,lengthy,False,False,some commits
True,2023-09-27 15:55:34,very short,True,False,1 commit
True,2023-09-27 15:55:42,very short,True,False,1 commit
True,2023-09-27 16:53:52,very short,True,False,1 commit
True,2023-09-27 18:08:18,very short,True,False,1 commit
False,2023-09-27 20:58:29,lengthy,False,True,1 commit
True,2023-09-27 21:21:44,medium,True,False,1 commit
True,2023-09-27 22:59:41,medium,True,True,1 commit
True,2023-09-28 07:28:58,lengthy,True,False,1 commit
True,2023-09-28 07:50:35,very short,True,False,1 commit
True,2023-09-28 08:24:16,very short,True,False,1 commit
True,2023-09-28 18:08:57,medium,True,False,1 commit
True,2023-09-28 18:36:33,short,True,False,1 commit
True,2023-09-28 20:16:46,lengthy,True,False,1 commit
True,2023-09-28 20:50:43,lengthy,True,False,1 commit
True,2023-09-28 21:42:38,very short,True,False,1 commit
True,2023-09-29 00:31:07,medium,True,False,1 commit
False,2023-09-29 05:29:13,very short,False,False,many commits
True,2023-09-29 10:23:15,medium,True,False,1 commit
True,2023-09-29 12:18:30,medium,True,False,1 commit
True,2023-09-29 15:13:30,medium,True,False,some commits
True,2023-09-29 19:15:05,lengthy,False,True,many commits
True,2023-09-29 19:46:04,short,True,False,1 commit
True,2023-09-30 03:13:44,lengthy,False,True,1 commit
True,2023-09-30 14:19:05,short,True,False,1 commit
True,2023-10-01 21:24:40,lengthy,True,False,some commits
True,2023-10-02 00:16:12,lengthy,True,False,1 commit
False,2023-10-02 16:18:07,very short,False,True,1 commit
False,2023-10-02 18:06:55,very short,False,False,many commits
True,2023-10-02 19:34:58,very short,False,False,1 commit
True,2023-10-02 20:53:51,lengthy,False,False,some commits
True,2023-10-02 21:01:34,very short,True,False,1 commit
True,2023-10-03 08:46:41,lengthy,False,False,1 commit
True,2023-10-03 13:10:27,short,True,False,1 commit
False,2023-10-03 13:54:03,very short,False,True,1 commit
True,2023-10-03 18:54:38,very short,False,False,1 commit
True,2023-10-03 21:38:39,very short,True,False,1 commit
True,2023-10-03 21:38:46,very short,True,False,1 commit
True,2023-10-03 22:00:50,lengthy,True,False,some commits
True,2023-10-04 07:22:26,lengthy,True,False,some commits
False,2023-10-04 07:25:37,lengthy,False,False,many commits
True,2023-10-04 12:22:17,very short,False,True,some commits
True,2023-10-04 15:31:40,very short,True,False,1 commit
True,2023-10-04 21:57:35,very short,True,False,1 commit
True,2023-10-04 23:50:50,very short,True,False,1 commit
True,2023-10-05 12:13:36,lengthy,True,True,many commits
True,2023-10-05 19:08:19,short,False,True,1 commit
True,2023-10-05 21:40:15,very short,True,False,1 commit
True,2023-10-06 03:43:07,very short,True,False,1 commit
True,2023-10-06 03:43:14,very short,True,False,1 commit
True,2023-10-06 07:26:37,lengthy,True,False,many commits
True,2023-10-06 08:35:59,medium,True,False,1 commit
True,2023-10-06 08:49:18,lengthy,False,True,many commits
True,2023-10-06 10:20:17,short,False,False,1 commit
True,2023-10-06 15:04:26,short,True,False,1 commit
True,2023-10-06 16:10:39,very short,True,False,1 commit
True,2023-10-06 16:10:47,very short,True,False,1 commit
True,2023-10-06 20:26:04,very short,True,False,1 commit
True,2023-10-06 21:43:06,short,False,True,some commits
True,2023-10-07 00:03:45,very short,True,False,1 commit
True,2023-10-07 05:21:38,very short,True,False,1 commit
True,2023-10-07 05:57:14,lengthy,True,False,some commits
True,2023-10-07 16:52:51,medium,False,True,many commits
True,2023-10-08 09:30:49,very short,True,False,1 commit
True,2023-10-08 14:02:23,lengthy,True,False,many commits
True,2023-10-08 16:13:28,very short,True,False,1 commit
True,2023-10-09 07:51:47,very short,False,True,1 commit
True,2023-10-09 11:11:20,short,True,False,1 commit
True,2023-10-09 17:12:28,medium,True,True,1 commit
True,2023-10-09 19:12:21,very short,False,False,1 commit
True,2023-10-10 01:09:46,very short,True,False,1 commit
True,2023-10-10 05:11:15,very short,False,False,1 commit
True,2023-10-10 05:19:04,lengthy,True,False,1 commit
True,2023-10-10 05:49:40,lengthy,True,False,some commits
True,2023-10-10 13:31:00,very short,True,False,1 commit
True,2023-10-10 13:31:08,very short,True,False,1 commit
True,2023-10-10 15:16:20,very short,True,False,1 commit
True,2023-10-10 15:16:52,very short,True,False,1 commit
True,2023-10-10 15:18:08,very short,True,False,1 commit
True,2023-10-10 15:18:22,very short,True,False,1 commit
True,2023-10-10 15:35:12,medium,True,False,1 commit
True,2023-10-10 15:46:50,very short,False,False,1 commit
True,2023-10-10 16:35:41,very short,True,False,1 commit
True,2023-10-10 16:35:49,very short,True,False,1 commit
True,2023-10-11 02:02:17,very short,True,False,1 commit
True,2023-10-11 03:04:05,medium,True,False,1 commit
True,2023-10-11 04:13:35,very short,True,False,1 commit
True,2023-10-11 05:38:42,very short,True,False,1 commit
True,2023-10-11 19:42:27,medium,True,False,1 commit
True,2023-10-11 20:02:55,very short,True,False,1 commit
True,2023-10-12 09:21:03,medium,True,False,some commits
True,2023-10-12 18:32:01,very short,True,False,1 commit
True,2023-10-12 21:14:03,short,True,True,some commits
False,2023-10-12 22:00:24,medium,True,False,1 commit
True,2023-10-13 17:21:38,very short,True,False,1 commit
True,2023-10-13 19:07:48,lengthy,True,False,some commits
True,2023-10-13 19:48:46,medium,True,True,some commits
True,2023-10-14 05:10:03,very short,True,False,some commits
True,2023-10-14 11:23:40,lengthy,True,False,some commits
True,2023-10-14 14:45:31,lengthy,True,False,1 commit
False,2023-10-14 15:04:02,lengthy,False,True,some commits
True,2023-10-14 19:08:54,very short,False,True,some commits
True,2023-10-15 04:04:11,medium,True,False,1 commit
True,2023-10-15 07:18:46,short,True,False,1 commit
True,2023-10-15 13:29:29,very short,True,True,1 commit
True,2023-10-15 14:09:51,very short,True,False,1 commit
True,2023-10-15 14:09:58,very short,True,False,1 commit
True,2023-10-15 20:34:21,very short,True,False,1 commit
True,2023-10-15 20:34:27,very short,True,False,1 commit
True,2023-10-16 21:22:54,lengthy,True,False,1 commit
True,2023-10-16 23:56:06,very short,True,False,1 commit
True,2023-10-17 00:15:42,very short,True,False,1 commit
True,2023-10-17 00:31:32,very short,True,False,1 commit
True,2023-10-17 03:56:13,very short,True,False,1 commit
True,2023-10-17 04:06:47,short,False,True,some commits
True,2023-10-17 04:28:11,very short,False,True,some commits
True,2023-10-17 04:46:12,very short,False,True,some commits
True,2023-10-17 09:54:30,very short,True,False,1 commit
True,2023-10-17 15:27:36,very short,True,False,1 commit
False,2023-10-17 15:27:43,very short,True,False,1 commit
True,2023-10-17 20:51:36,very short,True,False,1 commit
False,2023-10-17 22:10:51,lengthy,False,False,some commits
True,2023-10-18 00:23:54,medium,True,True,some commits
True,2023-10-18 01:24:02,very short,True,False,1 commit
True,2023-10-18 04:47:25,very short,True,False,1 commit
True,2023-10-18 06:56:15,very short,True,False,1 commit
True,2023-10-18 06:56:21,very short,True,False,1 commit
True,2023-10-18 07:16:15,lengthy,True,False,many commits
True,2023-10-18 13:19:38,short,True,False,some commits
False,2023-10-19 04:26:28,medium,False,True,some commits
True,2023-10-19 06:24:43,very short,True,False,1 commit
True,2023-10-19 16:40:40,lengthy,True,False,many commits
False,2023-10-19 19:10:31,very short,False,True,1 commit
True,2023-10-20 11:35:43,very short,True,False,1 commit
True,2023-10-20 11:35:51,very short,True,False,1 commit
True,2023-10-20 15:56:35,lengthy,False,True,1 commit
False,2023-10-21 04:17:06,medium,True,False,some commits
True,2023-10-21 14:24:26,medium,True,True,some commits
True,2023-10-21 15:30:22,lengthy,True,False,some commits
True,2023-10-23 13:05:15,lengthy,False,True,many commits
True,2023-10-23 15:51:36,short,True,False,1 commit
True,2023-10-23 16:15:47,medium,True,False,some commits
True,2023-10-23 20:16:25,short,True,False,some commits
True,2023-10-23 22:56:56,short,True,False,some commits
True,2023-10-24 17:13:52,very short,True,False,many commits
True,2023-10-24 20:38:24,lengthy,True,False,many commits
True,2023-10-25 01:33:10,lengthy,True,False,1 commit
True,2023-10-25 02:13:14,very short,True,False,some commits
False,2023-10-25 11:53:27,very short,False,True,some commits
True,2023-10-25 16:16:38,very short,False,True,1 commit
True,2023-10-25 17:29:34,very short,True,False,1 commit
False,2023-10-25 17:29:41,very short,True,False,1 commit
True,2023-10-25 20:43:18,very short,True,False,1 commit
True,2023-10-25 21:39:32,very short,True,False,some commits
True,2023-10-25 21:59:24,lengthy,True,False,1 commit
True,2023-10-25 21:59:58,very short,True,False,1 commit
True,2023-10-26 02:27:47,very short,True,False,1 commit
False,2023-10-26 13:28:02,lengthy,False,True,1 commit
True,2023-10-26 13:33:13,medium,True,True,many commits
True,2023-10-26 14:40:48,very short,False,True,1 commit
True,2023-10-26 16:03:10,very short,True,False,1 commit
True,2023-10-26 16:35:41,very short,True,False,1 commit
True,2023-10-26 17:28:54,medium,True,False,1 commit
False,2023-10-26 19:34:29,lengthy,False,False,1 commit
True,2023-10-26 20:21:20,lengthy,True,False,some commits
True,2023-10-26 23:33:10,very short,True,False,1 commit
True,2023-10-27 02:01:01,medium,True,False,1 commit
True,2023-10-27 07:28:02,lengthy,True,True,some commits
True,2023-10-27 20:18:13,very short,True,False,1 commit
True,2023-10-27 20:47:24,lengthy,True,False,1 commit
True,2023-10-27 23:39:12,medium,False,True,some commits
True,2023-10-28 13:00:22,very short,True,False,1 commit
True,2023-10-28 19:59:35,short,True,False,1 commit
True,2023-10-29 05:04:45,lengthy,False,True,some commits
False,2023-10-30 14:01:16,lengthy,False,True,1 commit
True,2023-10-30 16:57:58,very short,True,False,1 commit
True,2023-10-30 18:40:52,very short,True,False,1 commit
True,2023-10-30 20:30:33,very short,True,False,1 commit
True,2023-10-30 20:47:25,lengthy,True,False,1 commit
True,2023-10-31 15:49:47,short,False,True,some commits
True,2023-10-31 16:20:41,very short,False,True,some commits
True,2023-10-31 20:13:04,very short,True,False,1 commit
True,2023-10-31 20:33:09,very short,True,False,1 commit
True,2023-10-31 20:33:16,very short,True,False,1 commit
True,2023-11-01 12:33:24,very short,True,False,1 commit
True,2023-11-01 19:46:54,very short,True,False,1 commit
True,2023-11-01 21:04:28,very short,True,False,1 commit
True,2023-11-01 22:19:06,very short,True,False,1 commit
True,2023-11-01 22:19:13,very short,True,False,1 commit
True,2023-11-02 00:53:53,very short,True,False,1 commit
True,2023-11-02 03:14:25,very short,True,False,1 commit
True,2023-11-02 09:08:41,very short,True,False,1 commit
True,2023-11-02 09:25:03,very short,True,False,1 commit
True,2023-11-02 10:42:14,very short,True,False,1 commit
True,2023-11-02 11:02:21,very short,True,False,1 commit
True,2023-11-02 16:42:28,very short,True,False,1 commit
True,2023-11-02 17:59:49,very short,True,False,many commits
True,2023-11-02 22:42:28,very short,True,False,1 commit
True,2023-11-02 22:42:35,very short,True,False,1 commit
True,2023-11-03 13:54:57,very short,True,False,1 commit
True,2023-11-03 13:55:45,very short,True,False,1 commit
True,2023-11-03 21:19:00,lengthy,True,False,some commits
True,2023-11-05 00:05:19,lengthy,True,True,some commits
True,2023-11-05 21:26:50,very short,True,False,1 commit
True,2023-11-05 21:26:57,very short,True,False,1 commit
True,2023-11-06 03:47:06,very short,True,False,1 commit
True,2023-11-06 09:00:17,very short,True,False,1 commit
True,2023-11-06 09:00:24,very short,True,False,1 commit
True,2023-11-06 16:18:39,short,True,False,1 commit
True,2023-11-06 19:35:05,very short,True,False,1 commit
True,2023-11-06 20:37:33,very short,True,False,1 commit
True,2023-11-06 21:04:51,very short,True,False,1 commit
True,2023-11-06 22:58:09,very short,True,False,some commits
True,2023-11-07 04:28:15,lengthy,True,False,1 commit
True,2023-11-07 15:52:22,very short,True,False,1 commit
True,2023-11-07 22:49:49,medium,True,False,1 commit
True,2023-11-07 23:10:00,very short,True,False,some commits
True,2023-11-08 19:31:39,very short,True,False,1 commit
True,2023-11-08 22:35:15,very short,True,False,1 commit
True,2023-11-08 23:22:14,very short,True,False,1 commit
True,2023-11-09 00:41:47,very short,True,False,1 commit
True,2023-11-09 09:03:58,very short,True,False,1 commit
True,2023-11-09 16:20:30,medium,True,False,1 commit
True,2023-11-09 20:36:36,very short,True,False,1 commit
True,2023-11-09 23:37:33,lengthy,False,True,1 commit
True,2023-11-10 10:25:36,lengthy,False,False,many commits
True,2023-11-11 23:19:24,medium,True,False,1 commit
True,2023-11-13 00:55:45,very short,True,False,1 commit
True,2023-11-13 02:32:52,very short,True,False,1 commit
True,2023-11-13 11:35:46,very short,True,False,1 commit
True,2023-11-13 11:35:53,very short,True,False,1 commit
True,2023-11-13 14:30:09,lengthy,True,True,1 commit
True,2023-11-14 16:39:17,very short,True,False,1 commit
True,2023-11-14 17:40:41,very short,True,False,1 commit
True,2023-11-14 20:52:17,lengthy,True,False,many commits
True,2023-11-15 08:06:07,lengthy,False,False,many commits
True,2023-11-15 15:57:05,lengthy,False,True,some commits
True,2023-11-15 21:16:12,short,True,False,1 commit
True,2023-11-16 18:23:32,very short,True,False,1 commit
True,2023-11-16 18:26:07,lengthy,True,False,1 commit
False,2023-11-16 21:54:27,lengthy,False,False,1 commit
True,2023-11-16 23:58:57,very short,True,False,1 commit
True,2023-11-17 00:40:53,very short,True,False,1 commit
True,2023-11-17 15:54:57,lengthy,True,False,1 commit
True,2023-11-19 10:54:19,lengthy,False,True,many commits
True,2023-11-19 16:46:55,medium,True,False,1 commit
True,2023-11-20 03:01:29,very short,True,True,1 commit
True,2023-11-20 05:35:54,lengthy,True,False,some commits
False,2023-11-20 12:38:15,very short,True,False,1 commit
True,2023-11-20 15:32:55,very short,True,False,1 commit
True,2023-11-20 16:06:06,very short,True,False,1 commit
True,2023-11-20 16:06:15,very short,True,False,1 commit
True,2023-11-21 03:18:32,very short,True,False,1 commit
True,2023-11-21 20:01:03,short,True,False,1 commit
True,2023-11-22 13:45:15,very short,True,False,1 commit
True,2023-11-22 22:04:20,very short,True,False,1 commit
True,2023-11-23 03:51:52,lengthy,True,False,some commits
False,2023-11-23 08:16:47,short,True,False,1 commit
True,2023-11-23 12:41:44,very short,True,False,1 commit
True,2023-11-23 21:58:24,very short,True,False,1 commit
True,2023-11-24 05:45:43,very short,True,False,1 commit
False,2023-11-26 00:49:13,lengthy,False,True,many commits
True,2023-11-27 10:24:53,lengthy,True,False,1 commit
True,2023-11-27 10:31:40,very short,True,False,1 commit
True,2023-11-27 12:07:49,very short,False,True,some commits
True,2023-11-27 12:44:47,very short,True,False,1 commit
True,2023-11-27 16:22:44,very short,True,False,1 commit
False,2023-11-27 21:05:06,short,False,False,1 commit
True,2023-11-28 00:46:50,very short,True,False,1 commit
True,2023-11-28 05:02:52,lengthy,True,False,some commits
True,2023-11-28 05:04:43,short,True,False,1 commit
True,2023-11-28 08:19:30,very short,True,False,1 commit
True,2023-11-29 14:43:09,medium,False,True,some commits
True,2023-11-29 15:29:24,short,False,False,some commits
True,2023-11-29 16:40:29,very short,True,False,1 commit
True,2023-11-29 19:11:31,medium,True,False,1 commit
True,2023-11-29 21:28:05,medium,False,False,some commits
True,2023-11-30 04:35:59,short,False,True,some commits
True,2023-11-30 10:48:29,very short,True,False,1 commit
True,2023-11-30 10:48:37,very short,True,False,1 commit
True,2023-11-30 11:29:45,very short,True,False,1 commit
False,2023-11-30 15:07:48,lengthy,False,True,1 commit
False,2023-11-30 17:47:10,lengthy,True,False,1 commit
True,2023-11-30 21:14:34,medium,True,False,1 commit
True,2023-11-30 23:01:06,medium,False,True,1 commit
True,2023-12-01 06:53:56,very short,True,False,1 commit
True,2023-12-01 08:01:17,lengthy,True,False,some commits
True,2023-12-01 13:03:15,very short,True,False,1 commit
True,2023-12-01 22:35:19,very short,True,False,1 commit
True,2023-12-02 04:56:16,very short,True,False,1 commit
True,2023-12-02 04:56:23,very short,True,False,1 commit
True,2023-12-02 09:38:02,short,True,False,1 commit
True,2023-12-02 20:06:04,short,False,True,many commits
True,2023-12-02 21:42:14,lengthy,False,True,many commits
True,2023-12-02 22:13:16,medium,False,True,many commits
True,2023-12-03 17:06:07,short,True,False,some commits
True,2023-12-03 17:57:12,short,False,True,1 commit
True,2023-12-03 19:21:29,very short,True,False,1 commit
True,2023-12-03 19:22:03,very short,True,False,1 commit
True,2023-12-03 20:25:47,medium,False,True,many commits
True,2023-12-04 02:20:49,short,True,False,many commits
True,2023-12-04 18:14:41,very short,False,True,1 commit
True,2023-12-05 05:23:50,very short,True,False,some commits
False,2023-12-05 06:11:14,lengthy,False,False,many commits
True,2023-12-05 11:30:24,very short,True,False,1 commit
True,2023-12-05 20:39:19,very short,True,False,1 commit
True,2023-12-05 22:13:47,medium,True,False,1 commit
True,2023-12-06 02:48:31,very short,True,False,1 commit
True,2023-12-06 15:17:37,very short,True,False,1 commit
True,2023-12-06 17:12:23,very short,True,False,1 commit
True,2023-12-06 17:12:32,very short,True,False,1 commit
True,2023-12-06 21:14:29,lengthy,True,False,some commits
True,2023-12-07 05:37:45,lengthy,False,True,many commits
True,2023-12-07 15:49:20,lengthy,True,False,some commits
False,2023-12-07 19:16:34,lengthy,False,True,1 commit
True,2023-12-07 20:13:14,very short,True,False,1 commit
False,2023-12-07 20:43:42,very short,False,True,some commits
True,2023-12-07 23:17:03,medium,False,True,some commits
True,2023-12-08 01:49:08,very short,True,False,1 commit
True,2023-12-08 01:56:20,very short,True,False,1 commit
True,2023-12-08 04:54:56,lengthy,False,True,1 commit
True,2023-12-08 05:55:19,very short,True,False,some commits
True,2023-12-08 07:13:48,very short,True,False,1 commit
True,2023-12-08 19:29:18,very short,False,True,some commits
True,2023-12-08 21:47:32,medium,True,False,some commits
False,2023-12-08 22:34:28,lengthy,False,True,many commits
True,2023-12-09 06:45:42,very short,True,False,1 commit
True,2023-12-09 12:27:32,very short,True,False,1 commit
False,2023-12-09 20:52:19,lengthy,False,True,1 commit
True,2023-12-10 11:47:53,lengthy,True,False,1 commit
False,2023-12-11 19:47:08,medium,False,False,1 commit
True,2023-12-11 19:47:10,very short,False,False,1 commit
True,2023-12-11 20:38:01,very short,True,False,1 commit
True,2023-12-11 23:45:03,very short,True,False,1 commit
True,2023-12-12 02:58:05,very short,True,False,1 commit
True,2023-12-12 11:50:43,very short,True,False,1 commit
True,2023-12-12 14:00:00,medium,True,False,some commits
True,2023-12-12 14:19:30,very short,True,False,1 commit
True,2023-12-13 11:09:48,very short,True,False,1 commit
True,2023-12-13 22:04:57,very short,True,False,1 commit
True,2023-12-14 08:01:13,very short,True,False,some commits
True,2023-12-14 09:52:35,medium,True,False,some commits
True,2023-12-15 06:43:36,medium,True,False,1 commit
True,2023-12-15 07:17:33,very short,True,False,1 commit
True,2023-12-15 08:06:01,very short,True,False,1 commit
True,2023-12-15 08:14:34,medium,True,False,some commits
True,2023-12-15 12:20:08,very short,True,False,1 commit
True,2023-12-16 04:01:42,short,True,False,1 commit
True,2023-12-16 04:32:40,very short,True,False,1 commit
True,2023-12-16 06:19:19,very short,True,False,1 commit
True,2023-12-17 18:39:15,very short,True,False,1 commit
True,2023-12-17 19:07:24,very short,True,False,1 commit
True,2023-12-17 19:59:52,very short,True,False,1 commit
True,2023-12-18 11:14:58,very short,True,False,1 commit
False,2023-12-18 13:26:53,lengthy,True,False,1 commit
False,2023-12-18 19:28:48,short,False,False,1 commit
True,2023-12-18 19:28:48,very short,False,False,1 commit
False,2023-12-18 19:28:56,short,False,False,1 commit
True,2023-12-19 00:37:14,very short,True,False,1 commit
True,2023-12-20 07:36:03,very short,True,False,some commits
True,2023-12-20 16:26:05,very short,True,False,1 commit
True,2023-12-20 22:47:08,lengthy,True,False,1 commit
True,2023-12-20 23:04:50,lengthy,True,False,1 commit
True,2023-12-22 09:03:22,lengthy,True,False,some commits
True,2023-12-23 03:09:40,lengthy,True,False,many commits
True,2023-12-23 09:43:36,lengthy,True,False,1 commit
True,2023-12-23 10:04:02,lengthy,True,False,some commits
True,2023-12-24 17:00:22,lengthy,True,False,1 commit
True,2023-12-25 22:26:46,short,True,False,1 commit
True,2023-12-26 02:09:49,lengthy,True,False,some commits
True,2023-12-26 06:47:53,lengthy,True,False,some commits
False,2023-12-27 13:07:46,lengthy,False,False,many commits
True,2023-12-28 16:14:09,very short,True,False,1 commit
True,2023-12-28 17:02:34,very short,True,False,some commits
True,2023-12-28 17:42:06,short,True,False,1 commit
True,2023-12-28 19:08:40,very short,True,False,1 commit
True,2023-12-29 22:43:56,very short,True,False,1 commit
True,2023-12-31 10:54:34,medium,True,False,some commits
True,2024-01-01 19:21:02,very short,True,False,1 commit
True,2024-01-03 10:21:29,very short,True,False,1 commit
True,2024-01-03 10:38:33,very short,True,False,1 commit
True,2024-01-04 07:34:33,very short,True,False,1 commit
True,2024-01-04 09:15:38,very short,True,False,1 commit
True,2024-01-04 09:15:45,very short,True,False,1 commit
True,2024-01-05 12:27:00,very short,True,False,1 commit
True,2024-01-05 17:34:18,medium,True,False,1 commit
True,2024-01-06 11:29:40,short,True,False,1 commit
True,2024-01-06 12:07:10,short,True,False,some commits
True,2024-01-06 16:19:16,medium,True,False,some commits
True,2024-01-08 14:21:36,very short,True,False,1 commit
True,2024-01-08 23:53:11,short,False,True,1 commit
True,2024-01-08 23:53:46,very short,True,False,1 commit
True,2024-01-08 23:59:52,very short,True,False,1 commit
True,2024-01-09 14:32:32,lengthy,True,False,many commits
True,2024-01-09 14:57:05,medium,True,False,some commits
True,2024-01-09 15:04:48,medium,True,False,1 commit
True,2024-01-09 15:38:15,very short,True,False,some commits
True,2024-01-09 22:15:28,very short,True,False,1 commit
True,2024-01-09 22:15:35,very short,True,False,1 commit
True,2024-01-10 00:03:00,medium,True,False,some commits
True,2024-01-10 07:14:33,very short,True,False,1 commit
True,2024-01-10 10:32:56,very short,False,False,1 commit
True,2024-01-10 13:29:13,very short,True,False,1 commit
True,2024-01-10 18:03:06,lengthy,True,False,1 commit
True,2024-01-11 01:35:03,very short,True,False,some commits
True,2024-01-11 02:50:58,very short,True,False,1 commit
True,2024-01-11 16:23:09,very short,True,False,1 commit
True,2024-01-11 16:23:16,very short,True,False,1 commit
True,2024-01-11 20:15:22,very short,True,False,1 commit
True,2024-01-11 21:14:33,lengthy,True,False,many commits
True,2024-01-11 22:48:30,medium,True,False,1 commit
True,2024-01-11 23:22:56,very short,True,False,1 commit
True,2024-01-12 02:23:57,very short,True,False,1 commit
True,2024-01-13 01:55:01,very short,True,False,1 commit
True,2024-01-14 09:40:00,medium,True,False,some commits
True,2024-01-14 20:13:36,very short,True,False,some commits
True,2024-01-15 00:06:17,short,True,False,1 commit
True,2024-01-15 20:00:09,very short,False,False,1 commit
True,2024-01-15 22:52:32,short,True,False,1 commit
True,2024-01-16 15:23:30,lengthy,True,False,many commits
True,2024-01-17 00:54:16,very short,True,False,1 commit
True,2024-01-17 12:01:33,very short,True,False,1 commit
True,2024-01-17 12:04:17,very short,True,False,1 commit
True,2024-01-17 21:38:09,very short,True,False,1 commit
True,2024-01-18 14:30:05,medium,True,True,many commits
True,2024-01-18 20:32:09,lengthy,True,True,some commits
True,2024-01-18 21:40:05,lengthy,True,False,1 commit
True,2024-01-19 03:31:53,medium,True,False,1 commit
True,2024-01-20 04:40:38,short,True,False,1 commit
True,2024-01-21 11:12:31,very short,True,False,1 commit
True,2024-01-21 11:12:37,very short,True,False,1 commit
True,2024-01-22 01:07:41,short,True,True,1 commit
True,2024-01-22 17:21:42,very short,True,False,1 commit
True,2024-01-22 19:40:27,very short,False,False,1 commit
True,2024-01-22 20:45:31,lengthy,True,False,1 commit
True,2024-01-23 02:32:04,very short,True,False,some commits
True,2024-01-23 07:09:16,very short,True,False,1 commit
True,2024-01-23 23:12:15,very short,True,False,1 commit
True,2024-01-24 09:14:57,medium,True,False,1 commit
True,2024-01-24 19:55:07,very short,True,False,1 commit
True,2024-01-24 22:15:33,medium,True,False,1 commit
True,2024-01-24 23:58:14,very short,True,False,1 commit
True,2024-01-26 09:30:09,medium,True,False,1 commit
True,2024-01-26 20:24:13,medium,True,False,1 commit
False,2024-01-27 09:49:12,very short,True,False,some commits
True,2024-01-27 12:46:43,medium,True,False,some commits
True,2024-01-29 19:12:03,short,False,False,1 commit
True,2024-01-29 22:45:41,very short,True,False,1 commit
True,2024-01-30 10:28:40,short,True,False,1 commit
True,2024-01-30 11:44:00,lengthy,True,False,many commits
True,2024-01-31 01:56:13,lengthy,True,False,many commits
True,2024-01-31 20:48:51,lengthy,True,False,some commits
True,2024-02-01 08:13:56,very short,True,False,1 commit
True,2024-02-01 10:04:49,medium,True,False,1 commit
True,2024-02-01 15:03:22,lengthy,True,False,1 commit
True,2024-02-01 20:28:35,very short,True,False,1 commit
True,2024-02-01 22:51:42,medium,True,False,1 commit
True,2024-02-02 02:06:39,very short,True,False,1 commit
False,2024-02-02 10:31:40,very short,False,True,1 commit
True,2024-02-04 00:14:05,very short,True,False,1 commit
True,2024-02-04 00:14:12,very short,True,False,1 commit
True,2024-02-05 01:21:59,lengthy,True,False,many commits
True,2024-02-05 19:15:37,medium,False,False,some commits
True,2024-02-07 05:04:13,short,True,False,some commits
True,2024-02-07 20:29:34,lengthy,True,True,many commits
True,2024-02-07 21:20:32,very short,True,False,1 commit
True,2024-02-07 22:10:03,medium,True,False,1 commit
True,2024-02-07 22:48:21,very short,True,False,1 commit
True,2024-02-08 03:33:31,very short,True,False,1 commit
True,2024-02-09 06:19:07,medium,True,False,some commits
True,2024-02-10 10:21:41,lengthy,False,True,many commits
True,2024-02-10 14:10:30,medium,True,False,1 commit
True,2024-02-10 14:56:09,medium,True,False,some commits
True,2024-02-11 23:37:18,very short,True,False,1 commit
True,2024-02-12 02:17:53,very short,True,False,some commits
True,2024-02-12 12:48:45,very short,True,False,1 commit
True,2024-02-12 14:41:57,very short,True,False,1 commit
True,2024-02-12 19:54:26,very short,True,False,1 commit
True,2024-02-12 20:30:25,very short,True,False,some commits
True,2024-02-12 23:07:56,short,True,False,1 commit
True,2024-02-13 00:43:09,short,True,True,1 commit
True,2024-02-13 15:54:57,very short,True,False,1 commit
True,2024-02-13 16:12:18,lengthy,True,False,some commits
True,2024-02-14 02:51:31,very short,True,False,1 commit
True,2024-02-14 03:04:24,very short,True,False,1 commit
True,2024-02-14 22:35:58,very short,True,False,many commits
True,2024-02-15 04:49:10,short,True,False,some commits
True,2024-02-15 10:15:51,very short,True,True,1 commit
True,2024-02-16 02:04:27,very short,True,False,some commits
True,2024-02-16 05:36:53,lengthy,True,False,1 commit
True,2024-02-17 16:41:01,very short,True,False,1 commit
True,2024-02-20 21:17:53,very short,True,False,1 commit
True,2024-02-20 23:34:37,very short,True,False,1 commit
False,2024-02-21 21:07:37,very short,False,True,1 commit
True,2024-02-22 13:34:03,very short,False,True,some commits
True,2024-02-23 15:58:56,medium,False,True,1 commit
True,2024-02-24 13:03:28,lengthy,True,False,1 commit
True,2024-02-24 17:30:01,medium,True,False,1 commit
True,2024-02-25 02:53:17,lengthy,True,False,many commits
True,2024-02-28 10:01:26,lengthy,True,False,1 commit
True,2024-02-28 23:25:16,lengthy,False,True,1 commit
True,2024-02-29 14:15:37,very short,True,False,1 commit
True,2024-03-01 06:26:23,lengthy,True,False,many commits
True,2024-03-03 04:00:28,medium,False,True,some commits
True,2024-03-03 11:56:36,very short,True,False,1 commit
True,2024-03-03 13:11:05,very short,True,False,1 commit
True,2024-03-03 15:47:47,medium,True,False,1 commit
True,2024-03-03 17:25:59,medium,True,False,1 commit
True,2024-03-03 18:14:08,short,True,False,1 commit
True,2024-03-03 21:03:08,lengthy,True,False,some commits
True,2024-03-04 10:10:58,lengthy,True,False,1 commit
True,2024-03-04 11:19:26,lengthy,False,False,1 commit
True,2024-03-04 15:11:05,very short,True,False,1 commit
True,2024-03-04 16:44:37,very short,True,False,1 commit
True,2024-03-04 19:06:43,short,False,False,1 commit
True,2024-03-04 21:16:31,short,True,False,1 commit
True,2024-03-05 23:34:28,short,True,False,1 commit
True,2024-03-06 09:48:57,very short,True,False,1 commit
True,2024-03-06 11:28:03,very short,True,False,1 commit
True,2024-03-06 21:35:58,very short,True,False,some commits
True,2024-03-06 23:11:42,medium,True,False,1 commit
True,2024-03-07 07:40:21,medium,True,False,1 commit
True,2024-03-07 08:48:12,medium,True,False,1 commit
True,2024-03-08 01:58:59,lengthy,False,False,some commits
True,2024-03-08 03:38:32,medium,True,False,1 commit
True,2024-03-08 04:25:49,very short,True,False,1 commit
True,2024-03-08 08:14:38,medium,True,False,1 commit
True,2024-03-08 09:05:23,very short,True,False,1 commit
True,2024-03-08 11:06:15,very short,True,False,1 commit
True,2024-03-08 18:40:37,very short,True,False,1 commit
True,2024-03-08 22:51:33,very short,True,False,1 commit
True,2024-03-09 04:09:19,lengthy,True,False,many commits
True,2024-03-09 09:40:03,short,True,False,1 commit
True,2024-03-09 10:30:50,short,True,False,1 commit
True,2024-03-09 18:59:25,short,True,False,many commits
True,2024-03-09 19:32:48,short,True,False,1 commit
True,2024-03-10 04:28:29,medium,True,False,many commits
True,2024-03-10 10:20:55,very short,True,False,some commits
True,2024-03-10 20:19:34,very short,True,False,1 commit
True,2024-03-10 21:48:10,very short,True,False,1 commit
True,2024-03-11 04:26:15,very short,True,False,1 commit
True,2024-03-11 21:48:48,medium,True,False,some commits
True,2024-03-12 16:18:18,very short,True,True,1 commit
True,2024-03-13 19:53:16,medium,True,False,many commits
False,2024-03-13 23:34:32,very short,False,True,1 commit
True,2024-03-14 00:18:56,very short,True,False,1 commit
True,2024-03-14 06:46:27,very short,True,False,1 commit
True,2024-03-14 08:12:56,short,True,False,1 commit
True,2024-03-14 15:28:02,very short,True,False,1 commit
True,2024-03-14 17:39:40,very short,True,False,1 commit
True,2024-03-14 19:51:52,very short,False,False,some commits
True,2024-03-14 20:03:40,very short,True,False,1 commit
True,2024-03-15 09:17:00,medium,True,False,some commits
True,2024-03-15 11:58:13,very short,True,False,1 commit
True,2024-03-15 12:26:49,very short,True,True,1 commit
True,2024-03-15 16:53:31,very short,True,False,1 commit
True,2024-03-16 18:13:45,lengthy,False,True,1 commit
True,2024-03-18 14:08:18,short,True,False,1 commit
True,2024-03-18 19:25:58,very short,False,False,1 commit
True,2024-03-18 21:09:39,short,True,False,1 commit
True,2024-03-19 08:09:37,very short,True,True,some commits
True,2024-03-19 11:43:22,lengthy,True,False,many commits
False,2024-03-19 12:41:22,lengthy,True,False,1 commit
True,2024-03-20 04:38:27,very short,True,False,1 commit
True,2024-03-20 16:02:30,lengthy,True,False,many commits
True,2024-03-20 23:10:42,lengthy,True,False,1 commit
True,2024-03-21 00:32:16,very short,True,False,1 commit
True,2024-03-21 22:25:57,lengthy,True,False,1 commit
True,2024-03-22 15:32:01,medium,True,False,1 commit
True,2024-03-22 17:14:33,lengthy,True,False,some commits
True,2024-03-22 23:31:52,very short,True,False,1 commit
True,2024-03-23 08:00:06,short,True,False,1 commit
True,2024-03-24 12:36:29,lengthy,True,False,1 commit
True,2024-03-25 20:33:38,very short,True,False,1 commit
True,2024-03-26 01:06:11,very short,True,False,1 commit
True,2024-03-26 01:06:18,very short,True,False,1 commit
True,2024-03-26 16:24:57,very short,True,False,1 commit
True,2024-03-27 10:35:10,very short,True,False,1 commit
True,2024-03-28 03:10:35,very short,True,False,1 commit
True,2024-03-28 06:18:09,very short,True,False,1 commit
True,2024-03-28 23:22:41,very short,True,False,1 commit
True,2024-03-29 05:46:03,very short,True,False,1 commit
True,2024-03-29 16:20:44,lengthy,True,False,many commits
True,2024-03-29 17:48:08,medium,True,False,1 commit
True,2024-03-30 17:25:25,lengthy,True,False,1 commit
True,2024-04-01 10:08:56,lengthy,True,False,some commits
True,2024-04-01 12:59:18,very short,True,False,1 commit
True,2024-04-01 13:54:18,very short,True,True,1 commit
True,2024-04-01 16:11:24,very short,True,False,1 commit
True,2024-04-01 17:39:30,very short,False,False,1 commit
True,2024-04-02 07:30:49,very short,True,False,1 commit
False,2024-04-02 17:13:04,lengthy,False,False,some commits
True,2024-04-03 09:32:30,very short,True,False,1 commit
True,2024-04-03 09:58:21,short,True,False,1 commit
True,2024-04-03 19:11:48,very short,True,False,1 commit
True,2024-04-04 03:12:45,very short,True,False,many commits
True,2024-04-04 11:59:03,very short,True,False,1 commit
True,2024-04-04 20:35:55,short,True,False,1 commit
True,2024-04-04 22:09:36,very short,True,False,some commits
True,2024-04-05 01:08:18,short,True,False,many commits
False,2024-04-05 05:17:36,very short,True,False,1 commit
True,2024-04-05 09:17:09,lengthy,False,True,1 commit
True,2024-04-05 16:09:49,very short,True,False,1 commit
True,2024-04-05 18:13:58,lengthy,True,False,1 commit
True,2024-04-05 20:25:31,medium,True,False,some commits
True,2024-04-06 07:11:10,very short,True,False,1 commit
True,2024-04-06 08:42:32,short,True,False,1 commit
True,2024-04-07 13:17:23,very short,True,False,1 commit
True,2024-04-07 14:01:30,lengthy,True,False,many commits
True,2024-04-07 16:26:59,lengthy,True,False,many commits
True,2024-04-07 21:18:55,very short,True,False,1 commit
True,2024-04-08 12:06:43,lengthy,True,False,some commits
True,2024-04-09 07:34:58,lengthy,True,False,many commits
True,2024-04-09 09:29:15,very short,True,False,1 commit
True,2024-04-10 22:04:39,short,True,False,1 commit
True,2024-04-11 08:54:49,very short,True,False,1 commit
False,2024-04-11 13:17:07,medium,False,True,1 commit
True,2024-04-12 03:58:50,lengthy,True,False,some commits
True,2024-04-12 08:36:18,short,True,False,1 commit
True,2024-04-12 09:50:09,very short,True,False,1 commit
True,2024-04-12 09:50:15,very short,True,False,1 commit
True,2024-04-12 09:50:22,very short,True,False,1 commit
True,2024-04-12 15:19:14,lengthy,True,True,1 commit
True,2024-04-13 17:59:17,lengthy,True,False,many commits
True,2024-04-14 05:43:46,lengthy,True,False,some commits
True,2024-04-15 09:41:34,very short,True,False,1 commit
True,2024-04-15 09:46:41,very short,True,False,1 commit
True,2024-04-15 13:38:57,short,True,False,1 commit
True,2024-04-15 13:46:50,short,True,False,1 commit
True,2024-04-15 17:21:45,medium,True,True,some commits
True,2024-04-16 14:51:26,very short,True,False,1 commit
True,2024-04-16 16:30:22,very short,True,False,1 commit
True,2024-04-16 17:40:39,very short,True,False,1 commit
True,2024-04-16 17:40:46,very short,True,False,1 commit
True,2024-04-16 17:40:53,very short,True,False,1 commit
True,2024-04-16 22:45:47,lengthy,False,True,some commits
True,2024-04-17 05:11:49,very short,True,False,1 commit
True,2024-04-17 14:06:54,short,True,False,1 commit
True,2024-04-17 15:41:51,very short,True,False,1 commit
True,2024-04-17 16:56:14,very short,True,False,1 commit
True,2024-04-17 16:56:22,very short,True,False,1 commit
True,2024-04-17 16:56:29,very short,True,False,1 commit
True,2024-04-18 17:19:11,short,True,False,1 commit
True,2024-04-18 22:59:09,very short,True,True,1 commit
True,2024-04-18 23:38:31,lengthy,True,False,many commits
True,2024-04-19 12:48:34,lengthy,True,False,many commits
True,2024-04-19 15:24:22,lengthy,False,True,some commits
True,2024-04-19 16:30:39,very short,True,True,1 commit
True,2024-04-19 17:49:41,very short,True,False,1 commit
True,2024-04-19 19:43:23,short,True,False,1 commit
False,2024-04-19 23:47:40,medium,False,True,1 commit
True,2024-04-22 07:53:27,short,True,False,1 commit
True,2024-04-22 15:20:40,very short,True,False,1 commit
True,2024-04-22 23:22:03,very short,True,False,1 commit
True,2024-04-22 23:23:26,very short,True,False,1 commit
True,2024-04-23 09:52:10,lengthy,True,False,1 commit
True,2024-04-23 17:59:37,very short,False,True,1 commit
True,2024-04-24 02:19:53,medium,True,False,some commits
True,2024-04-24 11:13:40,lengthy,True,False,1 commit
True,2024-04-24 20:23:37,very short,True,False,1 commit
True,2024-04-25 05:52:45,very short,True,False,1 commit
True,2024-04-25 08:55:09,very short,True,False,1 commit
True,2024-04-25 19:40:16,very short,True,False,1 commit
True,2024-04-25 20:21:57,very short,True,False,1 commit
True,2024-04-25 22:31:35,very short,True,False,1 commit
True,2024-04-26 20:55:45,very short,True,False,many commits
True,2024-04-27 06:08:22,medium,True,False,1 commit
True,2024-04-30 16:14:07,short,True,False,1 commit
True,2024-04-30 21:11:18,very short,True,False,1 commit
True,2024-05-01 14:31:27,short,True,False,1 commit
True,2024-05-01 20:19:14,short,True,False,1 commit
True,2024-05-02 19:06:32,very short,True,False,1 commit
True,2024-05-02 19:35:26,very short,True,False,1 commit
True,2024-05-03 04:27:09,medium,True,False,1 commit
True,2024-05-04 11:18:29,short,True,False,1 commit
True,2024-05-04 12:28:50,short,True,False,1 commit
True,2024-05-05 22:07:49,very short,True,False,1 commit
True,2024-05-06 16:36:28,lengthy,True,False,1 commit
True,2024-05-06 17:16:29,very short,True,False,1 commit
True,2024-05-07 19:10:09,short,True,False,many commits
True,2024-05-08 07:33:57,very short,True,False,1 commit
True,2024-05-08 07:52:18,lengthy,True,False,many commits
True,2024-05-08 13:10:56,very short,True,False,1 commit
True,2024-05-08 20:30:46,very short,True,False,1 commit
True,2024-05-08 20:33:52,lengthy,True,True,many commits
True,2024-05-08 20:36:15,lengthy,False,True,many commits
True,2024-05-08 20:56:30,very short,True,False,1 commit
True,2024-05-08 21:03:48,very short,True,False,1 commit
True,2024-05-08 21:08:53,very short,True,False,1 commit
True,2024-05-08 21:14:03,very short,True,False,1 commit
True,2024-05-09 01:13:15,very short,True,False,1 commit
True,2024-05-09 01:15:05,very short,True,False,1 commit
True,2024-05-09 01:24:33,very short,True,False,1 commit
True,2024-05-09 01:53:10,lengthy,True,False,1 commit
True,2024-05-09 18:14:36,very short,True,False,1 commit
True,2024-05-09 20:12:43,very short,True,False,1 commit
True,2024-05-09 20:46:26,very short,True,False,1 commit
True,2024-05-10 01:26:25,very short,True,False,1 commit
True,2024-05-10 18:05:01,medium,True,False,some commits
True,2024-05-10 18:23:16,short,True,False,1 commit
True,2024-05-13 14:09:39,short,True,False,1 commit
True,2024-05-13 19:53:44,medium,False,False,1 commit
True,2024-05-14 16:46:58,lengthy,True,False,some commits
True,2024-05-15 13:04:13,very short,False,True,1 commit
True,2024-05-15 17:52:16,short,True,True,1 commit
True,2024-05-15 20:06:57,very short,True,False,1 commit
True,2024-05-16 05:10:38,short,True,False,many commits
True,2024-05-16 05:41:55,very short,True,False,1 commit
True,2024-05-16 18:16:28,very short,True,False,1 commit
True,2024-05-16 18:26:29,very short,True,False,1 commit
True,2024-05-17 01:49:11,very short,True,False,1 commit
True,2024-05-17 05:45:36,very short,True,False,1 commit
True,2024-05-17 08:20:06,very short,True,False,1 commit
True,2024-05-17 09:41:14,very short,True,False,1 commit
True,2024-05-17 17:52:13,very short,True,False,1 commit
True,2024-05-17 19:16:45,very short,True,False,1 commit
True,2024-05-17 19:19:51,very short,True,False,some commits
True,2024-05-17 19:50:16,very short,True,False,1 commit
True,2024-05-18 01:55:52,short,True,False,some commits
True,2024-05-19 18:36:49,medium,True,True,some commits
True,2024-05-19 20:33:05,lengthy,True,True,some commits
True,2024-05-20 21:19:36,very short,True,False,1 commit
True,2024-05-21 17:07:13,very short,True,False,1 commit
True,2024-05-21 18:15:28,very short,True,False,1 commit
True,2024-05-21 18:46:28,lengthy,True,True,some commits
True,2024-05-21 23:52:36,very short,True,False,1 commit
True,2024-05-21 23:55:50,medium,True,False,some commits
True,2024-05-22 02:07:53,very short,True,False,1 commit
True,2024-05-22 03:34:21,lengthy,True,False,some commits
True,2024-05-22 05:38:03,very short,True,False,1 commit
True,2024-05-22 05:59:25,very short,True,False,1 commit
True,2024-05-22 17:09:56,short,True,False,some commits
True,2024-05-23 02:09:14,lengthy,True,False,some commits
True,2024-05-23 08:33:44,very short,True,False,1 commit
True,2024-05-23 20:11:41,lengthy,True,False,some commits
True,2024-05-24 06:27:15,lengthy,True,False,some commits
True,2024-05-24 18:02:02,medium,True,True,1 commit
True,2024-05-24 20:06:00,lengthy,True,False,1 commit
True,2024-05-24 21:49:45,very short,True,False,1 commit
True,2024-05-25 11:55:07,very short,True,True,1 commit
True,2024-05-25 18:20:48,very short,True,False,1 commit
True,2024-05-25 19:02:56,medium,True,False,some commits
True,2024-05-26 11:17:21,very short,True,False,1 commit
True,2024-05-26 17:41:31,very short,True,False,1 commit
True,2024-05-26 19:37:02,lengthy,False,False,some commits
True,2024-05-26 21:32:51,lengthy,False,True,some commits
True,2024-05-27 07:00:43,short,True,False,1 commit
True,2024-05-27 09:36:54,lengthy,True,False,1 commit
True,2024-05-27 10:49:51,very short,True,False,1 commit
False,2024-05-27 13:14:17,short,True,False,1 commit
True,2024-05-29 18:51:02,very short,True,False,1 commit
True,2024-05-30 01:08:35,very short,True,False,1 commit
True,2024-06-02 09:56:07,very short,True,False,1 commit
True,2024-06-02 14:47:41,very short,True,False,1 commit
True,2024-06-03 11:04:05,very short,True,False,1 commit
True,2024-06-03 13:43:45,very short,True,False,1 commit
True,2024-06-03 16:14:20,very short,True,False,1 commit
True,2024-06-03 18:02:48,lengthy,True,False,some commits
True,2024-06-03 18:39:42,very short,True,False,1 commit
True,2024-06-03 19:03:43,medium,False,False,1 commit
True,2024-06-03 23:51:25,very short,True,False,1 commit
True,2024-06-04 01:39:29,medium,False,True,1 commit
True,2024-06-04 12:32:27,lengthy,True,False,1 commit
True,2024-06-05 01:58:31,lengthy,True,False,1 commit
True,2024-06-05 18:50:51,very short,True,True,1 commit
True,2024-06-05 21:39:10,very short,True,False,1 commit
True,2024-06-06 01:32:45,lengthy,True,False,some commits
True,2024-06-06 13:27:39,lengthy,False,False,many commits
True,2024-06-06 22:11:02,lengthy,True,False,1 commit
True,2024-06-07 16:50:03,short,True,False,1 commit
True,2024-06-07 19:58:53,medium,True,False,1 commit
True,2024-06-08 21:14:56,medium,True,False,1 commit
True,2024-06-09 07:04:08,medium,True,False,some commits
True,2024-06-10 16:39:53,very short,True,False,1 commit
True,2024-06-10 17:09:29,very short,True,False,1 commit
True,2024-06-10 19:38:24,medium,False,False,1 commit
True,2024-06-11 15:13:53,lengthy,False,False,some commits
True,2024-06-12 07:45:58,very short,True,False,1 commit
True,2024-06-12 08:42:10,very short,True,False,1 commit
True,2024-06-12 09:10:38,short,True,False,1 commit
True,2024-06-12 09:25:16,short,True,False,1 commit
True,2024-06-12 21:20:40,very short,True,False,1 commit
True,2024-06-13 12:00:20,very short,True,False,1 commit
True,2024-06-13 13:36:24,very short,True,False,1 commit
True,2024-06-13 14:42:35,short,True,False,1 commit
True,2024-06-13 21:36:41,very short,True,False,1 commit
True,2024-06-13 22:54:16,lengthy,True,False,1 commit
True,2024-06-14 17:55:24,lengthy,True,False,1 commit
True,2024-06-14 18:36:36,lengthy,True,False,1 commit
True,2024-06-15 21:34:31,medium,True,False,1 commit
True,2024-06-16 03:41:20,medium,True,False,many commits
True,2024-06-17 20:00:41,short,False,False,1 commit
True,2024-06-18 01:28:29,very short,True,False,1 commit
True,2024-06-18 01:30:20,very short,True,False,1 commit
True,2024-06-18 10:18:15,very short,True,False,1 commit
True,2024-06-19 01:06:26,very short,True,False,1 commit
True,2024-06-19 09:57:31,very short,True,False,1 commit
True,2024-06-19 15:30:03,very short,True,True,some commits
True,2024-06-19 16:32:49,very short,True,False,1 commit
True,2024-06-19 18:02:53,very short,True,False,1 commit
True,2024-06-19 19:06:26,short,True,False,some commits
True,2024-06-19 19:26:45,very short,True,False,1 commit
True,2024-06-20 15:34:29,lengthy,True,False,many commits
False,2024-06-20 22:56:32,lengthy,False,True,some commits
True,2024-06-22 08:25:09,very short,True,False,1 commit
True,2024-06-22 22:59:05,lengthy,True,False,many commits
True,2024-06-23 02:20:07,short,True,False,1 commit
True,2024-06-23 13:09:49,short,True,False,1 commit
True,2024-06-23 21:03:03,very short,True,False,1 commit
True,2024-06-24 09:05:03,very short,True,False,1 commit
True,2024-06-24 15:02:10,very short,True,False,1 commit
True,2024-06-25 00:06:10,very short,True,False,some commits
True,2024-06-25 06:40:30,medium,True,False,some commits
True,2024-06-25 10:20:57,lengthy,True,False,1 commit
True,2024-06-25 14:04:38,lengthy,False,False,many commits
True,2024-06-25 15:02:59,very short,True,False,1 commit
True,2024-06-25 17:58:44,very short,True,False,1 commit
True,2024-06-25 20:01:01,very short,True,False,1 commit
True,2024-06-25 21:41:51,very short,True,False,1 commit
True,2024-06-25 21:48:38,very short,True,False,1 commit
True,2024-06-25 22:31:48,very short,True,False,1 commit
True,2024-06-26 07:13:10,very short,True,False,1 commit
True,2024-06-26 15:44:07,very short,True,False,1 commit
True,2024-06-26 19:19:01,very short,True,False,1 commit
True,2024-06-26 19:24:06,very short,True,False,1 commit
True,2024-06-26 19:57:37,very short,True,False,1 commit
True,2024-06-26 19:57:44,very short,True,False,1 commit
True,2024-06-26 20:54:45,short,True,False,1 commit
True,2024-06-26 23:23:33,very short,True,False,1 commit
True,2024-06-27 09:50:41,lengthy,False,True,many commits
True,2024-06-27 16:27:21,very short,True,False,1 commit
True,2024-06-27 17:05:05,very short,True,False,1 commit
True,2024-06-27 22:13:30,very short,True,False,1 commit
True,2024-06-27 22:58:22,very short,True,False,1 commit
True,2024-06-28 10:22:43,short,True,False,1 commit
True,2024-06-28 11:05:42,short,True,False,1 commit
True,2024-06-29 18:51:22,short,True,False,1 commit
True,2024-06-29 18:52:38,short,True,False,1 commit
True,2024-06-30 03:18:31,medium,True,False,some commits
True,2024-07-01 17:51:36,short,False,False,1 commit
True,2024-07-01 19:38:24,lengthy,False,False,many commits
True,2024-07-02 08:12:41,very short,True,False,1 commit
True,2024-07-02 09:51:17,very short,True,True,1 commit
True,2024-07-02 17:14:58,very short,True,False,1 commit
False,2024-07-02 17:34:05,medium,False,True,1 commit
True,2024-07-02 20:54:15,lengthy,True,False,many commits
True,2024-07-03 04:15:30,lengthy,True,False,1 commit
True,2024-07-03 17:38:52,lengthy,False,True,1 commit
True,2024-07-03 20:09:14,very short,True,False,1 commit
True,2024-07-04 00:16:16,very short,True,False,1 commit
True,2024-07-04 07:34:29,short,True,False,1 commit
True,2024-07-05 05:50:22,very short,True,False,many commits
True,2024-07-06 15:19:27,very short,True,False,1 commit
True,2024-07-06 15:57:20,lengthy,True,False,many commits
True,2024-07-07 10:10:45,very short,True,False,1 commit
True,2024-07-07 10:10:50,very short,True,False,1 commit
True,2024-07-08 03:36:16,very short,True,True,1 commit
True,2024-07-08 13:45:21,very short,True,False,1 commit
True,2024-07-08 14:19:46,medium,True,True,some commits
True,2024-07-08 19:19:25,medium,False,False,1 commit
True,2024-07-09 16:42:12,lengthy,True,False,many commits
True,2024-07-10 02:58:57,medium,True,False,1 commit
True,2024-07-10 21:38:31,short,False,True,some commits
True,2024-07-10 21:55:14,very short,True,False,1 commit
True,2024-07-11 19:42:54,very short,True,False,1 commit
True,2024-07-11 21:15:30,lengthy,True,False,some commits
True,2024-07-12 13:17:45,lengthy,True,False,some commits
True,2024-07-12 18:15:10,very short,True,False,1 commit
True,2024-07-12 18:54:51,lengthy,True,False,1 commit
True,2024-07-13 08:58:18,lengthy,True,False,many commits
True,2024-07-13 17:06:46,very short,True,False,1 commit
True,2024-07-13 18:20:31,very short,True,False,1 commit
True,2024-07-13 19:05:39,short,True,False,1 commit
True,2024-07-13 20:54:46,lengthy,False,True,1 commit
True,2024-07-13 23:24:29,lengthy,True,False,many commits
True,2024-07-13 23:39:40,very short,False,True,1 commit
True,2024-07-14 06:53:08,very short,True,False,1 commit
True,2024-07-14 07:49:51,very short,True,False,1 commit
True,2024-07-14 18:21:56,lengthy,False,True,some commits
True,2024-07-15 03:28:04,lengthy,True,False,some commits
True,2024-07-15 19:41:12,short,False,False,1 commit
True,2024-07-16 19:42:29,very short,True,False,1 commit
True,2024-07-17 12:24:39,lengthy,True,False,1 commit
True,2024-07-17 14:16:19,very short,True,False,1 commit
True,2024-07-17 14:29:59,lengthy,False,True,1 commit
True,2024-07-17 23:08:16,lengthy,False,True,1 commit
True,2024-07-18 09:43:02,lengthy,False,False,some commits
True,2024-07-18 21:40:42,very short,True,False,1 commit
False,2024-07-19 00:19:53,lengthy,False,True,1 commit
True,2024-07-19 04:46:43,medium,True,False,many commits
True,2024-07-19 08:31:00,very short,True,False,1 commit
True,2024-07-19 20:50:59,very short,True,False,1 commit
True,2024-07-19 22:52:49,very short,True,False,1 commit
True,2024-07-19 23:21:15,very short,True,False,1 commit
True,2024-07-20 01:58:19,medium,True,False,many commits
True,2024-07-22 20:26:06,very short,True,False,1 commit
True,2024-07-23 02:31:38,very short,True,True,1 commit
True,2024-07-23 05:17:49,very short,True,False,1 commit
True,2024-07-23 20:37:00,very short,True,False,1 commit
False,2024-07-23 21:49:57,lengthy,False,True,many commits
True,2024-07-24 14:08:21,medium,False,True,some commits
True,2024-07-25 22:32:14,very short,True,False,1 commit
True,2024-07-26 02:20:54,medium,True,False,1 commit
True,2024-07-26 02:55:48,short,True,False,1 commit
True,2024-07-27 20:58:51,short,True,True,1 commit
True,2024-07-29 11:04:40,very short,True,False,1 commit
True,2024-07-29 18:06:28,medium,True,True,many commits
True,2024-07-30 06:28:24,very short,True,False,many commits
True,2024-07-30 14:18:10,very short,True,False,1 commit
True,2024-07-30 16:54:25,very short,True,False,1 commit
True,2024-08-01 07:10:33,medium,True,False,1 commit
True,2024-08-01 14:51:49,very short,False,True,1 commit
True,2024-08-01 18:58:18,very short,True,False,1 commit
True,2024-08-01 21:31:27,very short,True,False,1 commit
True,2024-08-01 22:38:22,very short,True,False,1 commit
True,2024-08-02 05:28:34,very short,True,False,1 commit
True,2024-08-02 05:28:39,very short,True,False,1 commit
True,2024-08-02 16:28:55,very short,True,False,1 commit
True,2024-08-02 18:56:37,medium,True,True,some commits
True,2024-08-02 20:49:10,very short,True,True,1 commit
True,2024-08-02 20:53:52,lengthy,True,False,some commits
True,2024-08-02 23:05:54,short,True,False,1 commit
True,2024-08-03 09:32:54,short,True,False,some commits
True,2024-08-03 09:42:38,medium,True,False,1 commit
True,2024-08-03 12:57:34,lengthy,False,False,many commits
False,2024-08-05 08:34:41,very short,True,False,1 commit
True,2024-08-05 09:03:59,very short,True,False,1 commit
True,2024-08-05 09:32:10,very short,True,False,1 commit
True,2024-08-05 19:23:17,medium,False,False,1 commit
True,2024-08-05 20:37:25,very short,True,False,some commits
True,2024-08-07 14:06:06,very short,True,False,1 commit
True,2024-08-07 20:48:36,very short,True,False,1 commit
True,2024-08-08 00:30:40,very short,True,False,some commits
True,2024-08-08 09:20:54,very short,True,False,some commits
True,2024-08-08 13:25:16,lengthy,True,False,1 commit
True,2024-08-08 16:32:11,very short,True,False,1 commit
True,2024-08-08 19:39:21,medium,True,False,1 commit
True,2024-08-09 00:56:44,very short,True,False,1 commit
True,2024-08-09 01:10:48,medium,True,False,some commits
True,2024-08-09 12:15:54,very short,True,False,1 commit
True,2024-08-09 17:17:35,very short,True,False,1 commit
True,2024-08-10 20:54:59,lengthy,False,True,many commits
True,2024-08-11 13:34:35,short,False,True,some commits
False,2024-08-11 14:25:13,lengthy,False,True,many commits
True,2024-08-12 05:32:20,lengthy,False,True,some commits
True,2024-08-12 12:45:02,very short,False,True,1 commit
True,2024-08-12 19:57:01,very short,False,False,1 commit
True,2024-08-12 20:05:42,very short,True,False,1 commit
True,2024-08-13 00:24:18,short,True,False,many commits
True,2024-08-13 06:57:29,short,True,False,1 commit
True,2024-08-13 07:20:50,short,True,False,1 commit
True,2024-08-13 20:46:32,very short,True,False,1 commit
True,2024-08-15 01:53:55,very short,True,False,some commits
True,2024-08-15 01:56:56,very short,True,False,1 commit
True,2024-08-15 12:36:02,very short,True,False,1 commit
True,2024-08-15 13:11:54,very short,True,False,1 commit
True,2024-08-15 14:53:25,very short,True,False,1 commit
True,2024-08-15 20:30:25,very short,True,True,1 commit
True,2024-08-15 22:21:35,very short,True,False,1 commit
True,2024-08-16 19:08:40,medium,True,False,1 commit
True,2024-08-17 01:44:36,short,True,False,1 commit
True,2024-08-20 06:46:28,very short,True,False,some commits
True,2024-08-20 23:18:03,very short,True,False,1 commit
True,2024-08-21 07:22:46,very short,True,False,1 commit
True,2024-08-21 08:01:34,very short,True,False,1 commit
True,2024-08-21 09:17:08,very short,True,False,1 commit
True,2024-08-21 09:17:14,very short,True,False,1 commit
True,2024-08-21 11:44:18,very short,True,False,1 commit
True,2024-08-22 08:21:03,very short,True,False,1 commit
False,2024-08-22 08:21:08,very short,True,False,1 commit
True,2024-08-22 11:05:02,very short,True,False,1 commit
True,2024-08-22 18:50:08,lengthy,True,False,1 commit
True,2024-08-22 20:16:05,very short,True,False,some commits
True,2024-08-23 06:19:40,lengthy,True,False,1 commit
True,2024-08-29 09:12:44,lengthy,True,False,some commits
True,2024-08-29 09:20:02,medium,True,False,many commits
True,2024-08-29 19:34:37,medium,True,False,1 commit
True,2024-08-31 06:02:52,medium,True,False,1 commit
False,2024-09-02 18:33:12,lengthy,False,True,some commits
True,2024-09-05 02:23:33,very short,True,False,1 commit
True,2024-09-05 15:21:34,very short,True,False,1 commit
True,2024-09-06 01:29:09,lengthy,True,False,some commits
True,2024-09-06 20:47:27,lengthy,True,False,many commits
True,2024-09-07 08:42:11,medium,True,False,1 commit
True,2024-09-07 13:34:19,very short,True,False,1 commit
True,2024-09-07 15:06:06,short,True,False,1 commit
False,2024-09-07 19:44:49,very short,False,True,some commits
True,2024-09-08 06:39:26,very short,True,False,1 commit
True,2024-09-08 07:45:19,very short,True,False,1 commit
True,2024-09-08 07:45:25,very short,True,False,1 commit
True,2024-09-09 15:01:43,lengthy,True,False,some commits
True,2024-09-09 16:40:24,short,True,True,1 commit
True,2024-09-10 09:15:27,short,True,False,1 commit
True,2024-09-11 20:54:46,very short,True,False,1 commit
True,2024-09-11 20:54:51,very short,True,False,1 commit
True,2024-09-12 08:45:28,very short,True,True,some commits
True,2024-09-12 09:29:05,very short,True,False,1 commit
True,2024-09-12 09:29:10,very short,True,False,1 commit
True,2024-09-12 22:29:08,very short,True,False,1 commit
True,2024-09-12 23:05:30,very short,True,False,1 commit
True,2024-09-12 23:05:35,very short,True,False,1 commit
True,2024-09-13 01:19:52,lengthy,False,True,some commits
True,2024-09-13 09:18:45,medium,True,False,1 commit
True,2024-09-13 21:57:03,short,False,True,some commits
True,2024-09-14 00:28:38,lengthy,True,False,some commits
True,2024-09-14 02:40:26,short,True,False,some commits
True,2024-09-16 09:22:14,medium,True,False,1 commit
True,2024-09-16 09:55:22,very short,True,False,1 commit
True,2024-09-16 18:39:54,very short,True,False,1 commit
True,2024-09-17 05:17:56,lengthy,False,False,many commits
True,2024-09-17 13:34:24,lengthy,True,False,some commits
True,2024-09-18 20:41:35,very short,True,False,1 commit
True,2024-09-19 02:01:53,lengthy,True,False,1 commit
True,2024-09-19 02:36:47,very short,True,False,1 commit
True,2024-09-19 06:41:51,lengthy,True,False,many commits
True,2024-09-19 08:02:19,lengthy,True,False,many commits
True,2024-09-19 11:56:06,medium,True,False,1 commit
True,2024-09-19 15:20:56,very short,True,False,1 commit
True,2024-09-20 06:54:00,short,True,False,1 commit
True,2024-09-20 13:18:09,lengthy,True,False,some commits
True,2024-09-21 03:54:31,lengthy,True,False,many commits
True,2024-09-21 04:00:40,lengthy,True,False,some commits
True,2024-09-21 06:12:51,very short,True,False,1 commit
True,2024-09-21 07:32:05,very short,True,False,1 commit
True,2024-09-21 22:06:42,lengthy,False,True,many commits
True,2024-09-22 00:28:48,short,True,True,some commits
True,2024-09-22 19:42:06,lengthy,True,False,many commits
True,2024-09-24 01:14:33,medium,True,False,some commits
True,2024-09-24 05:08:49,lengthy,False,True,many commits
True,2024-09-24 09:17:26,lengthy,True,False,some commits
True,2024-09-24 14:34:55,very short,True,False,1 commit
False,2024-09-24 16:13:54,lengthy,False,True,some commits
True,2024-09-24 22:30:28,short,True,False,some commits
True,2024-09-25 00:19:17,very short,True,False,1 commit
True,2024-09-25 01:22:50,short,False,False,some commits
True,2024-09-25 07:51:27,very short,True,False,1 commit
True,2024-09-25 19:44:39,lengthy,True,False,1 commit
True,2024-09-25 22:03:54,short,True,False,1 commit
True,2024-09-26 00:04:33,lengthy,True,False,1 commit
True,2024-09-26 21:21:13,very short,True,False,1 commit
True,2024-09-27 04:00:37,short,True,False,some commits
True,2024-09-27 16:30:55,very short,True,False,1 commit
True,2024-09-27 16:51:38,medium,True,False,1 commit
True,2024-09-27 23:57:08,very short,True,False,1 commit
True,2024-09-28 08:08:47,lengthy,True,False,some commits
True,2024-09-29 09:03:39,medium,True,False,1 commit
True,2024-09-30 19:56:36,very short,False,False,1 commit
True,2024-09-30 20:25:27,very short,True,False,1 commit
True,2024-10-01 06:19:41,very short,True,False,1 commit
False,2024-10-01 15:26:29,very short,False,True,1 commit
False,2024-10-01 18:03:36,very short,False,True,some commits
False,2024-10-01 18:54:31,lengthy,False,True,1 commit
False,2024-10-02 20:28:56,very short,False,True,some commits
True,2024-10-03 11:45:38,very short,True,False,1 commit
True,2024-10-03 22:52:06,medium,True,False,1 commit
False,2024-10-04 00:48:08,very short,False,True,1 commit
False,2024-10-04 05:13:23,very short,False,True,1 commit
True,2024-10-04 09:02:49,very short,True,False,1 commit
True,2024-10-07 08:34:17,very short,True,False,1 commit
True,2024-10-07 09:33:22,very short,True,False,1 commit
False,2024-10-07 11:36:43,very short,True,False,1 commit
True,2024-10-07 11:38:32,lengthy,True,False,1 commit
True,2024-10-07 14:08:54,lengthy,True,False,1 commit
True,2024-10-07 17:30:00,short,False,True,many commits
True,2024-10-07 18:19:15,short,False,False,some commits
True,2024-10-07 20:01:28,short,False,False,1 commit
True,2024-10-08 11:06:06,very short,True,False,1 commit
True,2024-10-08 21:32:10,very short,True,False,1 commit
True,2024-10-10 14:40:53,very short,True,False,1 commit
True,2024-10-10 14:53:40,very short,True,False,1 commit
True,2024-10-10 15:58:52,very short,True,False,1 commit
True,2024-10-11 06:50:08,medium,True,False,1 commit
True,2024-10-11 09:18:58,lengthy,True,False,some commits
True,2024-10-11 11:28:18,lengthy,True,False,1 commit
True,2024-10-11 18:46:00,lengthy,True,False,some commits
True,2024-10-11 19:07:45,short,True,False,1 commit
True,2024-10-12 06:04:23,medium,True,False,some commits
True,2024-10-13 18:45:45,short,True,False,1 commit
True,2024-10-14 19:47:34,short,False,False,1 commit
True,2024-10-15 18:37:28,very short,True,False,1 commit
True,2024-10-16 03:31:48,lengthy,True,False,some commits
True,2024-10-16 15:23:30,very short,True,False,some commits
True,2024-10-16 21:33:53,very short,True,False,1 commit
True,2024-10-17 12:34:49,very short,True,False,1 commit
True,2024-10-17 19:04:37,very short,True,False,1 commit
True,2024-10-19 04:39:13,very short,True,False,1 commit
True,2024-10-19 17:36:28,short,True,False,1 commit
False,2024-10-20 23:50:27,lengthy,False,False,1 commit
True,2024-10-21 02:49:10,short,False,True,some commits
True,2024-10-22 06:37:01,very short,True,False,1 commit
True,2024-10-22 07:30:49,very short,True,False,1 commit
True,2024-10-22 07:52:37,short,True,False,1 commit
True,2024-10-22 09:40:35,very short,True,False,1 commit
True,2024-10-23 18:46:12,very short,True,False,1 commit
True,2024-10-23 19:02:58,medium,True,False,1 commit
True,2024-10-23 20:44:23,very short,True,False,1 commit
True,2024-10-24 05:02:49,very short,True,False,1 commit
True,2024-10-24 07:20:15,very short,True,False,1 commit
True,2024-10-24 10:23:39,medium,True,False,1 commit
True,2024-10-25 03:23:18,very short,False,True,some commits
True,2024-10-25 08:34:14,short,True,False,1 commit
True,2024-10-25 09:23:48,medium,True,True,1 commit
True,2024-10-25 22:19:33,medium,True,False,some commits
True,2024-10-27 20:04:11,lengthy,True,False,1 commit
True,2024-10-28 21:51:00,very short,True,False,1 commit
True,2024-10-28 22:49:54,very short,True,False,1 commit
True,2024-10-28 22:49:59,very short,True,False,1 commit
True,2024-10-29 03:05:40,very short,True,False,1 commit
True,2024-10-29 09:20:28,very short,True,False,1 commit
True,2024-10-29 09:30:03,very short,True,False,1 commit
True,2024-10-29 09:56:31,very short,True,False,1 commit
True,2024-10-29 09:56:36,very short,True,False,1 commit
True,2024-10-29 14:49:58,short,True,False,1 commit
True,2024-10-29 20:56:30,very short,True,False,1 commit
True,2024-10-30 18:44:51,lengthy,True,False,many commits
True,2024-10-30 20:05:58,very short,True,False,1 commit
True,2024-10-31 03:15:32,medium,True,False,1 commit
True,2024-10-31 16:25:29,lengthy,False,True,1 commit
True,2024-10-31 18:12:19,very short,True,False,1 commit
True,2024-10-31 18:17:06,lengthy,True,False,1 commit
False,2024-10-31 19:16:58,lengthy,False,True,1 commit
True,2024-10-31 21:06:20,very short,True,False,1 commit
True,2024-10-31 22:33:49,very short,True,False,1 commit
True,2024-11-01 17:17:50,medium,True,False,1 commit
True,2024-11-04 10:46:54,lengthy,True,False,1 commit
True,2024-11-04 15:18:27,very short,True,False,1 commit
True,2024-11-04 19:56:44,very short,True,False,1 commit
True,2024-11-04 19:58:39,very short,True,False,1 commit
True,2024-11-04 20:00:08,short,False,False,1 commit
True,2024-11-05 00:43:00,lengthy,True,True,many commits
True,2024-11-05 10:53:04,medium,True,False,1 commit
True,2024-11-05 13:31:01,lengthy,True,False,1 commit
True,2024-11-05 16:34:28,very short,False,True,1 commit
True,2024-11-05 17:03:49,very short,True,False,1 commit
True,2024-11-05 17:10:11,very short,False,False,1 commit
True,2024-11-05 17:12:00,medium,True,True,some commits
True,2024-11-05 17:56:00,lengthy,False,True,1 commit
True,2024-11-05 18:17:26,very short,True,False,1 commit
True,2024-11-05 18:28:54,very short,True,False,1 commit
False,2024-11-05 18:33:12,lengthy,True,False,some commits
True,2024-11-05 18:47:31,medium,True,True,1 commit
True,2024-11-05 20:30:55,very short,True,False,1 commit
True,2024-11-05 22:12:08,very short,True,False,1 commit
True,2024-11-05 23:06:19,very short,True,False,1 commit
True,2024-11-06 01:55:37,very short,True,False,1 commit
True,2024-11-06 06:58:38,very short,True,True,1 commit
True,2024-11-06 21:01:31,very short,True,False,1 commit
True,2024-11-06 21:01:55,very short,True,False,1 commit
True,2024-11-06 21:49:45,very short,True,False,1 commit
True,2024-11-07 16:04:51,very short,True,False,1 commit
True,2024-11-07 21:38:09,very short,True,False,1 commit
True,2024-11-07 23:19:34,very short,True,False,1 commit
True,2024-11-08 09:26:26,lengthy,True,False,1 commit
True,2024-11-11 16:55:27,very short,True,False,1 commit
True,2024-11-11 19:03:29,very short,True,False,1 commit
True,2024-11-11 19:03:36,very short,True,False,1 commit
True,2024-11-11 19:07:30,very short,False,False,1 commit
True,2024-11-12 15:58:06,very short,True,False,1 commit
True,2024-11-12 16:24:50,very short,True,False,1 commit
True,2024-11-12 23:18:22,lengthy,False,True,many commits
True,2024-11-13 04:21:10,very short,True,False,1 commit
True,2024-11-13 04:39:24,lengthy,False,False,many commits
True,2024-11-13 10:40:00,very short,True,False,1 commit
True,2024-11-13 10:53:04,medium,True,False,some commits
False,2024-11-13 13:54:42,short,False,False,1 commit
False,2024-11-13 17:27:55,lengthy,False,False,1 commit
True,2024-11-13 21:09:11,very short,True,False,1 commit
True,2024-11-14 12:58:58,very short,True,False,1 commit
False,2024-11-15 00:54:43,lengthy,False,True,1 commit
True,2024-11-15 18:43:28,very short,True,False,some commits
True,2024-11-15 20:10:43,very short,True,False,1 commit
True,2024-11-15 22:45:21,medium,True,False,1 commit
True,2024-11-15 22:59:27,medium,True,False,1 commit
True,2024-11-16 07:29:17,medium,True,False,1 commit
True,2024-11-16 09:26:46,medium,True,False,1 commit
True,2024-11-18 19:49:13,short,False,False,1 commit
True,2024-11-18 23:14:16,short,True,False,some commits
True,2024-11-18 23:19:44,short,True,False,some commits
True,2024-11-19 23:18:40,medium,True,False,1 commit
True,2024-11-21 04:48:43,very short,True,False,1 commit
True,2024-11-21 04:58:09,very short,True,False,1 commit
True,2024-11-21 04:58:14,very short,True,False,1 commit
True,2024-11-21 05:33:11,lengthy,True,False,some commits
True,2024-11-21 08:56:45,very short,True,False,1 commit
True,2024-11-21 14:51:01,medium,True,False,some commits
True,2024-11-21 20:12:00,very short,True,False,1 commit
True,2024-11-22 01:12:51,medium,True,False,some commits
True,2024-11-22 09:48:47,short,True,False,1 commit
True,2024-11-22 19:42:56,lengthy,True,False,1 commit
True,2024-11-23 02:44:17,lengthy,True,True,some commits
True,2024-11-23 02:51:25,short,True,False,1 commit
True,2024-11-23 02:51:30,lengthy,True,False,1 commit
True,2024-11-23 04:38:37,very short,True,False,1 commit
False,2024-11-23 20:39:40,medium,False,False,1 commit
True,2024-11-24 19:58:20,medium,True,True,1 commit
True,2024-11-25 15:12:15,short,True,False,1 commit
True,2024-11-25 17:37:31,short,True,False,1 commit
True,2024-11-25 20:05:22,medium,False,False,1 commit
True,2024-11-26 02:03:21,short,True,False,1 commit
True,2024-11-26 03:00:47,very short,True,False,1 commit
False,2024-11-26 13:19:43,lengthy,False,True,some commits
True,2024-11-26 15:14:31,very short,True,False,1 commit
True,2024-11-26 15:14:37,short,True,False,1 commit
True,2024-11-27 12:02:15,lengthy,False,True,1 commit
True,2024-11-27 21:09:24,short,True,False,1 commit
False,2024-11-28 23:16:46,lengthy,False,True,many commits
True,2024-11-30 03:48:31,medium,True,False,some commits
True,2024-11-30 04:48:04,very short,True,False,1 commit
True,2024-11-30 17:24:13,very short,True,False,1 commit
True,2024-11-30 19:12:39,very short,True,False,1 commit
True,2024-11-30 19:49:25,medium,True,False,1 commit
True,2024-12-01 13:45:47,short,False,True,many commits
True,2024-12-01 19:05:33,very short,True,True,1 commit
True,2024-12-01 19:13:44,medium,False,True,some commits
True,2024-12-03 00:54:38,very short,True,False,1 commit
True,2024-12-03 09:31:51,short,True,False,1 commit
True,2024-12-04 07:50:44,very short,True,False,1 commit
True,2024-12-04 07:54:24,very short,True,False,1 commit
False,2024-12-04 18:44:24,lengthy,False,True,1 commit
True,2024-12-04 21:31:53,very short,True,False,1 commit
True,2024-12-05 04:53:30,very short,True,False,many commits
True,2024-12-05 08:30:01,very short,True,False,1 commit
True,2024-12-05 20:45:35,very short,True,False,1 commit
True,2024-12-05 22:52:25,very short,True,False,1 commit
True,2024-12-06 10:42:06,very short,True,False,1 commit
True,2024-12-06 11:46:34,medium,True,False,1 commit
True,2024-12-06 13:58:44,very short,False,True,1 commit
True,2024-12-06 18:21:30,very short,True,False,1 commit
True,2024-12-06 23:06:13,medium,True,False,1 commit
True,2024-12-07 02:36:10,short,True,False,some commits
True,2024-12-07 06:21:16,very short,True,False,1 commit
True,2024-12-07 09:02:19,short,True,False,some commits
True,2024-12-08 00:22:51,medium,True,False,1 commit
True,2024-12-08 08:19:02,very short,True,False,1 commit
True,2024-12-08 18:19:34,very short,False,True,1 commit
True,2024-12-08 18:35:04,medium,False,False,many commits
True,2024-12-08 22:37:12,medium,True,False,1 commit
False,2024-12-09 03:35:20,lengthy,False,True,1 commit
True,2024-12-09 14:13:16,short,True,False,1 commit
True,2024-12-09 16:41:55,very short,True,False,1 commit
True,2024-12-09 16:44:02,very short,True,False,1 commit
True,2024-12-09 19:17:42,very short,True,False,1 commit
False,2024-12-09 20:38:59,lengthy,True,False,1 commit
False,2024-12-09 21:09:50,very short,False,True,some commits
True,2024-12-09 23:25:08,short,False,False,1 commit
True,2024-12-10 16:13:37,very short,True,False,1 commit
False,2024-12-10 19:42:43,lengthy,False,False,1 commit
True,2024-12-10 21:57:31,very short,True,False,1 commit
True,2024-12-11 10:23:43,short,True,False,many commits
True,2024-12-11 13:53:47,very short,True,False,1 commit
True,2024-12-11 20:14:47,very short,True,False,1 commit
True,2024-12-12 00:11:39,very short,True,False,1 commit
True,2024-12-12 00:54:30,very short,True,False,1 commit
True,2024-12-12 00:59:32,very short,True,False,1 commit
True,2024-12-12 07:33:08,short,False,False,some commits
True,2024-12-12 20:44:12,very short,True,False,1 commit
True,2024-12-13 00:36:38,very short,True,False,1 commit
True,2024-12-13 06:31:26,very short,True,False,many commits
True,2024-12-13 17:03:09,very short,True,False,some commits
True,2024-12-14 02:45:37,very short,True,False,1 commit
True,2024-12-14 06:59:24,very short,True,False,1 commit
True,2024-12-14 08:20:05,very short,True,False,1 commit
True,2024-12-14 08:22:14,very short,True,False,1 commit
True,2024-12-14 08:22:20,very short,True,False,1 commit
True,2024-12-14 17:24:38,very short,True,False,1 commit
True,2024-12-14 19:21:25,very short,True,False,1 commit
True,2024-12-14 19:21:30,very short,True,False,1 commit
True,2024-12-15 14:24:25,very short,True,False,1 commit
True,2024-12-16 08:42:01,very short,True,False,1 commit
True,2024-12-16 13:58:53,very short,True,False,1 commit
True,2024-12-16 14:27:08,very short,True,False,1 commit
True,2024-12-16 14:33:19,very short,True,False,1 commit
True,2024-12-16 14:37:59,very short,True,False,1 commit
True,2024-12-16 15:20:42,lengthy,True,False,many commits
True,2024-12-16 15:39:14,very short,True,False,1 commit
True,2024-12-16 19:40:09,very short,False,False,1 commit
True,2024-12-16 22:08:12,very short,True,False,1 commit
True,2024-12-16 23:52:11,very short,True,False,1 commit
True,2024-12-16 23:52:18,very short,True,False,1 commit
True,2024-12-17 03:39:29,medium,True,False,some commits
True,2024-12-17 12:29:36,very short,True,False,1 commit
True,2024-12-17 17:44:10,lengthy,True,False,1 commit
True,2024-12-17 20:25:54,very short,True,False,1 commit
True,2024-12-18 00:06:15,lengthy,True,False,many commits
True,2024-12-18 08:55:46,medium,True,False,some commits
True,2024-12-18 11:24:35,short,True,False,1 commit
True,2024-12-18 11:36:33,short,True,False,1 commit
True,2024-12-19 14:24:48,very short,True,False,1 commit
True,2024-12-19 22:03:13,very short,True,False,1 commit
True,2024-12-19 22:03:19,very short,True,False,1 commit
True,2024-12-20 09:03:24,very short,True,False,1 commit
True,2024-12-20 10:14:58,very short,True,False,1 commit
True,2024-12-20 11:23:56,lengthy,True,False,1 commit
True,2024-12-20 20:23:42,very short,True,False,1 commit
True,2024-12-20 20:35:54,short,True,False,1 commit
True,2024-12-20 20:56:07,very short,True,False,some commits
True,2024-12-21 05:02:29,very short,True,False,1 commit
True,2024-12-21 06:55:51,very short,True,False,1 commit
True,2024-12-21 07:04:00,very short,True,False,1 commit
True,2024-12-21 07:04:05,very short,True,False,1 commit
True,2024-12-21 16:40:22,very short,True,False,1 commit
True,2024-12-21 16:42:07,lengthy,True,False,some commits
True,2024-12-21 23:23:21,very short,True,False,1 commit
True,2024-12-22 19:09:13,lengthy,True,False,some commits
True,2024-12-23 01:00:28,lengthy,True,False,1 commit
True,2024-12-23 15:22:49,very short,True,False,1 commit
True,2024-12-23 18:19:11,very short,True,False,some commits
True,2024-12-27 19:58:47,lengthy,True,False,1 commit
True,2024-12-30 00:14:39,very short,True,False,1 commit
True,2024-12-30 11:03:38,medium,True,False,1 commit
True,2024-12-30 18:22:57,very short,True,False,1 commit
False,2024-12-31 14:23:38,lengthy,False,True,some commits
True,2024-12-31 17:31:25,lengthy,True,False,1 commit
True,2025-01-03 05:02:02,lengthy,True,False,many commits
True,2025-01-03 05:20:47,lengthy,True,False,some commits
True,2025-01-04 10:32:10,very short,True,False,some commits
True,2025-01-04 13:49:03,short,True,False,1 commit
True,2025-01-04 18:39:47,short,True,False,1 commit
True,2025-01-05 14:19:57,medium,True,False,1 commit
True,2025-01-05 21:51:41,short,True,False,1 commit
True,2025-01-06 00:17:41,very short,True,False,1 commit
True,2025-01-06 07:08:01,very short,False,True,1 commit
True,2025-01-06 08:50:05,medium,False,True,some commits
True,2025-01-06 16:12:35,very short,True,False,1 commit
True,2025-01-06 17:56:31,very short,False,False,1 commit
True,2025-01-06 19:06:33,very short,False,False,1 commit
True,2025-01-06 23:43:26,very short,True,False,1 commit
True,2025-01-07 00:04:56,very short,True,False,1 commit
True,2025-01-07 02:16:46,very short,True,False,many commits
True,2025-01-07 05:05:27,very short,True,False,1 commit
True,2025-01-07 05:05:33,very short,True,False,1 commit
True,2025-01-07 09:06:22,very short,True,False,1 commit
True,2025-01-07 13:49:12,very short,True,False,1 commit
True,2025-01-07 15:26:18,very short,True,False,some commits
True,2025-01-08 05:40:19,very short,True,False,1 commit
True,2025-01-08 09:19:20,very short,True,False,1 commit
True,2025-01-08 18:20:51,short,False,True,some commits
True,2025-01-08 21:46:12,lengthy,True,False,some commits
True,2025-01-08 22:41:39,very short,True,False,1 commit
True,2025-01-08 22:41:44,very short,True,False,1 commit
True,2025-01-09 01:17:33,medium,True,False,1 commit
True,2025-01-09 19:13:03,very short,False,True,some commits
True,2025-01-09 19:29:30,very short,True,False,some commits
True,2025-01-09 20:22:29,very short,True,False,1 commit
True,2025-01-09 20:22:35,medium,True,False,1 commit
False,2025-01-10 03:19:33,lengthy,True,False,1 commit
True,2025-01-10 03:35:29,very short,True,False,1 commit
True,2025-01-10 09:44:26,lengthy,True,False,some commits
True,2025-01-10 16:28:26,very short,True,False,1 commit
True,2025-01-10 18:33:50,very short,True,False,1 commit
True,2025-01-11 14:46:34,very short,True,False,1 commit
True,2025-01-11 14:47:23,very short,True,False,1 commit
True,2025-01-11 19:13:37,very short,True,False,1 commit
True,2025-01-11 19:16:45,very short,True,False,1 commit
True,2025-01-11 23:11:35,short,True,False,1 commit
True,2025-01-11 23:26:09,very short,True,False,1 commit
True,2025-01-12 06:12:43,short,True,False,some commits
True,2025-01-12 08:54:57,short,True,False,1 commit
True,2025-01-12 13:03:55,lengthy,True,False,1 commit
True,2025-01-14 11:41:53,lengthy,True,False,some commits
True,2025-01-15 02:26:29,medium,True,False,some commits
True,2025-01-16 23:59:24,medium,True,False,1 commit
True,2025-01-17 02:16:29,very short,True,False,1 commit
True,2025-01-17 11:18:54,medium,True,False,some commits
True,2025-01-18 20:38:12,lengthy,False,True,many commits
True,2025-01-20 09:59:33,medium,True,False,1 commit
True,2025-01-20 11:08:23,short,True,False,1 commit
True,2025-01-20 11:21:25,very short,True,False,1 commit
True,2025-01-20 11:23:39,short,False,False,1 commit
True,2025-01-20 22:05:53,lengthy,True,False,some commits
False,2025-01-20 23:09:12,very short,False,True,1 commit
True,2025-01-21 08:45:05,very short,True,False,1 commit
True,2025-01-22 08:47:43,very short,True,False,1 commit
True,2025-01-22 08:47:49,very short,True,False,1 commit
True,2025-01-22 10:19:54,very short,True,False,1 commit
True,2025-01-22 10:20:00,very short,True,False,1 commit
True,2025-01-22 15:19:10,lengthy,True,False,1 commit
True,2025-01-22 19:36:23,medium,True,False,1 commit
False,2025-01-23 04:30:55,very short,False,True,1 commit
True,2025-01-24 09:02:01,short,True,False,1 commit
True,2025-01-24 11:44:38,very short,True,False,some commits
True,2025-01-24 13:49:53,very short,True,False,1 commit
True,2025-01-24 15:47:15,very short,True,False,1 commit
True,2025-01-25 02:19:07,medium,True,False,1 commit
True,2025-01-25 17:20:15,short,True,True,some commits
True,2025-01-25 20:41:02,very short,True,False,1 commit
True,2025-01-26 14:44:34,very short,True,False,1 commit
True,2025-01-27 15:16:25,very short,True,False,1 commit
True,2025-01-27 23:29:42,very short,True,False,1 commit
True,2025-01-28 09:21:17,very short,True,False,1 commit
True,2025-01-28 17:27:15,very short,True,True,1 commit
True,2025-01-28 17:47:19,very short,False,True,some commits
True,2025-01-28 17:50:18,very short,True,False,1 commit
True,2025-01-28 17:50:24,very short,True,False,1 commit
True,2025-01-29 09:59:50,very short,True,False,1 commit
True,2025-01-29 21:09:54,lengthy,True,False,some commits
True,2025-01-29 21:40:09,short,True,False,1 commit
True,2025-01-30 04:24:14,very short,True,False,1 commit
True,2025-01-30 04:24:19,very short,True,False,1 commit
True,2025-01-30 17:51:23,lengthy,False,True,some commits
True,2025-01-30 22:39:56,very short,True,False,1 commit
False,2025-01-31 09:37:40,lengthy,False,False,some commits
True,2025-01-31 12:53:29,very short,True,False,1 commit
True,2025-01-31 15:40:04,very short,True,False,1 commit
True,2025-01-31 19:59:53,very short,True,False,1 commit
True,2025-02-01 03:00:13,lengthy,True,False,1 commit
False,2025-02-01 07:36:59,very short,False,False,some commits
True,2025-02-01 17:16:15,very short,True,False,1 commit
True,2025-02-02 16:24:35,very short,True,False,1 commit
True,2025-02-02 18:23:37,short,True,False,some commits
True,2025-02-02 22:47:30,short,True,False,many commits
True,2025-02-03 14:33:08,short,True,False,1 commit
True,2025-02-03 22:04:06,very short,True,False,1 commit
True,2025-02-04 15:31:27,very short,True,False,1 commit
True,2025-02-04 17:41:13,very short,True,False,1 commit
True,2025-02-05 09:45:08,short,True,False,1 commit
True,2025-02-05 10:54:54,very short,True,False,1 commit
True,2025-02-05 19:18:43,lengthy,False,True,many commits
True,2025-02-06 13:34:25,lengthy,True,False,some commits
True,2025-02-06 13:47:04,short,True,False,1 commit
True,2025-02-07 03:15:30,very short,True,False,1 commit
True,2025-02-07 03:15:36,very short,True,False,1 commit
True,2025-02-07 10:13:13,very short,True,False,some commits
True,2025-02-07 16:38:26,lengthy,False,True,some commits
True,2025-02-07 20:21:16,very short,True,False,1 commit
True,2025-02-07 22:22:49,lengthy,True,False,1 commit
True,2025-02-07 23:03:53,medium,True,False,some commits
True,2025-02-10 10:02:02,very short,True,False,1 commit
True,2025-02-10 12:34:10,very short,True,False,1 commit
True,2025-02-10 12:34:16,very short,True,False,1 commit
False,2025-02-10 18:50:21,very short,False,True,1 commit
True,2025-02-11 08:27:27,very short,True,False,1 commit
True,2025-02-11 13:47:42,lengthy,True,False,some commits
True,2025-02-11 18:54:42,very short,True,False,1 commit
True,2025-02-11 18:54:47,very short,True,False,1 commit
True,2025-02-12 00:05:41,very short,False,True,1 commit
True,2025-02-12 01:06:12,very short,True,True,some commits
True,2025-02-12 02:49:13,very short,True,False,1 commit
True,2025-02-12 02:49:18,very short,True,False,1 commit
True,2025-02-12 15:21:50,very short,True,False,1 commit
True,2025-02-12 15:28:34,lengthy,True,False,1 commit
True,2025-02-12 22:40:00,very short,True,False,some commits
True,2025-02-13 02:13:36,lengthy,True,False,some commits
True,2025-02-13 22:51:53,very short,True,False,1 commit
True,2025-02-14 02:34:55,very short,True,False,many commits
True,2025-02-14 08:07:50,very short,True,False,1 commit
True,2025-02-14 10:36:13,very short,True,False,1 commit
True,2025-02-14 12:36:42,very short,True,False,1 commit
True,2025-02-14 16:13:54,very short,True,False,1 commit
True,2025-02-14 16:14:00,very short,True,False,1 commit
True,2025-02-14 21:04:52,very short,True,False,1 commit
True,2025-02-14 21:04:59,very short,True,False,1 commit
True,2025-02-14 23:12:12,very short,True,False,1 commit
True,2025-02-16 20:25:21,very short,True,True,1 commit
True,2025-02-17 08:43:33,very short,True,False,1 commit
True,2025-02-17 19:54:22,short,False,False,1 commit
False,2025-02-17 22:08:28,lengthy,False,True,some commits
False,2025-02-17 22:17:35,lengthy,False,True,1 commit
True,2025-02-17 22:35:29,medium,True,False,some commits
True,2025-02-20 22:46:02,very short,True,False,1 commit
True,2025-02-21 03:04:43,very short,True,False,1 commit
True,2025-02-21 10:26:42,very short,True,False,1 commit
True,2025-02-21 19:03:43,very short,True,False,1 commit
True,2025-02-22 07:16:05,very short,True,False,some commits
True,2025-02-22 07:39:16,very short,True,False,1 commit
True,2025-02-22 07:47:42,short,True,False,1 commit
True,2025-02-22 13:00:12,very short,True,False,1 commit
True,2025-02-22 17:16:18,short,True,False,many commits
True,2025-02-22 19:30:44,very short,True,False,1 commit
True,2025-02-22 20:20:22,very short,True,False,1 commit
True,2025-02-22 20:20:28,very short,True,False,1 commit
True,2025-02-23 23:48:48,short,True,False,some commits
True,2025-02-24 19:03:05,lengthy,True,False,some commits
True,2025-02-25 00:33:35,very short,True,False,1 commit
True,2025-02-25 09:53:03,very short,True,False,1 commit
True,2025-02-25 09:53:09,very short,True,False,1 commit
True,2025-02-26 09:53:30,very short,True,True,1 commit
True,2025-02-26 16:56:12,very short,True,False,1 commit
True,2025-02-26 22:39:26,very short,True,False,1 commit
True,2025-02-26 22:39:32,very short,True,False,1 commit
True,2025-02-27 19:12:29,very short,True,False,1 commit
True,2025-02-28 11:33:52,very short,True,False,some commits
True,2025-02-28 11:51:31,very short,True,False,1 commit
True,2025-02-28 15:03:56,very short,True,False,1 commit
True,2025-02-28 15:24:47,very short,True,False,1 commit
True,2025-03-02 00:01:50,lengthy,False,True,many commits
True,2025-03-02 13:35:25,very short,True,False,1 commit
True,2025-03-02 22:15:55,lengthy,True,False,1 commit
True,2025-03-03 17:37:28,medium,True,False,many commits
True,2025-03-03 19:20:05,lengthy,False,False,1 commit
True,2025-03-05 01:33:36,very short,True,False,1 commit
True,2025-03-05 19:42:24,very short,True,False,1 commit
True,2025-03-06 10:42:44,very short,True,False,1 commit
True,2025-03-07 22:44:02,lengthy,True,False,1 commit
True,2025-03-08 08:41:45,short,True,False,1 commit
True,2025-03-08 17:12:43,medium,True,False,1 commit
True,2025-03-09 13:10:19,medium,True,False,some commits
True,2025-03-10 12:24:18,very short,True,False,1 commit
True,2025-03-10 18:24:12,very short,True,False,1 commit
True,2025-03-10 18:40:02,very short,True,False,1 commit
True,2025-03-10 18:40:08,very short,True,False,1 commit
True,2025-03-10 22:36:56,very short,True,False,1 commit
True,2025-03-11 23:14:04,very short,True,False,some commits
True,2025-03-12 00:23:45,very short,True,False,1 commit
True,2025-03-12 12:01:38,short,True,False,1 commit
True,2025-03-12 12:01:44,very short,True,False,1 commit
True,2025-03-12 16:21:07,very short,True,False,1 commit
True,2025-03-12 19:17:48,very short,True,False,1 commit
True,2025-03-13 19:14:41,medium,True,False,1 commit
True,2025-03-13 19:14:47,medium,True,False,1 commit
True,2025-03-14 08:38:52,medium,True,False,1 commit
True,2025-03-14 12:26:57,medium,True,False,1 commit
True,2025-03-14 16:55:01,very short,True,False,1 commit
True,2025-03-14 20:25:49,very short,True,False,1 commit
True,2025-03-15 16:40:30,short,True,False,1 commit
True,2025-03-17 17:19:12,lengthy,True,False,some commits
True,2025-03-17 22:12:36,lengthy,True,False,1 commit
True,2025-03-17 23:44:44,lengthy,True,False,1 commit
True,2025-03-18 10:47:15,very short,False,True,some commits
True,2025-03-18 14:11:49,very short,True,False,1 commit
True,2025-03-18 14:11:56,very short,True,False,1 commit
True,2025-03-18 21:09:23,short,True,False,1 commit
True,2025-03-18 21:35:13,very short,True,False,1 commit
True,2025-03-18 21:35:19,very short,True,False,1 commit
True,2025-03-18 23:36:27,lengthy,True,False,1 commit
True,2025-03-19 22:51:18,very short,True,False,1 commit
True,2025-03-20 18:00:43,very short,True,False,1 commit
True,2025-03-21 07:24:20,very short,True,False,1 commit
True,2025-03-21 07:24:26,very short,True,False,1 commit
True,2025-03-21 19:59:02,very short,True,False,1 commit
True,2025-03-21 19:59:07,very short,True,False,1 commit
False,2025-03-23 16:19:28,very short,False,True,many commits
True,2025-03-23 23:25:11,medium,True,False,1 commit
True,2025-03-24 16:11:16,medium,False,True,many commits
True,2025-03-24 21:00:01,very short,False,False,1 commit
True,2025-03-25 00:38:11,lengthy,True,False,1 commit
True,2025-03-25 16:51:07,very short,True,False,1 commit
True,2025-03-26 11:09:32,short,True,False,1 commit
True,2025-03-26 17:10:48,very short,True,False,1 commit
True,2025-03-26 23:48:54,very short,True,False,1 commit
True,2025-03-27 13:40:10,very short,True,False,some commits
True,2025-03-27 23:14:46,very short,True,False,1 commit
True,2025-03-27 23:14:51,very short,True,False,1 commit
True,2025-03-28 13:46:43,very short,True,False,1 commit
True,2025-03-29 09:34:28,medium,True,False,some commits
True,2025-03-29 13:58:12,short,True,False,1 commit
True,2025-03-29 15:49:22,lengthy,True,False,1 commit
True,2025-03-29 18:12:08,very short,False,True,some commits
True,2025-03-29 19:20:25,medium,True,False,1 commit
True,2025-03-29 20:07:09,short,True,False,1 commit
True,2025-03-29 23:48:59,very short,True,False,some commits
True,2025-03-31 09:36:01,very short,True,False,some commits
True,2025-03-31 11:11:50,short,True,False,1 commit
True,2025-03-31 19:23:08,very short,False,False,1 commit
True,2025-03-31 21:10:07,short,True,False,some commits
True,2025-04-01 08:21:35,lengthy,True,False,1 commit
True,2025-04-01 10:33:20,very short,True,False,some commits
True,2025-04-01 10:45:47,lengthy,True,False,1 commit
True,2025-04-01 11:27:56,very short,True,False,1 commit
True,2025-04-01 15:52:35,very short,True,False,1 commit
True,2025-04-01 18:32:20,medium,True,True,many commits
True,2025-04-01 21:42:07,lengthy,True,False,many commits
True,2025-04-02 18:31:39,very short,True,False,1 commit
True,2025-04-03 07:00:44,very short,True,False,1 commit
True,2025-04-03 11:38:54,very short,True,False,1 commit
True,2025-04-03 11:39:00,very short,True,False,1 commit
True,2025-04-05 00:38:11,lengthy,True,False,1 commit
True,2025-04-05 00:41:16,very short,True,False,1 commit
True,2025-04-05 00:41:21,very short,True,False,1 commit
True,2025-04-05 05:21:51,very short,True,True,1 commit
True,2025-04-05 07:18:43,medium,True,False,some commits
True,2025-04-06 02:25:27,lengthy,True,True,some commits
True,2025-04-06 14:05:33,lengthy,True,False,many commits
True,2025-04-06 21:06:37,lengthy,False,False,many commits
True,2025-04-07 00:19:07,very short,True,False,1 commit
False,2025-04-07 17:29:41,medium,False,False,some commits
True,2025-04-07 21:03:45,short,False,False,1 commit
False,2025-04-08 18:01:58,lengthy,False,True,1 commit
True,2025-04-09 00:08:51,very short,True,False,1 commit
True,2025-04-09 00:08:57,very short,True,False,1 commit
True,2025-04-09 15:00:09,lengthy,False,True,1 commit
True,2025-04-09 20:11:18,medium,True,False,1 commit
True,2025-04-10 10:19:07,lengthy,False,False,many commits
True,2025-04-10 14:16:36,very short,True,False,1 commit
True,2025-04-10 16:14:53,medium,False,True,some commits
True,2025-04-10 16:34:12,very short,True,True,1 commit
True,2025-04-10 18:43:07,very short,True,False,1 commit
True,2025-04-10 18:59:33,very short,True,False,1 commit
True,2025-04-10 21:18:03,medium,True,False,1 commit
True,2025-04-10 21:23:23,very short,True,False,1 commit
True,2025-04-10 21:23:28,very short,True,False,1 commit
True,2025-04-11 02:58:40,medium,True,False,many commits
True,2025-04-11 10:09:57,short,True,False,1 commit
True,2025-04-12 03:30:05,very short,True,False,1 commit
True,2025-04-12 07:53:10,medium,True,False,1 commit
True,2025-04-13 10:33:07,very short,True,False,some commits
True,2025-04-14 19:43:26,medium,False,False,1 commit
True,2025-04-15 18:18:33,short,True,False,some commits
True,2025-04-15 19:23:46,short,True,True,some commits
True,2025-04-16 02:46:18,short,True,False,1 commit
True,2025-04-16 09:39:23,very short,True,False,1 commit
True,2025-04-16 18:54:12,very short,True,False,1 commit
True,2025-04-16 20:07:04,very short,True,False,1 commit
True,2025-04-16 21:14:28,very short,True,True,1 commit
True,2025-04-17 05:34:41,very short,True,False,1 commit
True,2025-04-17 18:42:42,short,True,False,some commits
False,2025-04-17 19:21:53,lengthy,True,False,1 commit
True,2025-04-18 08:58:25,lengthy,True,False,1 commit
True,2025-04-18 10:25:54,very short,True,False,1 commit
True,2025-04-18 11:53:25,very short,True,False,1 commit
True,2025-04-18 15:13:30,very short,True,False,1 commit
True,2025-04-18 17:11:52,very short,True,False,some commits
True,2025-04-18 18:17:23,short,False,False,1 commit
True,2025-04-18 21:59:23,very short,True,False,1 commit
True,2025-04-20 17:28:07,short,True,False,1 commit
True,2025-04-20 17:33:24,medium,True,False,1 commit
True,2025-04-20 18:00:27,very short,True,False,1 commit
False,2025-04-21 02:54:10,very short,False,True,1 commit
True,2025-04-21 12:21:00,short,False,True,some commits
True,2025-04-21 22:25:33,very short,True,False,1 commit
True,2025-04-22 09:59:35,lengthy,True,False,1 commit
True,2025-04-25 16:02:37,very short,True,False,1 commit
True,2025-04-25 16:55:30,lengthy,True,False,1 commit
False,2025-04-25 20:50:00,medium,False,False,many commits
True,2025-04-25 23:51:37,very short,True,False,1 commit
True,2025-04-26 03:14:21,short,True,False,1 commit
True,2025-04-26 21:26:03,short,True,False,1 commit
True,2025-04-27 22:19:29,short,True,False,1 commit
True,2025-04-28 01:30:04,very short,True,False,1 commit
True,2025-04-28 01:39:52,very short,True,False,1 commit
True,2025-04-28 14:29:21,very short,True,True,1 commit
True,2025-04-28 15:56:29,very short,True,False,1 commit
True,2025-04-28 20:36:57,very short,False,False,1 commit
True,2025-04-28 21:33:42,very short,True,False,1 commit
True,2025-04-28 22:22:36,very short,True,False,1 commit
True,2025-04-29 14:40:29,very short,True,False,1 commit
True,2025-04-29 20:01:11,lengthy,False,True,many commits
True,2025-04-30 05:53:58,lengthy,True,False,1 commit
True,2025-04-30 09:36:40,very short,True,False,1 commit
True,2025-04-30 09:36:49,very short,True,False,1 commit
True,2025-05-01 06:48:37,medium,True,False,some commits
True,2025-05-01 11:47:26,lengthy,True,False,1 commit
True,2025-05-01 13:14:37,very short,True,True,1 commit
True,2025-05-01 15:10:15,very short,True,False,1 commit
True,2025-05-01 20:12:06,very short,True,False,1 commit
True,2025-05-02 08:51:43,very short,True,False,1 commit
True,2025-05-02 18:35:30,lengthy,True,False,many commits
True,2025-05-02 18:58:16,very short,True,False,1 commit
True,2025-05-02 21:26:33,very short,True,False,1 commit
True,2025-05-03 18:52:53,lengthy,True,False,some commits
True,2025-05-03 18:59:28,lengthy,True,False,many commits
True,2025-05-03 21:00:32,medium,True,False,1 commit
False,2025-05-04 23:24:14,lengthy,False,True,some commits
True,2025-05-05 09:56:11,very short,True,False,1 commit
True,2025-05-05 17:07:05,short,True,False,1 commit
True,2025-05-05 17:12:22,short,True,False,1 commit
True,2025-05-05 19:29:38,very short,False,False,1 commit
True,2025-05-06 05:16:53,very short,True,False,1 commit
True,2025-05-06 07:45:34,very short,False,True,many commits
True,2025-05-06 11:32:30,short,True,False,1 commit
True,2025-05-07 06:52:19,very short,True,False,1 commit
True,2025-05-08 11:41:06,very short,True,False,1 commit
True,2025-05-09 00:30:05,very short,False,True,some commits
True,2025-05-09 12:18:23,medium,True,True,some commits
True,2025-05-09 20:13:00,medium,True,True,1 commit
True,2025-05-09 20:46:49,very short,True,False,some commits
True,2025-05-09 20:46:55,very short,True,False,some commits
True,2025-05-10 02:43:32,very short,True,False,1 commit
True,2025-05-10 15:27:00,short,True,False,1 commit
True,2025-05-11 07:07:11,very short,True,False,1 commit
True,2025-05-11 19:39:51,lengthy,True,False,1 commit
True,2025-05-11 21:47:03,very short,True,False,1 commit
False,2025-05-12 10:51:59,lengthy,True,False,1 commit
True,2025-05-12 18:13:20,lengthy,True,False,1 commit
True,2025-05-12 21:28:23,medium,True,False,1 commit
True,2025-05-13 20:39:04,very short,True,False,1 commit
True,2025-05-13 20:42:55,very short,True,False,1 commit
True,2025-05-13 21:16:03,very short,True,False,some commits
True,2025-05-13 21:56:56,very short,True,False,1 commit
True,2025-05-14 06:30:44,lengthy,False,True,many commits
False,2025-05-14 11:47:24,lengthy,False,False,many commits
True,2025-05-14 17:43:12,lengthy,True,False,some commits
True,2025-05-15 05:28:23,very short,True,False,1 commit
True,2025-05-15 19:04:40,short,True,False,1 commit
True,2025-05-16 12:07:50,lengthy,True,False,1 commit
True,2025-05-17 09:22:06,medium,True,False,1 commit
True,2025-05-17 17:52:57,very short,False,True,1 commit
True,2025-05-18 07:30:06,short,True,False,some commits
True,2025-05-18 09:52:17,very short,True,False,1 commit
True,2025-05-18 10:09:32,lengthy,True,False,1 commit
True,2025-05-18 12:58:24,very short,True,False,1 commit
True,2025-05-18 13:38:23,lengthy,True,False,1 commit
True,2025-05-19 13:11:43,very short,True,False,1 commit
True,2025-05-19 18:44:02,very short,True,False,1 commit
True,2025-05-19 19:16:03,very short,False,False,1 commit
True,2025-05-19 19:32:40,very short,True,False,1 commit
True,2025-05-19 22:00:30,lengthy,True,False,1 commit
True,2025-05-20 00:35:56,very short,True,False,1 commit
True,2025-05-20 01:31:22,very short,True,False,some commits
True,2025-05-20 05:03:25,very short,True,False,1 commit
True,2025-05-20 09:58:11,medium,True,False,1 commit
True,2025-05-20 17:13:56,medium,True,False,1 commit
True,2025-05-21 07:22:04,very short,True,False,1 commit
False,2025-05-21 22:40:01,very short,False,True,some commits
False,2025-05-22 01:44:52,very short,False,False,1 commit
True,2025-05-22 08:23:17,short,True,False,1 commit
True,2025-05-23 08:40:48,very short,True,True,1 commit
True,2025-05-23 09:44:07,lengthy,True,False,1 commit
True,2025-05-23 10:51:47,medium,True,False,1 commit
True,2025-05-23 12:44:06,medium,True,False,1 commit
True,2025-05-24 00:02:07,very short,True,False,1 commit
True,2025-05-24 10:51:51,medium,True,False,1 commit
True,2025-05-25 11:36:03,short,True,False,1 commit
True,2025-05-25 15:28:08,lengthy,False,False,many commits
True,2025-05-26 07:36:39,very short,True,False,1 commit
False,2025-05-26 08:26:59,very short,False,True,1 commit
False,2025-05-26 14:21:38,lengthy,False,False,some commits
True,2025-05-26 18:21:16,medium,True,False,some commits
True,2025-05-26 19:36:49,short,False,False,1 commit
True,2025-05-27 13:21:29,short,True,False,1 commit
True,2025-05-29 09:58:31,medium,True,False,1 commit
True,2025-05-29 15:15:04,very short,True,False,1 commit
True,2025-05-29 15:24:38,short,True,False,1 commit
True,2025-05-29 22:22:14,short,True,False,1 commit
True,2025-05-30 05:51:14,very short,True,False,1 commit
True,2025-05-30 08:33:34,short,True,False,1 commit
True,2025-06-02 21:04:53,short,True,False,1 commit
True,2025-06-02 21:25:32,very short,True,False,1 commit
True,2025-06-02 21:50:06,very short,True,False,1 commit
False,2025-06-03 15:21:31,very short,False,True,1 commit
True,2025-06-04 08:31:10,short,True,False,1 commit
True,2025-06-04 20:11:55,very short,True,False,1 commit
True,2025-06-04 20:12:01,very short,True,False,1 commit
True,2025-06-04 21:08:37,very short,True,False,1 commit
True,2025-06-04 22:00:47,lengthy,True,False,some commits
True,2025-06-05 00:57:28,very short,True,False,1 commit
True,2025-06-05 10:39:01,very short,True,False,1 commit
False,2025-06-06 14:51:22,lengthy,True,False,some commits
True,2025-06-07 15:08:41,medium,True,False,many commits
True,2025-06-09 01:59:30,very short,True,True,1 commit
True,2025-06-09 11:01:22,very short,True,True,1 commit
True,2025-06-09 19:45:53,medium,False,False,1 commit
False,2025-06-10 03:00:31,very short,False,True,1 commit
True,2025-06-11 02:36:12,short,True,False,1 commit
True,2025-06-11 12:24:32,lengthy,True,False,1 commit
False,2025-06-12 12:02:06,lengthy,False,True,1 commit
True,2025-06-12 12:04:32,very short,True,False,1 commit
False,2025-06-13 13:45:05,lengthy,False,True,1 commit
True,2025-06-15 17:09:33,lengthy,True,False,some commits
True,2025-06-15 17:27:29,medium,True,False,some commits
True,2025-06-16 20:42:40,short,False,False,1 commit
True,2025-06-18 04:58:01,lengthy,True,False,many commits
True,2025-06-18 22:07:24,lengthy,True,False,some commits
True,2025-06-19 19:17:36,very short,True,False,some commits
True,2025-06-19 22:09:56,very short,True,False,1 commit
True,2025-06-19 22:10:02,very short,True,False,1 commit
True,2025-06-20 00:16:06,very short,True,False,1 commit
False,2025-06-20 12:12:22,medium,False,True,1 commit
True,2025-06-20 18:46:43,lengthy,True,False,1 commit
True,2025-06-20 23:19:28,lengthy,True,False,1 commit
True,2025-06-21 03:00:03,very short,True,False,1 commit
True,2025-06-21 07:00:05,medium,True,False,some commits
True,2025-06-21 11:12:08,medium,False,False,many commits
True,2025-06-21 11:17:46,medium,False,False,many commits
True,2025-06-21 11:24:04,medium,False,False,many commits
True,2025-06-22 21:15:29,short,True,False,1 commit
False,2025-06-23 20:31:18,very short,False,False,many commits
True,2025-06-24 00:33:34,lengthy,True,False,some commits
True,2025-06-24 04:09:31,medium,False,True,1 commit
False,2025-06-24 21:47:52,lengthy,False,False,1 commit
True,2025-06-25 06:29:46,very short,True,True,some commits
True,2025-06-25 07:09:02,very short,True,False,1 commit
True,2025-06-25 07:09:08,very short,True,False,1 commit
False,2025-06-25 12:33:13,very short,False,True,1 commit
True,2025-06-26 02:41:05,very short,True,False,1 commit
True,2025-06-28 00:25:36,very short,True,False,1 commit
True,2025-06-28 10:16:30,short,True,False,some commits
True,2025-06-28 16:45:55,short,True,False,1 commit
True,2025-06-29 22:13:45,lengthy,True,False,1 commit
True,2025-06-30 08:39:52,very short,True,False,1 commit
True,2025-06-30 11:34:20,very short,True,False,1 commit
True,2025-06-30 12:41:44,very short,True,False,1 commit
True,2025-06-30 23:47:56,short,False,False,1 commit
True,2025-07-01 07:49:57,medium,True,False,1 commit
True,2025-07-01 08:19:54,very short,True,False,1 commit
True,2025-07-01 09:40:18,medium,True,False,1 commit
True,2025-07-01 10:49:41,very short,True,False,1 commit
True,2025-07-01 15:13:18,short,False,False,1 commit
True,2025-07-01 16:29:10,short,True,False,1 commit
True,2025-07-01 17:17:33,very short,True,False,1 commit
True,2025-07-02 01:45:24,short,False,False,many commits
True,2025-07-02 05:37:03,very short,True,False,1 commit
True,2025-07-02 06:37:54,very short,True,False,1 commit
True,2025-07-02 07:54:44,very short,True,True,1 commit
True,2025-07-02 08:35:49,very short,True,False,1 commit
True,2025-07-02 14:40:33,very short,True,False,1 commit
True,2025-07-02 14:40:39,very short,True,False,1 commit
True,2025-07-03 06:23:54,very short,True,False,1 commit
True,2025-07-03 16:45:38,very short,True,False,1 commit
True,2025-07-04 09:04:05,short,True,False,some commits
True,2025-07-04 12:29:32,very short,True,False,1 commit
True,2025-07-04 19:38:22,lengthy,True,False,many commits
True,2025-07-04 21:34:31,very short,True,False,1 commit
True,2025-07-05 18:37:46,very short,True,False,1 commit
True,2025-07-06 16:21:32,very short,True,False,1 commit
True,2025-07-07 14:19:41,very short,True,False,1 commit
True,2025-07-07 21:22:51,short,True,False,1 commit
True,2025-07-08 02:03:38,medium,True,False,1 commit
True,2025-07-08 09:22:29,short,True,False,some commits
True,2025-07-09 05:01:38,lengthy,True,False,1 commit
True,2025-07-09 06:55:55,very short,True,True,1 commit
True,2025-07-10 02:25:21,very short,True,False,1 commit
True,2025-07-10 13:33:58,very short,False,True,some commits
True,2025-07-10 19:50:39,lengthy,True,False,1 commit
True,2025-07-10 21:46:11,very short,False,True,1 commit
True,2025-07-11 02:28:02,short,True,False,1 commit
True,2025-07-11 02:31:17,short,True,False,1 commit
True,2025-07-11 05:50:56,very short,True,False,1 commit
True,2025-07-11 13:26:23,lengthy,False,False,some commits
True,2025-07-11 18:11:37,very short,True,False,1 commit
True,2025-07-11 18:11:43,very short,True,False,1 commit
True,2025-07-12 23:28:47,medium,True,False,1 commit
True,2025-07-13 18:06:06,lengthy,True,False,some commits
False,2025-07-14 13:31:55,very short,False,True,1 commit
True,2025-07-14 19:23:21,very short,True,False,some commits
True,2025-07-15 00:07:22,very short,False,False,1 commit
True,2025-07-15 08:42:08,very short,True,False,1 commit
True,2025-07-15 13:03:02,medium,True,False,1 commit
True,2025-07-15 13:04:46,very short,True,False,1 commit
True,2025-07-15 19:08:11,lengthy,True,False,many commits
True,2025-07-15 21:25:52,very short,True,True,1 commit
True,2025-07-16 08:50:32,very short,True,False,1 commit
True,2025-07-16 21:17:52,very short,True,False,some commits
True,2025-07-17 18:44:16,very short,True,False,1 commit
True,2025-07-17 22:06:22,medium,True,False,1 commit
True,2025-07-18 01:38:03,lengthy,True,True,many commits
True,2025-07-18 06:52:47,medium,False,True,many commits
True,2025-07-18 16:08:45,medium,True,False,some commits
True,2025-07-19 05:27:08,lengthy,True,False,many commits
True,2025-07-19 07:37:40,lengthy,True,False,1 commit
False,2025-07-21 12:31:04,lengthy,False,True,1 commit
True,2025-07-21 21:46:03,very short,False,False,1 commit
True,2025-07-22 16:33:25,short,True,False,some commits
True,2025-07-23 06:35:32,short,True,False,some commits
True,2025-07-24 04:52:22,very short,True,False,1 commit
True,2025-07-24 08:49:47,very short,True,False,1 commit
True,2025-07-24 08:52:16,medium,True,False,1 commit
True,2025-07-24 09:14:33,short,True,False,1 commit
True,2025-07-24 15:52:56,short,True,False,1 commit
True,2025-07-24 18:12:05,very short,True,False,1 commit
True,2025-07-24 18:35:30,short,True,False,some commits
True,2025-07-24 18:45:22,very short,True,False,1 commit
True,2025-07-25 18:03:26,very short,True,False,1 commit
True,2025-07-25 19:51:36,very short,True,False,some commits
True,2025-07-25 22:22:50,medium,False,True,1 commit
True,2025-07-27 09:56:26,lengthy,True,False,some commits
True,2025-07-27 20:17:09,medium,False,True,many commits
True,2025-07-29 12:39:28,very short,True,False,1 commit
True,2025-07-29 13:11:02,short,True,False,1 commit
True,2025-07-29 16:04:31,short,True,False,1 commit
True,2025-07-30 16:38:22,very short,True,False,some commits
True,2025-07-30 20:27:33,short,True,False,1 commit
True,2025-07-31 07:46:27,very short,True,False,1 commit
True,2025-07-31 08:59:06,very short,True,False,1 commit
True,2025-08-03 09:27:33,short,True,False,1 commit
True,2025-08-03 09:31:53,very short,True,False,1 commit
True,2025-08-03 13:26:40,lengthy,True,False,some commits
True,2025-08-04 08:20:46,lengthy,True,False,1 commit
True,2025-08-05 20:51:15,lengthy,True,False,many commits
True,2025-08-06 09:33:44,very short,True,True,some commits
True,2025-08-06 17:59:31,very short,True,False,1 commit
True,2025-08-06 22:06:45,medium,True,False,some commits
True,2025-08-07 18:15:43,lengthy,True,False,many commits
True,2025-08-07 18:21:33,medium,True,False,some commits
True,2025-08-07 20:24:22,lengthy,True,False,some commits
False,2025-08-08 08:43:11,lengthy,False,True,1 commit
True,2025-08-08 19:23:16,lengthy,True,False,1 commit
True,2025-08-10 01:38:10,lengthy,True,False,some commits
True,2025-08-11 19:26:32,very short,True,False,1 commit
True,2025-08-11 20:28:01,very short,True,False,1 commit
True,2025-08-12 04:33:43,very short,False,False,1 commit
False,2025-08-13 14:46:26,very short,False,True,1 commit
True,2025-08-13 22:21:54,very short,True,False,1 commit
True,2025-08-14 05:39:53,lengthy,False,True,many commits
True,2025-08-14 09:30:51,very short,True,False,1 commit
True,2025-08-14 11:10:20,very short,True,False,1 commit
True,2025-08-14 18:48:25,very short,True,False,1 commit
False,2025-08-14 21:06:41,medium,True,False,1 commit
True,2025-08-14 21:14:06,short,True,False,1 commit
True,2025-08-15 11:24:14,medium,True,False,1 commit
True,2025-08-16 09:24:12,short,True,False,1 commit
False,2025-08-16 10:56:05,very short,False,True,1 commit
True,2025-08-17 17:52:18,very short,True,True,some commits
True,2025-08-19 06:58:52,short,False,False,1 commit
False,2025-08-19 11:59:43,very short,False,True,1 commit
True,2025-08-19 14:12:24,very short,False,True,1 commit
True,2025-08-19 14:36:44,very short,True,False,1 commit
True,2025-08-19 14:49:18,short,False,True,1 commit
True,2025-08-20 06:35:43,very short,True,False,1 commit
True,2025-08-21 19:07:27,short,True,False,1 commit
True,2025-08-21 19:36:06,very short,True,False,1 commit
True,2025-08-22 03:41:52,very short,False,True,some commits
True,2025-08-22 07:36:57,very short,True,True,1 commit
True,2025-08-23 04:28:13,very short,True,False,1 commit
True,2025-08-23 21:36:50,very short,True,False,1 commit
True,2025-08-24 07:12:07,very short,True,False,1 commit
True,2025-08-24 07:12:33,very short,True,False,1 commit
True,2025-08-24 21:40:52,lengthy,True,False,1 commit
True,2025-08-25 15:22:08,medium,True,False,1 commit
True,2025-08-25 20:39:53,short,True,False,1 commit
True,2025-08-25 20:44:03,very short,True,False,1 commit
True,2025-08-25 20:58:18,very short,True,False,1 commit
True,2025-08-25 21:11:17,very short,True,False,1 commit
True,2025-08-26 01:17:07,short,True,False,some commits
True,2025-08-26 23:08:45,medium,True,False,1 commit
True,2025-08-27 04:49:30,very short,True,False,some commits
True,2025-08-27 07:58:31,short,True,False,1 commit
True,2025-08-27 10:10:29,very short,True,False,1 commit
True,2025-08-28 09:52:18,very short,True,False,1 commit
True,2025-08-28 18:30:38,very short,True,False,1 commit
True,2025-08-29 03:24:45,very short,True,False,some commits
True,2025-08-29 17:51:51,very short,True,True,1 commit
True,2025-08-29 20:20:49,very short,True,False,1 commit
True,2025-08-29 21:30:17,very short,True,False,1 commit
True,2025-08-29 21:30:23,very short,True,False,1 commit
True,2025-08-29 23:03:22,medium,False,True,some commits
True,2025-08-30 02:56:11,medium,True,False,many commits
True,2025-08-30 03:10:25,very short,True,False,1 commit
True,2025-08-30 04:42:37,very short,True,False,1 commit
True,2025-08-30 04:42:43,medium,True,False,1 commit
True,2025-08-30 06:26:18,medium,True,False,1 commit
True,2025-08-31 08:14:01,lengthy,True,False,some commits
False,2025-09-02 06:49:05,short,False,True,1 commit
True,2025-09-02 13:58:16,very short,True,True,1 commit
True,2025-09-02 16:43:55,very short,True,False,1 commit
True,2025-09-03 12:30:02,very short,True,False,1 commit
True,2025-09-03 17:01:30,lengthy,True,False,some commits
True,2025-09-04 09:40:36,medium,True,False,1 commit
True,2025-09-05 07:45:06,very short,True,False,1 commit
False,2025-09-06 17:33:33,very short,False,True,some commits
False,2025-09-07 03:40:48,lengthy,False,True,1 commit
True,2025-09-08 19:29:59,very short,False,False,some commits
True,2025-09-08 21:12:35,lengthy,True,False,1 commit
True,2025-09-08 22:00:26,very short,True,False,some commits
True,2025-09-09 01:53:49,lengthy,True,False,many commits
True,2025-09-09 02:07:37,very short,True,False,some commits
True,2025-09-09 10:20:30,very short,True,False,1 commit
True,2025-09-10 05:20:28,very short,True,True,1 commit
True,2025-09-10 06:12:18,very short,True,False,1 commit
False,2025-09-10 10:55:46,lengthy,False,True,1 commit
True,2025-09-10 13:31:47,lengthy,True,False,some commits
True,2025-09-14 20:36:53,short,True,False,1 commit
True,2025-09-15 07:43:16,lengthy,False,False,some commits
True,2025-09-15 19:02:31,short,False,False,1 commit
True,2025-09-16 03:03:15,lengthy,True,False,many commits
True,2025-09-16 06:52:07,very short,True,False,1 commit
True,2025-09-16 08:54:32,short,True,False,1 commit
True,2025-09-16 16:42:13,very short,True,False,1 commit
True,2025-09-16 19:54:40,very short,True,False,some commits
True,2025-09-17 05:09:44,very short,True,False,1 commit
True,2025-09-17 09:34:42,medium,True,False,1 commit
True,2025-09-18 06:14:52,very short,True,False,1 commit
True,2025-09-18 06:38:42,short,True,False,1 commit
True,2025-09-18 14:31:57,short,True,False,1 commit
True,2025-09-18 21:14:29,very short,True,False,1 commit
True,2025-09-20 19:53:23,lengthy,True,False,some commits
True,2025-09-20 21:38:40,lengthy,True,False,1 commit
True,2025-09-20 23:58:56,lengthy,True,False,some commits
True,2025-09-24 13:08:16,very short,True,False,1 commit
True,2025-09-25 06:15:26,lengthy,False,False,many commits
True,2025-09-26 06:50:27,very short,True,False,1 commit
True,2025-09-26 21:19:41,very short,True,False,1 commit
False,2025-09-27 12:02:25,very short,False,True,some commits
True,2025-09-27 13:52:15,short,True,False,1 commit
True,2025-09-27 14:45:21,very short,True,False,1 commit
True,2025-09-28 13:09:19,short,True,False,1 commit
True,2025-09-28 19:25:07,very short,True,False,1 commit
True,2025-09-29 10:25:39,very short,True,False,1 commit
True,2025-09-30 07:15:25,very short,True,False,1 commit
True,2025-09-30 07:22:07,very short,True,False,1 commit
True,2025-10-02 03:24:44,lengthy,True,False,1 commit
True,2025-10-02 19:57:33,very short,True,False,1 commit
True,2025-10-03 08:40:59,lengthy,True,False,1 commit
True,2025-10-03 08:42:47,very short,True,False,1 commit
True,2025-10-03 09:32:48,medium,True,False,1 commit
True,2025-10-03 14:05:17,very short,True,False,1 commit
True,2025-10-05 08:47:00,short,True,False,1 commit
True,2025-10-06 11:26:54,short,False,True,many commits
True,2025-10-06 19:03:07,lengthy,False,False,1 commit
False,2025-10-07 13:42:34,medium,False,True,some commits
False,2025-10-09 03:29:13,lengthy,False,True,1 commit
True,2025-10-09 18:56:55,very short,True,False,many commits
True,2025-10-15 07:21:33,very short,True,False,1 commit
True,2025-10-16 16:08:38,very short,True,False,1 commit
True,2025-10-16 19:35:34,lengthy,True,False,1 commit
True,2025-10-17 07:12:10,medium,False,True,1 commit
False,2025-10-18 17:20:01,medium,False,True,1 commit
True,2025-10-21 16:33:07,lengthy,False,True,some commits
True,2025-10-21 22:34:42,very short,True,False,some commits
True,2025-10-22 04:44:44,very short,True,False,1 commit
False,2025-10-22 14:39:40,lengthy,False,True,1 commit
True,2025-10-22 17:55:09,very short,False,True,1 commit
True,2025-10-22 20:37:03,very short,True,False,1 commit
True,2025-10-23 00:42:01,very short,True,False,1 commit
False,2025-10-23 03:09:48,very short,False,True,1 commit
False,2025-10-24 16:42:39,medium,False,True,1 commit
False,2025-10-25 22:40:53,medium,False,False,many commits
True,2025-10-26 12:22:57,very short,True,False,1 commit
False,2025-10-26 20:54:09,very short,False,True,1 commit
True,2025-10-27 16:58:44,very short,True,False,1 commit
True,2025-10-27 16:58:51,very short,True,False,1 commit
True,2025-10-27 20:02:38,medium,False,False,1 commit
False,2025-10-28 05:41:04,very short,False,True,1 commit
False,2025-10-28 06:28:58,very short,False,False,some commits
True,2025-10-28 14:18:51,short,True,False,1 commit
True,2025-10-28 18:01:15,short,True,False,some commits
True,2025-10-28 18:19:36,very short,True,True,1 commit
True,2025-10-28 21:49:24,lengthy,True,False,1 commit
True,2025-10-28 23:51:15,very short,True,False,1 commit
True,2025-10-29 01:05:31,very short,True,False,1 commit
True,2025-10-30 05:56:24,lengthy,True,False,some commits
False,2025-10-30 21:01:07,short,False,False,1 commit
True,2025-10-30 22:26:59,very short,True,False,1 commit
False,2025-10-31 14:14:50,very short,False,True,some commits
True,2025-10-31 15:31:40,very short,True,False,some commits
True,2025-11-01 12:02:50,short,True,False,1 commit
True,2025-11-01 22:31:31,medium,True,False,some commits
True,2025-11-02 14:49:39,short,True,False,1 commit
False,2025-11-03 11:48:57,very short,False,True,1 commit
True,2025-11-03 12:22:44,very short,True,False,1 commit
False,2025-11-04 20:30:06,lengthy,False,False,many commits
False,2025-11-05 07:12:07,lengthy,False,True,some commits
False,2025-11-06 19:09:18,very short,False,True,1 commit
True,2025-11-07 19:03:15,lengthy,True,False,1 commit
True,2025-11-09 20:33:36,very short,True,False,some commits
True,2025-11-09 21:04:28,lengthy,True,False,some commits
True,2025-11-11 13:31:45,short,True,False,1 commit
True,2025-11-12 09:41:35,lengthy,True,True,many commits
False,2025-11-12 21:58:33,very short,False,True,1 commit
True,2025-11-13 18:58:43,lengthy,True,False,some commits
True,2025-11-16 04:02:56,lengthy,False,False,many commits
True,2025-11-16 21:29:39,medium,True,False,1 commit
True,2025-11-17 13:37:21,medium,True,False,many commits
False,2025-11-18 05:30:39,very short,False,True,some commits
True,2025-11-18 14:45:51,lengthy,True,False,many commits
True,2025-11-18 16:07:47,very short,True,False,1 commit
True,2025-11-18 17:04:40,lengthy,True,False,1 commit
True,2025-11-19 22:35:23,medium,False,True,many commits
False,2025-11-20 06:18:56,lengthy,False,False,many commits
True,2025-11-21 11:07:14,very short,True,False,1 commit
True,2025-11-21 13:14:36,lengthy,True,False,1 commit
True,2025-11-22 00:23:42,lengthy,True,False,1 commit
True,2025-11-22 00:45:36,lengthy,True,False,1 commit
True,2025-11-22 19:58:27,medium,False,True,many commits
False,2025-11-24 00:07:38,very short,False,True,1 commit
True,2025-11-24 10:21:52,very short,True,False,some commits
True,2025-11-24 17:35:36,very short,True,False,1 commit
False,2025-11-25 05:31:30,lengthy,False,True,1 commit
False,2025-11-25 09:27:49,very short,False,True,1 commit
True,2025-11-25 11:41:27,very short,True,False,1 commit
True,2025-11-25 14:09:06,very short,True,False,1 commit
True,2025-11-25 14:09:14,very short,True,False,1 commit
True,2025-11-29 11:08:09,very short,True,False,1 commit
True,2025-11-29 21:19:27,very short,True,False,1 commit
True,2025-11-29 21:19:34,very short,True,False,1 commit
